<?xml version="1.0" encoding="utf-8"?>
<COLLADA xmlns="http://www.collada.org/2005/11/COLLADASchema" version="1.4.1">
  <asset><contributor><author></author><authoring_tool>FBX COLLADA exporter</authoring_tool><comments></comments></contributor><created>2020-02-04T08:15:35Z</created><keywords></keywords><modified>2020-02-04T08:15:35Z</modified><revision></revision><subject></subject><title></title><unit meter="0.025400" name="centimeter"></unit><up_axis>Y_UP</up_axis></asset>
  <library_materials>
    <material id="mat0" name="mat0">
      <instance_effect url="#mat0-fx"/>
    </material>
  </library_materials>
  <library_effects>
    <effect id="mat0-fx" name="mat0">
      <profile_COMMON>
        <technique sid="standard">
          <phong>
            <emission>
              <color sid="emission">0.000000  0.000000 0.000000 1.000000</color>
            </emission>
            <ambient>
              <color sid="ambient">0.588000  0.588000 0.588000 1.000000</color>
            </ambient>
            <diffuse>
              <color sid="diffuse">0.588000  0.588000 0.588000 1.000000</color>
            </diffuse>
            <specular>
              <color sid="specular">0.000000  0.000000 0.000000 1.000000</color>
            </specular>
            <shininess>
              <float sid="shininess">2.000000</float>
            </shininess>
            <reflective>
              <color sid="reflective">0.000000  0.000000 0.000000 1.000000</color>
            </reflective>
            <reflectivity>
              <float sid="reflectivity">1.000000</float>
            </reflectivity>
            <transparent opaque="RGB_ZERO">
              <color sid="transparent">1.000000  1.000000 1.000000 1.000000</color>
            </transparent>
            <transparency>
              <float sid="transparency">0.000000</float>
            </transparency>
          </phong>
        </technique>
      </profile_COMMON>
    </effect>
  </library_effects>
  <library_geometries>
    <geometry id="s1-6k-lib" name="s1-6kMesh">
      <mesh>
        <source id="s1-6k-POSITION">
          <float_array id="s1-6k-POSITION-array" count="9090">
-416.763702 -511.388092 520.721313
-413.062408 -673.872070 522.131104
-475.987091 -788.409485 594.537292
-114.691597 -1226.812012 985.177002
-25.491100 -1228.484009 947.207214
-54.315102 -1109.526001 967.125122
-89.201302 851.396912 79.139397
89.474403 740.298584 164.348801
-206.883301 678.427795 162.285202
-153.320908 791.898926 628.324219
-39.585800 843.147278 634.015381
-20.662001 990.154419 580.416870
406.584015 551.531616 6.882700
373.753113 409.387512 50.384300
281.751404 387.281799 21.635500
105.282600 18.891300 517.077820
-52.802799 -3.035200 530.265686
57.606098 -88.583199 525.401978
-54.238800 -539.222473 836.207397
-34.010601 -196.717300 693.828918
4.503400 -506.828400 839.297913
-403.130615 -483.660614 1163.817993
-399.588013 -292.411102 1155.124023
-467.584991 -389.487701 1120.128052
-174.524094 380.322113 1035.569946
-25.532801 456.543610 1004.901978
-2.192500 524.219788 953.851501
-371.415588 269.030487 591.351929
-255.986801 261.154510 586.056580
-228.235794 142.967102 582.852173
-789.446228 -1703.713989 623.986816
-634.869629 -1659.178955 685.200073
-722.223022 -1603.720947 668.668274
-205.407196 -1394.865967 297.809814
-214.557404 -1523.624023 340.323303
-290.751495 -1612.932007 334.593811
-531.825928 -996.140381 184.561203
-407.842194 -1031.420044 191.638901
-635.511230 -1233.421021 241.842606
-399.029602 -627.228882 502.204102
-259.037811 -994.172913 521.207886
-310.467102 -748.623108 490.247406
39.844002 -732.221985 874.354675
101.457802 -772.928223 826.891113
133.067795 -583.363892 779.261230
-465.287994 -1298.003052 683.695129
-179.579102 -1235.448975 552.641785
-217.118896 -1340.552002 600.439880
203.162796 -112.216904 257.602600
73.037903 -235.762405 298.708710
88.194603 -375.224304 298.233185
139.409393 -426.339996 4.274700
-165.068298 -161.729401 5.495500
300.962189 122.231102 3.584000
-321.770386 -529.340027 324.214600
-394.215912 -522.197083 307.371307
-369.372894 -712.293518 307.662994
-358.448914 -436.369995 5.188800
-695.403320 -2091.729004 368.820099
-576.255310 -2050.173096 388.096313
-577.333313 -1886.600952 386.262390
-854.906006 -2145.592041 7.071600
-764.109375 -1674.160034 3.597900
-426.200714 -2181.407959 2.824500
-243.824707 717.796021 152.312103
-147.693802 946.461487 64.145699
-150.240601 1431.135986 110.148201
-181.547607 1355.605957 179.445206
-114.238197 1373.540039 250.513702
-246.214294 -1634.979004 326.334412
-341.642487 -1848.245972 359.288513
-101.153999 -1374.541992 262.965790
-224.034698 -1685.604004 4.375400
287.525299 240.348801 400.858307
354.901215 448.057098 317.601593
246.676300 346.540100 405.137085
130.194397 438.071899 4.334800
21.241600 852.840393 12.750100
274.627991 716.921814 4.693100
-773.353210 -1207.953003 525.373474
-802.848083 -1304.186035 517.693115
-762.230530 -1320.458984 595.516479
-233.805099 -521.723328 414.023590
-174.253601 -559.161194 413.981415
-157.613602 -535.866211 361.607910
-63.335300 351.305908 644.223877
-19.921801 432.784210 684.081726
101.510696 347.886200 693.684998
150.447601 3.489600 952.374817
107.846497 -30.172400 961.957581
125.591202 64.884003 944.065674
-384.492493 -695.476379 841.603088
-473.714386 -709.483582 752.447021
-417.316895 -814.642395 868.977417
200.122299 -391.890808 675.990723
133.314606 -336.062103 702.679626
95.975700 -514.765930 792.924683
281.748810 732.760315 313.958893
227.901505 602.532715 328.062286
299.634796 875.737793 189.674194
204.766098 1096.303955 504.233490
294.415985 1053.552002 451.635315
262.555389 1222.555054 451.709015
39.798801 -80.037201 1060.123047
-96.213997 -61.972698 1158.348999
-37.147099 -146.932404 1142.682983
-63.047001 -722.608521 1168.836060
-105.276604 -751.598816 1106.707031
-42.938999 -761.247803 1123.978027
-333.891815 435.578888 212.790894
-394.695709 156.649399 356.310608
-340.708008 285.087097 323.998688
-405.666199 -137.943695 243.727005
-391.160492 -401.074005 303.450500
-469.601898 -251.700104 276.055908
342.730988 1315.458984 144.915207
269.819214 1282.192993 77.226799
267.520996 1367.155029 156.546005
435.015686 1154.191040 178.386703
400.939789 1102.470947 339.652802
376.326111 1020.010010 269.124207
-178.158798 -1073.031006 508.002991
-46.311699 -1054.468994 428.146301
-101.424500 -1004.700989 472.497498
-534.247803 -1781.208984 651.560974
-320.088715 929.827515 282.046814
-351.749298 832.190918 414.472992
-265.319885 1038.868042 371.978485
-443.724213 299.918304 543.418030
-369.539795 461.020386 598.800171
-466.726501 398.720886 549.221130
139.104294 -758.015381 485.009888
162.185394 -836.588196 588.228027
89.720802 -878.557922 497.316711
69.754601 -634.378479 399.915405
29.913799 -556.936401 391.945190
132.608505 -483.507813 396.388397
18.767000 -259.617188 315.847107
-160.830704 -212.550598 312.070587
-32.561798 -111.379204 297.507599
143.727707 -173.316101 488.041992
182.074402 -4.538500 496.507294
-450.098907 -89.955200 163.735596
-498.489990 -216.565002 110.636803
-514.577820 -365.231293 187.082199
-205.099396 358.817291 81.570900
-270.453186 310.986206 123.765900
-36.580799 194.845795 186.311905
240.679199 748.126221 173.971298
116.737999 820.003174 103.056000
244.245697 613.537781 282.101196
-338.975403 103.171898 437.561798
-202.201996 105.233398 481.740112
109.963699 443.974609 655.269470
161.800003 355.420807 615.691772
159.711395 422.154999 610.249084
-341.390594 290.856598 578.580872
-321.768311 201.183899 518.986084
-217.063202 175.664703 545.067871
-534.097595 -328.933289 993.405701
-482.707214 -147.747406 1031.626953
-528.368713 -229.600098 929.383118
-202.274399 463.092407 977.525024
-137.196793 539.018372 914.004089
-308.057312 511.610596 897.208923
-52.806400 -163.355301 669.700684
-163.311600 -369.657593 733.234985
7.872500 -355.633514 762.526489
62.893002 -211.143005 492.956299
170.410599 -354.058289 424.071503
-12.179300 -360.188385 427.606812
-497.518890 -1808.343018 384.159088
-490.282013 -1841.380981 412.997192
-737.151001 -1790.058960 382.036285
-729.149780 -1281.604004 271.741486
-604.855225 -1027.782959 207.054001
-148.490402 -735.180481 970.585205
-255.301895 -741.251587 978.828613
-302.749512 -724.741089 904.786987
-488.367310 -166.260605 789.577881
-525.138916 -188.571594 833.729309
-500.384186 -60.868801 805.778320
-699.661499 -616.592712 293.352905
-635.118896 -531.603821 379.957886
-690.997925 -527.348877 300.316895
-468.874603 -810.392212 271.352112
-268.965210 -714.450623 331.280304
-277.729492 -859.325623 301.827911
-36.792801 -935.739075 301.424011
-147.802002 -952.849426 288.950104
11.151100 -1085.482056 251.366501
111.917198 -686.275024 254.673096
146.965195 -724.382629 180.892807
181.474396 -509.290497 213.050995
-421.098297 -1051.209961 101.261597
-329.040894 -1067.803955 186.521896
-321.411987 -1068.500000 122.785202
-731.210022 -1196.586060 199.830093
-678.390381 -1043.750000 172.441696
-741.710571 -1129.392944 161.966904
270.581207 1373.099976 170.410294
214.445801 1374.319946 155.691803
161.175201 1386.468018 228.285004
124.754303 1115.120972 523.725220
159.416794 1261.958008 447.938812
-453.119690 -1114.290039 994.390686
-311.440399 -891.972778 961.341187
-370.095490 -854.710022 923.876526
-513.831726 -1328.192993 730.852173
-361.170685 -1381.126953 677.667175
-531.902710 -1379.719971 788.822021
-797.609985 -1588.125977 263.414001
-722.813416 -1404.328003 261.596313
-817.735474 -1694.798950 25.700100
-875.573792 -1894.176025 36.730999
-889.228088 -1747.754028 134.592606
-298.098999 -1839.010986 443.547791
-346.303314 -1730.645996 363.100494
-257.610687 -1739.005005 406.983612
-265.068512 -1831.536011 647.320984
-201.873993 -1790.641968 577.823425
-182.837204 -1754.500977 562.512085
25.801001 -1509.635986 823.978394
55.599300 -1447.942993 836.549622
-49.188702 -1434.394043 898.547729
31.255301 -1093.758057 546.055786
-19.260500 -1196.993042 553.436279
-13.811300 -1022.489014 492.575806
-497.291809 393.307709 697.687805
-486.118988 330.295807 713.342712
-456.135590 429.598389 819.407410
-444.523499 253.961502 673.791504
-458.096985 320.726807 660.520386
-374.116608 -761.703430 4.020500
-77.859596 -903.596802 2.589900
-212.422394 -980.987976 5.834700
-581.375916 -634.954102 198.559601
-603.238281 -621.777771 115.285301
-634.223083 -712.674011 107.960197
-607.054199 -1347.391968 687.478027
-526.389893 -1326.941040 691.237671
-564.369690 -1138.531982 654.697083
-667.862488 -882.925781 533.462402
-736.953796 -1093.046021 538.559692
-52.208599 1434.954956 7.719900
72.568497 1361.008057 8.824800
-110.880402 1278.162964 7.097600
-227.096207 1223.194946 104.648804
-223.776993 1282.629028 76.934196
-275.259796 640.304871 33.770699
-238.932602 750.367920 12.032000
-243.600494 557.446899 12.891100
278.696899 170.527802 185.657104
89.354500 93.375099 234.738205
-162.554398 256.302887 161.121506
131.486496 366.377899 973.508972
-19.716900 367.290100 1047.015015
61.975899 324.337708 1004.068970
165.795105 248.612198 881.418030
160.165604 202.450806 824.256592
184.701797 290.808502 809.101013
-383.666199 -122.759598 1130.828979
-325.107513 -209.028107 1178.961060
-329.973389 0.542800 1130.599976
-117.679901 -317.318512 1205.802979
-548.710876 -734.401001 895.508911
-452.709991 -689.272217 836.177002
-453.262207 -736.323730 982.666870
-451.535187 -585.504578 1125.468018
-527.700317 -565.812988 1085.072998
-367.568298 -341.068115 492.271515
-398.667603 -404.722198 462.576691
-241.831696 -410.810303 453.720612
-472.132294 11.772900 328.753204
-434.442688 -27.480600 434.958588
-426.964386 94.543900 353.448395
-370.589508 195.848099 434.189209
-405.766388 216.883194 375.747498
-276.526611 165.541000 484.031097
-228.936295 850.018372 116.457603
-91.322701 -702.104187 336.377991
-23.982700 -955.120605 307.098907
18.443199 -1003.458984 425.374603
-24.813900 -1113.634033 438.798492
-28.781300 -1049.253052 424.642090
-401.286987 -260.648285 534.740112
-382.200012 -207.237503 571.583496
-341.724396 -150.892303 540.775391
-453.449402 -549.935486 697.270813
-456.265808 -515.808105 616.816895
-466.366302 -655.995728 724.991577
-614.090027 -2284.622070 309.227814
-464.105988 -2352.447021 293.514313
-579.662598 -2224.688965 351.703094
-121.084503 -1587.516968 233.839600
-220.771500 -1863.323975 264.477600
-175.493103 -1850.884033 186.460602
-274.872589 -1453.453979 850.444885
-188.726898 -1404.637939 921.022583
-245.180405 -1367.730957 952.179199
-511.963104 -1120.604004 951.568420
-538.172119 -1036.942993 855.597107
-576.338013 -1129.746948 879.275513
236.857300 664.806519 511.886505
224.286194 536.338196 433.836090
264.190796 665.598022 391.397705
181.015305 681.235474 571.406372
98.521500 716.063477 636.400330
173.679703 627.025330 595.890381
118.158302 1.937500 261.347412
23.714899 -194.993301 307.142090
371.139313 246.206299 261.778198
399.567413 226.414307 266.552887
340.797699 143.406204 298.599609
18.636700 157.222107 641.194275
125.112000 302.324890 702.108582
80.112297 157.557404 679.396790
65.238800 -300.727905 806.560486
36.050098 -436.134613 829.906982
28.880199 -265.498901 749.937195
-219.352798 -472.157104 326.506012
-137.338303 -221.081894 309.736786
-345.242004 -429.296600 310.119812
-335.567993 304.399292 108.331802
-360.337799 147.493607 167.679199
-274.274414 176.242599 184.335495
-749.413025 -2166.143066 340.164886
-721.725708 -2251.596924 305.180206
-638.957214 -2247.254883 4.921600
-936.037781 -1722.350952 535.299683
-921.505127 -1624.401001 505.468811
-959.543518 -1683.551025 463.220490
-819.343018 -1749.785034 365.220093
-888.706116 -1785.038940 411.511810
-858.786621 -1675.744995 357.863708
-60.243698 -1034.286987 46.504101
-67.023399 -964.609924 13.970500
204.802795 -493.386200 93.934601
163.136505 -511.513794 31.180500
266.035706 -226.153900 42.171299
74.643303 -559.741516 1120.374023
67.639801 -487.646088 1103.270020
-5.326900 -563.932983 1203.428955
92.534599 -303.546692 885.684570
72.044403 -535.715820 939.614685
-530.061584 -1058.808960 688.056824
-518.959229 -904.044373 714.096313
-476.676300 -666.705078 623.535583
-549.001404 -1094.604980 858.242920
-547.947815 -1051.782959 769.002197
-553.701294 -1182.291016 741.627380
-513.990479 293.433899 371.892487
-490.525909 226.219101 387.776398
-582.114502 309.485107 384.618500
-555.620422 374.295288 441.174896
-559.082703 312.859009 468.604706
-505.021698 442.576813 508.503815
-303.251404 379.706207 68.980400
-378.164093 114.445900 4.582300
-336.180389 308.884186 7.483700
-109.957901 985.809021 563.526672
-290.559509 872.397522 497.023895
-405.634491 662.171204 498.576294
-365.372498 650.984070 558.684326
222.894302 -473.372314 395.302704
173.401703 -566.924316 410.263214
268.924896 -302.816711 572.307312
184.082794 -252.371002 619.147278
-298.096893 -1403.098999 648.862976
-310.419312 -1616.936035 676.589111
-250.943604 -1462.371948 622.193604
-498.011292 -1506.995972 710.732300
-604.310486 -1475.084961 701.061829
198.103699 810.242676 140.471695
153.207993 935.527222 53.416599
261.254791 968.208130 85.820396
-20.006901 1015.552979 4.746200
-75.374397 1124.829956 4.086500
167.156799 354.195892 593.445984
180.633698 291.734497 607.453979
130.722595 269.033203 530.193115
-75.981697 200.503906 462.594788
-220.768799 172.613602 438.521210
-347.911194 303.446503 317.817810
290.688690 -215.276093 92.752998
245.157898 30.554300 229.666504
117.519501 -64.840401 270.428589
-543.596680 -512.194214 402.930695
-658.658813 -479.251099 292.597290
-331.001495 -602.064270 327.890106
-440.029907 -629.755676 294.324188
-541.327271 -674.638489 236.490097
-613.826721 -787.611328 208.327896
-479.412903 -753.991394 270.106812
-364.462891 -1014.773987 136.709396
-220.957993 -1063.078003 154.253403
-182.871597 -1042.465942 232.571396
93.607597 -1323.886963 719.380798
49.593399 -1344.927979 871.386719
75.415703 -1357.017944 775.688904
149.289307 -814.801086 746.317871
128.944794 -968.449280 682.264587
147.980392 -891.512573 691.779175
89.861397 -195.914505 495.567505
-63.782101 -310.945709 450.991791
129.764008 -402.057098 397.318298
119.689003 -425.104187 298.799011
176.870697 -415.796204 325.715607
57.274200 -490.737213 307.638611
302.505096 42.875801 244.690399
284.338501 -13.284400 312.205109
189.219894 -145.698898 312.851105
248.488403 -246.410507 361.138214
221.058105 -265.656586 371.246796
242.177200 -208.554306 379.529205
92.815300 484.687988 733.772400
165.813293 432.442596 747.026917
132.437805 460.557587 969.923828
141.446899 541.199890 920.093628
73.103699 -192.976807 513.126282
-36.845699 -246.578201 489.215210
5.377100 -172.000000 520.472900
-257.186890 -74.489403 574.082825
-353.704590 -108.773697 631.975830
-189.269608 -101.440598 634.746582
-81.828003 -1159.318970 201.989700
-131.665802 -1247.998047 254.456696
-40.931301 -1251.619995 224.970596
-73.261200 -1553.241943 164.469406
-128.546204 -1707.786011 173.880600
-117.138000 -1634.411987 124.952003
-684.555786 -997.523682 256.556488
-738.092285 -1073.850952 308.689514
-759.215027 -984.416321 359.566711
-638.399475 -611.035583 203.170898
-686.753723 -731.016479 233.947205
-722.124878 -679.039673 289.988708
-337.172302 -2417.952881 126.711998
-421.227692 -2335.916016 49.678101
-357.680511 -2228.539063 26.831600
-244.535294 -2270.165039 190.145096
-248.312805 -2212.410889 194.662796
-321.646301 -2270.741943 295.190002
-286.644409 313.979401 128.001907
-351.018311 254.238907 142.911804
-359.154388 308.955109 138.549896
-404.391388 100.869400 197.481796
-442.052185 54.383598 248.184097
-953.719727 -2201.685059 242.923203
-1000.494995 -2264.715088 188.492493
-911.808594 -2254.258057 246.931900
-1019.171021 -2143.854980 138.712204
-1014.585999 -2187.347900 176.266403
-924.648376 -2124.063965 268.877502
-109.205704 597.258728 683.060913
27.195000 649.269775 681.162781
-113.407501 713.419312 661.845886
147.428299 576.897217 635.198120
51.417500 510.241302 701.032776
-808.754517 -1293.708984 88.610100
-855.416870 -1396.436035 104.784897
-821.209717 -1292.916016 98.769699
-139.674103 -1155.199951 6.554400
-647.773987 -1209.253052 4.479700
-645.456787 -1031.770996 6.348600
63.875000 -886.346375 66.623199
37.889702 -1024.555054 89.584297
-10.665300 -1002.504028 46.803902
110.168098 -864.444885 190.236893
82.680199 -847.382080 253.347900
481.287292 598.419495 28.580700
484.665588 522.248413 100.145897
443.733002 509.391113 37.023701
413.632202 542.023621 245.996201
315.305786 486.703003 332.194611
-599.864380 -637.631470 898.818176
-514.989685 -607.190613 814.697876
-552.752991 -717.537476 872.055115
-501.659302 -323.096008 1068.463013
-305.535706 -360.246796 721.905579
-356.037109 -477.355103 755.408630
-392.520691 -346.728302 717.190796
-453.819000 -331.407196 755.073914
-463.225708 -487.437500 769.622925
-518.288818 -441.763000 819.725281
-442.559906 -1416.634033 797.044128
-334.224487 -1415.588989 697.021179
-465.347687 -1227.249023 1021.794006
-598.166626 -1333.338013 983.850891
-491.119507 -1334.574951 1001.137024
-168.294495 1423.411011 6.509900
-186.497192 1336.307983 12.105100
-107.481903 1458.744019 95.156502
-62.080799 1409.932007 234.192902
-10.822700 1441.279053 145.615097
-270.944000 -486.648804 454.937195
-220.150696 -581.890198 458.254303
-366.905487 -571.289795 486.809113
-30.675600 -856.179016 446.621490
-90.044899 -1252.349976 551.152283
-443.808411 -78.889000 245.222595
-496.283386 -180.534195 307.460999
-577.862122 -227.356903 372.491302
-580.804321 -286.351105 375.003510
-544.490723 -301.001312 444.530212
29.826300 -1332.483032 641.301392
-13.217000 -1454.828003 657.383301
-64.454399 -1343.140015 589.126709
-180.895493 -1485.385010 817.078674
-231.056107 -1471.817993 834.691406
-147.343704 -1482.109009 692.816284
-197.293594 -1562.744019 384.183807
-122.469803 -1292.187012 335.708405
-149.211197 -1434.762939 394.913910
-255.119003 -1657.144043 637.405029
-191.912903 -1630.859985 543.242310
-229.667999 -1561.563965 605.020325
-381.613892 377.165192 593.641418
-436.337311 453.163696 611.205627
-441.033600 524.028503 798.716980
-370.690399 421.228699 930.276794
-711.188477 -1628.292969 307.274506
-759.180725 -1698.051025 313.390198
-471.972595 -597.391418 487.402588
-493.526093 -717.299988 538.995117
-569.868408 -960.718994 608.296204
-499.406403 -1085.588989 637.306580
-56.148998 181.026794 529.323425
-164.953796 158.971298 558.425903
-124.627296 183.843094 520.752014
77.098297 145.258301 621.189880
55.439899 208.651993 652.261719
15.676900 151.638702 613.551392
-148.105301 -556.765076 1223.060059
-260.297913 -565.262695 1201.019043
-50.839298 -652.442383 1205.467041
-177.980103 -297.911194 1213.298950
-209.976807 -15.470900 1165.404053
-231.141998 -194.122299 1198.171021
22.673800 -846.588806 366.448914
24.241301 -838.827271 403.895996
5.978700 -904.775818 401.819092
-140.980698 -585.642273 431.072510
-22.730000 -682.707886 428.713196
10.630200 -638.269104 393.687988
-152.312805 486.605286 5.432700
-227.326797 698.233215 2.636900
-49.047699 874.054504 13.332900
-198.372299 490.646698 252.512299
-31.971600 391.387787 349.394287
66.156303 649.931030 215.862900
-287.492004 -583.363770 800.215027
-448.666504 -426.729614 608.125488
-438.989685 -413.577698 664.596191
-423.358887 -300.734497 557.973877
-265.696686 -1066.412964 174.831696
-261.824890 -1049.927002 137.850998
-165.763000 -1081.088013 152.973999
-641.262817 -899.806091 175.523804
-590.134705 -928.620117 187.142899
-494.376801 -910.312988 227.744904
270.114288 1137.683960 40.094299
178.867798 1075.803955 16.252800
419.992493 1198.248047 135.199097
345.656586 1092.128052 100.662399
-252.683304 943.624084 135.722595
-199.830994 986.596191 104.911697
-246.702896 1127.364014 144.041199
-277.616791 1025.203979 189.516006
-237.882797 1138.322021 239.613998
-535.012329 -1849.428955 458.890900
-640.752625 -1844.390015 519.586670
-746.765381 -1812.661011 445.339600
-403.965302 -1841.259033 645.228699
-329.452393 -1889.843018 629.918274
-324.341705 -1815.642944 666.314575
214.069000 -220.976898 432.103912
235.323700 -233.414398 388.106598
224.500900 -125.639397 459.058502
355.816895 307.186890 320.251892
354.109192 171.505493 300.011414
45.304699 -1263.243042 140.892700
18.944500 -1302.392944 159.569901
-15.124100 -1296.229004 117.201698
-245.465805 -1064.345947 32.545601
-397.009888 -1041.464966 66.950897
-296.757690 -1067.140991 74.505203
179.967499 850.731018 557.270813
290.341095 853.598022 442.596710
212.877701 955.609680 517.123474
333.388214 915.145630 303.285706
345.797302 958.100403 216.098602
341.731689 968.541321 388.948914
-869.546082 -1641.635986 132.807602
-849.247986 -1593.552002 128.336700
-834.655518 -1623.782959 65.780998
-799.664307 -1439.826050 209.681305
-833.599304 -1620.947021 220.482300
-473.742004 -362.015411 470.891815
-387.098511 -217.881104 510.061401
-480.406311 -224.556503 481.578796
-333.953186 -78.940498 510.671997
-259.329895 -110.559502 522.725220
-299.744904 -520.554993 441.037811
-239.591904 -494.170197 420.501709
-163.025101 -559.522095 416.407196
29.568300 -388.951294 315.934814
-699.433105 -1349.286011 263.882385
-812.355713 -1545.056030 324.417206
-858.822021 -1433.135986 435.254211
-890.147705 -1517.928955 441.008087
-854.342102 -1496.838013 534.383118
312.882507 233.127106 128.945602
52.484402 329.189514 63.359200
229.956497 315.412598 55.352798
-393.061310 126.056999 142.169998
-471.847900 -105.809799 103.934502
-412.436188 -33.147999 189.649796
-385.380096 242.858398 14.975600
-52.041100 -672.166870 907.705505
41.325901 -650.277893 962.555908
43.142502 -718.903076 1022.054016
81.417297 -680.171570 1163.031006
123.348000 -712.102478 1108.814941
125.626503 -666.166992 1125.749023
-231.882507 -2023.306030 84.821404
-310.065796 -2194.456055 47.709702
-137.026596 -1608.149048 45.118000
-299.848114 -2389.802979 170.475800
-309.481201 -2332.604004 99.726799
-274.581787 -2304.913086 162.841995
186.084305 -645.110291 704.977722
220.286697 -434.212097 660.393127
262.277405 -467.112213 575.242493
-486.437103 -166.846695 100.221901
-486.116913 -281.454803 79.137604
-526.428589 -331.931091 111.298203
-505.284790 -699.295471 3.992100
-590.344604 -801.020691 17.576000
-551.078186 -625.340088 32.560001
-468.935394 -2419.122070 180.126495
-594.312927 -2370.898926 167.691696
-524.025818 -2350.070068 64.287003
-803.641418 -2305.916016 100.277901
-762.434814 -2333.654053 158.044800
-852.274292 -2317.737061 150.231201
-45.027199 211.169403 1089.025024
70.021797 165.484604 1008.547974
70.686798 232.175903 1019.721008
188.579895 172.303207 923.331177
158.323593 65.533600 947.892395
144.828003 134.369995 929.399109
-122.125198 -868.880920 313.900391
-48.817200 -371.909698 319.960510
-378.276703 -1256.239990 1023.190002
-151.466400 -990.518799 989.389526
-283.271790 -1062.639038 1012.289001
-236.837799 -1163.777954 1017.448975
73.947899 247.847397 138.882996
24.536200 317.248413 74.539101
296.948395 116.867302 196.827698
329.312408 63.863400 192.374207
363.225586 158.684906 161.097794
-380.513092 70.001900 1076.265015
-330.140015 279.930786 1027.843994
-431.512604 233.098801 951.527283
-456.739899 320.676605 853.626282
-473.982605 235.009903 834.330078
-413.060486 277.701385 329.735596
-436.987000 330.220612 312.890015
-376.750488 446.339813 273.791107
-486.860596 521.941284 438.362305
413.629486 1339.555054 181.769608
471.451813 1294.744995 194.529602
384.494995 1238.370972 106.064400
382.803589 1345.859009 337.921997
290.364990 1362.824951 327.007813
267.652588 1324.198975 390.328796
14.890600 -155.650696 534.082581
-76.109596 -120.283203 549.218018
32.870602 -167.852402 624.340088
274.540100 -245.374893 516.129272
167.843307 -204.172104 496.229187
163.842697 -215.963699 600.978027
37.149700 -1008.046021 265.806610
82.728401 -1086.693970 185.323898
-294.369507 -1032.152954 72.523804
-156.475601 -1031.732056 42.625401
-116.587601 -1072.411987 100.277702
-348.418091 -736.200317 953.900879
-438.118896 -718.356018 931.194519
-126.633202 -660.371826 1196.920044
-222.077896 -646.841492 1174.958984
-163.303696 -736.435730 1094.729004
-468.859100 -1049.154053 186.860107
-501.248901 -1032.879028 127.935204
-629.184875 -1017.354004 161.287292
-731.699219 -1218.785034 26.022699
-726.122681 -1116.572998 55.667099
48.406601 111.722000 508.146790
149.341202 190.343796 477.940704
171.740494 472.208008 360.557495
199.685593 803.591309 38.378300
288.731903 773.898926 92.239700
324.492096 763.805481 47.952801
465.577515 558.040222 165.438293
499.631989 603.120789 153.685501
434.488312 644.146729 205.646500
-726.573181 -887.843628 321.161499
-745.726685 -938.551819 349.495605
-735.338989 -833.920227 330.411011
-714.691528 -846.342407 450.767609
-729.132874 -976.892395 497.331390
-665.077820 -712.470886 453.691986
-405.398102 148.368393 644.897827
-478.474609 84.961502 900.893982
-491.319305 63.020901 782.638794
-499.927399 -23.935301 802.465576
-692.893127 -981.605225 117.217201
-613.858582 -972.376587 110.532501
-616.062073 -1012.156006 114.355499
-588.937622 -579.968384 104.494698
-618.074585 -759.155273 67.513397
-6.300000 -1317.744995 619.640930
-12.121600 -1261.019043 586.951416
85.974503 -1225.812012 684.955811
95.914703 -1197.610962 702.054626
103.073402 -1120.369995 766.851196
80.882797 -1180.706055 807.753296
-575.106873 -546.963318 1037.803955
-588.201111 -508.562592 900.099426
-608.424683 -557.939270 907.515930
-609.409180 -645.808777 995.728516
-610.040222 -686.470520 975.638672
-520.973083 -654.556885 1063.520996
-478.369598 -975.224121 190.031601
-547.004578 -913.131714 224.079895
-242.107407 -1012.755981 242.005600
-100.031700 -1514.306030 814.735779
-25.223600 -1512.459961 836.648804
-65.844803 -1505.279053 690.075378
-0.415100 -1515.615967 712.107971
-65.044601 -1536.229980 756.675293
-546.160095 -1196.362061 952.189209
-605.858704 -1229.380981 922.192688
-613.792908 -1319.468018 860.538818
-606.124084 -1239.923950 866.653198
-577.446594 -1274.678955 782.407715
66.647697 -758.107971 386.393005
52.107601 -692.278503 377.861511
102.333603 -714.117126 388.508698
-77.247101 -524.849792 343.346313
-27.806000 -602.039978 360.291412
-101.670601 -561.773621 353.075195
-240.360397 -907.436523 977.822083
-133.561996 -871.237488 963.124084
-263.275208 -686.895020 872.587891
-10.512700 -562.041626 850.077026
-318.027008 -231.734299 513.418518
-228.029099 -363.506012 465.999908
-364.985992 -359.578094 498.478088
134.994904 363.660889 519.052429
49.957199 284.575287 487.920410
160.273697 387.724213 505.224396
177.562393 537.333130 328.100311
26.392300 275.118286 444.127289
-6.860300 573.058716 251.680206
138.030106 565.869202 829.359985
88.590302 570.676025 826.387573
109.493698 564.412415 877.945129
-137.518494 575.662781 768.529602
-222.497299 559.334229 853.112488
-210.774002 780.870117 80.442497
-133.301102 854.862610 79.182098
-201.512207 843.110413 76.345497
-271.307495 726.548706 64.979301
102.229599 1364.081055 346.994385
-29.496201 1223.365967 446.948608
-97.546600 1101.925049 502.398712
29.300301 1138.703003 514.915222
-137.587402 -1423.978027 631.107422
-196.058899 -1085.401001 154.815399
-47.498402 -1120.812012 85.239700
20.344801 -1149.558960 92.723503
-30.322399 -1174.442017 41.199799
-983.933289 -1723.448975 471.641998
-460.811096 -283.141510 228.936203
-526.566711 -515.121887 226.161194
-444.898407 -1781.140015 675.700073
-394.864594 -1448.864014 691.133179
-419.310699 -1569.286987 707.284912
-451.229492 -123.810501 43.979198
-402.672607 -66.097198 13.532000
-451.572815 -328.065796 16.990101
-432.631897 83.438698 77.852798
-416.793793 20.649099 56.398102
-441.373291 7.782900 81.990501
-701.644470 -633.919006 277.125397
-712.629211 -574.194885 259.541290
-563.885315 -470.266998 265.717896
-490.285004 -472.645386 296.450714
-583.736389 -536.062988 212.330200
23.823000 27.968599 659.388489
1.591000 -162.521194 695.922180
-71.851700 -37.466999 632.490723
-300.593109 -18.838800 620.993286
-194.720901 6.260000 603.208984
-195.874893 -132.645493 652.873230
-344.428497 -171.570099 670.098083
-399.561005 -178.355698 614.981018
-445.633514 -244.708206 631.800598
-462.320007 -170.436401 629.650085
-303.929413 589.713074 695.363770
-295.307800 617.635071 703.733521
-229.260300 587.744080 729.386414
-390.990112 598.150330 669.823914
-391.440704 634.604370 638.067078
-444.093201 580.705688 649.949219
-151.103302 -1410.338013 5.666100
-103.313202 -1454.823975 41.021198
-35.138199 -1280.625977 62.815701
-55.361099 -1416.517944 87.578102
-595.193420 -328.865692 382.107391
-541.752075 -375.872894 438.144714
-434.355103 -428.995789 347.103607
-509.383789 -370.992188 335.842712
-118.137802 -1292.142944 472.359589
-96.663399 -1217.844971 455.815308
-201.137604 -1298.795044 564.350220
-111.907898 -1283.156982 454.446686
-89.692001 -1219.871948 446.724609
-62.182201 -1263.084961 471.696014
147.196701 -483.037811 322.563202
180.769302 -441.574799 340.605286
185.394806 -504.335602 307.523407
181.122299 -438.041412 385.627899
173.449997 -321.434601 420.993988
117.053299 -281.368408 461.303497
-132.387299 284.724915 1081.921021
-161.562103 1137.550049 434.614502
-83.606598 1290.015015 366.187500
-167.956696 1296.435059 279.772003
-334.501587 426.467010 144.826508
-318.094086 533.324524 123.395599
-299.819611 392.127991 73.426399
-410.406006 238.691299 245.962402
-451.664703 97.243896 296.748291
36.920799 390.578888 684.938110
-184.523300 501.628815 655.645203
-63.028198 356.840088 639.745789
-53.310299 522.237915 694.825623
-984.194275 -2095.250977 135.312195
-922.051392 -2142.343018 33.896702
-994.077209 -2247.754883 85.560898
-833.458618 -2237.340088 22.068501
87.035698 -655.675171 1068.218018
74.846199 -513.028198 1008.625000
87.746902 -419.510712 1053.420044
90.946098 -490.631989 1080.196045
287.199890 -423.486603 437.418213
255.917801 -334.464813 387.827515
315.000214 -363.971893 437.897797
267.802399 -217.362595 413.759613
206.719101 -163.732300 469.479889
298.025909 -229.057602 376.265198
-302.672394 -2437.312012 226.293594
-325.632202 -2347.322998 281.322815
-372.120911 -2365.281982 291.586700
-370.465302 -1755.420044 360.910095
-473.625793 -1971.307983 388.906311
-240.113602 1141.667969 130.333099
-268.348999 1069.670044 162.224701
-263.921997 1114.840942 129.548599
-254.426498 1260.087036 66.867104
-250.928497 1310.255981 36.885799
-216.588806 1297.671021 54.744598
-313.508087 -180.786301 284.338501
-162.943802 -85.725098 289.181091
-189.014099 93.363297 233.231796
140.676300 -654.991882 453.492615
243.869400 -511.332489 580.774902
236.251495 -510.667603 630.309326
229.900497 -614.148315 538.141907
266.660889 -149.189896 214.297104
329.020691 -58.425900 58.743801
352.213898 -4.571600 81.705803
329.372894 -109.892303 134.171097
330.756989 60.435101 28.151800
263.160004 -128.286697 12.233800
426.733307 128.981995 101.288498
460.304413 145.067001 113.656197
444.028015 89.990097 106.435997
132.358398 184.686493 733.143494
111.472801 -94.029198 875.671021
94.958801 -140.502899 949.272827
91.577301 -162.950104 806.695313
-392.733795 -2408.372070 259.909790
-518.846680 -2444.275879 180.359802
-364.974213 230.485794 531.510498
-413.258789 212.488205 482.251709
-476.481415 211.362503 470.421295
-404.214294 -498.023102 325.619812
-444.487610 -513.113892 295.135895
-323.115692 -505.350311 353.665192
-239.395798 -523.803528 361.582611
-285.483490 -476.481506 338.143799
91.605598 1410.392944 85.908997
21.774401 1431.634033 61.902401
120.978500 1411.166016 108.977699
19.604799 1425.994019 193.216400
83.580299 1402.614990 232.616699
222.136200 -85.612602 325.136902
295.712189 -3.062000 347.505188
275.690887 -53.565399 364.618713
255.116104 75.089401 445.109802
259.473694 -12.443100 435.393890
303.482697 56.264500 362.682190
-274.172699 -1178.239990 231.962097
-452.949890 -1360.343994 258.077606
-519.705322 -1426.588013 266.090088
-614.861816 -1087.126953 203.173203
89.902100 -1008.956970 199.302200
136.457794 -850.531616 172.863297
101.821800 -922.364014 185.588699
132.646805 -777.263489 181.179306
-560.559204 -717.630981 999.666626
-284.028687 -729.707886 1046.172974
-333.803589 -659.949280 1123.692017
-360.840912 -740.222778 1016.323975
87.246300 -229.014297 1006.794983
125.667900 -169.128906 995.643982
120.545502 -269.610687 1018.810974
124.629700 -435.377594 1060.973999
120.571503 -488.335785 1074.858032
-301.847198 -1932.022949 575.602478
-239.626602 -1939.668945 533.145630
-246.785599 -1918.714966 589.992798
-346.821411 -1918.786011 530.505676
-443.790985 -1894.639038 557.828613
-325.586700 -1892.086060 480.847504
-444.184509 615.459473 604.941589
-487.290192 606.056213 618.493896
-523.016113 112.338203 757.684814
-517.026794 13.779400 784.705994
-537.402893 -193.460693 839.038513
-532.145081 -117.895401 807.783813
-561.099915 -203.537201 815.701721
-185.824493 931.217407 553.494629
-285.078613 792.794128 557.259827
-266.268707 701.412415 609.202087
-245.806198 609.167603 640.880615
-421.817688 504.556396 566.192688
488.101196 530.699280 131.994598
511.324493 581.895386 106.835602
305.576111 804.355103 20.009100
400.939789 766.364929 31.569700
295.819214 770.252930 39.212101
365.249390 1145.637939 390.250397
405.020905 1131.052002 341.086304
356.299713 1236.253052 401.165985
482.199097 1346.526001 284.522308
529.921570 1299.883057 274.575989
489.414398 1351.772949 220.674103
348.465515 137.756302 247.778503
334.292206 143.365494 207.627808
359.629211 268.830200 154.222198
316.506104 349.033203 52.816502
-202.261703 343.035614 336.582001
-321.003906 443.519592 277.726013
135.299698 85.245499 230.647995
-91.568802 -32.257401 274.647705
-216.070206 -119.860397 285.845795
171.080200 517.782715 789.762024
117.380302 546.818420 804.963318
-83.266502 565.224792 775.483826
-143.360901 604.937988 736.974670
-99.186302 609.046326 754.891907
-947.628906 -2024.547974 187.985001
-873.004822 -1918.479004 255.211700
-927.824524 -1921.218018 145.445496
-288.613708 -585.460022 807.145203
-139.989700 -350.280396 736.190308
-404.278198 -590.126526 789.648804
-412.869812 -35.911201 555.049377
-352.072815 -55.966301 526.349915
-339.716797 -82.705399 549.765320
-98.657097 -71.184700 557.996277
28.557600 -122.643700 523.887573
-36.834702 -128.458603 539.123291
-828.869324 -1817.416992 503.500610
-757.768616 -1841.435059 528.728516
-697.822021 -1828.272949 518.838989
-974.915222 -1822.753052 488.240387
-921.569092 -1849.046997 490.863403
-921.734924 -1796.472046 488.923309
-101.446297 -490.543213 1224.203003
29.801001 -665.192383 1190.806030
76.507500 -635.661377 1156.319946
87.058502 167.008301 569.041016
95.886200 374.207489 689.536011
122.362900 223.102005 654.028625
141.528397 290.959808 654.456421
-571.984619 -561.156189 869.906799
-549.941223 -477.037109 842.989624
-573.190186 -443.150085 887.239624
-557.901611 -459.830414 1010.539978
-456.581604 590.704712 408.854309
-424.267090 650.617920 458.250305
-437.194794 620.318420 330.351898
-425.351013 730.363220 257.321411
-396.223602 764.758972 279.985687
-377.658997 808.675110 247.256195
-648.288025 -956.333618 119.577103
-711.066528 -937.701172 114.658401
-694.004211 -981.674683 134.711304
-653.937927 -699.963196 101.423302
-702.328796 -750.363281 95.497704
-663.040283 -728.742981 122.720703
-342.504089 -498.782806 451.432312
-222.249893 -534.102173 440.799500
-249.706207 -488.335388 426.605103
41.412201 -528.687622 391.226593
-41.320499 -439.082092 403.079712
-681.417603 -1183.787964 624.067688
-873.409180 -1614.577026 582.538696
-828.592773 -1622.711060 617.837891
-501.730011 -1028.448975 83.364601
-591.547302 -985.757507 67.909798
-611.248108 -1019.244995 108.182404
-444.951904 -1004.646973 24.498501
-275.794098 -1064.562988 6.323200
-559.894714 -993.451172 6.424800
210.676498 492.907715 911.203125
233.041901 555.128418 812.806885
209.096802 411.790497 869.102478
214.559204 469.316315 801.208008
230.361694 451.833099 875.406311
355.211212 918.327393 411.622589
325.212311 888.535828 406.049408
450.734192 1187.384033 320.686493
486.468414 1198.512939 323.068695
441.888885 1136.251953 354.674408
-244.909698 -1848.131958 495.226288
-277.544800 -1898.411987 517.461304
-368.670410 239.152802 109.232597
-405.698395 107.242401 20.097799
-188.941803 -789.711426 469.190887
-341.582611 -957.136414 549.865723
-9.636600 -973.004028 415.224396
-11.533600 -986.033997 330.627289
13.895800 -891.238708 329.107208
-95.411598 -1227.243042 355.389191
-520.523621 -296.884705 321.997009
-526.379822 -186.455505 364.512207
-498.808502 -85.807701 347.130096
-499.525391 -124.398102 410.854706
190.149094 -905.538879 596.848877
206.118896 -810.317383 563.232788
112.401802 -1096.866943 661.220276
141.230804 -1075.741943 636.384827
117.603500 -1177.782959 667.254578
314.800110 -329.074097 403.442688
301.864014 -273.686005 420.137695
334.702789 -273.738708 376.536499
-884.640625 -1528.316040 438.888306
-910.594421 -1558.137939 422.359314
-918.890503 -1485.146973 410.157104
-923.999023 -1711.961060 429.800507
-525.876892 -990.553406 782.942688
-498.949799 -685.313904 736.409485
-516.817383 -792.811523 774.055176
-516.746887 -664.759094 742.717224
-639.732117 -951.752930 66.403702
-663.533630 -966.948730 118.317802
-347.321289 -987.475220 14.540800
-139.288101 1123.879028 20.828300
-208.317093 1088.426025 95.591103
-555.161804 -655.265076 499.462494
-588.740479 -806.921021 552.973022
-796.320129 -1245.543945 380.824402
-826.146301 -1310.711060 412.300415
-805.480713 -1201.271973 390.623993
-785.467590 -1133.026978 383.718811
-764.924683 -1043.927979 368.815186
104.689697 -841.379700 133.947693
242.514694 -379.878601 153.108093
-209.801193 -2014.418945 188.697006
-262.693909 -1984.464966 281.299286
-165.599304 -1785.069946 77.280197
-291.327393 552.253723 646.081726
249.178604 805.793030 177.957001
-473.548401 -396.279602 674.197815
-450.140686 -314.807098 676.090271
-479.805115 -334.605011 678.049988
-516.394470 -764.011719 779.342285
126.343697 825.445984 21.207701
29.169100 852.299805 56.858398
112.763000 -1481.255005 703.584412
89.654900 -1488.562012 722.840210
86.431099 -1437.446045 731.653625
301.451508 756.682800 480.091003
276.778503 813.365295 442.268311
324.556702 851.542786 432.009186
267.430695 687.240784 498.023407
260.876709 754.168030 469.970703
-719.332214 -996.329224 106.542503
-780.217590 -1065.386963 74.522102
-726.952393 -1035.109009 52.426701
-762.180725 -1058.437012 75.546097
-771.308411 -1006.778992 52.809898
-818.200195 -1400.906006 116.535698
-788.111084 -1348.973999 84.916901
-771.271912 -1433.078003 37.835800
-675.951172 -1440.290039 4.863900
-700.515015 -1893.810059 367.501312
-677.372009 -1778.072021 354.824188
-381.036011 -259.255615 700.067993
-342.747314 -150.384506 671.145508
-217.463394 -269.339203 694.881714
-417.484711 -49.169701 691.153870
-435.292999 -191.873093 714.080505
-470.428314 -48.449402 755.687317
-158.159195 -369.569885 328.216309
-20.843300 -351.691986 327.184692
183.658997 -217.434998 301.648590
215.506500 -143.799393 307.192413
252.006805 -129.647797 331.230591
-59.903801 -899.503784 440.660004
-22.100401 -973.513977 419.342804
0.480200 -917.510986 412.111298
-123.959602 -678.825989 439.195587
-181.966507 -783.041504 461.943207
-2.023200 -754.404907 422.070007
287.304291 249.266403 103.936302
286.596588 188.534607 163.522995
392.649200 206.581604 121.000298
370.559814 241.299606 70.195702
438.383698 221.835495 73.691299
420.807312 185.981903 84.271103
-327.398193 -1447.005981 860.404724
-330.815094 -1440.983032 745.390198
-330.421997 -1307.800049 1002.627991
-485.577698 -1377.041016 962.459106
-393.015900 -1389.385010 938.787720
-256.180908 668.741394 126.623199
-224.939606 673.314270 150.467896
-184.962006 760.179382 103.000801
-261.980408 578.059021 155.030106
2.057500 -1088.177002 37.856098
-87.100502 -1049.116943 59.177502
-65.230499 -1102.103027 100.191597
11.368700 -1166.484009 160.987396
6.296600 -1228.430054 180.491501
-195.886597 -1722.677979 552.705872
-219.510193 -1727.437012 459.204803
-155.959305 -1474.198975 501.340607
-165.939804 -1548.218018 516.149597
147.795303 141.784607 938.582520
53.511700 12.423000 1039.141968
-31.354200 31.756201 1112.239014
-224.313797 213.001999 577.144897
5.000000 172.979294 545.126587
-16.129499 125.438698 589.314514
-58.381001 150.053696 575.239929
-184.338501 1373.217041 86.409698
-126.586197 1504.571045 4.700400
-83.894897 1461.884033 27.921400
-47.550800 1494.284058 22.550400
-300.509705 1073.057983 136.202301
-323.936798 995.715393 170.720596
-375.977112 782.490479 245.610397
137.963196 482.592102 661.871826
188.638901 442.475403 615.201721
173.576294 532.481628 611.473389
196.172501 517.588928 564.917786
178.860992 433.021210 559.394104
41.609100 -740.480774 1088.786011
-118.545700 -757.311584 1092.943970
-23.220100 -738.281921 1050.489014
-24.126900 -764.403076 1082.411011
-324.737793 343.660614 11.885100
-381.781006 345.344696 18.436501
-355.877686 418.913605 21.251600
192.815704 329.737213 38.933800
-17.136200 372.505402 15.062300
-3.290400 381.284912 22.745300
519.163086 675.349976 102.699203
484.598297 710.891418 54.369301
430.040192 719.990295 132.135101
544.736511 616.043823 79.509499
482.441589 595.204590 59.743999
466.096985 655.346924 24.225800
-427.511688 37.399700 1041.146973
-403.082611 382.535706 922.438416
-596.519226 -469.398895 310.448608
-492.184296 -485.018585 379.960205
-496.153015 -473.551514 305.431305
-310.293488 -511.660797 415.852386
490.944092 466.380005 169.147598
443.031311 341.071198 218.340393
453.819214 397.448090 183.872192
400.331085 435.379303 264.498993
440.780792 436.873596 187.659607
-587.140625 -1387.838013 949.110596
-644.816895 -1362.798950 960.478699
-645.591309 -1409.516968 969.468628
-622.901611 -1255.155029 918.671814
-625.484070 -1368.688965 893.825012
-652.141174 -1309.682007 932.976318
520.156006 1336.463013 223.741898
526.216492 1276.005981 283.068115
509.159698 1275.891968 253.226700
483.287811 1246.953003 213.089798
483.891296 1220.713013 297.856903
-481.607391 -370.948090 26.959299
-493.043701 -665.554626 13.303100
-531.057983 -571.565308 35.851700
-636.276978 -634.814575 917.218384
-2.692800 -561.754700 333.687988
33.680401 -562.296326 323.118805
52.821201 -592.832275 318.426514
-49.298199 -570.319092 366.145294
-125.463699 -590.342407 410.148407
4.416300 -993.451782 927.913879
368.294098 83.141899 153.785004
294.002106 -200.648895 148.436203
351.384888 -37.289299 134.572205
131.155106 -1019.169006 179.745193
96.584602 -969.747925 182.615799
121.851196 -953.216125 170.609497
-16.129801 -1168.478027 201.835693
56.087002 -1153.701050 173.696106
48.167801 -1199.405029 152.771896
-394.369507 -179.141006 639.329773
-430.810089 -136.534607 631.510803
-428.178802 -209.926300 635.593689
-424.535797 -268.276489 656.096375
-430.168213 -324.777191 655.566711
-359.261688 -274.766815 682.461792
-506.140503 -366.028687 56.053299
-569.233276 -546.341309 147.610901
-574.774292 -514.358276 116.843002
-544.744995 501.948090 679.343323
-550.750183 443.160095 664.048706
-501.607208 444.480194 684.327576
-437.128998 -989.048096 171.655197
-487.414612 -1024.140015 110.661301
-455.080597 -1000.849976 113.221497
-397.707794 -1054.037964 123.580803
-616.385315 -436.009003 856.945618
-596.601318 -375.169891 847.145081
-567.289673 -351.445801 847.429871
-527.125305 -160.093903 803.609375
-226.220993 38.197300 241.981796
-320.019104 43.130798 216.496597
-319.754791 -181.035507 277.212494
-446.395599 -430.433685 277.234314
-392.750885 -138.870499 237.151001
-435.603699 -1938.599976 561.087830
-483.161804 -1909.984985 573.192871
-511.127899 -1912.692017 555.227478
-719.863525 -1864.781006 513.647278
-604.714783 -1876.141968 539.238525
-693.340210 -2346.863037 167.896805
-601.444397 -2367.092041 177.002502
-784.025879 -2331.540039 162.529999
-799.623291 -2270.540039 266.201813
-842.437012 -2315.079102 166.545105
-493.710999 -834.721375 791.402222
-595.881775 -1058.598022 848.622192
-559.278503 -1019.171021 861.829590
-554.299805 -971.070923 827.570374
-779.624878 -892.845825 314.232086
-767.268677 -870.689575 342.668915
-762.024902 -801.547119 304.983185
-823.742126 -1167.741943 386.688293
-772.378784 -1067.853027 380.170990
-800.903687 -1058.943970 360.999298
-641.187012 -698.632080 83.851700
-720.538025 -884.873718 102.568497
-678.871094 -820.086182 97.122200
-628.120483 -902.599182 31.190701
-517.172119 -81.462402 799.615723
-489.115601 128.746201 761.307922
-525.703003 109.935600 741.497620
-502.553894 161.668793 740.196228
-616.841370 -723.046082 205.273300
-600.805786 -885.107727 214.973999
-653.005615 -769.319824 209.632599
-680.732178 -918.591980 246.452301
-615.639771 -974.987915 216.822296
49.594501 -1185.004028 184.615707
-155.960205 -1104.978027 198.516602
421.119690 1404.090942 196.933807
459.141296 1382.494019 182.692001
394.001312 1375.223999 202.390198
357.391998 1397.328003 162.970795
350.848389 1369.394043 186.777603
81.961800 1392.624023 290.539886
67.015503 1285.197998 424.671204
-1.120300 1331.605957 362.418488
-735.149597 -612.078430 254.037003
-712.764404 -659.005981 299.650513
-723.486877 -740.643372 310.970215
-667.462524 -622.598816 399.061310
61.512699 940.392273 594.569580
139.426498 954.222229 565.460388
-118.581703 -109.990799 550.118713
-252.116699 -166.275894 541.514893
-173.687897 -97.370201 561.051575
-214.175797 -160.692200 523.111084
-291.689209 414.261200 979.868286
-279.824097 178.066406 1094.968018
-461.018494 569.035278 338.190491
-488.847504 486.366913 359.857391
-514.889221 513.170776 326.745087
-575.356201 367.268402 353.771912
-594.761780 368.903015 367.062195
-572.216919 430.811005 347.251709
-401.132202 698.968994 298.490204
-365.464386 768.723877 267.778412
-342.304688 611.092224 230.279602
-446.481415 525.664124 332.052094
-463.859589 414.190308 324.337891
-586.852112 346.260895 383.988800
-555.870605 253.287094 392.668304
-972.854675 -1723.932007 456.109802
-964.237000 -1787.402954 474.832611
-94.738503 -1306.223999 18.694401
-110.573502 -1121.848022 31.014500
-759.610779 -586.039795 256.627991
-747.965881 -513.922302 251.175293
-726.871887 -523.593872 238.099304
-609.082092 -463.435791 235.651398
-579.381775 -424.974091 236.415695
-520.877075 -438.405212 266.995911
-71.062302 -286.161591 1178.491943
8.651200 -387.303192 1148.390015
110.231796 -226.995102 1020.153015
-465.494202 -896.253418 590.566711
-493.128693 -1189.423950 665.334106
-208.577301 589.724487 741.910400
-191.612503 626.245178 744.440491
119.583702 611.578308 820.774292
0.362500 613.356018 801.512512
115.311401 -535.979492 346.082611
83.823196 -571.759583 366.874603
120.459396 -574.649719 360.882690
199.574600 -398.165894 355.238007
208.294800 -435.377502 333.661896
32.202499 -1306.353027 178.652405
2.009500 -1288.149048 158.539001
-28.568001 -1443.067017 172.259506
-125.260002 -1820.713013 172.529602
-91.359398 -1692.043945 147.174500
-115.818001 -1700.995972 172.057999
-398.428894 -729.553772 996.281311
-290.005707 -733.304810 1028.047974
-326.387909 -774.001526 1019.567993
-173.473602 -778.907104 1090.987061
-118.267502 -799.598572 1101.265015
-195.621002 -405.484406 337.616302
-92.549599 -394.864594 328.507202
-110.931000 -441.796387 338.729706
-271.111786 -490.348999 378.169891
-314.135193 -458.201599 323.817200
133.237396 161.683502 563.468628
101.522797 130.628494 578.084778
111.921204 178.517197 603.158875
31.271400 138.663895 592.013489
83.230003 98.218803 569.610901
-25.705200 103.132896 588.728577
395.560211 1005.596985 372.426788
283.334015 965.863586 457.248505
332.717590 984.003784 392.353302
183.863998 332.287109 907.592224
208.464996 317.438812 928.346802
213.489105 395.650208 901.961121
141.649506 192.613602 931.482971
188.861206 -754.846008 569.962585
211.979507 -770.006470 560.254028
237.117798 -724.161377 542.885620
216.518005 -674.213074 548.541077
236.034500 -607.904175 526.113525
-11.697300 -667.340698 326.862915
-71.530899 -672.416382 336.388397
6.798500 -753.306702 320.285614
39.363300 -722.739380 369.963989
36.515999 -792.448914 392.756805
140.201797 556.786499 833.144470
214.765396 504.067200 845.351929
187.732300 510.088104 808.072083
-82.124397 85.395401 609.326721
-146.636093 204.961700 595.507202
-416.281891 324.875702 208.166901
-406.939392 393.182007 176.448593
-449.170288 223.871399 249.759094
-295.521515 631.562622 91.612099
-331.816711 541.469116 142.084900
-309.825409 552.517883 119.695099
-344.770294 -994.234619 210.754501
-261.744690 -834.192017 308.011597
-467.401093 -826.917175 264.380707
358.852905 693.870117 202.670807
321.364105 627.195313 264.254395
-62.984100 848.460815 54.779800
6.875300 863.671326 18.762100
-96.397301 898.040588 23.169001
-176.846100 946.581177 15.857700
-148.977005 868.979980 47.358799
-24.336300 -1045.614014 437.536896
-89.897697 -1336.489990 476.310699
-143.563202 -1386.722046 490.946991
-125.733299 -1431.036011 506.498993
-168.252304 -1516.086060 515.027222
240.938004 1402.105957 132.126297
330.831207 1402.055054 159.006805
291.064514 1395.836060 138.781799
81.316498 1460.687012 71.155602
16.034100 -775.459412 1123.965942
85.592598 -784.748291 1089.250977
70.563301 -732.455383 1150.457031
-18.942101 -761.424316 1118.130981
-71.091904 -798.865173 1120.937012
-128.144501 -258.546997 476.642090
-21.395300 -138.970993 521.251221
475.150208 1264.673950 261.446686
496.343414 1271.751953 290.204803
-215.013000 1339.310059 51.844700
-207.637497 1382.428955 42.112301
-247.285904 1437.047974 40.558300
-218.186203 1364.833984 38.596100
-258.920990 1362.274048 24.912901
44.387600 -697.220215 422.527405
107.490402 -716.416504 436.517792
26.200199 -897.981689 464.584503
-549.205994 -273.247314 378.370514
-522.417419 -332.299988 374.706787
-555.945313 -360.506409 358.829102
-516.391785 -369.791199 370.647614
-535.418518 -429.334198 398.988403
-338.548309 576.733215 796.017395
-316.735687 592.854675 712.454773
-426.786591 589.997314 720.025818
-261.530212 588.754517 733.248413
-327.869293 -471.262299 419.981995
-689.866882 -2349.887939 159.739807
-687.828613 -2306.937988 44.482498
-199.257095 -580.199829 449.900604
-339.153107 -523.754517 446.095612
-147.594299 113.925903 1133.286987
5.068300 169.562698 1072.281982
23.695101 55.423199 1073.279053
1.307200 -1085.447021 103.525299
-18.139900 -1152.508057 182.366898
21.294901 -1130.255981 151.325500
-362.833313 201.917099 495.857086
-267.628296 187.706207 515.725708
-285.314087 183.882507 528.716980
-221.271805 182.059799 542.009094
-197.110397 149.392197 490.836212
-108.201797 158.843399 499.282196
239.883408 227.446304 5.466200
255.630997 254.121994 30.067200
385.506409 178.450104 44.221500
126.097801 289.073700 18.105301
34.099098 -1179.041992 903.705322
86.095299 -1284.776001 785.758728
43.944401 -1263.478027 886.920227
-429.336212 178.619293 261.289490
-448.896606 91.534103 288.536194
-486.866394 112.241203 262.999908
-441.789886 219.269806 238.462204
-408.881500 322.883514 196.819305
200.817307 -443.778595 384.536194
166.739899 -247.988693 446.932800
234.926804 -288.964691 401.151489
-245.199295 -2358.240967 198.158997
1.961300 205.215103 469.713501
149.631805 292.990692 445.374207
-807.177124 -1225.691040 405.591614
-883.237915 -1421.305054 435.042389
-188.374695 -599.602722 341.194305
-413.907593 -441.788696 321.801300
-283.913788 -490.603210 326.551910
174.689697 -315.093506 318.357910
115.883400 -308.885712 341.230499
77.721703 -325.561188 308.746704
126.377701 -231.264008 295.041504
39.206501 -160.057007 569.228394
80.676003 -247.207397 680.721497
-163.875793 352.862213 609.353577
-303.106506 431.210205 604.900024
-521.983215 -998.834412 68.873398
-531.885071 -1009.145020 44.799801
-637.109985 -985.489380 49.984699
-710.572205 -930.959717 36.335701
-680.782227 -978.261902 37.213501
194.869202 1272.855957 31.253000
195.815308 1352.842041 110.679802
-426.393005 -149.792099 493.949402
-6.318000 -1358.451050 914.070679
-93.204300 -1328.842041 956.197815
-203.562805 -1813.171021 568.830322
-185.369797 -1775.395996 566.125305
-154.692001 -1811.923950 564.010376
-280.606293 -1909.796021 559.806274
-252.198700 -1932.019043 547.341125
-312.513214 -1929.282959 571.271423
15.501200 1431.459961 73.042900
13.154900 1483.588013 62.692402
-39.957500 1454.626953 38.372700
-449.169312 -546.220215 705.528381
-440.087891 -457.833008 685.784729
-475.544403 -525.774170 715.796082
-371.728790 -640.470215 809.896912
-412.190887 -524.371887 737.058289
-460.211212 -636.344116 732.499512
-275.634399 -701.613586 326.535889
-51.357800 -677.058289 327.472992
-170.516403 -723.023499 332.104095
-68.698303 -1028.834961 282.627991
-124.033401 -1116.728027 259.940887
-230.935104 -1080.375000 222.680206
-185.823502 -1185.146973 247.699799
89.472504 -1344.496948 714.937988
116.771797 -1352.823975 689.510498
128.598999 -1436.875000 706.929810
114.265404 -1297.322998 685.431580
85.709702 -1288.022949 704.028992
-145.876602 899.714783 22.355700
-213.938904 856.697327 30.933800
-216.231293 907.237976 55.665901
-249.401199 802.135376 64.667397
-258.559601 871.200623 61.930901
70.061699 -1518.620972 679.376221
-14.564300 -1544.334961 778.686401
10.788600 -1532.524048 753.733215
15.703600 -1559.760010 743.747620
217.100494 -345.041412 354.380096
211.677094 -299.028900 362.232300
-477.800415 486.247711 639.961914
-483.664093 422.319305 680.053223
-514.648315 476.935791 672.995483
-454.815796 528.089600 631.425903
-515.463318 514.608215 653.833130
-477.242706 590.198975 626.734680
178.102493 407.199585 918.883118
286.332703 456.039795 891.217224
305.294708 533.043091 849.979675
274.330902 508.024292 870.910217
-929.129517 -1610.824951 450.556000
-879.343689 -1622.775024 404.151398
-769.911621 -1261.520020 321.895294
-811.336487 -1422.229004 336.334106
-0.853600 171.999405 512.617371
-71.535500 184.697800 477.313599
35.929501 234.180206 482.547913
67.689796 291.893799 465.358307
-881.476685 -2270.899902 52.401402
-960.287903 -2300.577881 123.457001
-1049.634033 -2218.564941 143.895096
-115.167099 -254.957397 482.895508
-35.742500 -459.670898 408.597992
-1040.098022 -2099.143066 120.008400
-1010.039978 -2096.063965 133.521698
-1034.541992 -2168.368896 129.778595
-941.259705 -1870.863037 125.583801
-921.958618 -1839.029053 115.788300
-980.802673 -1943.875977 120.864197
-641.000977 -1374.310059 949.721985
-581.740723 -1394.714966 867.615601
-486.926514 -1412.838013 906.417908
-589.253174 -1391.249023 932.738220
-782.815491 -1303.074951 170.602905
-782.184509 -1224.116943 110.689499
-824.218628 -1447.530029 128.476395
-616.657471 -680.862671 105.119102
-630.377808 -635.680725 95.210098
-565.270081 -414.393402 103.462402
-557.051575 -460.265198 112.036102
-596.214478 -520.416382 107.143898
76.317200 -551.161377 353.515594
89.059303 -506.757294 321.351593
125.846199 -539.150818 319.803986
-58.030800 -533.940613 385.153412
-160.275101 -518.721680 408.243591
461.372009 490.578308 134.922501
431.609589 427.559814 120.243599
117.565300 -1033.206055 645.673218
74.370903 -1135.920044 616.135376
-436.344513 -2123.629883 370.181305
-441.886108 -2257.951904 344.442108
-356.325897 -2199.534912 332.970886
-514.184021 -113.966202 82.122597
-466.860107 33.317001 76.275200
-481.432007 -44.678902 82.141602
-542.849976 -228.622803 86.138100
-444.397705 -1413.415039 900.476013
-521.998474 -1411.400024 926.247620
-525.737488 -1447.795044 943.110291
-596.407227 -1438.770996 951.517395
-501.983887 199.876007 749.357605
-508.203186 237.354904 714.955078
-486.631195 268.053986 727.204773
310.358093 -496.340302 492.071014
332.192413 -423.145294 458.245911
298.311096 -414.038208 470.590210
326.040192 -289.478210 474.474396
334.770905 -365.328308 434.393005
335.600311 -300.457794 408.806610
291.946899 -327.546509 156.485397
232.071793 -542.779419 160.382904
260.732910 -411.584106 152.179306
151.740494 -697.177979 173.805801
200.736206 -641.014526 166.660095
166.546707 -790.242371 173.858200
-50.342400 -1396.855957 193.232193
-279.567200 -1863.880005 324.112915
-250.253693 786.827209 67.739799
-223.542892 860.620117 51.422199
-266.209015 805.004089 91.177399
-295.959900 695.028870 90.970703
-346.626312 633.143677 94.954201
-398.423401 708.516296 303.598114
-414.296204 699.216125 401.408386
-364.711700 804.040588 337.101807
-844.177612 -1756.120972 577.355774
-714.088684 -1758.171021 615.031982
-743.317871 -1805.366943 545.414124
-633.551880 -614.906372 895.726624
-653.962585 -676.792786 910.052917
-686.768982 -652.330322 893.600220
-682.781677 -719.025879 874.723694
-647.629272 -733.097412 924.975403
-747.079773 -664.791687 278.090912
-771.150879 -734.913025 295.664307
-745.493286 -793.826721 298.209686
-0.232200 -877.025085 305.377686
31.396999 -710.796692 308.288910
-23.002600 561.049377 781.133789
-17.319401 514.842224 732.078125
-175.898193 543.270020 693.058228
-48.446999 501.304901 710.571716
-191.557999 476.596497 650.917480
316.158813 1367.208984 183.684799
389.297394 1368.812988 296.348999
381.144287 736.001770 44.743999
411.127594 639.288330 4.219100
268.957092 -625.384888 515.341187
231.272400 -682.172180 553.925720
185.220993 -774.514526 583.082275
-343.009888 -2458.406982 174.170197
-262.710999 -2407.617920 189.550003
-288.866089 -2522.261963 156.225800
-357.535889 -2497.179932 190.798096
-453.479401 -2467.530029 197.710907
-415.053497 -2445.800049 190.799606
-319.702911 -1485.912964 855.942871
-179.206207 -1483.187012 834.229919
-386.817902 -1472.875977 874.251282
-303.091492 -1474.312988 868.610474
305.210785 -430.605286 468.482513
-198.753296 -285.175507 694.261780
-214.065201 -1077.461060 78.281898
-118.316803 -1089.300049 80.953598
-193.873306 -1104.531982 61.358299
-241.066895 -1046.862061 52.874599
-141.410797 -1074.410034 85.197197
-128.607803 -712.343384 923.628784
-49.382599 -715.918030 959.216980
217.431793 176.472107 459.096008
212.282593 -30.699200 473.944794
272.753998 -150.838898 380.307007
291.720490 -77.611198 370.381897
283.717194 -194.112793 361.670685
254.625397 -154.094406 380.663208
-42.924500 145.497192 585.785828
-134.840897 125.195900 559.075317
-123.515701 126.240196 574.165894
-216.781097 136.438293 543.600830
64.853302 -131.709198 539.441528
235.676895 -206.787506 451.300507
157.481201 -152.677795 517.119385
-387.047913 315.586212 47.950401
-373.232910 362.436188 27.104799
-409.704193 347.358002 32.717899
-440.122009 202.072998 75.953903
-404.881805 270.496185 57.184700
-427.142487 305.435089 64.303596
185.481293 1204.739990 5.481600
-4.758700 910.002686 41.133099
90.631798 853.640991 82.952599
-157.330704 1233.140015 6.050000
-223.835999 1212.235962 93.986801
270.207794 -350.127808 165.485397
247.139999 -449.590515 176.373001
343.581787 -151.175903 141.334106
300.107788 -269.567993 165.973495
-607.224976 -431.302307 866.575500
-574.211182 -326.620514 870.784607
-545.915710 -289.270508 853.447998
-126.138496 -1499.307007 502.329498
-149.608093 -1609.910034 521.765381
-159.192200 -1728.562012 540.790222
-539.478271 -1004.724976 839.345215
-598.559875 -1146.097046 883.950623
-590.650085 -1149.878052 866.888794
-650.430725 -1188.144043 910.273926
98.089104 -907.431030 829.762085
119.404602 -986.642273 769.295715
107.263100 -1133.961060 674.340515
-509.804291 -85.648399 335.478790
-546.290588 -147.938400 351.233704
-518.845886 -47.034401 302.192505
-496.208801 4.109500 302.419403
-473.425598 35.943501 287.716309
-739.723816 -866.864929 353.302094
-776.081177 -1127.515991 467.079987
84.326302 -627.914124 1024.688965
-531.254517 -903.761719 802.038208
-510.877594 -810.342712 768.705872
-560.393494 -1008.953979 823.593323
-93.731300 -789.338379 1124.723022
-174.345795 -776.149780 1100.443970
-267.303802 -767.846985 1051.883057
549.012512 675.311218 17.893600
529.918274 683.072083 39.960800
-318.983185 453.991791 14.969200
-193.607300 436.389496 17.440901
-206.343002 432.265198 7.359400
-145.733002 -1875.587036 178.395905
-191.621704 -2068.596924 163.510406
-209.591797 -1994.516968 176.785004
-256.656494 -2316.879883 197.043106
-248.967896 -2256.386963 160.840607
-236.678696 -2337.392090 175.314407
-608.085083 -1790.728027 611.997620
-615.132507 -1843.489014 533.195313
-524.489929 -1862.616943 551.260620
-637.275818 -438.540802 196.424393
-664.884888 -461.787415 216.640198
-253.516800 373.657410 3.625600
-98.383797 345.606293 6.205300
-316.565613 451.072205 3.476400
-287.821014 389.813110 16.644600
21.615200 -889.346375 26.194300
61.788700 -728.713196 14.484600
91.480003 -762.389709 42.147800
105.884003 -281.597687 1014.604004
83.551399 -348.944000 1037.890015
146.615097 -674.960815 1111.203003
127.823700 -717.457092 1072.052002
109.094704 -695.072815 1118.844971
47.883099 -804.429321 1099.125000
-18.497299 -814.163086 1112.573975
-453.654785 -979.677490 38.891300
-570.259094 -940.087219 30.054100
-535.190002 -910.012207 3.334100
122.715202 132.717194 565.216125
43.894001 106.441299 593.596191
146.999207 176.749802 577.416321
136.728302 159.109894 521.086975
194.245804 209.560303 594.325989
-219.281799 1176.347046 314.437012
-199.234802 1153.453003 378.842590
-243.811203 1166.271973 116.804497
-240.049393 1173.204956 234.304092
-570.794373 -2357.892090 233.833801
-367.520111 -2491.288086 204.950302
-814.626404 -2339.075928 145.040100
-578.145325 -2418.847900 181.668900
-631.715820 -2394.681885 173.336807
-330.945587 -2071.906006 329.396088
-275.763885 -2109.934082 261.347504
-257.859314 -1499.532959 853.893921
-183.908295 -1531.105957 831.520813
-87.324898 -1564.754028 803.801086
-698.508728 -1270.515015 7.263800
-760.632385 -1307.274048 47.444099
-230.343903 -467.652008 1219.595947
-269.713287 -292.785309 1205.717041
-344.208191 -387.393890 1190.579956
-372.095093 622.080872 643.458313
-388.945404 584.757629 672.646912
-359.145691 801.564270 271.208801
-322.523987 895.830627 236.689804
-378.084290 838.958313 241.756897
-325.064392 982.858276 197.049393
-301.324310 1038.942017 169.061798
-1009.833008 -2314.960938 154.744507
-995.526917 -2283.502930 158.871597
-1062.567017 -2273.916992 136.582397
-946.557007 -2361.913086 151.162003
-923.458618 -2320.530029 152.904495
-279.286285 -1736.885010 663.431702
-362.615997 -1697.319946 695.231079
-675.737671 -1280.552979 956.223816
-709.085205 -1345.793945 925.067383
-598.916809 -1164.947998 917.222717
229.642105 543.544312 820.362305
87.393799 795.423096 623.376221
-5.919200 703.129517 672.347717
45.092899 -1190.177002 98.514397
8.894200 -1228.107056 84.195900
42.056900 -1218.500977 128.940506
73.003899 -1137.942993 82.781998
-162.719406 -99.096001 577.327271
-129.292206 -108.600304 620.516418
-279.809998 -51.779701 530.674683
-248.091507 -85.264603 565.313904
-766.210876 -2018.436035 353.303009
-823.029419 -1938.025024 315.331299
-855.210815 -2108.864990 312.054688
-914.853394 -2040.229004 255.337601
-38.155300 -847.773193 439.005798
-462.123413 192.172195 58.732601
-454.242188 279.451691 62.646999
-496.492889 -64.815399 93.013199
-463.523010 19.892799 101.462601
-751.079529 -985.546082 58.305000
-726.261719 -918.769714 46.046902
-689.580017 -982.156921 68.280998
-652.900024 -942.037415 35.363499
-867.726379 -1410.430054 410.143494
-839.448486 -1292.140991 393.394287
-854.570679 -1322.661987 401.217712
-866.721924 -1369.255981 407.315399
140.164703 106.557899 849.532410
-507.524414 186.631805 482.760498
-557.707825 249.304794 444.176392
-583.543823 232.871201 432.412811
-470.088989 220.663895 473.114685
-422.223785 -757.027588 1014.966003
-457.763397 -729.414795 996.127075
-513.887512 -781.281616 986.975708
-384.635193 -777.765198 1004.635986
-690.296326 -851.671387 107.188103
-672.195374 -799.964722 107.166901
-120.300400 -1354.390991 477.451904
-115.774597 -1435.781982 492.821808
-94.834999 70.752098 513.186707
146.311096 309.853699 47.189400
428.032196 233.236206 45.687000
368.212097 268.015808 39.119099
-547.642273 396.968597 384.646790
-483.982910 587.243713 305.891815
-504.527313 532.472229 330.849701
-465.494812 568.779114 344.401306
67.454597 -640.632690 351.962189
115.185997 -587.698486 315.328796
72.215401 -770.237915 401.128998
68.866898 -712.150879 383.759003
400.033386 243.755402 277.646515
385.840912 295.445007 250.659805
436.726288 363.189697 228.709503
-534.144897 -541.626770 235.044693
382.153595 1074.008057 357.904694
418.816101 1108.348022 366.219299
368.683289 995.966125 391.171112
353.758789 69.705704 316.268188
326.839813 8.249700 328.385986
302.272400 -73.346497 350.158691
-99.141403 1480.279053 15.448600
-135.533401 1443.061035 17.233101
-172.653503 1478.457031 30.705200
-217.580704 1418.083008 28.185200
268.057312 798.373474 461.615814
247.760406 757.843201 481.651611
163.099396 748.303589 587.653381
-473.110291 570.192078 692.086121
-487.823792 523.851929 708.362610
191.737595 845.814209 21.487000
-42.466599 925.806091 19.051100
78.202202 892.297974 17.790100
208.189194 341.444611 589.442871
201.379196 483.452606 590.107971
229.122604 505.139893 575.994873
225.801804 451.330902 590.137207
-719.656677 -1567.927979 298.306213
-418.960297 -1523.295044 298.021606
-726.974915 -1715.035034 335.893494
-774.255371 -1588.967041 308.536407
390.164398 -54.343102 132.050598
408.748413 62.489399 112.562798
383.406586 36.038399 119.387497
-143.913300 -1307.706055 570.031128
-453.852692 -279.643402 658.602600
-465.201111 -389.095001 654.580017
-582.428589 -1610.265991 703.412476
-457.148804 -1723.927979 694.457886
-876.182922 -1802.301025 200.559296
-870.449524 -1640.010986 113.187401
-935.008789 -1773.770996 114.811203
-590.433411 -388.083588 376.076385
-607.030273 -426.637512 372.243591
-583.366821 -427.765686 406.215393
-592.500977 -305.158112 360.596588
-228.123199 -119.908501 538.353027
-298.040710 -123.166298 530.051575
-300.713409 943.741699 206.542603
-338.985199 859.108276 238.469498
-344.124390 882.114014 208.506699
-281.412201 858.428284 163.995499
-293.047089 746.749207 174.110794
-329.297913 783.572815 218.558899
-65.141098 606.327698 774.624512
-82.431602 568.357422 788.267090
-38.177299 574.029724 789.172791
169.760895 386.070709 16.803900
-145.126999 399.490509 38.326801
65.731003 1419.458008 92.428001
41.599098 -331.250488 1100.355957
91.926201 -272.755402 1028.005005
91.369598 -173.887802 1000.318970
-1.407900 -189.158096 1117.109009
301.170685 886.113220 416.758514
-461.466705 -986.505310 65.973099
-557.519714 -966.637878 66.695000
-392.140106 -1039.527954 80.541702
-329.184509 -1022.955017 53.923901
-416.410706 -1001.895020 74.466003
-190.402802 -1696.493042 18.231600
80.000397 -1490.906982 775.624512
91.514099 -1418.420044 743.435120
71.570198 -1516.182007 718.372009
50.578999 -1540.951050 685.108276
-713.839600 -944.595886 63.682800
-735.802307 -865.476013 87.906303
-210.373703 -1895.099976 551.668579
-199.291199 -1835.641968 577.491882
-224.105103 -1864.657959 607.886230
-194.108307 -1868.150024 563.061279
-252.699203 -1884.510010 566.744324
-265.179596 -522.900085 358.028503
-247.718399 -486.939789 351.538513
-187.360306 -492.046692 347.510986
-153.286194 -545.742615 355.631714
-514.986389 -750.742126 973.281982
-578.620972 -729.065186 953.947083
-625.328125 -774.829285 947.786072
-665.627380 -765.604492 928.524719
309.041412 -253.641296 455.566895
246.693405 -178.739594 444.830811
278.880493 -242.271698 430.457306
0.957700 -1140.979980 181.761505
-70.663200 -1119.006958 183.957504
-41.601601 -1151.161011 213.130600
-80.452003 -1049.193970 264.438904
-48.924599 -1096.567993 236.578903
-718.236023 -1827.755981 507.824799
-645.003723 -1879.069946 521.070679
-382.995209 -370.144196 692.453003
-366.529388 -496.872711 755.393677
-299.348694 -389.306305 729.330078
374.131500 134.588303 39.810902
365.716309 47.437801 77.044701
324.903809 154.705994 12.643900
-486.803192 -588.695374 705.654724
-452.671906 -483.646393 688.880615
-474.649811 -465.017395 678.622314
-993.463318 -1666.708984 452.637390
-972.407227 -1602.655029 429.859314
-951.940979 -1661.265015 449.970886
-302.046204 704.448425 62.710899
-293.807190 608.097473 90.530502
-358.175812 456.876587 151.445404
-425.224304 62.239799 689.102783
-352.977295 -3.673400 640.909485
-426.479095 -10.622600 711.221619
-497.432312 27.032301 783.839783
-538.740417 -8.816800 772.697571
-489.020905 86.292999 768.012390
-232.081299 502.957794 645.650696
532.848083 704.434570 8.678800
473.236298 748.349609 23.939600
317.881989 808.427673 32.932098
372.748688 748.815979 50.087700
421.352905 774.086426 46.525101
333.167511 989.980530 140.955597
32.797600 557.388977 860.375305
-769.593994 -1436.650024 624.054688
-696.331970 -1491.683960 676.929626
-771.432373 -1854.561035 515.280273
-842.195923 -1814.845947 491.781891
-775.648987 -1820.738037 504.953796
363.545990 1032.358032 365.455688
-72.788002 -1137.734985 339.437012
-34.490700 -1047.145020 385.837402
24.029900 770.790771 128.633102
-119.097198 797.932190 102.050003
-34.469002 850.161011 72.972198
-827.507813 -1475.818970 117.178101
-800.796509 -1553.802002 39.487999
-556.883972 371.769012 378.984802
-265.330597 422.352814 279.062408
-296.914307 498.865601 234.843903
-420.062195 694.184570 274.744690
-107.150398 -506.281006 354.717987
5.880000 -582.033020 346.774902
27.040899 -612.639526 379.022614
-425.609192 0.125500 574.541870
-385.837006 -66.794998 571.218201
-450.740906 -105.018898 608.197205
-376.038513 -71.103401 563.986572
247.637497 589.664978 535.848328
-49.031799 -668.965576 898.032104
-55.470501 -933.744873 954.139526
60.325802 -410.452911 773.124878
-79.072098 -500.217194 346.075012
-82.570099 -473.490601 356.188812
-176.145096 -474.403809 357.774292
-217.479401 -478.760010 332.395813
190.100494 207.576797 573.186829
131.642700 169.833694 523.855103
208.145203 259.606812 601.016907
-222.858093 -1266.572021 571.623474
-146.493103 -1131.125977 511.216614
-76.934196 -1499.475952 119.136497
-823.772827 -1185.498047 94.070000
-763.950378 -1125.442017 89.003304
-787.401978 -1204.461060 99.107300
-590.663879 -185.999405 357.646790
-561.555420 -237.853302 371.439514
-606.849670 -254.811295 338.083710
-499.123596 -118.987297 347.626312
-537.021179 -158.113403 340.048187
-420.286987 -477.144501 321.647797
-494.287994 -427.165710 302.016998
-578.708130 -463.720093 261.680115
-263.226715 1155.874023 99.707901
-231.719193 1167.255005 107.915298
87.300003 -99.303802 990.979797
125.359100 -75.060204 989.525330
100.588097 -37.804600 973.141724
113.667198 -155.188904 1009.690002
-521.916504 -463.216309 420.016815
-590.568787 -430.534607 380.873901
-413.730713 -480.548798 438.250305
-469.201599 -420.277191 404.672089
-529.033081 234.172501 436.776886
-606.500305 236.797607 406.599915
-599.308411 284.853210 403.752899
-621.549011 291.015686 393.767395
-561.349304 296.798187 427.727814
-861.232117 -1463.942993 117.494797
-259.486389 -183.936493 512.724304
-53.639900 -417.342712 417.308105
-154.261002 -515.143372 411.457397
-58.740398 -519.975220 392.384186
60.419601 4.364500 693.845825
102.293098 -12.831600 780.797974
-440.474487 -483.039093 556.043396
-170.617996 196.296204 187.994095
-77.645699 64.002098 246.653198
101.642502 -523.489075 1097.839966
108.380798 -436.689697 1075.047974
77.338402 -400.427399 1064.614014
-448.103607 -897.301086 883.561829
-519.851379 -962.284912 831.604370
-450.639008 -1005.559998 941.151917
-396.669098 190.350906 515.996399
-346.563110 156.637695 509.702515
-255.505905 156.426300 548.739807
-179.478394 -1466.068970 524.757996
-207.179504 -1381.692993 579.568787
-157.152802 -1119.489014 195.779800
-57.202801 -1115.411011 168.914307
-8.524500 -746.981079 1158.828003
-604.308777 -562.187683 899.076172
-653.725281 -548.519226 877.288330
-612.598999 -498.904602 882.903381
-565.405518 -425.905212 875.693481
-456.715088 87.302002 976.385986
-503.151886 -105.731598 946.322998
-499.050812 5.782900 878.204407
-816.740601 -1173.029053 380.705597
-816.112610 -1086.443970 355.800110
-797.263794 -1106.696045 358.116211
163.816696 -759.241882 189.156799
-299.757202 -2003.779053 10.257200
-168.451706 340.340790 99.554604
196.420303 465.424988 433.497192
-238.689102 -1461.344971 717.951172
-445.214386 -644.597229 1100.735962
-416.896210 -706.604370 1040.956055
58.841900 -1069.734985 876.535828
232.062607 359.716797 925.109375
209.454300 374.966888 905.848083
156.824707 195.005997 924.216980
176.606400 278.500092 905.609375
-507.160614 -100.451599 826.454712
-511.925415 -169.970505 849.494812
-540.770081 -110.612602 811.863586
-667.545715 -880.008118 234.315399
89.924004 872.367615 4.300000
-164.800400 835.635498 7.723800
-106.269600 876.572083 31.073099
-664.073608 -716.771606 894.587219
-629.356506 -720.602173 930.648499
-657.278625 -781.651123 917.157471
-279.283295 414.200195 19.407700
-427.336487 359.746307 41.679298
-395.429199 434.327087 50.363400
164.404602 -861.458923 605.639099
211.901306 -772.272705 577.702820
-312.900513 638.714722 707.245728
-559.313171 -1023.072021 95.676102
-566.479492 -978.005188 103.552101
-481.426514 -990.565002 123.123199
-825.773315 -2348.631104 159.299393
-732.879272 -2360.114014 161.830200
-685.225891 -2387.654053 155.964600
-821.011475 -2336.778076 180.778397
441.593689 1358.774048 224.396393
509.427704 1365.267944 195.018097
364.657898 1372.899048 195.496902
73.417801 571.751221 807.796082
9.315400 602.305786 790.476318
-553.430420 -336.973785 118.101196
-521.402222 -307.555908 114.013000
-276.936188 -2.385000 1151.777954
-203.535797 185.263702 1111.567017
280.137390 -473.786987 473.343597
261.391296 -534.849121 496.801910
218.889206 -564.983215 461.556213
-358.701202 -1159.629028 1025.339966
-416.370789 -1121.827026 1010.583008
97.610901 -1008.630981 191.273697
60.668301 -1069.066040 175.169800
108.370300 -1076.097046 165.511093
85.619102 -1112.683960 170.422195
-378.732513 345.388397 205.808105
-345.717987 439.173187 170.619003
-387.128296 482.859894 144.733398
-268.772797 146.002502 529.429871
-507.857605 347.621185 704.298889
-495.801208 248.747101 704.318726
-533.493774 317.682495 700.808289
-511.026001 409.757202 667.029785
-520.884827 386.946808 685.228821
-991.470703 -1756.968994 462.315002
-1003.263977 -1827.214966 437.106812
-994.276001 -1796.298950 466.784393
-966.114380 -1771.839966 493.546997
-475.357605 -474.730286 441.285004
-386.455292 -471.149994 451.309692
-451.115814 -439.385590 423.011505
-384.467590 -443.856995 428.247192
241.704895 437.402893 889.054993
-856.781799 -1930.510986 12.609100
-939.970886 -2023.162964 89.210503
-898.988586 -1947.149048 48.539299
166.365997 -241.333893 353.322815
-182.864197 -1138.827026 219.752808
-287.285614 -1609.926025 329.043396
-279.997009 -1110.457031 211.676697
16.139700 -1124.923950 115.208801
-17.816799 -1105.887939 81.088799
-144.976700 -1111.461060 161.757095
-934.853882 -1779.102051 439.648590
-865.353577 -1806.661987 441.566101
-815.544617 -1781.272949 389.655914
-518.005920 -381.359711 806.949829
301.998199 -323.308411 533.187988
282.206085 -452.163513 526.425476
-296.392792 -1964.276001 561.810486
-416.852814 -1898.416992 570.232788
-189.853607 899.793579 44.212601
-179.208694 938.171570 9.081100
-173.404999 -1526.682007 845.304016
-104.583702 -1554.718994 822.792908
-30.289600 -1546.895996 789.311890
-474.225403 311.339600 709.695618
-1010.098022 -2305.050049 147.186493
-1047.542969 -2333.217041 140.418304
-1053.019043 -2244.032959 133.500000
-658.806824 -979.448120 96.325996
-559.096985 -963.463928 36.684101
92.365303 -950.038818 555.470520
144.451294 -922.513611 616.930176
93.121803 -1026.290039 584.233887
156.960907 -997.216919 615.778809
-195.644806 -839.777771 482.913208
-145.052704 -1082.260986 506.833313
-77.447197 -977.106323 472.317596
87.148903 -484.551514 989.307129
47.733398 -578.551819 922.842224
-667.488220 -1333.062012 951.173828
-680.978821 -1415.130005 953.498779
-298.263794 -26.925900 248.320801
121.930099 -593.697998 340.956787
161.132599 -555.966187 313.114502
119.561897 -521.483887 376.592285
167.345703 -530.643188 322.237610
193.845993 -486.769592 319.151794
122.653801 -1232.421021 672.237427
89.693001 -1265.775024 715.170288
73.206902 -1236.206055 830.856323
-749.091370 -698.872925 307.706085
-762.801697 -796.311523 322.253601
277.619812 1230.333008 48.073002
-311.157013 -726.845825 895.400330
454.841309 1346.913940 221.217896
52.947201 -1542.383057 761.103027
15.278800 -1552.703979 769.806885
45.336498 -1529.770020 704.119629
-7.499500 -1534.340942 671.425476
0.439900 -1584.594971 723.356628
-163.463394 999.038818 62.481899
-118.389999 1049.735962 19.968201
-41.911598 975.799683 21.178600
427.786499 392.072693 206.080307
518.163818 495.078491 144.774307
524.953308 538.604919 120.649902
497.091888 533.072510 139.673401
140.557495 38.058701 966.317078
112.035103 34.232101 962.295471
-202.991898 640.411621 175.595398
-673.778687 -1290.160034 248.376602
104.941399 -595.863892 1121.725952
151.882996 -629.933472 1119.558960
134.292297 -557.891296 1090.623047
-421.154694 -63.999401 600.031982
-436.150696 -140.790802 614.925781
321.234589 -248.635895 148.661499
285.131012 -238.169205 144.935501
-374.683411 -10.588800 473.847504
-499.706085 -189.389694 462.410004
81.198601 204.332504 512.868713
23.990900 149.751205 552.888428
-64.106903 1444.295044 32.513500
-36.986301 1486.852051 14.164000
11.977900 1454.261963 54.369999
-410.928986 -1425.338013 878.163025
-470.671509 -1457.310059 915.344116
-486.638885 -2440.284912 196.618103
-126.434303 1458.431030 26.558800
-199.646606 1473.630981 45.515900
-154.652603 1430.379028 59.259899
299.529694 -10.188100 353.552094
114.972000 -598.359680 1117.928955
91.100700 -552.048401 1096.177979
99.814796 -638.862488 1122.557007
-543.942017 -2299.936035 23.576799
-354.297607 -1021.335999 127.133499
-506.085114 -974.653320 98.333504
-804.619385 -1397.015991 561.849121
-828.666687 -1535.406006 598.549194
237.486099 -389.424011 163.222504
182.312302 -585.384583 173.819794
-960.635620 -1952.927002 138.103302
-905.414673 -1848.692993 131.337906
-945.279419 -1983.850952 138.804306
-435.212708 -770.964600 998.418884
-403.127289 -748.186829 988.251587
-558.944519 -791.285278 962.382080
-506.680206 -745.027283 966.556580
-253.649597 -2194.305908 183.268997
-277.159302 -2178.309082 108.511597
-242.381104 -2121.600098 179.727097
-232.511703 -2174.886963 173.768906
-192.988403 -1327.499023 978.242126
-149.740997 -1452.047974 883.063477
-209.198807 -1243.801025 1006.840027
32.273499 -646.966614 356.811401
-1075.369019 -2200.136963 126.687202
-600.984985 -1198.534058 908.038879
-574.771423 -1210.365967 851.116516
-288.560394 83.647903 594.872070
-336.238403 84.871696 614.755981
-392.957703 -494.745789 386.670502
-496.984589 287.134613 351.144806
45.914501 331.148193 46.778099
347.809113 253.650696 73.425797
-545.021484 -330.052704 99.518402
-594.346802 -427.999512 92.681099
-568.000122 -408.115112 116.778297
37.211800 -1424.977051 687.959290
281.268311 65.533401 220.659607
-161.076599 -1812.355957 176.189804
-192.152206 1524.036011 29.733200
-142.854904 1521.562012 20.031000
-535.528503 594.731323 647.751282
-552.215210 526.290894 659.188416
-539.375671 639.600220 613.010376
-525.387695 565.754272 638.647583
-62.219299 -1123.598999 429.909210
536.101196 1328.232056 238.293198
572.907776 1322.703979 267.053101
545.593811 1259.854004 301.512604
-189.390198 -1657.374023 538.963684
-507.789398 447.832489 383.729889
-478.792114 516.724915 359.463013
246.339798 405.046509 898.952515
261.180511 490.620087 853.413513
250.197006 636.016113 531.061279
246.473694 696.428223 504.524811
-48.271000 39.512199 260.144501
-98.030800 199.338303 491.408905
-17.141701 253.539703 496.451508
-877.560974 -1793.321045 525.481506
54.343800 -701.532410 1106.467041
53.053799 -749.853027 1119.129028
-629.251770 -1198.213013 654.367920
-632.561523 -1002.502991 601.048096
-468.471191 -282.432007 755.594421
-620.909973 -365.272186 321.922485
-625.938721 -314.040009 358.634491
-132.435806 166.488693 562.237610
-168.895996 243.156097 583.721497
-122.315201 193.616394 591.351990
-141.486801 374.489807 632.366394
-396.526703 297.844208 43.328701
-444.133911 173.602097 59.779800
-390.702789 393.237915 35.912399
-411.819214 372.802307 21.211399
217.756104 -218.957397 455.700287
154.930695 -198.907303 488.396088
-572.181824 -997.692505 35.703300
133.892593 1393.618042 108.282097
204.787003 1387.833984 108.446800
211.179596 1364.126953 142.122406
-673.696289 -522.984314 224.634705
-618.531311 -495.161499 247.615997
-407.811401 250.087997 53.130199
-418.749512 178.244293 56.343700
191.635101 343.060394 888.810913
187.826706 383.127014 759.410217
490.753296 1230.453979 304.474487
412.665497 1313.207031 356.645386
443.579407 1205.776978 314.590393
-304.970306 778.899780 85.152397
-25.708000 -577.315491 397.410797
-9.622400 -583.677673 380.230896
-371.793396 532.997070 252.979202
-408.503815 617.124084 297.487610
-362.499115 638.700684 270.138611
-978.569885 -2082.102051 149.743698
-1035.581055 -2120.945068 135.465393
-920.881226 -1549.796021 435.615387
-934.096130 -1571.035034 463.533508
67.739899 285.536102 2.844800
-461.390106 -1855.698975 599.469971
-714.255981 -599.735474 274.812714
-718.201477 -540.576721 258.263092
-742.475525 -516.726624 261.538086
-694.070679 -481.790588 233.669098
-721.385071 -418.569489 190.414597
-462.826508 27.021700 308.168915
-464.189606 -37.937801 278.328400
-224.655106 -725.267883 1068.171021
-260.685089 -38.251701 545.426025
-165.340195 -50.852299 562.572388
-376.631714 331.430603 201.922302
-374.624115 536.553223 612.741882
-436.648987 -1041.915039 124.987900
-346.916290 -1054.074951 158.044006
-633.691284 -576.743286 95.337502
-616.109192 -572.602478 90.888901
175.324493 308.496796 607.988708
162.746399 248.105606 612.638977
21.700701 -788.578125 334.720703
267.890686 -300.360413 411.638214
-53.616402 -461.043396 1206.905029
-496.990112 -590.519775 725.664185
-489.467194 -477.394196 695.462708
-686.572998 -909.807678 129.341507
-669.736084 -867.981628 156.476303
-635.789673 -751.864685 127.952599
239.044403 -413.500397 321.925507
209.176102 -464.323486 307.870087
247.158905 -307.734985 339.152191
231.551300 -360.768311 329.751404
206.551407 -342.580811 348.061615
-707.791199 -1113.711060 266.120087
248.618301 -564.589294 517.854309
276.381897 -568.091492 499.237305
271.948792 -487.384003 496.332886
49.493599 -843.992310 424.707794
24.335600 -766.483582 395.660889
9.815100 -852.961670 412.631714
38.158100 -926.279175 416.372406
498.265808 697.380615 51.250301
480.034790 725.909973 12.456600
430.613098 719.752808 52.242401
40.440201 -532.052185 363.606689
21.469200 -533.230530 341.295990
-557.325073 -374.968201 878.387329
-538.343628 -328.335388 901.391724
-552.503113 -357.239899 944.918030
-208.000000 389.683594 37.539299
-829.030396 -1322.435059 422.560486
-614.629211 -305.683685 346.366608
-604.559814 -349.053589 368.823914
-573.348328 -393.498901 384.604492
-638.690125 -467.434204 233.672195
-440.431091 -397.738098 667.597290
88.725899 -1164.183960 131.534897
100.723801 -1117.505005 172.395294
65.969398 -1141.850952 178.646698
-412.177307 -1862.556030 443.644409
249.308594 -174.461807 392.868408
259.322113 514.108215 847.234314
301.411102 561.879517 801.413025
125.750198 -737.255310 82.919998
-618.726685 341.019897 369.234497
-613.749573 270.490295 373.732086
-631.246094 285.369385 355.594208
-675.713989 -807.327820 226.195694
-711.846985 -852.844971 266.640594
296.075409 -251.425995 370.642090
318.141815 -265.932312 386.543610
-680.552124 -952.181885 55.206699
-710.336121 -925.082581 96.011703
-403.715790 178.082306 504.020691
-52.310398 -1088.240967 49.695400
67.086601 -1105.433960 33.638302
22.604500 -1117.607056 64.859497
103.357697 -1098.369019 51.792000
88.144699 -1202.430054 122.232101
80.116997 -1136.651001 65.055901
-553.499817 -162.473297 381.072815
-529.664490 -95.794701 327.518311
-531.168579 598.172180 615.067383
-425.427307 590.691772 642.260681
-239.117004 471.874512 24.297300
-553.299377 -876.598877 796.255310
-513.768372 -849.708008 803.523315
-248.704102 1267.599976 90.864899
-201.316406 1244.964966 191.213898
387.236206 -23.737301 130.962997
412.113495 10.569500 120.107002
386.281311 44.814098 122.968399
410.553711 117.929001 110.090401
441.020203 190.718903 93.217796
403.519989 240.761902 69.253899
-668.942688 -640.198181 913.579773
-618.418701 -512.194519 910.235779
-165.384796 -844.608521 469.803497
-115.297997 -847.059814 435.698792
215.658707 544.719482 570.637329
222.185806 599.663513 544.910217
119.120399 618.786316 626.144287
202.402298 501.590210 593.568909
-36.860500 -1172.387939 444.709686
-206.266006 -741.145813 1060.317993
-267.661285 -777.025513 1037.045044
-394.510406 -102.224899 577.970093
-330.631012 -113.795601 580.589172
-346.043915 -145.477005 573.147583
-607.006226 -752.812988 945.271729
-565.185974 -740.387024 946.517029
248.431107 1382.163940 276.377014
173.695694 1389.506958 274.333588
-127.248703 -354.764099 447.520203
-98.262802 -518.581116 412.197693
241.807205 481.880615 356.612915
100.910599 -1381.506958 725.645691
93.506699 -1461.937012 736.758423
120.913399 -1079.159058 662.919312
147.531998 -1032.411011 641.658386
162.865799 -963.117493 631.853577
-17.058701 -1487.824951 161.716507
-41.141399 -1433.927002 159.462708
-156.482498 -1604.541016 538.618774
-196.577896 -1704.477051 560.345276
-266.552307 -129.239502 7.614300
-422.578613 -312.106293 4.164300
174.351395 264.531708 922.998901
136.066605 1443.959961 103.754097
210.985703 1404.906006 111.206100
-500.536194 38.406601 300.145691
-523.010620 61.862701 760.519897
-609.615417 -669.323425 480.794312
-69.044403 -1148.885986 442.758789
-46.726898 -1139.818970 456.010986
-88.483902 -1108.761963 452.555115
-338.778992 546.689270 118.489197
147.022400 -164.762604 282.630096
415.105011 409.070190 155.229904
418.903107 363.295013 211.388199
363.832092 328.792786 118.644203
141.449997 -93.742599 987.720215
-744.246826 -621.893616 280.392303
97.954697 -744.250977 1094.631958
70.527702 -800.917114 1072.394043
100.827400 -736.358887 1087.713013
72.423401 -754.144470 1027.733032
-39.416199 1456.451050 81.143799
-229.229996 937.082825 67.051102
-261.918610 869.786682 86.392998
-158.752594 -547.613770 339.657288
-247.044907 -1062.181030 83.591904
-786.747314 -974.048279 59.804798
-736.696594 -866.829529 39.832100
-756.856628 -944.908691 46.274502
-886.795471 -1531.277954 111.630302
-889.771301 -1673.995972 121.346397
-869.056091 -1566.724976 127.523903
-822.541016 -1291.022949 114.114304
-837.816284 -1384.417969 124.705101
-722.917114 -869.934509 106.340599
-728.047974 -835.184875 74.537697
-428.575897 -52.610100 237.410507
-373.506104 80.430099 191.307602
-370.692810 -130.445999 256.351288
-778.924072 -1100.730957 65.692001
-792.714294 -1108.994019 81.908302
-809.907227 -1051.043945 57.911499
-298.366791 -594.062500 339.173309
-340.386902 -515.066589 341.201508
576.793518 638.276978 90.136597
547.985779 647.202698 67.900398
526.490479 579.917480 109.895500
523.644287 693.566772 36.571701
-240.225494 -2389.404053 189.045898
-253.153198 -2445.313965 173.667694
-243.279404 -2438.542969 153.926498
-275.544800 -2495.073975 174.252197
128.434494 -192.314407 469.565399
125.555702 45.305099 841.021484
105.189102 39.424702 758.591919
-625.841125 206.702103 351.160614
-512.387085 373.281891 714.892883
-529.695618 423.871490 687.182373
-424.171692 -272.586700 634.051270
-430.210205 -322.394714 644.901672
-649.821716 -2382.419922 165.858994
-775.299194 -2369.150879 169.382797
194.246994 -552.960815 166.777206
164.639496 -646.008118 119.158798
-2.598500 -1192.163940 80.360901
-509.985809 292.071198 506.086792
-633.485413 -1267.271973 934.018127
-501.452087 -1214.764038 1011.142029
-668.283325 -1258.171997 933.367371
-656.116089 -1308.333984 948.559082
189.325302 -631.954224 473.248505
-855.034973 -1855.067993 512.409424
-829.807373 -1245.005981 407.068115
-851.468323 -1258.698975 382.291687
53.844200 -898.556274 274.147186
104.331299 20.957300 877.432312
116.184799 -12.492600 885.442688
209.644897 -221.540695 337.992798
94.443604 -314.904388 328.729614
-12.134000 -396.489990 354.582703
-56.205399 918.575500 5.585700
205.416107 -701.740784 561.079224
209.298996 -661.422180 637.932678
-680.744019 -1397.229004 965.118591
324.224304 65.581200 329.547394
357.102814 -12.342300 121.598297
-247.340698 -1850.707031 556.625671
-163.444397 -1061.998047 44.660000
-444.485291 28.598801 89.965302
-461.962708 117.485298 81.131500
-480.042206 75.230598 70.219200
-406.821991 196.648804 76.410599
76.019600 300.264404 496.956604
156.013306 378.487000 552.217529
309.768890 842.523071 279.171387
300.006989 819.007019 368.135010
-290.730591 -363.352814 708.355713
-273.571014 -322.848602 711.746582
-470.683502 -1017.307983 64.073601
-390.748688 -1016.439026 58.619202
209.735794 431.351013 593.800415
174.023697 421.027496 597.898621
116.271103 387.845490 535.130676
380.870209 -296.957703 372.321686
371.109192 -365.715607 416.471588
346.571991 -319.589691 392.879913
328.619904 1139.420044 404.053009
415.825012 1060.713989 357.902405
-20.122000 106.905800 604.681519
9.312800 -446.695709 322.832092
-78.158501 -464.298706 337.409698
-503.038208 -808.219788 691.125916
-488.725586 -741.562073 757.348511
-287.263000 1026.155029 268.149506
-872.367310 -1677.380981 137.872299
-905.727173 -1826.152954 139.112106
99.866096 998.271729 16.736601
-99.933701 899.728577 52.920700
-757.296326 -1574.776978 8.997300
-124.159798 -1086.583008 992.638184
-273.912415 1019.580017 176.959595
-358.915588 907.100281 202.456207
-342.867096 927.347778 205.587402
28.663500 -537.870422 374.346802
-398.329315 -454.117889 416.769287
-247.582794 1243.064941 83.235100
-206.084595 1261.715942 63.627800
203.635803 244.555099 916.775513
316.318787 931.686523 408.248993
326.424896 896.690674 433.724304
-262.703888 738.548096 68.901100
-249.411102 704.572021 69.360901
-529.264404 -309.695892 94.327400
-207.673798 -1648.587036 436.138214
-206.138794 -1650.508057 496.598907
-823.049988 -1796.951050 284.095886
271.865814 -113.207603 370.111908
-873.797913 -2299.696045 95.645599
93.647301 -322.313385 978.989624
85.072502 -443.482391 928.245422
-365.818909 -1919.542969 577.089294
-382.446106 -1950.151978 572.846313
-840.747925 -1394.311035 412.461700
-855.676880 -1513.850952 387.918610
-948.129517 -1908.958984 148.749603
-904.527283 -1718.660034 136.978195
116.541496 -183.578796 510.586090
130.819595 -148.509201 509.309204
-523.185791 -165.961105 373.519592
597.664917 658.222412 67.240097
577.175171 673.286377 48.939999
609.874329 683.239014 30.230700
-209.171997 -562.839783 367.745514
-126.005699 -610.053894 371.962311
-766.938171 -1248.306030 78.111504
-819.507813 -1363.961060 116.594498
-757.148987 -1183.433960 64.997597
-533.838074 414.417999 373.597687
-494.993286 449.043396 369.560089
-658.790405 -770.873474 104.691002
-692.401489 -444.526703 186.769608
-718.097473 -433.603394 214.791397
-554.795227 -373.052490 406.555298
-523.862915 -430.928986 413.820709
-720.172424 -761.132019 309.721802
-139.868103 568.718872 755.684875
-231.401703 629.369080 720.149109
-412.349487 561.637024 780.335876
42.386902 -1110.573975 226.104095
23.859200 -1123.657959 199.167496
-149.889801 -1512.448975 823.292725
-65.439301 -1541.744995 804.714783
-97.421700 -1508.902954 789.113770
-591.390625 -1844.645996 528.728210
-531.180420 -1865.483032 542.180603
43.445499 -687.477112 402.976501
-533.728027 -465.432892 1071.654053
-56.966099 238.443695 616.209778
213.324799 -221.855103 376.214111
196.364502 -533.870789 280.160400
-12.831300 -1585.265991 761.335388
-34.688499 -1585.295044 789.312317
16.942699 -1587.796997 722.625671
-14.208500 -191.867004 306.122009
-86.325203 -609.444214 433.163086
-59.604099 -729.573181 437.063110
-459.029205 -504.193298 4.038700
-448.629211 -366.360107 19.310400
-328.199493 -1377.895996 950.409729
-374.315002 -1424.519043 881.059021
-324.963989 -1441.255005 867.223389
-442.917114 -244.473907 666.749573
-441.600098 606.609314 324.140198
-448.003204 613.049377 299.698212
-461.260010 -1308.032959 680.029114
153.769501 -587.155090 272.831299
161.521606 -587.115417 313.295898
-628.713074 -1005.611023 127.820503
-573.563721 -972.929077 116.045898
-276.303802 1211.107056 80.451103
576.256226 1327.479980 236.607101
518.967773 1338.995972 196.893204
581.758728 1350.927979 223.091293
219.411697 563.957520 791.981323
170.726105 572.823914 801.632507
-658.169617 -1250.790039 910.335876
108.590500 -347.205597 1052.649048
86.665001 -348.096588 1043.725952
565.188293 565.848022 101.574097
521.884583 543.891907 107.364899
-525.295105 -275.150909 848.415405
-551.722412 -250.581497 828.421021
161.337601 -377.729706 304.794312
150.393005 252.865097 603.805115
166.947495 204.109299 590.774475
97.322502 190.745300 580.599121
77.772102 -961.327393 124.984299
117.677902 -1264.845947 702.099121
421.862701 1090.615967 342.090393
-413.345093 -2394.809082 93.812599
205.670105 -197.546295 254.726501
355.352600 -308.205505 401.405396
363.555115 -254.534500 337.240997
-329.576111 -600.682312 1167.723022
-455.866211 169.093094 715.003418
-485.008698 223.337204 736.265015
96.767799 -607.385986 281.575195
40.625702 -559.321594 307.855591
446.989288 437.874695 178.008698
-332.025513 -82.504303 568.139771
-79.162697 -1113.275024 143.909698
-492.729309 576.886414 647.682678
-508.664703 542.430115 651.413330
124.855202 166.768097 622.594299
-575.507019 -1095.051025 856.206726
84.606598 -1081.390991 814.797607
-671.515015 -919.668518 7.327300
-641.716492 -958.083496 44.972301
-1068.836060 -2196.197021 150.528595
-1084.159058 -2321.706055 83.231903
240.434494 277.700714 66.326500
308.157501 302.523010 53.124802
296.592194 284.649811 49.820499
487.505707 238.901901 79.824402
462.711090 227.319199 93.467598
-509.208313 -1410.146973 870.530579
132.174805 -985.725281 640.130981
-292.283508 -1048.714966 52.537300
-762.803223 -1059.822021 449.124390
-757.442871 -996.220520 396.953613
-303.239197 945.791077 225.422104
-155.195206 1402.317017 69.415001
-517.595825 260.857910 724.503479
-150.308197 -1865.555054 192.611801
-523.918396 -193.742004 100.573997
-206.843399 1548.843994 59.596199
-194.289902 -1898.057983 515.638977
-217.354706 -1907.478027 539.001221
-267.728394 -1966.387939 519.063904
42.626499 -1511.649048 753.828430
28.194500 -1491.508057 737.398499
-414.478394 440.364197 41.445801
-377.410095 460.412201 22.027000
-365.413605 -2457.819092 192.595398
-480.450714 -2414.007080 188.196304
-140.091293 -144.470306 523.337524
-72.077904 -188.948807 512.266724
-1010.273987 -2192.164063 118.612900
-615.003113 -690.679871 890.908386
-342.551514 -226.600006 528.302979
-902.554077 -1575.433960 458.431213
-941.947693 -1639.311035 457.270386
-458.745911 -1649.915039 708.286377
200.042801 379.493011 604.200989
205.075394 382.236511 589.914917
-27.369301 -1307.558960 201.848404
21.691299 -924.404114 430.639313
-517.712097 181.301102 468.824585
-597.335388 213.453293 433.904694
-554.028381 222.252502 449.358887
99.359497 -88.371597 971.396912
-716.859009 -472.037903 221.087601
-101.893501 -1569.720947 98.635002
-116.261703 -1516.286987 43.237999
-146.206299 -1407.412964 481.491608
-793.007019 -1008.390991 364.359100
-756.943115 -957.348083 360.297485
-783.783020 -922.663086 337.832886
124.308197 -366.896790 1044.067993
-458.384796 643.126221 321.072113
93.606102 106.393501 547.278015
-486.181488 127.617203 828.671082
-468.977386 185.709305 893.594421
-467.154999 192.673798 833.065002
-293.579712 -685.757507 868.781982
100.402199 -623.172729 327.236115
108.390503 -643.910828 357.750000
69.681297 -665.677612 357.975708
90.187202 -633.623718 362.240387
-315.933197 -2183.584961 301.684601
-775.352783 -1128.514038 99.390900
-813.326294 -1206.458984 109.357498
-360.582092 -1908.713013 584.242676
-406.606598 -1938.441040 584.403076
-317.750793 -1968.662964 577.765198
-189.274200 -1315.614990 275.191895
49.511200 -808.229370 1113.977051
-34.085701 -525.459412 348.128113
-482.485504 -1024.343994 128.883804
-716.502197 -782.889404 390.514587
-697.470093 -733.859314 393.476990
-608.200684 -550.066528 126.610497
-638.719421 -643.474670 98.646004
161.277298 445.598511 572.418213
-407.780090 -140.613602 607.915222
-218.109894 1276.529053 151.020798
-161.455307 -1668.771973 534.279480
-165.559692 -1688.052002 550.824219
-1016.901978 -1772.734009 419.153412
-1015.062012 -1695.951050 448.424591
-535.391113 459.139191 379.400513
307.661102 254.232803 68.961403
237.255798 276.854797 58.703499
3.848900 -253.080002 1124.764038
215.731598 612.538391 520.377686
219.328003 528.577576 515.757996
217.030701 575.173279 549.416199
-181.122299 386.005798 29.353100
7.957300 332.840088 40.993999
498.785004 1328.724976 244.088898
82.925301 -191.195602 547.826416
-288.495789 518.618530 58.999599
-327.435486 495.399902 145.388504
-1008.960022 -1727.484009 465.297394
-170.500595 -1861.572021 568.035706
-118.059601 138.954300 221.056000
-130.833298 -1093.239990 177.178696
-561.464417 -244.605392 407.855011
148.183105 1314.046997 46.454498
-34.741001 -1251.491943 78.603600
191.482193 -638.458984 182.769394
-365.099915 -1799.979004 391.488892
-437.579712 -1443.668945 902.816895
-1048.662964 -2329.111084 157.720703
-627.928772 227.669006 412.213898
-598.926880 270.116913 420.728699
-156.229507 -402.478394 434.893097
395.050201 310.662811 236.850403
-489.139404 367.524506 699.068298
252.699295 -227.925797 471.643585
-99.403702 -553.982483 363.057800
-297.684296 578.302124 212.320999
-227.513199 523.482483 235.308701
189.142700 -292.065704 384.334290
-509.669006 -914.419006 806.534302
-273.988495 -2506.221924 121.597099
-831.956787 -1380.288940 494.580200
-602.015381 -1364.479004 259.131897
-794.526428 -993.527283 342.233093
-767.472595 -929.644470 338.195404
166.001602 -812.474976 684.899719
-230.261093 -730.558228 914.049622
39.745098 -965.244080 499.663696
14.914500 -1205.762939 595.538513
-330.146698 564.747070 93.574303
-574.527222 -1182.743042 806.282776
-509.618805 -33.753201 332.829987
163.449097 223.300293 924.059326
-643.383423 -684.819824 926.023071
-97.881500 838.963806 61.238998
-194.676102 750.096130 66.660797
-12.268900 450.844299 703.638916
219.864502 828.139404 10.501900
461.912109 466.524811 168.658905
-355.932709 -111.239502 596.200684
-395.437408 -111.904900 592.353027
109.287102 -262.860596 477.667114
-10.132700 -805.964478 320.354309
-42.314098 -725.525085 349.058685
-442.810089 516.541016 648.792603
13.045700 -477.187714 1154.996948
-483.837799 -540.645386 268.878387
185.088501 552.902588 825.506226
145.446396 831.926392 21.860600
122.815598 816.728027 591.889893
171.812805 1386.770020 126.767899
-160.233902 1130.859985 55.701000
-406.655090 215.754395 491.523987
-517.729370 467.772888 356.588989
-496.807404 478.598114 338.086487
-554.141418 -661.188477 231.968796
-473.417603 -501.962402 295.509705
-495.455994 -1244.378052 230.354401
-991.958496 -2040.852051 138.167694
-964.928589 -2018.373047 123.070000
-907.206177 -1802.650024 478.072510
-49.509499 -1548.982056 180.878296
-64.315697 -1497.068970 167.097702
-277.719513 1102.676025 158.038605
-469.812012 -92.172897 90.305702
-668.741577 -1022.008972 44.336498
355.526611 90.350197 334.566101
327.616089 113.903000 335.910309
-114.820801 -1121.598999 54.645000
436.741302 723.940002 55.930698
424.218201 1154.102051 318.311188
430.730896 1127.894043 256.534088
-586.991882 -939.697693 31.111000
-171.447098 349.915588 612.501221
-518.570129 -965.184204 70.547302
-654.789917 -925.397217 16.454300
69.117996 134.773895 589.320984
-349.857086 583.937500 110.318100
480.025391 201.951904 111.968498
386.076111 269.173706 45.531700
12.684700 -372.575592 324.979309
66.793900 -333.373993 350.755707
32.420101 -375.761505 348.467407
-111.397003 -1483.863037 844.526123
-418.550110 237.843307 230.132294
-256.848602 -1922.047974 472.485413
-366.373688 -471.709198 317.967804
-187.747101 -485.745392 385.810913
-185.456406 -1603.076050 524.409607
-618.625427 -1316.920044 966.900574
-743.345398 -897.883728 68.265602
-192.104202 1430.411011 30.782101
-917.131714 -2325.951904 150.983902
-260.523590 -2248.894043 185.444702
42.840698 -1105.400024 56.110298
-668.263977 -617.749390 899.159302
-456.027313 328.595886 800.142029
-100.842003 1441.274048 63.134499
-231.805405 957.892822 37.368801
-246.814804 928.849426 66.480400
262.408813 -249.529999 440.454407
-569.286011 -974.006714 140.341507
-458.182312 -416.933807 694.655029
-394.127502 -17.924700 16.729200
389.457886 1360.819946 235.760895
-24.687000 -1363.061035 130.970993
-568.605225 -309.677795 844.572083
-49.911800 553.890015 899.546570
288.848907 156.953201 407.045288
-364.594086 356.133789 144.059296
-196.312805 143.881195 563.828674
-596.144470 -416.541290 299.060211
-602.452576 -368.649994 338.596100
-564.828308 -513.394470 114.545403
-462.179291 139.314896 280.118103
45.614601 -1109.157959 174.912201
-400.273010 438.266998 16.704100
231.871506 800.166626 512.223389
204.193695 467.663086 842.517517
45.484901 -438.816498 1128.995972
-300.130188 -1068.468994 166.888397
13.785800 571.743713 810.798218
-685.578430 -1354.529053 929.013916
-691.900513 -1281.496948 942.682983
-72.429604 158.783005 579.904785
-568.277222 -1893.576050 545.087585
29.370899 564.755127 803.163086
6.035800 -687.291687 362.752197
-474.656189 261.179901 726.322327
-264.648499 -2189.022949 212.115295
-491.872803 -811.182617 773.913025
-617.135376 -596.556519 914.433716
345.350494 999.380676 324.945892
-74.572701 104.955498 570.241211
-895.882324 -1428.123047 404.352692
-859.482605 -1472.517944 132.984299
193.552994 -313.952393 399.947510
-428.302795 131.513504 74.119499
-296.298309 -301.344299 693.211121
-652.952881 -544.950684 241.459900
-545.076477 -423.489899 126.060097
-482.218994 -241.407394 60.928299
394.708405 368.075104 243.424103
-438.709991 -124.585297 588.868286
199.252502 -531.603271 300.678314
59.496399 -1270.348999 677.812927
-277.817993 404.062592 280.101807
-204.913300 317.935211 344.839691
-515.658813 501.611206 668.076172
99.662300 -1154.873047 677.163818
345.814697 1039.689941 382.949585
53.068802 -296.614014 1057.982056
-446.743408 642.401123 301.470612
-327.293213 391.805206 30.998699
98.534599 -959.965210 188.785904
131.435593 -907.450928 189.873596
139.458603 -884.633423 171.496094
-481.473511 206.691299 746.333496
-151.776596 -744.308289 1069.383057
-78.646004 -536.720703 334.529510
-426.732300 97.918098 703.595581
92.019501 -477.230896 336.477386
272.035889 -214.326294 382.124908
48.722301 311.213287 508.212097
140.593399 183.895905 846.918518
231.710999 -501.208313 162.627197
-220.671295 530.094788 685.705383
-430.423401 606.499329 608.701782
-421.459198 -227.644699 633.523376
235.845703 539.908386 793.241028
-681.792175 -1060.441040 27.641800
102.653801 -1405.069946 719.778870
92.532204 -938.096802 206.063705
-58.594601 -1202.437988 64.122704
474.760986 682.156616 55.439098
-385.525085 395.065796 160.904800
-539.692383 -1281.124023 734.555115
-710.693298 -1411.366943 908.866089
-706.958679 -2301.387939 257.346588
-664.547424 -782.841797 864.147888
-206.640503 -1917.810059 505.636993
-1.980700 -1094.508057 136.853500
-284.370911 -1449.338989 845.178772
271.518494 777.569824 416.905090
-397.029114 401.143311 191.299606
91.717201 159.694199 509.733887
-947.191528 -1752.441040 497.460510
-102.195602 -1326.983032 489.909302
-309.567902 719.624023 72.625298
560.539124 1333.375977 264.969513
-744.061707 -1259.729004 43.708099
221.630600 -538.263123 179.655304
-738.911377 -1084.093018 111.103500
-166.453293 -1856.875977 556.809326
-508.532196 -414.759491 408.993408
-480.250000 -1876.155029 543.955872
-14.188100 -439.241608 339.286011
128.641907 102.943802 943.803589
-935.642212 -1825.880005 134.435196
-570.332275 -1150.136963 883.083130
342.568695 741.879211 145.006897
-498.877014 -573.047180 268.883392
-367.784607 -80.042397 19.055000
128.452103 1428.338989 85.638702
330.464203 10.150900 349.973999
-525.376770 -244.851700 856.884277
-539.260986 -338.781006 852.715820
113.441299 -221.217102 308.740295
-106.234100 157.732498 560.081726
-597.299927 -1407.938965 953.768677
-140.768494 -90.499603 559.405273
-52.731201 -1224.942993 44.736500
-26.910700 800.747375 5.620300
306.159302 868.011475 284.000000
-475.106598 453.065796 720.552490
-697.458618 -938.138672 121.480003
165.405197 -960.121582 610.917114
-463.226013 -446.087891 296.538788
-924.751709 -1818.583984 494.177490
129.679596 1391.489990 145.841003
101.155998 -1092.770996 707.001282
30.028700 845.424927 25.254000
4.143100 1418.524048 175.679596
-537.301514 -603.979919 54.241402
-455.344513 54.922401 61.719200
-424.840912 -724.847778 14.336200
-205.805695 -1705.402954 532.227112
</float_array>
          <technique_common>
            <accessor source="#s1-6k-POSITION-array" count="3030" stride="3">
              <param name="X" type="float"/>
              <param name="Y" type="float"/>
              <param name="Z" type="float"/>
            </accessor>
          </technique_common>
        </source>
        <source id="s1-6k-Normal0">
          <float_array id="s1-6k-Normal0-array" count="54288">
-0.684823 0.039744 -0.727625
-0.526026 -0.103982 -0.844088
-0.851176 0.012203 -0.524739
0.307474 -0.121772 0.943733
0.503879 -0.085345 0.859547
0.451487 0.000000 0.892278
-0.089357 -0.452133 -0.887463
0.148937 -0.549923 -0.821829
-0.006106 -0.415175 -0.909721
-0.308114 0.317266 0.896888
-0.059151 0.317505 0.946410
-0.080718 0.383793 0.919885
0.222876 -0.152654 -0.962820
0.564405 -0.478981 -0.672328
0.170837 -0.341675 -0.924161
0.186625 0.081840 0.979016
-0.016813 0.081532 0.996529
0.146606 -0.106137 0.983484
0.236480 -0.427190 -0.872689
0.253516 -0.334976 -0.907480
0.462368 -0.406284 -0.788130
-0.424268 -0.061046 0.903477
-0.524739 0.125083 0.842023
-0.615908 0.106717 0.780557
-0.159605 0.456013 0.875545
0.007800 0.532716 0.846258
0.012902 0.757035 0.653248
-0.393371 -0.091482 -0.914817
0.062479 0.094480 -0.993564
0.051731 -0.033473 -0.998100
-0.366262 -0.305219 0.879030
-0.225087 -0.267671 0.936850
-0.342785 -0.073454 0.936538
0.438084 -0.268651 -0.857851
0.602526 -0.328650 -0.727291
0.341127 -0.353311 -0.871093
-0.103714 0.018303 -0.994439
0.131324 0.024432 -0.991038
-0.140324 -0.146425 -0.979218
0.128249 0.323675 0.937436
0.331835 0.182661 0.925484
0.308235 0.146488 0.939964
0.512496 0.146101 0.846169
0.751216 0.024430 0.659604
0.693752 0.097583 0.713573
-0.449281 -0.342309 -0.825210
-0.225087 -0.267671 -0.936850
-0.271988 -0.415622 -0.867917
0.343689 0.047353 0.937889
0.192246 0.059505 0.979541
0.303090 -0.018323 0.952786
0.224318 -0.079350 -0.971280
-0.010681 0.009155 -0.999901
0.250297 -0.022893 -0.967898
-0.155820 0.042774 0.986859
-0.308596 0.042776 0.950231
-0.237791 -0.097555 0.966405
-0.010681 0.009155 -0.999901
0.224318 -0.079350 -0.971280
-0.030518 0.015259 -0.999418
-0.195237 -0.122023 0.973136
-0.054868 -0.097543 0.993718
-0.061050 0.109891 0.992067
-0.219678 -0.097635 -0.970675
-0.207506 0.036619 -0.977548
0.103623 -0.146291 -0.983799
-0.089357 -0.452133 -0.887463
-0.312402 -0.268209 -0.911301
-0.453105 -0.158663 -0.877224
-0.637431 0.766743 0.076066
-0.819940 0.489516 0.296769
-0.489736 0.698966 0.521159
0.401429 -0.012211 0.915809
0.336236 -0.024454 0.941460
0.514118 -0.024409 0.857372
-0.207506 0.036619 -0.977548
0.181575 -0.048827 -0.982164
0.103623 -0.146291 -0.983799
0.676822 0.080792 0.731700
0.662479 0.103799 0.741854
0.363681 0.256716 0.895451
-0.018314 -0.143461 -0.989487
-0.007820 -0.073244 -0.997283
0.118943 0.237886 -0.963983
-0.898801 0.220115 0.379086
-0.900166 0.255453 0.352768
-0.746181 0.232417 0.623856
0.252315 0.880807 0.400645
0.391520 0.727982 0.562810
0.180010 0.585796 0.790215
0.248815 0.226265 -0.941751
0.360381 0.426892 -0.829391
0.388056 0.186023 -0.902668
0.849737 -0.434213 -0.299010
0.732781 -0.258078 -0.629626
0.690220 -0.298968 -0.658950
-0.524966 0.433403 0.732511
-0.311097 0.347697 0.884492
-0.644321 0.342009 0.684018
0.666060 0.232204 0.708834
0.487341 0.380735 0.785837
0.495468 0.237824 0.835435
0.943843 -0.311560 -0.109962
0.786439 -0.463329 -0.408461
0.836423 -0.409054 -0.364790
0.435771 0.170652 0.883732
0.513627 -0.244584 0.822415
0.345050 0.293140 0.891633
0.736217 0.066581 0.673462
0.339232 0.160087 0.926981
0.555622 0.159836 0.815927
-0.212209 -0.633959 0.743683
-0.312841 -0.213128 0.925584
-0.149970 -0.504203 0.850463
-0.751282 0.479476 0.453518
-0.720410 0.415152 0.555570
-0.506460 0.479002 0.716977
0.094572 -0.044235 -0.994535
-0.125003 -0.405497 -0.905509
-0.430432 -0.141951 -0.891391
0.325450 0.583985 -0.743669
0.363866 0.587079 -0.723146
0.265514 0.048830 -0.962870
0.865592 -0.390126 -0.313930
0.730832 -0.403640 -0.550417
0.792444 -0.609572 0.021335
0.404822 0.171095 0.898246
0.043477 0.122040 0.991573
0.469641 0.012218 0.882773
-0.366262 -0.305219 0.879030
-0.232170 -0.586534 0.775935
-0.225087 -0.267671 0.936850
-0.917298 0.391381 -0.073384
-0.881585 0.420965 0.213533
-0.873023 0.402934 0.274728
-0.390229 -0.359743 0.847530
-0.356812 -0.042695 0.933200
-0.544709 -0.015301 0.838485
0.737724 -0.317695 -0.595678
0.304510 -0.361128 -0.881397
0.669393 -0.365955 -0.646521
0.088605 -0.256649 -0.962435
-0.091656 -0.060977 -0.993922
-0.036574 -0.073149 -0.996650
-0.079271 -0.076222 -0.993935
0.070140 -0.137230 -0.988053
-0.030477 -0.189720 -0.981365
0.139049 -0.429372 0.892359
0.412651 -0.000287 0.910889
0.146606 -0.106137 0.983484
-0.860266 0.340141 0.379798
-0.689563 0.201377 0.695665
-0.873703 0.226063 0.430742
0.103819 0.720624 0.685509
-0.097610 0.524655 0.845701
0.045786 0.499066 0.865353
0.091745 0.758424 0.645272
0.105154 0.841236 0.530344
-0.039656 0.561284 0.826673
-0.423920 0.437644 0.792944
-0.217862 0.414395 0.883636
-0.506460 0.479002 0.716977
0.549885 -0.170838 0.817582
0.598307 0.048841 0.799777
0.371606 -0.194941 0.907693
-0.240735 -0.326059 0.914184
-0.330277 -0.305812 0.892971
-0.204150 -0.176727 0.962856
-0.941491 0.210918 0.262884
-0.889007 0.192465 0.415481
-0.960410 0.258454 0.103993
-0.184286 0.606163 0.773696
-0.103662 0.859788 0.500019
-0.305308 0.686944 0.659466
0.138204 0.625916 0.767547
-0.140626 0.372965 0.917127
0.060190 0.424290 0.903524
-0.136599 0.616603 -0.775333
-0.329070 0.289459 -0.898847
-0.115389 0.332351 -0.936071
0.033499 -0.535983 -0.843564
-0.030593 -0.832131 -0.553734
-0.091379 -0.731028 -0.676201
-0.543216 0.024414 -0.839238
-0.372415 -0.012210 -0.927986
-0.140324 -0.146425 -0.979218
0.097805 -0.971936 -0.213948
0.022858 -0.999664 -0.012191
0.058052 -0.873834 -0.482747
-0.801147 0.041124 -0.597053
0.085371 -0.275932 -0.957378
-0.207313 -0.169966 -0.963396
-0.708477 0.280948 0.647401
-0.561286 0.549084 0.619245
-0.804381 0.335159 0.490551
0.277545 0.152497 -0.948532
0.124985 0.121937 -0.984637
0.167479 0.274057 -0.947018
0.077377 -0.231750 0.969693
-0.133010 -0.318001 0.938714
0.229562 -0.476298 0.848788
0.756491 -0.158619 0.634477
0.473201 -0.018317 0.880764
0.845097 -0.207461 0.492719
0.153190 0.943649 0.293358
0.143965 0.869918 0.471716
0.130480 0.971013 0.200271
-0.604544 0.256473 0.754154
-0.391259 0.476847 0.787104
-0.756118 0.329277 0.565564
-0.003038 0.947764 0.318959
-0.007640 0.965647 0.259747
0.114947 0.993140 0.021457
0.149008 0.354562 0.923083
0.345050 0.293140 0.891633
0.039656 0.561284 0.826673
-0.442137 0.341513 0.829388
-0.235215 0.323802 0.916421
-0.451077 0.359642 0.816815
-0.584844 -0.438633 -0.682318
-0.364636 -0.546953 -0.753580
-0.538672 -0.685583 -0.489702
-0.604544 0.256473 0.754154
-0.676562 0.195045 0.710085
-0.287238 0.207789 0.935050
-0.652935 0.134248 -0.745421
-0.777110 0.195807 -0.598130
-0.250413 0.012215 -0.968062
0.399247 -0.560775 -0.725350
0.222809 -0.366261 -0.903443
0.622064 -0.365920 -0.692199
0.459259 -0.232691 0.857284
0.614575 0.000000 0.788858
0.581046 0.183007 0.793029
0.424424 -0.599277 0.678772
0.734618 -0.256182 0.628257
0.223217 -0.500616 0.836396
0.634570 -0.316145 -0.705247
0.488316 -0.452576 -0.746139
0.259777 -0.298958 -0.918227
-0.443450 0.318061 0.837968
-0.659429 0.033582 0.751016
-0.908257 0.110092 0.403670
-0.799669 -0.155661 -0.579913
-0.803812 -0.210886 -0.556250
-0.393371 -0.091482 -0.914817
-0.006103 0.006103 -0.999963
0.110645 -0.085464 -0.990179
0.000000 -0.329467 -0.944167
-0.811495 0.219653 0.541505
-0.749820 0.158499 0.642377
-0.396460 0.207379 0.894323
-0.207221 0.134084 0.969062
0.018281 0.158439 0.987199
-0.067321 0.220325 0.973101
-0.646750 0.298970 0.701663
-0.811549 0.244075 0.530863
-0.746181 0.232417 0.623856
0.070109 0.560874 -0.824927
0.345082 0.378674 -0.858792
-0.014496 0.024414 -0.999597
-0.771478 0.256143 0.582420
-0.819940 0.489516 0.296769
-0.617589 0.523278 0.587166
-0.750102 -0.006098 -0.661294
-0.597436 0.243852 -0.763941
-0.424094 -0.085429 -0.901580
-0.024401 -0.524622 -0.850986
-0.064067 -0.376013 -0.924397
-0.025940 -0.518804 -0.854500
0.600169 -0.051791 0.798195
0.220861 0.290909 0.930909
0.530895 0.027421 0.846994
0.966538 -0.256522 0.000000
0.866999 -0.494556 -0.061056
0.970446 -0.204465 -0.128172
-0.574539 0.196352 0.794576
-0.346705 0.158146 0.924546
-0.438402 0.245412 0.864625
0.555622 0.159836 0.815927
0.339232 0.160087 0.926981
0.300179 0.140900 0.943419
-0.097641 -0.915383 -0.390564
-0.024430 -0.659604 -0.751216
0.244769 -0.666994 -0.703710
-0.414142 -0.243613 0.877006
-0.424268 -0.061046 0.903477
-0.603647 -0.085364 0.792668
-0.009157 -0.274710 0.961484
-0.109809 -0.518543 0.847971
0.126732 -0.296218 0.946675
-0.662506 0.377048 0.647241
-0.707874 0.385402 0.591929
-0.818146 0.377782 0.433495
-0.295945 -0.951906 -0.079325
-0.097556 -0.832278 -0.545706
-0.238074 -0.950768 0.198395
-0.512376 -0.097595 -0.853198
-0.453105 -0.158663 -0.877224
-0.312402 -0.268209 -0.911301
0.230263 0.304984 -0.924102
0.462808 -0.018337 -0.886269
0.124985 0.121937 -0.984637
0.928859 -0.359730 0.088408
0.965315 -0.207398 -0.158598
0.658341 -0.316979 -0.682724
-0.716207 0.304769 -0.627824
-0.864212 0.357289 -0.354235
-0.598293 0.546400 -0.586083
-0.785845 -0.030578 -0.617668
-0.981525 0.176796 -0.073157
-0.790542 -0.048837 -0.610457
-0.213745 -0.659555 0.720625
-0.181393 -0.639489 0.747095
-0.098013 -0.343047 0.934191
0.784229 -0.195294 0.588935
0.787670 -0.207603 0.580067
0.447407 -0.085511 0.890233
0.124941 -0.451008 0.883732
-0.034982 -0.669227 0.742234
0.027481 -0.659552 0.751156
-0.663832 0.377593 0.645562
-0.238542 0.366988 0.899120
-0.389715 0.438430 0.809877
0.639880 -0.458148 -0.616972
0.930060 -0.347629 0.118926
0.971737 -0.220016 0.085562
0.705262 0.134336 0.696103
0.465432 0.146497 0.872876
0.625847 -0.128222 0.769334
-0.030477 -0.189720 -0.981365
-0.124301 -0.222591 -0.966955
-0.062097 -0.164576 -0.984408
0.594755 -0.398028 -0.698456
0.714998 -0.562221 -0.415554
0.609878 -0.445211 -0.655619
0.402099 0.000000 -0.915596
0.610596 -0.015227 -0.791796
0.654002 -0.137203 -0.743947
0.841945 -0.216587 -0.494185
0.689354 -0.314175 -0.652752
0.582202 -0.296158 -0.757187
-0.068648 0.109836 0.991576
-0.050297 0.126504 0.990690
-0.210756 0.134395 0.968256
-0.463792 0.460741 0.756713
-0.509654 0.332648 0.793472
-0.201354 0.364573 0.909144
-0.098013 -0.343047 0.934191
-0.268321 -0.292714 0.917781
-0.237938 -0.585693 0.774822
-0.219678 -0.097635 -0.970675
0.103623 -0.146291 -0.983799
-0.042846 -0.244832 -0.968618
-0.723434 -0.145903 0.674800
-0.820370 0.440796 0.364269
-0.560309 0.389780 0.730838
-0.237924 -0.439245 -0.866289
-0.409656 -0.599198 -0.687855
-0.573616 -0.085432 -0.814657
0.123059 -0.597389 -0.792454
0.000000 -0.329467 -0.944167
0.191558 -0.274745 -0.942242
0.917867 -0.277956 -0.283302
0.671806 -0.213757 -0.709214
0.784109 -0.248657 -0.568632
0.541179 0.361297 0.759335
0.578025 0.192167 0.793069
0.435443 0.110152 0.893452
0.841945 -0.216587 -0.494185
0.983642 -0.085401 -0.158603
0.913744 -0.365803 -0.176805
-0.901351 0.024361 -0.432405
-0.989609 0.140500 -0.030544
-0.983372 0.122158 -0.134374
-0.726245 -0.073235 -0.683524
-0.970577 0.207545 -0.122085
-0.915315 0.000000 -0.402739
-0.537152 -0.228900 -0.811833
-0.299030 -0.816231 -0.494316
-0.140494 -0.299314 -0.943755
-0.879731 0.387937 0.274916
-0.853036 -0.063978 0.517915
-0.827752 0.281008 0.485655
-0.231667 0.713292 0.661472
-0.463792 0.460741 0.756713
-0.097610 0.524655 0.845701
0.250297 -0.022893 -0.967898
-0.259488 0.004579 -0.965735
-0.302009 0.140327 -0.942920
-0.080718 0.383793 0.919885
-0.302999 0.421299 0.854809
-0.308114 0.317266 0.896888
-0.720101 0.439384 0.537025
-0.812336 0.403114 0.421437
-0.644261 0.329764 0.690061
0.456431 -0.311411 -0.833483
0.482039 -0.408818 -0.774923
0.088605 -0.256649 -0.962435
0.666060 0.232204 0.708834
0.737044 0.287478 0.611655
0.551381 0.502505 0.665934
0.443450 0.195730 0.874667
0.458872 0.048946 0.887153
0.673540 0.048763 0.737541
0.015214 0.060856 0.998031
0.018281 0.158439 0.987199
-0.171136 0.048896 0.984033
0.354265 -0.513073 -0.781826
0.271476 -0.396538 -0.876960
0.500766 -0.360307 -0.787027
-0.063733 -0.177077 -0.982131
-0.110634 -0.061039 -0.991985
0.345082 0.378674 -0.858792
0.557796 -0.088636 -0.825232
0.229108 -0.125246 -0.965310
0.725957 -0.216567 -0.652752
0.443201 -0.848261 -0.289873
0.105407 -0.782150 -0.614110
0.085435 -0.427177 -0.900123
0.784109 -0.248657 -0.568632
0.930590 -0.300535 -0.209001
0.917867 -0.277956 -0.283302
0.257720 0.167556 0.951581
0.134382 0.180957 0.974267
0.343689 0.047353 0.937889
-0.561286 0.549084 0.619245
-0.238554 0.697313 0.675904
-0.463490 0.811108 0.356765
0.289734 0.128093 -0.948497
0.277545 0.152497 -0.948532
0.354146 0.042742 -0.934213
-0.531864 0.073361 0.843646
-0.676150 0.079189 0.732496
-0.366481 -0.061080 0.928419
-0.286831 -0.433298 0.854389
-0.208946 -0.024402 0.977623
-0.316764 -0.743177 0.589363
0.909128 0.036609 0.414904
0.807655 -0.109771 0.579347
0.935355 0.256136 0.243939
0.920053 -0.122063 0.372293
0.977119 -0.134354 0.164889
0.943139 -0.238074 0.231969
0.310661 -0.242728 0.919007
0.091928 -0.353980 0.930724
-0.009157 -0.357123 0.934013
0.170140 -0.170903 -0.970487
0.288415 -0.289941 -0.912552
0.164282 -0.493989 -0.853807
0.734753 -0.472940 -0.486278
0.833420 -0.526516 -0.167905
0.271539 -0.141872 -0.951913
0.343713 -0.578965 -0.739365
-0.015245 0.307947 -0.951281
-0.200025 0.151164 -0.968060
0.388056 0.186023 -0.902668
0.255967 0.482898 -0.837431
0.537478 0.234480 -0.810023
0.007800 0.532716 0.846258
0.431176 0.244639 0.868469
0.277139 0.743098 0.609097
-0.155504 0.536643 -0.829357
-0.040087 0.412319 -0.910157
0.000190 0.312114 -0.950045
0.006112 0.796118 0.605111
-0.278131 0.755690 0.592938
0.074715 0.748676 0.658713
0.297973 0.608108 0.735810
0.184254 0.268006 0.945634
0.550190 0.109962 0.827767
0.446296 -0.097651 -0.889541
0.360645 -0.207829 -0.909254
0.912212 -0.293129 -0.286259
-0.629513 0.238359 -0.739525
-0.824183 0.109891 -0.555560
-0.219492 -0.109746 -0.969422
-0.305375 0.116042 -0.945135
-0.761187 0.000000 -0.648532
-0.299241 -0.207637 -0.931312
0.421657 -0.659985 -0.621792
0.158417 -0.463064 -0.872053
0.351022 -0.268608 -0.897014
0.952441 0.024422 0.303743
0.799761 -0.024420 0.599821
0.691839 -0.146292 0.707077
-0.024428 -0.482449 -0.875584
-0.174004 -0.232006 -0.957024
-0.668884 -0.103845 -0.736078
-0.597888 -0.105240 -0.794641
-0.894833 0.021378 -0.445889
-0.668884 -0.103845 -0.736078
-0.584747 -0.146187 0.797935
-0.623949 -0.513840 0.588775
-0.323911 -0.562260 0.760885
-0.421969 0.244619 0.872986
-0.762449 0.243984 0.599285
-0.678826 0.097849 0.727751
-0.188873 0.079526 0.978776
0.213407 0.195115 0.957281
-0.188989 0.219471 0.957139
0.644321 0.342009 0.684018
0.213407 0.195115 0.957281
0.208060 0.039703 0.977310
0.366072 -0.146429 -0.918994
-0.813490 0.024466 -0.581064
-0.861515 0.109981 -0.495677
0.257992 0.158764 -0.953013
-0.122111 0.012211 -0.992441
-0.359997 0.427115 -0.829442
0.777407 -0.268413 -0.568853
0.700634 -0.391194 -0.596723
0.420439 -0.360404 -0.832670
0.701285 -0.048838 0.711206
0.473201 -0.018317 0.880764
0.802224 -0.158766 0.575525
0.793899 0.006107 -0.608019
0.881196 -0.432975 -0.189808
0.616705 -0.430473 -0.659066
0.735848 0.085493 0.671728
0.405426 0.310928 0.859624
0.662479 0.103799 0.741854
-0.275447 0.024484 -0.961004
-0.440493 -0.226364 -0.868749
-0.329704 -0.580034 -0.744886
-0.941491 0.210918 0.262884
-0.812230 0.195424 0.549629
-0.889007 0.192465 0.415481
0.048777 -0.304855 -0.951149
0.061052 -0.317469 -0.946301
-0.262643 -0.186294 -0.946738
-0.641315 -0.076347 -0.763470
-0.425156 -0.146816 -0.893133
-0.694812 0.000000 -0.719191
-0.303628 -0.932353 -0.196285
-0.538672 -0.685583 -0.489702
-0.329704 -0.744886 -0.580034
-0.155447 0.024384 0.987543
-0.511246 -0.231278 0.827731
-0.042726 -0.439466 0.897243
-0.196806 0.170871 -0.965438
0.070109 0.560874 -0.824927
-0.439364 -0.073227 -0.895319
-0.305605 0.948743 -0.080582
-0.206099 0.867142 0.453418
0.264208 0.923540 0.277973
-0.256086 0.021340 -0.966419
-0.234894 -0.146427 -0.960929
-0.382118 -0.085594 -0.920141
-0.023490 -0.177222 -0.983890
0.259777 -0.298958 -0.918227
0.152595 -0.305190 -0.939986
-0.491793 -0.016037 -0.870565
-0.430432 -0.141951 -0.891391
-0.838002 0.100560 -0.536321
-0.726184 0.161713 0.668211
-0.745979 0.241526 0.620630
-0.659604 0.024430 0.751216
0.627519 -0.073242 -0.775148
0.349888 -0.476573 -0.806509
0.252400 -0.378218 -0.890643
-0.380685 -0.733851 -0.562619
-0.384952 -0.693826 -0.608619
-0.268467 -0.866418 -0.421006
0.863090 -0.304979 -0.402572
0.855736 -0.292611 -0.426725
0.940635 -0.293185 -0.171024
0.718711 0.036545 0.694348
0.500326 0.097625 0.860316
0.761995 0.012216 0.647467
-0.088329 0.079191 -0.992938
-0.393371 -0.091482 -0.914817
-0.478458 0.027428 -0.877682
-0.305308 0.686944 0.659466
-0.717863 0.470429 0.513195
-0.523913 0.456901 0.718858
0.514118 -0.024409 0.857372
0.184254 0.268006 0.945634
0.401429 -0.012211 0.915809
-0.109768 0.231732 0.966567
-0.287238 0.207789 0.935050
-0.422384 0.183645 0.887618
-0.238554 0.697313 0.675904
-0.561286 0.549084 0.619245
-0.128163 0.518753 0.845263
-0.039570 0.328736 0.943593
-0.122258 0.275081 0.953616
0.201321 0.231824 0.951697
-0.210943 -0.898700 -0.384503
0.073073 -0.339485 -0.937769
0.079359 -0.973679 0.213660
0.143190 -0.624553 0.767743
-0.151321 -0.326275 0.933085
-0.222641 -0.322873 0.919883
-0.063803 -0.164064 0.984384
-0.247392 -0.232121 0.940700
0.052135 -0.267908 0.962033
0.045933 0.116363 0.992144
-0.019861 0.208731 0.977771
-0.085939 0.167274 0.982158
0.981698 -0.177034 -0.070203
0.847965 -0.244348 -0.470371
0.828097 -0.219720 -0.515731
0.410278 0.603978 0.683288
0.281911 0.140383 0.949115
0.274939 0.427534 0.861176
-0.079351 -0.180067 -0.980449
-0.288402 0.018311 -0.957334
-0.105659 -0.030515 -0.993934
-0.186065 0.463637 0.866268
-0.227727 0.497830 0.836843
-0.154092 0.543136 0.825384
-0.183169 0.451816 0.873104
0.060190 0.424290 0.903524
-0.140626 0.372965 0.917127
-0.992067 0.109891 -0.061050
-0.731571 -0.055097 -0.679535
-0.908212 0.179814 -0.377914
0.616828 0.219860 0.755767
-0.207452 -0.927433 -0.311178
-0.231405 -0.858191 -0.458213
-0.556544 -0.318025 0.767541
-0.323776 -0.543699 0.774313
-0.265127 -0.463210 0.845662
0.448773 -0.109904 -0.886862
0.500766 -0.360307 -0.787027
0.251649 -0.183018 -0.950357
0.711302 -0.134323 -0.689932
0.865592 -0.390126 -0.313930
0.634568 -0.256268 -0.729143
-0.512376 -0.097595 -0.853198
-0.683250 0.091507 -0.724428
-0.669864 -0.036621 -0.741580
-0.717444 0.439626 0.540373
-0.769879 0.462536 0.439713
-0.977483 0.195497 0.079421
-0.110398 -0.969052 -0.220797
0.024542 -0.662639 -0.748537
-0.170226 -0.948403 -0.267498
-0.244207 -0.598307 0.763146
-0.067051 -0.658316 0.749749
0.113086 -0.317864 0.941368
0.576294 -0.434507 0.692162
0.662515 -0.438115 0.607560
0.676876 -0.140254 0.722611
0.842682 -0.033585 0.537363
0.676822 0.080792 0.731700
0.685640 0.062469 0.725255
0.921238 -0.268885 0.281107
0.670622 -0.439202 -0.597803
0.753373 -0.329869 -0.568872
0.358888 0.932495 0.040643
0.125130 0.817921 -0.561558
0.213217 0.487352 -0.846774
0.592971 0.024390 0.804855
0.494424 0.097664 0.863717
0.628212 0.073190 0.774592
0.920197 -0.390017 0.033517
0.979146 -0.152515 -0.134213
0.643143 -0.451115 -0.618759
0.207447 -0.183042 -0.960969
-0.268660 0.170965 -0.947941
-0.830209 0.183134 -0.526511
-0.676562 0.195045 0.710085
-0.852944 0.219329 0.473689
-0.866160 0.170792 0.469678
-0.280612 -0.317213 0.905888
-0.152758 -0.053465 0.986816
-0.433269 0.045768 0.900102
-0.016813 0.081532 0.996529
-0.228714 0.191358 0.954501
-0.042631 -0.024361 0.998794
-0.240507 -0.968118 -0.070021
-0.182832 -0.719138 -0.670383
0.059628 -0.996866 0.051984
0.170140 -0.170903 -0.970487
0.164282 -0.493989 -0.853807
-0.416047 0.454771 -0.787457
-0.543216 0.024414 -0.839238
-0.232026 -0.097695 -0.967791
-0.623018 0.024432 -0.781826
-0.579988 0.293047 0.760090
-0.724704 0.304498 0.618130
-0.899137 0.195731 0.391461
0.311436 -0.580126 -0.752637
-0.111327 -0.667960 -0.735823
0.027468 -0.589038 -0.807638
-0.424094 -0.085429 -0.901580
-0.288402 0.018311 -0.957334
-0.079351 -0.180067 -0.980449
-0.783842 0.275260 0.556619
-0.658962 0.222705 0.718451
-0.728919 0.268388 0.629798
-0.302009 0.140327 -0.942920
-0.259488 0.004579 -0.965735
-0.600745 0.214988 -0.769991
0.332421 -0.579449 -0.744134
0.687535 -0.445391 -0.573518
0.606101 -0.685257 -0.403812
0.562041 -0.092012 0.821975
0.727710 -0.525908 0.440295
0.525129 -0.110071 0.843875
0.891820 -0.256551 -0.372610
0.706421 -0.243593 -0.664554
0.796246 -0.207849 -0.568147
0.672453 -0.292106 -0.680060
0.711188 -0.317440 -0.627250
0.872255 -0.146392 -0.466626
0.751216 0.024430 0.659604
0.893820 -0.115922 0.433183
0.827251 0.036564 0.560642
0.827251 0.036564 0.560642
0.892403 -0.213932 0.397303
0.737044 0.287478 0.611655
-0.320514 -0.042735 -0.946279
-0.823320 0.103677 -0.558028
-0.036614 0.012205 -0.999255
-0.103803 0.152652 -0.982814
-0.481367 0.140145 -0.865243
-0.342237 0.446131 -0.826947
-0.122361 -0.636276 -0.761696
-0.109245 -0.679747 -0.725265
-0.140851 -0.783868 -0.604742
-0.145547 -0.921795 -0.359318
0.000000 -0.536974 -0.843599
-0.018303 -0.536884 -0.843457
0.335123 0.206819 0.919195
0.672777 -0.030546 0.739215
0.617476 0.036546 0.785740
0.981263 -0.125138 -0.146503
0.977132 -0.047256 -0.207317
0.689832 -0.254872 -0.677623
0.077377 -0.231750 0.969693
-0.024444 -0.177218 0.983868
-0.133010 -0.318001 0.938714
0.075926 0.064098 0.995051
0.303090 -0.018323 0.952786
0.192246 0.059505 0.979541
-0.155447 0.024384 0.987543
-0.042726 -0.439466 0.897243
0.030582 -0.171261 0.984751
0.167418 0.152198 0.974067
-0.009159 0.183175 0.983038
0.139068 0.000000 0.990283
0.093107 0.650224 0.754016
0.156450 0.780534 0.605219
0.103819 0.720624 0.685509
0.244208 0.296102 0.923410
0.579748 -0.012587 0.814699
0.506328 0.265365 0.820496
-0.592411 0.274830 0.757309
-0.438402 0.245412 0.864625
-0.467154 0.363342 0.806070
-0.849195 0.227572 0.476527
-0.904831 0.360710 0.226208
-0.972495 -0.015291 0.232420
-0.079391 -0.491610 -0.867189
-0.308419 -0.207648 -0.928310
-0.253169 -0.173863 -0.951671
-0.827752 0.281008 0.485655
-0.812336 0.403114 0.421437
-0.930895 0.360150 0.061042
0.389793 0.548146 -0.739998
0.745177 0.207672 -0.633706
0.522299 0.219915 -0.823918
0.201621 0.745387 0.635412
0.085454 0.927791 0.363181
0.140834 0.673552 0.725599
0.341106 0.512946 0.787739
0.286703 0.555105 0.780807
0.352999 0.852700 0.385090
0.593003 0.716799 0.366806
0.489768 0.529437 0.692693
0.431196 0.801445 0.414435
0.535651 -0.225537 0.813763
0.229562 -0.476298 0.848788
0.542786 -0.207648 0.813797
-0.204954 -0.917704 -0.340315
-0.036576 -0.731516 -0.680843
-0.147387 -0.838737 -0.524211
-0.082484 -0.989808 -0.116089
0.003053 -0.964900 -0.262599
-0.024430 -0.659604 -0.751216
-0.191013 -0.458430 0.867961
-0.281865 -0.591155 0.755703
-0.332444 -0.321818 0.886518
0.076286 0.720138 0.689624
0.168317 0.979296 0.112466
0.018285 0.853290 0.521116
-0.359997 0.427115 -0.829442
-0.536579 -0.060975 -0.841644
-0.641730 0.110011 -0.758999
0.030157 0.248887 0.968063
0.186625 0.081840 0.979016
0.187895 0.236778 0.953222
-0.154092 0.543136 0.825384
-0.227727 0.497830 0.836843
-0.125125 0.488291 0.863664
0.175541 0.799858 0.573944
0.298672 0.932588 0.202670
0.223058 0.751676 0.620667
0.692133 -0.073177 0.718050
0.725859 0.012199 0.687736
0.562341 0.372856 0.738072
-0.862486 -0.067286 -0.501588
-0.299059 -0.164787 -0.939898
-0.164863 -0.244242 -0.955597
-0.891467 0.244238 0.381621
-0.871093 0.243663 0.426409
-0.757136 0.317509 0.570905
-0.686164 -0.250069 -0.683114
-0.799669 -0.155661 -0.579913
-0.393371 -0.091482 -0.914817
-0.966997 0.147948 0.207432
-0.796345 0.191840 0.573613
-0.846292 0.225321 0.482722
-0.420691 -0.695056 -0.583024
-0.195228 -0.567382 -0.799978
-0.262632 -0.861189 -0.435175
-0.219560 0.182967 -0.958288
-0.481367 0.140145 -0.865243
-0.712659 0.304555 -0.631952
0.586791 -0.170495 -0.791585
0.555921 -0.220265 -0.801521
0.228024 -0.231837 -0.945651
0.932555 -0.024420 0.360201
0.981250 0.036625 0.189230
0.948519 -0.085397 0.304990
-0.861134 0.140469 0.488587
-0.550533 0.397608 0.734045
-0.737873 0.213434 0.640303
-0.840901 -0.073122 0.536227
-0.720410 -0.317469 0.616622
-0.413132 -0.473886 0.777659
0.170852 0.390519 -0.904602
0.365472 0.548208 -0.752263
0.234882 0.359949 -0.902922
0.438084 -0.268651 -0.857851
0.855736 -0.292611 -0.426725
0.602526 -0.328650 -0.727291
0.223217 -0.500616 0.836396
0.131363 -0.329936 0.934819
0.035599 -0.706659 0.706659
-0.117545 -0.806024 -0.580093
0.377287 -0.748171 -0.545797
-0.405679 -0.869530 -0.281679
-0.623192 0.464339 0.629302
-0.389715 0.438430 0.809877
-0.334856 0.438357 0.834095
-0.892570 -0.097816 -0.440171
-0.872763 0.329575 -0.360091
-0.851508 -0.036493 -0.523070
0.411482 -0.371858 -0.832108
0.194290 -0.347437 -0.917354
0.942783 -0.164758 0.289852
0.000000 0.225974 -0.974133
0.023649 0.061031 -0.997856
-0.026663 -0.018283 -0.999477
-0.048719 0.267954 0.962199
-0.009159 0.183175 0.983038
0.141630 0.231481 0.962475
-0.183169 0.451816 0.873104
-0.170497 0.578473 0.797684
0.105382 0.367211 0.924148
-0.259881 0.409694 -0.874422
-0.186415 0.210862 -0.959576
-0.441954 0.134110 -0.886956
-0.256086 0.021340 -0.966419
-0.382118 -0.085594 -0.920141
-0.441954 0.134110 -0.886956
0.507558 -0.710276 0.487743
0.485209 -0.739076 0.467267
0.814759 -0.579791 0.003052
0.514657 -0.562000 -0.647521
0.413047 -0.659044 -0.628533
0.192077 -0.506485 -0.840582
0.178488 0.707849 0.683441
-0.094426 0.724946 0.682302
0.074036 0.958654 0.274774
-0.103662 0.859788 0.500019
-0.071492 0.821400 0.565854
-0.059390 0.913699 0.402028
-0.010680 -0.115949 0.993198
0.126676 0.366293 0.921837
-0.251887 0.409125 0.877023
-0.750102 -0.006098 -0.661294
-0.448711 0.164833 -0.878344
-0.597436 0.243852 -0.763941
0.085454 0.927791 0.363181
-0.032060 0.842725 0.537390
0.140834 0.673552 0.725599
-0.277902 0.572947 0.771040
-0.362742 0.499914 0.786450
-0.098134 0.476541 0.873658
-0.117545 -0.806024 -0.580093
-0.123998 -0.575593 -0.808280
0.349888 -0.476573 -0.806509
-0.271988 -0.415622 -0.867917
-0.364636 -0.546953 -0.753580
-0.449281 -0.342309 -0.825210
0.143965 0.869918 0.471716
0.228053 0.881599 0.413250
0.130480 0.971013 0.200271
0.132030 0.085476 -0.987554
-0.098139 -0.281052 -0.954661
0.321407 0.012208 -0.946863
-0.110398 -0.969052 -0.220797
-0.170226 -0.948403 -0.267498
-0.091379 -0.731028 -0.676201
-0.480732 0.194727 0.854973
-0.723434 -0.145903 0.674800
-0.560309 0.389780 0.730838
-0.680872 0.222886 0.697664
-0.873703 0.226063 0.430742
-0.775175 0.189216 0.602744
-0.210756 0.134395 0.968256
-0.308596 0.042776 0.950231
-0.155820 0.042774 0.986859
-0.161492 -0.463146 0.871445
-0.244207 -0.598307 0.763146
0.113086 -0.317864 0.941368
0.458872 0.048946 0.887153
0.244645 0.134555 0.960231
0.168256 0.036710 0.985060
-0.762448 0.153252 -0.628639
-0.222857 0.319785 -0.920908
-0.655506 -0.070124 -0.751927
-0.393755 -0.060284 -0.917236
-0.817130 0.025726 -0.575879
-0.378162 0.041266 -0.924819
-0.305375 0.116042 -0.945135
-0.335852 -0.177085 -0.925119
-0.115866 -0.201241 -0.972665
0.391187 -0.027505 -0.919900
0.412582 0.018337 -0.910736
0.128303 0.299373 -0.945470
0.540449 -0.148433 -0.828180
0.472292 -0.264993 -0.840666
0.246789 -0.241838 -0.938408
-0.244474 -0.256507 -0.935113
0.035123 -0.235598 -0.971216
0.018329 -0.320753 -0.946986
-0.232326 0.340846 0.910960
0.074715 0.748676 0.658713
-0.278131 0.755690 0.592938
-0.572223 -0.004590 -0.820085
-0.253363 -0.416675 -0.873034
-0.985063 0.158586 0.067094
0.265297 0.530594 -0.805039
0.354126 0.189274 -0.915844
0.324378 0.286306 -0.901559
-0.391432 0.801212 0.452593
-0.054970 0.971138 -0.232096
-0.277407 0.877947 0.390199
-0.207506 0.036619 -0.977548
0.257992 0.158764 -0.953013
0.254866 -0.061046 -0.965048
0.688851 -0.207494 -0.694572
0.832898 -0.036611 -0.552214
0.849254 -0.292873 -0.439309
-0.688050 0.039578 0.724583
-0.611275 -0.357596 0.706023
-0.659604 0.024430 0.751216
-0.403001 -0.806003 -0.433532
-0.683677 -0.500549 -0.531071
-0.125003 -0.405497 -0.905509
0.328200 0.158757 0.931172
0.362776 0.097553 0.926756
0.599078 0.097809 0.794695
0.803471 -0.280795 -0.524965
0.735171 -0.354594 -0.577743
0.960685 0.000000 0.277641
-0.155383 0.359514 -0.920112
-0.142060 -0.006110 -0.989839
-0.497370 0.314289 -0.808607
0.604680 -0.338987 0.720729
0.637447 -0.161649 0.753347
0.029748 -0.356979 0.933639
0.339232 0.160087 0.926981
-0.019861 0.208731 0.977771
0.045933 0.116363 0.992144
-0.159605 0.456013 0.875545
-0.007644 0.336327 0.941714
0.220861 0.290909 0.930909
-0.881585 0.420965 0.213533
-0.720101 0.439384 0.537025
-0.873023 0.402934 0.274728
-0.562371 0.512078 0.649242
-0.427969 0.623611 0.654180
-0.739689 0.512445 0.436188
-0.753992 0.027473 -0.656309
-0.521660 -0.256254 -0.813759
-0.527423 -0.265236 -0.807140
-0.720410 0.415152 0.555570
-0.499927 0.435912 0.748367
-0.683059 0.382696 0.622072
-0.193831 -0.188880 0.962681
-0.269326 -0.165268 0.948762
-0.254676 -0.253151 0.933303
0.213407 0.195115 0.957281
-0.151914 -0.054826 0.986872
0.208060 0.039703 0.977310
-0.420915 0.146405 -0.895207
-0.578894 0.000000 -0.815403
-0.561628 -0.293023 -0.773765
-0.578894 0.000000 -0.815403
-0.195708 -0.342490 -0.918912
-0.561628 -0.293023 -0.773765
0.687535 -0.445391 -0.573518
0.925222 -0.317568 -0.207641
0.606101 -0.685257 -0.403812
0.987253 -0.134279 -0.085450
0.732417 -0.162249 -0.661242
0.564875 -0.217377 -0.796030
0.695665 -0.347833 -0.628540
0.175628 0.088578 -0.980464
0.112913 -0.491322 -0.863628
-0.746441 -0.348847 -0.566686
0.022900 0.885480 -0.464113
0.064086 0.903304 -0.424187
0.345862 -0.538687 0.768242
0.535689 -0.244887 0.808126
0.151761 -0.461352 0.874141
0.082402 0.146493 0.985774
0.122146 -0.012215 0.992437
0.336236 -0.024454 0.941460
-0.123728 -0.537683 -0.834020
-0.113088 -0.378999 -0.918461
-0.076549 -0.526654 -0.846626
-0.623197 -0.292552 -0.725285
-0.698295 0.268341 -0.663609
-0.210925 -0.379053 -0.901016
0.223084 -0.187941 -0.956510
0.097798 -0.227686 -0.968811
0.070140 -0.137230 -0.988053
-0.174004 -0.232006 -0.957024
-0.024428 -0.482449 -0.875584
0.128090 -0.327086 -0.936273
0.593302 -0.372148 -0.713792
0.088605 -0.256649 -0.962435
0.482039 -0.408818 -0.774923
0.932416 -0.219751 0.286897
0.954100 -0.021338 0.298728
0.841589 -0.060985 0.536665
0.722866 -0.158603 0.672540
0.756491 -0.158619 0.634477
0.845097 -0.207461 0.492719
0.845296 -0.241840 -0.476433
0.966791 -0.029164 -0.253897
0.637748 -0.260897 -0.724714
0.686397 -0.124314 -0.716523
0.479324 -0.135859 -0.867058
0.250297 -0.022893 -0.967898
0.485238 -0.192264 -0.852982
0.923848 -0.009147 0.382650
0.810972 -0.579266 -0.082317
0.866999 -0.494556 -0.061056
0.865688 -0.215277 -0.451929
0.970446 -0.204465 -0.128172
0.989130 -0.146538 -0.012211
0.993690 -0.103716 0.042707
0.947624 -0.140389 -0.286881
-0.140469 -0.732880 0.665699
0.345862 -0.538687 0.768242
0.151761 -0.461352 0.874141
-0.250156 -0.903001 -0.349303
-0.109245 -0.679747 -0.725265
-0.122361 -0.636276 -0.761696
-0.240735 -0.326059 0.914184
-0.390229 -0.359743 0.847530
-0.296175 -0.619831 0.726698
-0.299030 -0.816231 -0.494316
-0.030541 -0.871943 -0.488654
0.149598 -0.731199 -0.665559
0.278151 0.085585 -0.956717
0.332648 0.280767 -0.900286
0.412582 0.018337 -0.910736
0.085326 0.865452 0.493673
0.079449 0.818933 0.568364
0.250583 0.959549 0.128347
0.422779 0.183154 -0.887532
0.345082 0.378674 -0.858792
0.751283 0.329246 -0.571989
0.069383 0.731950 0.677816
-0.030222 0.997501 0.063864
0.244390 0.959346 0.141170
0.928224 0.103815 0.357244
0.281000 -0.447272 -0.849110
0.180098 -0.233898 -0.955435
0.696316 0.007635 0.717694
0.762627 -0.140228 0.631455
0.859159 -0.102044 0.501431
-0.091379 -0.731028 -0.676201
-0.237924 -0.439245 -0.866289
0.033499 -0.535983 -0.843564
0.131324 0.024432 -0.991038
0.122205 -0.195527 -0.973055
0.033505 -0.207123 -0.977741
-0.030553 0.207762 0.977702
-0.287238 0.207789 0.935050
-0.109768 0.231732 0.966567
0.076286 0.720138 0.689624
0.018285 0.853290 0.521116
-0.085597 0.330159 0.940036
0.535651 -0.225537 0.813763
0.542786 -0.207648 0.813797
0.646095 -0.054922 0.761278
0.706303 -0.262385 -0.657488
0.385856 -0.073206 -0.919650
0.500614 -0.146521 -0.853181
-0.720410 -0.317469 0.616622
-0.414626 -0.658524 0.628037
-0.413132 -0.473886 0.777659
-0.278397 -0.434421 0.856606
0.024318 -0.656587 0.753859
-0.238538 -0.422028 0.874638
0.756347 -0.157223 -0.634996
0.905033 -0.235232 -0.354376
0.995212 0.076320 -0.061056
0.732417 -0.162249 -0.661242
0.955112 -0.094596 -0.280736
0.910853 -0.213243 -0.353375
0.200917 -0.560133 0.803669
0.593887 -0.729068 0.340232
0.416999 -0.706160 0.572233
-0.115491 -0.923931 -0.364710
-0.079212 -0.597139 -0.798217
0.119050 -0.805879 -0.579988
-0.443450 0.318061 0.837968
-0.908257 0.110092 0.403670
-0.717863 0.470429 0.513195
-0.302396 0.586465 -0.751409
0.149855 0.611655 0.776802
-0.277407 0.877947 0.390199
-0.796345 0.191840 0.573613
-0.812260 0.177109 0.555757
-0.542684 0.218655 0.810977
-0.640094 0.214889 0.737633
-0.561770 -0.122124 -0.818230
-0.917469 0.013762 -0.397570
-0.494694 0.415299 0.763417
-0.592146 0.384590 0.708134
-0.456681 0.274009 0.846382
-0.362319 0.109609 0.925587
-0.578698 0.194930 0.791903
-0.356812 -0.042695 0.933200
0.411974 -0.604228 -0.682045
0.793899 0.006107 -0.608019
0.262496 -0.524992 -0.809617
0.164710 0.231815 -0.958714
0.411853 -0.079320 -0.907792
0.091561 -0.012208 -0.995725
0.591584 -0.146371 0.792845
0.174178 0.268907 0.947286
0.559463 0.024457 0.828494
0.523913 0.718858 0.456901
0.067350 0.563292 0.823508
0.253567 0.867626 0.427703
0.935932 -0.344496 -0.073167
0.622181 -0.434612 -0.651155
0.830969 -0.348274 -0.433815
0.311436 -0.580126 -0.752637
0.375087 -0.509265 -0.774570
0.830969 -0.348274 -0.433815
0.085435 -0.427177 -0.900123
0.207467 -0.482055 -0.851223
0.443201 -0.848261 -0.289873
0.085435 -0.427177 -0.900123
-0.076213 -0.417646 -0.905408
0.207467 -0.482055 -0.851223
0.083993 0.349715 0.933083
-0.019053 0.244643 0.969426
0.134382 0.180957 0.974267
-0.019053 0.244643 0.969426
-0.139001 0.206973 0.968422
-0.050297 0.126504 0.990690
0.503590 0.634828 -0.585995
0.255967 0.482898 -0.837431
0.307144 0.725561 -0.615812
0.281421 0.299774 -0.911558
0.233531 0.122108 -0.964652
0.460071 0.842319 -0.280773
-0.879780 0.256603 0.400178
-0.800455 0.219972 0.557569
-0.604265 0.122074 0.787376
-0.250413 0.012215 -0.968062
0.207447 -0.183042 -0.960969
-0.652935 0.134248 -0.745421
0.236480 -0.427190 -0.872689
0.161974 -0.446191 -0.880158
0.157225 -0.369402 -0.915873
0.006112 -0.385042 -0.922879
-0.024430 -0.659604 -0.751216
-0.329704 -0.580034 -0.744886
-0.530123 -0.039988 -0.846978
-0.368371 0.371035 -0.852429
-0.110026 -0.657099 -0.745731
-0.121272 0.973226 0.195255
0.243649 0.523845 -0.816224
-0.111529 0.248181 -0.962272
-0.201287 -0.256183 0.945438
-0.042641 0.012183 0.999016
-0.139867 -0.462171 0.875692
-0.244521 -0.647982 0.721338
-0.649342 -0.759608 -0.036755
-0.304877 -0.231706 0.923776
0.129219 0.036701 0.990937
-0.063803 -0.164064 0.984384
0.052135 -0.267908 0.962033
0.310075 -0.184089 0.932719
0.583061 0.182682 0.791623
0.435443 0.110152 0.893452
0.229108 -0.125246 -0.965310
0.574169 -0.642886 -0.506979
0.725957 -0.216567 -0.652752
0.369794 -0.009168 0.929069
0.422689 -0.306164 0.852994
0.678722 -0.057958 0.732105
-0.700985 0.000000 -0.713176
-0.752438 0.073409 -0.654560
-0.440493 -0.226364 -0.868749
-0.793377 0.262425 0.549261
-0.550533 0.397608 0.734045
-0.935447 0.229276 0.269018
-0.904538 0.426382 -0.003046
-0.891883 0.409289 0.192427
-0.658497 0.518261 0.545699
-0.818108 0.036632 -0.573897
-0.585616 0.463613 0.664919
-0.558412 -0.042720 -0.828463
-0.158715 -0.207551 0.965263
-0.726796 -0.213764 0.652742
-0.500612 -0.402932 0.766181
-0.867435 0.445935 -0.220677
-0.950239 0.176647 -0.256595
-0.146491 0.152595 0.977372
-0.076187 -0.246847 0.966055
0.096221 -0.287135 0.953045
0.129592 0.033542 0.991000
0.091616 -0.580237 0.809278
0.604680 -0.338987 0.720729
0.285090 -0.219534 0.933021
-0.646750 0.298970 0.701663
-0.746181 0.232417 0.623856
-0.556515 0.220160 0.801137
-0.743336 0.231531 0.627571
-0.723434 -0.145903 0.674800
-0.523379 -0.012172 0.852013
0.131434 0.758038 0.638830
0.091535 0.634641 0.767367
0.220151 0.892836 0.392909
0.210230 0.968885 -0.130632
0.188842 0.548251 -0.814714
-0.012201 0.799162 -0.600992
0.597605 0.353685 0.719566
0.115791 0.865387 0.487542
0.277139 0.743098 0.609097
0.894741 -0.347531 -0.280464
0.910470 0.265363 -0.317216
0.566703 -0.476580 -0.672100
0.992437 0.012215 0.122146
0.112666 -0.353222 -0.928731
0.643143 -0.451115 -0.618759
0.593653 -0.660974 -0.459010
0.642169 -0.523474 0.559995
0.861500 0.061099 0.504069
0.244645 0.134555 0.960231
0.458872 0.048946 0.887153
0.443450 0.195730 0.874667
0.331835 0.182661 0.925484
0.128249 0.323675 0.937436
0.201321 0.231824 0.951697
0.399247 -0.560775 -0.725350
0.622064 -0.365920 -0.692199
0.742653 -0.500185 -0.445287
0.119050 -0.805879 -0.579988
0.544539 -0.770920 -0.330394
-0.115491 -0.923931 -0.364710
-0.710510 0.314088 0.629701
-0.783842 0.275260 0.556619
-0.509654 0.332648 0.793472
-0.739063 0.007635 -0.673593
-0.600745 0.214988 -0.769991
-0.259488 0.004579 -0.965735
-0.526026 -0.103982 -0.844088
-0.234894 -0.146427 -0.960929
-0.262092 -0.146284 -0.953892
-0.449281 -0.342309 -0.825210
-0.351347 -0.158870 -0.922668
-0.225087 -0.267671 -0.936850
0.704287 -0.305216 -0.640955
0.895265 -0.292954 -0.335677
0.866731 -0.128136 -0.482036
0.803471 -0.280795 -0.524965
0.925707 -0.280841 -0.253367
0.735171 -0.354594 -0.577743
-0.838002 0.100560 -0.536321
-0.758038 -0.131434 -0.638830
-0.414620 -0.138715 -0.899360
-0.726085 0.334060 0.601003
-0.860896 0.373971 0.344969
-0.707874 0.385402 0.591929
0.892282 -0.146426 -0.427075
0.304510 -0.361128 -0.881397
0.586002 -0.422288 -0.691574
0.144599 -0.255713 -0.955878
0.556838 -0.596395 -0.578138
0.731625 0.110088 -0.672759
0.737044 0.287478 0.611655
0.593003 0.716799 0.366806
0.551381 0.502505 0.665934
-0.067109 -0.390453 -0.918174
-0.591403 -0.131084 -0.795650
-0.508993 -0.682721 -0.524232
-0.225907 -0.024422 -0.973843
0.231587 -0.255964 -0.938536
-0.829141 -0.036580 -0.557841
-0.592113 0.012209 -0.805762
-0.573616 -0.085432 -0.814657
-0.409656 -0.599198 -0.687855
-0.989609 0.140500 -0.030544
-0.901351 0.024361 -0.432405
-0.965860 0.244521 -0.085583
-0.277438 -0.274389 -0.920727
-0.909721 0.006106 -0.415175
-0.953349 0.158891 0.256671
-0.402279 -0.700941 -0.588943
-0.195228 -0.567382 -0.799978
-0.305383 -0.201553 -0.930654
-0.204954 -0.917704 -0.340315
-0.112938 -0.604371 -0.788658
-0.036576 -0.731516 -0.680843
-0.110634 -0.061039 -0.991985
-0.063733 -0.177077 -0.982131
-0.589022 -0.219739 -0.777669
-0.123728 -0.537683 -0.834020
-0.695801 -0.061035 -0.715637
-0.113088 -0.378999 -0.918461
-0.871093 0.243663 0.426409
-0.646750 0.298970 0.701663
-0.757136 0.317509 0.570905
-0.286681 0.457470 0.841745
-0.341457 0.335360 0.878032
-0.039570 0.328736 0.943593
-0.853179 0.024377 -0.521048
-0.189133 -0.073213 -0.979218
-0.268561 -0.061037 -0.961327
-0.824183 0.109891 -0.555560
-0.219552 -0.170763 -0.960540
-0.371751 -0.060943 -0.926330
0.500614 -0.146521 -0.853181
0.385856 -0.073206 -0.919650
0.925287 -0.244300 -0.290106
0.917867 -0.277956 -0.283302
0.930590 -0.300535 -0.209001
0.667710 -0.207326 -0.714968
0.705044 -0.170920 0.688258
0.447407 -0.085511 0.890233
0.764644 -0.170598 0.621463
0.891058 -0.256332 -0.374580
0.912212 -0.293129 -0.286259
0.360645 -0.207829 -0.909254
-0.393371 -0.091482 -0.914817
-0.088329 0.079191 -0.992938
0.062479 0.094480 -0.993564
0.265297 0.530594 -0.805039
0.324378 0.286306 -0.901559
0.284430 0.623912 -0.727897
0.514657 -0.562000 -0.647521
0.192077 -0.506485 -0.840582
0.148937 -0.549923 -0.821829
0.613389 -0.476063 -0.630173
0.514657 -0.562000 -0.647521
0.354265 -0.513073 -0.781826
-0.808675 0.225819 0.543185
0.244333 0.143546 0.959008
-0.902305 0.180461 0.391509
-0.588161 0.220560 0.778087
-0.311097 0.347697 0.884492
-0.953349 0.158891 0.256671
0.055704 -0.018314 -0.998279
0.164710 0.231815 -0.958714
0.091561 -0.012208 -0.995725
0.105154 0.841236 0.530344
0.298672 0.932588 0.202670
0.093785 0.992258 0.081420
0.223217 -0.500616 0.836396
0.035599 -0.706659 0.706659
0.424424 -0.599277 0.678772
0.681244 -0.403248 -0.610981
-0.561247 0.427617 -0.708622
-0.001528 -0.207859 -0.978158
0.964163 -0.134251 0.228836
0.769535 -0.482486 -0.418358
0.796465 -0.585905 0.149528
0.880734 -0.440367 -0.174312
0.639880 -0.458148 -0.616972
0.793184 -0.372187 -0.482012
-0.415197 0.714384 0.563264
-0.500574 0.231973 0.834035
-0.391259 0.476847 0.787104
-0.299270 -0.109936 -0.947814
-0.061039 -0.183116 -0.981195
-0.164839 -0.122103 -0.978733
-0.335950 -0.061082 -0.939897
-0.800971 0.110057 -0.588500
-0.628730 0.122083 -0.767981
0.257992 0.158764 -0.953013
-0.134298 0.024418 -0.990640
-0.122111 0.012211 -0.992441
-0.584747 -0.146187 0.797935
-0.323911 -0.562260 0.760885
-0.268321 -0.292714 0.917781
-0.422384 0.183645 0.887618
-0.274523 0.085407 0.957780
-0.170763 0.219552 0.960540
-0.271593 -0.176993 -0.945997
-0.201443 -0.253330 -0.946173
0.048686 -0.310370 -0.949368
-0.661149 0.033514 -0.749506
-0.617010 -0.088581 -0.781954
-0.832229 0.239685 -0.499947
0.059501 -0.207490 -0.976426
-0.079271 -0.076222 -0.993935
-0.058099 -0.057908 -0.996630
0.447771 -0.313287 -0.837468
0.242623 0.105289 -0.964390
0.760214 -0.122123 -0.638091
0.469852 0.305595 0.828161
0.130109 0.042671 0.990581
-0.166952 0.097805 0.981102
0.187480 0.085357 0.978553
0.178723 -0.079433 0.980688
0.510359 0.079231 0.856304
0.161725 0.787266 0.595027
0.143556 0.565060 0.812465
0.448529 0.508028 0.735343
-0.051870 -0.294440 -0.954261
0.204432 -0.660590 -0.722377
0.457727 -0.161730 -0.874259
-0.311753 -0.611281 -0.727424
-0.303628 -0.932353 -0.196285
-0.284521 -0.930046 -0.232512
0.073104 -0.462993 0.883342
0.057779 -0.729834 0.681178
0.173802 -0.768389 0.615931
-0.697908 0.475431 0.535621
-0.428990 0.457996 0.778593
-0.557822 0.715234 0.421041
-0.697908 0.475431 0.535621
-0.695364 0.420878 0.582520
-0.428990 0.457996 0.778593
0.109583 0.649265 -0.752627
0.067673 0.936781 -0.343309
0.261214 0.779833 0.568882
0.575921 0.402963 0.711291
0.550190 0.109962 0.827767
0.749951 -0.036609 0.660479
0.462518 -0.256446 -0.848713
0.742653 -0.500185 -0.445287
0.883648 -0.097674 -0.457849
0.863090 -0.304979 -0.402572
0.565564 -0.329277 -0.756118
0.517821 -0.255865 -0.816330
0.977132 -0.047256 -0.207317
0.981263 -0.125138 -0.146503
0.436176 0.074729 0.896753
0.752988 0.016845 0.657818
0.521649 0.071919 0.850123
0.736217 0.066581 0.673462
-0.240735 -0.326059 0.914184
-0.204150 -0.176727 0.962856
-0.105234 -0.509394 0.854074
0.167174 -0.863078 -0.476602
0.096796 -0.330021 -0.938998
0.149788 -0.562470 -0.813136
-0.617589 0.523278 0.587166
-0.819940 0.489516 0.296769
-0.879768 0.354351 0.316930
0.686425 0.134384 -0.714676
-0.091821 0.624386 0.775700
0.016403 0.952154 0.305178
-0.650354 -0.036640 -0.758747
-0.113088 -0.378999 -0.918461
-0.641162 -0.079382 -0.763288
-0.818108 0.036632 -0.573897
-0.558412 -0.042720 -0.828463
0.256589 -0.262698 -0.930135
0.528624 -0.115779 0.840923
0.482940 -0.134065 0.865330
0.704816 0.103739 0.701764
0.814759 -0.579791 0.003052
0.789232 -0.457968 -0.409118
0.750209 -0.524537 0.402551
0.628356 -0.738614 -0.244170
0.606101 -0.685257 -0.403812
0.925222 -0.317568 -0.207641
0.117434 -0.671049 -0.732054
0.019276 -0.885547 -0.464149
0.067502 -0.960704 -0.269242
-0.192297 0.115989 -0.974458
-0.173905 -0.152548 -0.972875
-0.149549 -0.207538 -0.966728
0.145028 0.900702 -0.409514
0.028614 -0.091565 -0.995388
0.272820 0.962050 -0.005345
0.715894 0.526213 0.458907
0.449746 0.795470 0.406148
0.396212 0.828998 0.394688
0.146470 -0.512644 -0.846016
0.786856 0.408677 -0.462430
0.420732 0.231707 -0.877096
-0.849195 0.227572 0.476527
-0.746774 0.229159 0.624352
-0.740585 0.295625 0.603440
-0.746774 0.229159 0.624352
-0.889007 0.192465 0.415481
-0.812230 0.195424 0.549629
-0.152577 0.942924 0.295999
-0.051848 0.902771 0.426986
-0.180252 0.721008 0.669071
0.085326 0.865452 0.493673
0.137383 0.952522 0.271713
0.079449 0.818933 0.568364
0.904340 -0.268858 0.331489
0.727516 -0.660267 -0.186464
0.116040 -0.418356 -0.900840
0.796573 -0.122080 0.592088
0.583248 0.140468 0.800057
0.735848 0.085493 0.671728
0.079042 -0.243207 0.966748
-0.103865 0.097756 0.989776
0.091749 -0.795155 0.599425
-0.578473 -0.097427 -0.809862
-0.770171 -0.488997 -0.409535
-0.586665 -0.122222 -0.800553
-0.091863 -0.918629 -0.384293
0.341337 -0.646101 -0.682673
0.544207 -0.684845 -0.484589
0.970323 -0.097643 -0.221221
0.564526 -0.646916 -0.512650
0.593653 -0.660974 -0.459010
0.110645 -0.085464 -0.990179
-0.006103 0.006103 -0.999963
-0.030518 0.015259 -0.999418
-0.485055 0.268458 -0.832257
-0.125139 0.158712 -0.979362
-0.721425 0.012228 -0.692385
-0.840901 -0.073122 0.536227
-0.531645 0.238324 0.812745
-0.720410 -0.317469 0.616622
-0.329704 -0.580034 -0.744886
-0.024430 -0.659604 -0.751216
-0.097641 -0.915383 -0.390564
-0.300604 -0.116043 -0.946663
0.240633 0.901614 -0.359427
-0.209560 -0.219867 -0.952756
0.240879 0.493955 0.835455
0.396667 0.822265 0.408087
0.274939 0.427534 0.861176
0.583035 0.048781 0.810981
0.751216 0.024430 0.659604
0.512496 0.146101 0.846169
0.141630 0.231481 0.962475
-0.009159 0.183175 0.983038
0.167418 0.152198 0.974067
0.579748 -0.012587 0.814699
0.733050 -0.105376 0.671962
0.506328 0.265365 0.820496
0.442907 -0.010691 0.896504
0.479328 -0.071747 0.874698
0.722866 -0.158603 0.672540
0.945805 0.275032 -0.172659
0.359513 -0.109915 -0.926644
0.605559 -0.463703 -0.646744
-0.160374 -0.956494 0.243722
-0.349972 0.170792 -0.921059
-0.086470 -0.783586 -0.615237
-0.353394 0.289418 0.889579
0.113054 0.896790 0.427770
0.045714 0.324570 0.944757
0.122107 0.137371 0.982964
0.152917 0.082575 0.984783
-0.267771 0.164314 0.949368
-0.785336 0.244463 -0.568758
-0.485055 0.268458 -0.832257
-0.721425 0.012228 -0.692385
-0.895941 0.249888 0.367214
-0.873703 0.226063 0.430742
-0.555757 0.225967 0.800046
-0.393371 -0.091482 -0.914817
-0.803812 -0.210886 -0.556250
-0.478458 0.027428 -0.877682
-0.421437 0.164910 0.891737
-0.907273 -0.237474 -0.347077
-0.564839 0.106861 0.818253
-0.265127 -0.463210 0.845662
-0.323776 -0.543699 0.774313
-0.262234 -0.853785 0.449762
-0.009133 -0.681910 -0.731379
-0.076408 -0.586816 -0.806107
-0.061084 -0.842965 -0.534489
-0.762337 0.030493 -0.646462
-0.840371 0.006090 -0.541978
0.201601 -0.198547 -0.959133
-0.917469 0.013762 -0.397570
-0.561770 -0.122124 -0.818230
0.457845 -0.132775 -0.879062
-0.158583 0.294674 0.942347
-0.311041 0.273304 0.910252
-0.283999 0.186279 0.940556
-0.484925 0.158592 0.860056
-0.210756 0.134395 0.968256
-0.475910 0.227277 0.849621
-0.167916 -0.830423 -0.531227
-0.235778 -0.208220 0.949238
-0.247535 -0.929021 -0.275039
0.165185 0.599559 0.783098
-0.250443 -0.171034 0.952904
-0.139867 -0.462171 0.875692
-0.109318 -0.534444 0.838105
-0.294345 -0.490575 0.820181
-0.213745 -0.659555 0.720625
0.030499 -0.341584 0.939356
-0.163974 -0.777358 0.607311
-0.164411 -0.341001 0.925574
-0.311097 0.347697 0.884492
-0.231716 0.347574 0.908570
-0.644321 0.342009 0.684018
-0.956021 0.024357 -0.292287
-0.121813 0.401983 0.907508
-0.950566 0.085307 -0.298575
-0.550088 -0.036673 -0.834301
-0.718698 0.225354 0.657791
-0.806059 -0.054959 -0.589278
-0.968612 0.073103 0.237584
-0.801137 0.220160 0.556515
-0.647595 0.207719 0.733126
-0.950239 0.176647 -0.256595
-0.867435 0.445935 -0.220677
0.067133 0.036618 -0.997072
0.274520 0.000000 -0.961581
-0.158685 0.103755 -0.981863
-0.493533 -0.170604 -0.852830
-0.561770 -0.122124 -0.818230
0.421006 -0.268467 -0.866418
0.457845 -0.132775 -0.879062
-0.106955 -0.236828 -0.965647
-0.592538 -0.135154 -0.794123
0.656308 -0.276260 -0.702097
0.189230 -0.036625 -0.981250
0.000000 0.097690 -0.995217
-0.329549 -0.048822 -0.942875
-0.678419 -0.262811 -0.686059
-0.463574 0.012199 -0.885975
-0.299059 -0.164787 -0.939898
-0.086470 -0.783586 -0.615237
0.375388 -0.584190 0.719588
-0.160374 -0.956494 0.243722
-0.208946 -0.024402 0.977623
0.616828 0.219860 0.755767
-0.038219 0.366898 0.929476
-0.215849 0.972841 -0.083604
0.103833 0.207667 -0.972673
0.290085 -0.048856 -0.955753
0.265514 0.048830 -0.962870
0.390832 0.073281 -0.917540
0.342004 -0.036643 -0.938984
-0.206099 0.867142 0.453418
0.095824 0.919914 0.380231
-0.030222 0.997501 0.063864
-0.113306 0.636965 0.762520
-0.224149 0.731914 0.643474
-0.277902 0.572947 0.771040
-0.115866 -0.201241 -0.972665
-0.335852 -0.177085 -0.925119
0.042700 -0.213502 -0.976009
-0.597358 0.292584 0.746698
-0.543520 0.244279 0.803066
-0.822342 0.335028 0.459902
-0.080718 0.383793 0.919885
-0.059151 0.317505 0.946410
0.174357 0.293011 0.940077
0.628212 0.073190 0.774592
0.415371 0.194753 0.888560
0.592971 0.024390 0.804855
-0.081006 0.431011 -0.898703
-0.047322 0.300721 -0.952537
0.028917 0.162849 -0.986227
-0.186415 0.210862 -0.959576
-0.259881 0.409694 -0.874422
-0.239893 0.614248 -0.751766
-0.305308 0.686944 0.659466
-0.523913 0.456901 0.718858
-0.354516 0.482876 0.800718
-0.467154 0.363342 0.806070
-0.347529 0.329238 0.877967
-0.159605 0.456013 0.875545
-0.030564 -0.360654 -0.932199
0.177004 -0.054932 -0.982676
-0.519160 0.067185 -0.852033
0.170940 -0.515872 -0.839437
-0.831863 0.553556 0.039758
-0.727190 0.329985 -0.601918
0.039694 -0.354191 -0.934331
-0.173766 -0.341435 -0.923703
-0.775064 -0.244115 -0.582824
-0.632812 -0.036685 -0.773436
-0.253169 -0.173863 -0.951671
-0.721025 -0.058049 -0.690473
-0.853036 -0.063978 0.517915
-0.879731 0.387937 0.274916
-0.645562 0.408044 0.645562
-0.299030 -0.816231 -0.494316
0.149598 -0.731199 -0.665559
-0.445707 -0.668560 -0.595293
-0.207834 -0.134481 -0.968875
-0.592113 0.012209 -0.805762
-0.409656 -0.599198 -0.687855
-0.244521 -0.647982 0.721338
0.127807 -0.401678 -0.906819
-0.649342 -0.759608 -0.036755
0.257992 0.158764 -0.953013
0.453917 -0.061031 -0.888952
0.254866 -0.061046 -0.965048
0.132030 0.085476 -0.987554
0.321407 0.012208 -0.946863
0.405405 0.693675 -0.595367
-0.974790 0.054832 -0.216282
-0.958368 0.244170 -0.148028
-0.317581 -0.250400 -0.914572
0.445644 -0.439539 -0.779876
-0.042724 0.888050 -0.457758
0.499738 0.149312 -0.853211
0.508406 0.112810 0.853696
0.300179 0.140900 0.943419
0.633298 0.202074 0.747061
0.995212 0.076320 -0.061056
0.905033 -0.235232 -0.354376
0.232105 0.195457 0.952851
-0.595507 -0.122155 -0.794009
-0.578003 -0.183493 -0.795137
-0.901351 0.024361 -0.432405
-0.584844 -0.438633 -0.682318
-0.538672 -0.685583 -0.489702
-0.851508 -0.036493 -0.523070
-0.126582 0.634435 0.762542
0.460071 0.842319 -0.280773
0.091433 0.822895 0.560788
-0.094426 0.724946 0.682302
0.397825 0.914540 0.073163
-0.173099 0.914461 0.365784
0.429135 -0.432946 0.792718
-0.403452 -0.628440 0.665048
0.440481 -0.164894 0.882489
0.823718 -0.152540 0.546095
0.604680 -0.338987 0.720729
0.678088 -0.307806 0.667422
0.706933 0.061008 0.704645
0.440863 0.109828 0.890830
0.282775 -0.146539 0.947926
0.893658 -0.158737 -0.419737
0.509471 -0.475202 -0.717372
0.739882 -0.195268 0.643774
0.204245 -0.621879 -0.756010
0.182815 -0.761728 -0.621570
0.223133 -0.764154 -0.605210
-0.035006 -0.925367 -0.377452
0.117434 -0.671049 -0.732054
-0.025092 -0.930680 -0.364973
0.085358 -0.170716 -0.981616
0.038907 -0.122063 -0.991759
0.055757 -0.216916 -0.974597
-0.100866 -0.962812 -0.250637
-0.403001 -0.806003 -0.433532
-0.064081 -0.628607 -0.775079
-0.680380 0.721569 -0.128143
-0.564646 0.541755 -0.622637
0.060961 -0.094489 -0.993658
0.103868 -0.417758 -0.902602
0.302331 -0.932951 -0.195446
-0.365633 -0.850539 -0.378017
0.839050 -0.500379 -0.213576
0.992437 0.012215 0.122146
0.643143 -0.451115 -0.618759
0.714611 -0.067186 0.696288
0.417829 0.146392 0.896654
0.435771 0.170652 0.883732
0.197245 0.165135 0.966346
0.656168 -0.122078 0.744675
0.143728 0.183483 0.972459
0.436176 0.074729 0.896753
0.981263 -0.125138 -0.146503
0.574239 0.012218 0.818596
0.253392 -0.311397 -0.915874
0.385488 -0.365680 -0.847159
0.304510 -0.361128 -0.881397
0.711169 -0.328935 -0.621321
0.144836 -0.329311 -0.933047
0.232430 -0.385345 -0.893021
0.304680 0.183266 -0.934657
-0.562758 -0.262316 -0.783896
-0.026663 -0.018283 -0.999477
0.176085 -0.280897 -0.943446
0.627423 0.030513 -0.778081
0.738610 -0.286750 -0.610106
0.106693 0.158515 -0.981575
0.303815 -0.186259 -0.934347
0.737724 0.595678 -0.317695
0.307144 0.725561 -0.615812
0.106693 0.158515 -0.981575
0.503590 0.634828 -0.585995
0.402099 0.000000 -0.915596
0.251812 -0.079359 -0.964517
0.169689 0.044333 -0.984500
0.251812 -0.079359 -0.964517
0.402099 0.000000 -0.915596
0.540449 -0.148433 -0.828180
-0.207771 0.394155 0.895250
-0.944960 0.118882 -0.304826
-0.866933 0.311363 0.389204
-0.314271 0.347834 0.883315
-0.018315 0.390719 0.920328
-0.033586 0.372497 0.927426
-0.265127 -0.463210 0.845662
-0.289374 -0.791972 0.537627
-0.316764 -0.743177 0.589363
-0.133010 -0.318001 0.938714
-0.155707 -0.238140 0.958668
-0.286915 -0.225869 0.930947
0.562341 0.372856 0.738072
0.715894 0.526213 0.458907
0.396212 0.828998 0.394688
0.261957 0.670122 0.694490
0.223033 0.519392 0.824917
0.562341 0.372856 0.738072
0.073509 0.847071 0.526372
0.129538 0.323797 0.937217
0.106129 0.403136 0.908965
0.199326 0.979892 0.008939
-0.021393 0.702922 0.710945
0.106129 0.403136 0.908965
0.965315 -0.207398 -0.158598
0.928859 -0.359730 0.088408
-0.096128 0.158687 0.982638
0.328200 0.158757 0.931172
0.960685 0.000000 0.277641
0.362776 0.097553 0.926756
0.829687 -0.524173 -0.191994
0.427177 0.085435 0.900123
0.315401 0.097751 0.943911
0.500326 0.097625 0.860316
0.505028 0.122061 0.854428
0.761995 0.012216 0.647467
0.276218 0.862044 -0.424951
-0.018268 0.998646 0.048714
0.262668 0.073303 -0.962098
0.751283 0.329246 -0.571989
0.232991 0.916685 -0.324659
0.422779 0.183154 -0.887532
0.098898 -0.502925 0.858653
0.874052 -0.475923 0.097625
0.436788 -0.501809 0.746594
0.117434 -0.671049 -0.732054
0.054335 -0.622283 -0.780904
0.480583 -0.857749 0.182500
-0.042631 -0.024361 0.998794
0.079263 -0.307907 0.948109
0.018068 -0.226711 0.973794
-0.016813 0.081532 0.996529
-0.042631 -0.024361 0.998794
0.146606 -0.106137 0.983484
0.564526 -0.646916 -0.512650
0.845531 -0.415134 -0.335770
0.341337 -0.646101 -0.682673
0.328778 0.292247 0.898052
0.067350 0.563292 0.823508
0.523913 0.718858 0.456901
-0.671266 0.244097 0.699871
-0.298715 0.341389 0.891192
-0.875434 0.450658 0.174706
-0.155516 -0.158565 -0.975024
-0.210925 -0.379053 -0.901016
-0.822670 -0.402194 -0.401813
-0.021753 -0.225921 -0.973903
0.478871 -0.244400 -0.843179
0.315651 -0.287198 -0.904368
-0.023490 -0.177222 -0.983890
-0.021753 -0.225921 -0.973903
0.315651 -0.287198 -0.904368
-0.378538 -0.186216 -0.906660
0.922014 0.290037 0.256454
0.030500 -0.201301 -0.979054
-0.409151 -0.586247 -0.699221
0.335583 -0.390496 -0.857261
0.030500 -0.201301 -0.979054
-0.137527 0.904624 0.403413
-0.222461 0.719188 0.658240
-0.341705 0.909179 0.237973
-0.052061 0.961595 0.269491
-0.222461 0.719188 0.658240
-0.137527 0.904624 0.403413
-0.100866 -0.962812 -0.250637
-0.222522 -0.801688 -0.554780
-0.403001 -0.806003 -0.433532
-0.109809 -0.518543 0.847971
-0.009157 -0.274710 0.961484
-0.280612 -0.317213 0.905888
-0.116346 -0.538864 -0.834320
-0.151519 -0.751532 -0.642060
-0.140851 -0.783868 -0.604742
-0.219678 -0.097635 -0.970675
-0.042846 -0.244832 -0.968618
-0.195708 -0.342490 -0.918912
0.128249 0.323675 0.937436
0.283852 0.396782 0.872921
0.070230 0.702301 0.708408
0.128249 0.323675 0.937436
0.178723 -0.079433 0.980688
0.283852 0.396782 0.872921
0.339232 0.160087 0.926981
0.335123 0.206819 0.919195
0.091798 0.237910 0.966939
0.672777 -0.030546 0.739215
0.589442 0.283641 0.756377
0.665186 -0.004973 0.746661
0.379726 -0.753707 -0.536408
0.420439 -0.360404 -0.832670
0.700634 -0.391194 -0.596723
-0.291843 -0.707590 -0.643541
0.201910 -0.403437 -0.892452
-0.349972 0.170792 -0.921059
-0.116031 -0.859546 -0.497712
-0.155499 -0.969580 0.189038
0.149755 -0.525670 -0.837404
0.059527 -0.833382 -0.549483
0.025931 -0.999100 0.033558
0.039637 -0.978741 -0.201236
0.192297 0.318969 -0.928052
0.332585 0.688055 -0.644956
0.582461 0.192120 -0.789829
0.207459 0.643732 -0.736593
0.332585 0.688055 -0.644956
0.192297 0.318969 -0.928052
0.503879 -0.085345 0.859547
0.750550 -0.024458 0.660361
0.451487 0.000000 0.892278
0.807655 -0.109771 0.579347
0.977900 -0.024428 0.207642
0.785476 -0.060978 0.615880
-0.320399 -0.265473 -0.909323
-0.388015 -0.122209 -0.913515
-0.821570 0.048103 -0.568074
-0.598780 -0.090122 -0.795827
-0.944960 0.118882 -0.304826
-0.057937 -0.338474 -0.939190
0.025961 -0.042760 -0.998748
-0.372745 0.430796 -0.821873
-0.035130 0.412396 -0.910327
0.456431 -0.311411 -0.833483
0.175628 0.088578 -0.980464
0.695665 -0.347833 -0.628540
0.421657 -0.659985 -0.621792
0.711188 -0.317440 -0.627250
0.672453 -0.292106 -0.680060
0.806848 -0.048807 0.588740
0.535689 -0.244887 0.808126
0.345862 -0.538687 0.768242
-0.125125 0.488291 0.863664
-0.142033 0.429188 0.891978
0.053469 0.366641 0.928825
0.405426 0.310928 0.859624
0.562341 0.372856 0.738072
0.223033 0.519392 0.824917
-0.968612 0.073103 0.237584
-0.669625 0.280025 0.687887
-0.801137 0.220160 0.556515
-0.724704 0.304498 0.618130
-0.483352 0.330393 0.810686
-0.829141 -0.036580 -0.557841
0.124985 0.121937 -0.984637
0.265380 0.390444 -0.881548
0.230263 0.304984 -0.924102
0.411704 0.881352 0.231774
0.250583 0.959549 0.128347
0.326121 -0.030479 -0.944837
0.271566 0.277669 -0.921494
-0.416047 0.454771 -0.787457
0.086275 0.116051 -0.989489
0.447771 -0.313287 -0.837468
0.316787 -0.598460 -0.735861
-0.120474 0.144873 -0.982089
0.431196 0.801445 0.414435
0.271138 0.962521 -0.006102
0.352999 0.852700 0.385090
0.356523 0.540879 0.761801
0.138204 0.625916 0.767547
0.060190 0.424290 0.903524
-0.394464 -0.217108 0.892895
-0.176704 -0.231544 0.956641
-0.105234 -0.509394 0.854074
-0.362319 0.109609 0.925587
-0.356812 -0.042695 0.933200
-0.269326 -0.165268 0.948762
0.243845 0.402345 -0.882416
0.152432 0.987758 -0.033154
0.183001 0.567304 -0.802918
-0.164839 -0.122103 -0.978733
0.085506 -0.757338 -0.647401
0.012206 -0.042722 -0.999012
0.448773 -0.109904 -0.886862
0.522299 0.219915 -0.823918
0.634568 -0.256268 -0.729143
0.363866 0.587079 -0.723146
0.239666 0.464067 -0.852761
0.449922 0.693123 -0.563162
-0.720410 0.415152 0.555570
-0.423920 0.437644 0.792944
-0.506460 0.479002 0.716977
-0.228714 0.191358 0.954501
-0.387074 0.190489 0.902157
-0.152758 -0.053465 0.986816
0.422883 -0.340741 0.839682
0.307474 -0.121772 0.943733
0.288261 -0.293614 0.911426
0.073104 -0.462993 0.883342
0.030582 -0.171261 0.984751
-0.042726 -0.439466 0.897243
0.461670 -0.232364 -0.856077
0.187005 -0.231096 -0.954790
0.951855 0.281126 -0.122229
0.198792 -0.403700 -0.893033
-0.468209 0.512438 -0.719853
-0.076270 -0.366097 -0.927446
0.076981 0.819092 0.568474
0.232991 0.916685 -0.324659
0.235431 0.920627 0.311479
-0.230110 0.721673 0.652869
0.016403 0.952154 0.305178
-0.091821 0.624386 0.775700
-0.149209 0.274058 0.950068
-0.015266 0.283951 0.958717
0.036511 0.225154 0.973639
-0.426726 0.457207 0.780299
-0.568789 0.287452 0.770617
-0.317540 0.287007 0.903767
-0.128085 -0.085390 0.988081
-0.155820 0.042774 0.986859
-0.237791 -0.097555 0.966405
0.139276 -0.048842 0.989048
-0.012217 -0.091631 0.995718
0.077377 -0.231750 0.969693
0.523320 -0.036617 -0.851349
0.548820 -0.170981 -0.818268
0.228783 0.061009 -0.971564
0.228783 0.061009 -0.971564
0.297427 -0.207436 -0.931938
0.122205 -0.195527 -0.973055
0.022860 -0.219455 -0.975355
0.608752 -0.195289 -0.768950
0.846731 -0.012227 -0.531881
0.549559 -0.426251 -0.718537
0.087439 -0.182481 -0.979314
0.228024 -0.231837 -0.945651
-0.126701 -0.323622 -0.937665
-0.428943 0.109907 -0.896621
-0.527721 -0.048807 -0.848014
-0.428943 0.109907 -0.896621
-0.543137 0.122053 -0.830726
-0.737096 0.426419 -0.524267
0.681244 -0.403248 -0.610981
0.353221 0.219714 -0.909373
-0.561247 0.427617 -0.708622
-0.448744 -0.232547 -0.862873
-0.099057 -0.390509 -0.915254
-0.727735 0.488016 -0.481916
0.823718 -0.152540 0.546095
0.637447 -0.161649 0.753347
0.604680 -0.338987 0.720729
0.695857 -0.189224 0.692804
0.343713 -0.578965 -0.739365
0.597822 -0.167756 0.783879
-0.648000 0.270761 -0.711888
-0.302526 -0.238354 -0.922857
0.067132 -0.256322 -0.964257
-0.027428 -0.390090 -0.920368
0.073299 -0.348170 -0.934561
0.082406 -0.512746 -0.854577
0.197245 0.165135 0.966346
0.143728 0.183483 0.972459
0.597017 -0.127932 0.791962
0.683321 -0.542996 0.488086
0.604052 0.719981 -0.341686
-0.244248 0.573982 0.781593
-0.127984 -0.121889 -0.984258
-0.225907 -0.024422 -0.973843
-0.724882 0.255841 -0.639602
-0.189133 -0.073213 -0.979218
-0.818230 0.122124 -0.561770
-0.805582 0.122058 -0.579775
0.254260 -0.861652 -0.439214
-0.080814 -0.230244 -0.969771
0.161358 -0.091550 -0.982641
0.644170 -0.741865 -0.186229
0.413047 -0.659044 -0.628533
0.514657 -0.562000 -0.647521
-0.236646 -0.631056 -0.738760
-0.268559 -0.756849 -0.595866
-0.561628 -0.293023 -0.773765
-0.584747 -0.146187 0.797935
-0.256589 -0.073311 0.963736
-0.623949 -0.513840 0.588775
-0.034331 0.331107 -0.942968
-0.186415 0.210862 -0.959576
-0.239893 0.614248 -0.751766
-0.091656 -0.060977 -0.993922
-0.178706 0.174124 -0.968372
-0.036574 -0.073149 -0.996650
-0.705820 0.413756 -0.575000
0.280612 -0.146406 -0.948590
-0.024413 0.024413 -0.999404
-0.941286 0.317837 -0.113841
0.201377 -0.134251 -0.970270
-0.926160 -0.048745 -0.373967
-0.394985 -0.425369 -0.814278
-0.586665 -0.122222 -0.800553
-0.770171 -0.488997 -0.409535
-0.504963 -0.803074 -0.316362
-0.303773 -0.753358 -0.583245
-0.461829 -0.753511 -0.467906
-0.888330 0.243378 0.389405
-0.549010 0.170803 0.818177
-0.561935 0.171024 0.809308
-0.852944 0.219329 0.473689
-0.561935 0.171024 0.809308
-0.866160 0.170792 0.469678
-0.219560 0.182967 -0.958288
-0.195366 0.134314 -0.971489
0.061054 -0.036632 -0.997462
0.415181 -0.161799 -0.895235
-0.347533 0.021340 -0.937425
-0.329444 0.054907 -0.942577
-0.493607 -0.493607 -0.716034
-0.434370 0.073286 -0.897748
-0.297368 -0.262294 -0.918028
-0.265688 -0.519160 -0.812332
0.059628 -0.996866 0.051984
-0.277534 -0.457474 -0.844803
0.830969 -0.348274 -0.433815
0.594755 -0.398028 -0.698456
0.935932 -0.344496 -0.073167
0.732780 -0.528212 -0.428982
0.741039 -0.628206 -0.237102
0.616705 -0.430473 -0.659066
0.144599 -0.255713 -0.955878
0.240291 -0.305131 -0.921496
0.556838 -0.596395 -0.578138
0.634570 -0.316145 -0.705247
0.768077 -0.341029 -0.541993
0.488316 -0.452576 -0.746139
0.198758 -0.122313 0.972386
0.097680 -0.317461 0.943227
0.448484 -0.146444 0.881712
-0.054868 -0.097543 0.993718
-0.195237 -0.122023 0.973136
-0.098013 -0.343047 0.934191
-0.770341 0.149789 -0.619788
-0.601035 -0.248270 -0.759684
0.210521 -0.119753 -0.970227
-0.320514 -0.042735 -0.946279
-0.036614 0.012205 -0.999255
-0.836076 -0.071707 -0.543907
0.266334 -0.440829 0.857167
0.274115 -0.182743 0.944175
0.183019 -0.536855 0.823584
0.183019 -0.536855 0.823584
0.079042 -0.243207 0.966748
-0.530508 -0.817104 0.225618
-0.496504 0.258913 0.828522
-0.833903 -0.203130 -0.513171
-0.592538 -0.135154 -0.794123
-0.676565 0.243807 0.694851
-0.972495 -0.015291 0.232420
-0.904831 0.360710 0.226208
0.958780 -0.250382 0.134351
0.911708 -0.375051 -0.167706
0.784727 0.000000 0.619842
0.915716 0.271662 0.296081
0.707389 0.143307 0.692144
0.772624 0.448916 0.448916
0.913004 -0.351155 -0.207640
0.741899 -0.409113 -0.531236
0.232074 -0.109930 -0.966466
0.584836 -0.232102 -0.777236
0.777381 -0.348218 -0.523854
0.800403 -0.421586 -0.426169
0.440863 0.109828 0.890830
0.707673 -0.171002 0.685534
0.282775 -0.146539 0.947926
0.514118 -0.024409 0.857372
0.588664 -0.122003 0.799119
0.784229 -0.195294 0.588935
0.120509 -0.073221 0.990008
0.251627 0.213501 0.943982
0.311282 -0.195314 0.930030
0.073232 0.152566 0.985576
-0.986304 0.164893 0.003817
-0.314271 0.347834 0.883315
-0.858200 0.427573 0.284031
-0.658497 0.518261 0.545699
-0.931064 0.360215 0.058001
-0.929459 0.365689 -0.048759
-0.881585 0.420965 0.213533
-0.917298 0.391381 -0.073384
-0.359023 -0.523321 0.772812
-0.523379 -0.012172 0.852013
-0.723434 -0.145903 0.674800
-0.220098 -0.635839 0.739774
-0.201287 -0.256183 0.945438
-0.133668 -0.814157 0.565049
0.048841 -0.085472 -0.995143
0.146339 -0.121949 -0.981689
-0.878702 -0.036613 -0.475964
-0.592953 0.403453 -0.696873
-0.622403 0.109836 0.774952
-0.878702 -0.036613 -0.475964
-0.655210 -0.257185 -0.710321
-0.299241 -0.207637 -0.931312
-0.890675 0.091508 -0.445337
0.262624 -0.201549 -0.943614
-0.550088 -0.036673 -0.834301
-0.806059 -0.054959 -0.589278
0.473201 -0.018317 0.880764
0.756491 -0.158619 0.634477
0.802224 -0.158766 0.575525
0.264183 -0.121878 0.956741
0.356823 -0.061126 0.932170
0.139276 -0.048842 0.989048
0.216113 0.421908 -0.880505
0.200955 0.622311 -0.756535
0.281421 0.299774 -0.911558
0.190039 0.656774 -0.729749
0.301230 0.571153 -0.763574
0.297336 0.414745 -0.859987
-0.088668 0.917255 0.388305
-0.018268 0.998646 0.048714
0.276218 0.862044 -0.424951
0.201621 0.745387 0.635412
0.142918 0.960895 0.237183
0.085454 0.927791 0.363181
-0.018314 -0.143461 -0.989487
0.118943 0.237886 -0.963983
0.222876 -0.152654 -0.962820
0.180111 0.085476 -0.979925
0.420732 0.231707 -0.877096
0.186196 0.140410 -0.972428
0.711169 -0.328935 -0.621321
0.890227 -0.213411 -0.402431
0.272357 0.383430 0.882498
0.920053 -0.122063 0.372293
0.718241 0.024399 0.695367
0.893820 -0.115922 0.433183
-0.091548 -0.341778 -0.935311
-0.079510 0.244645 -0.966347
0.095551 -0.937014 -0.335969
-0.391965 -0.826469 -0.404119
-0.291956 -0.948858 0.120128
-0.171871 -0.515613 -0.839406
-0.109181 -0.909843 -0.400331
0.051921 -0.317633 0.946791
0.124941 -0.451008 0.883732
-0.480975 -0.876713 -0.006088
-0.109181 -0.909843 -0.400331
0.503056 -0.487812 0.713425
0.711169 -0.328935 -0.621321
0.232430 -0.385345 -0.893021
0.890227 -0.213411 -0.402431
0.271299 -0.438955 -0.856572
0.911708 -0.375051 -0.167706
0.958780 -0.250382 0.134351
-0.267771 0.164314 0.949368
-0.232326 0.340846 0.910960
0.122107 0.137371 0.982964
-0.056563 0.348550 0.935582
0.074715 0.748676 0.658713
-0.232326 0.340846 0.910960
-0.016792 -0.109913 -0.993799
0.067149 -0.048835 -0.996547
0.242128 0.962420 -0.122967
0.067673 0.936781 -0.343309
-0.038188 0.659888 -0.750393
0.123468 0.817025 0.563229
0.152272 -0.773542 -0.615179
0.161974 -0.446191 -0.880158
0.332421 -0.579449 -0.744134
0.332421 -0.579449 -0.744134
0.240272 -0.855658 -0.458388
0.152272 -0.773542 -0.615179
0.696316 0.007635 0.717694
0.432067 0.154200 0.888561
0.412651 -0.000287 0.910889
0.641416 -0.074259 0.763591
0.762627 -0.140228 0.631455
0.696316 0.007635 0.717694
0.763798 -0.113042 0.635480
0.842497 -0.120575 0.525034
0.641416 -0.074259 0.763591
0.751090 -0.030532 -0.659494
-0.200025 0.151164 -0.968060
0.277951 -0.297804 -0.913267
-0.151321 -0.326275 0.933085
-0.335414 -0.122108 0.934124
-0.222641 -0.322873 0.919883
-0.083941 -0.757761 -0.647111
-0.303035 -0.445010 0.842696
-0.311517 -0.884159 -0.348166
0.872263 0.337305 0.354094
0.286703 0.555105 0.780807
0.341106 0.512946 0.787739
0.581184 0.335592 0.741353
0.392365 0.522135 0.757248
0.489768 0.529437 0.692693
-0.250225 0.463832 0.849851
-0.109894 0.238103 0.965003
0.293021 0.167876 0.941253
-0.268556 0.105286 0.957493
-0.155618 0.219696 0.963077
0.024410 0.277660 0.960369
-0.063733 -0.177077 -0.982131
0.221211 0.097638 -0.970326
0.251649 -0.183018 -0.950357
0.018419 -0.433650 -0.900893
0.271476 -0.396538 -0.876960
0.134163 -0.524454 -0.840803
-0.439364 -0.073227 -0.895319
-0.210925 -0.379053 -0.901016
-0.155516 -0.158565 -0.975024
-0.431570 -0.097599 -0.896784
-0.589022 -0.219739 -0.777669
-0.305289 -0.268654 -0.913577
0.913004 -0.351155 -0.207640
0.058027 0.073297 0.995621
0.320514 -0.042735 0.946279
0.979454 -0.195281 0.050346
0.442907 -0.010691 0.896504
0.170825 -0.003050 0.985297
-0.840371 0.006090 -0.541978
-0.575077 0.373188 0.728023
-0.793377 0.262425 0.549261
-0.518310 0.362817 0.774415
-0.604770 0.363473 0.708619
-0.917469 0.013762 -0.397570
0.835992 -0.525262 -0.158800
0.777411 -0.256591 -0.574276
0.517821 -0.255865 -0.816330
0.462518 -0.256446 -0.848713
0.818015 -0.403656 -0.409772
0.951855 0.281126 -0.122229
-0.439736 -0.274835 -0.855043
-0.726245 -0.073235 -0.683524
-0.956021 0.024357 -0.292287
-0.718112 0.693769 0.054771
-0.176682 -0.255884 -0.950425
-0.915298 0.402731 -0.006102
0.867872 -0.054861 0.493750
0.968760 -0.042751 0.244289
0.977119 -0.134354 0.164889
0.731625 0.110088 -0.672759
0.556838 -0.596395 -0.578138
0.897996 -0.012218 0.439835
0.357295 -0.368746 -0.858118
-0.797695 0.386669 -0.462785
-0.512813 -0.130111 -0.848583
-0.844137 0.112660 -0.524157
-0.821570 0.048103 -0.568074
0.372555 -0.374845 -0.848937
-0.891467 0.244238 0.381621
-0.763630 0.226035 0.604795
-0.871093 0.243663 0.426409
-0.801137 0.220160 0.556515
-0.669625 0.280025 0.687887
-0.939264 0.231767 0.253113
0.583061 0.182682 0.791623
0.562041 -0.092012 0.821975
0.525129 -0.110071 0.843875
0.564875 -0.217377 -0.796030
0.930770 -0.219363 -0.292484
0.987253 -0.134279 -0.085450
-0.048924 -0.275200 -0.960141
-0.909721 0.006106 -0.415175
-0.290400 -0.201752 -0.935395
-0.956021 0.024357 -0.292287
-0.950566 0.085307 -0.298575
-0.091893 -0.318563 -0.943437
-0.213446 -0.257054 0.942531
-0.383045 -0.422881 0.821248
-0.025092 -0.930680 -0.364973
-0.238538 -0.422028 0.874638
-0.371193 -0.444215 0.815407
-0.278397 -0.434421 0.856606
-0.103795 -0.598346 -0.794487
0.146470 -0.512644 -0.846016
-0.568195 -0.720936 -0.396744
0.715894 0.526213 0.458907
0.562341 0.372856 0.738072
0.725859 0.012199 0.687736
-0.250225 0.463832 0.849851
-0.231667 0.713292 0.661472
-0.109894 0.238103 0.965003
0.161600 0.853736 0.494995
0.184697 0.943330 0.275710
0.120544 0.317382 -0.940605
0.824932 -0.317752 -0.467462
0.825159 -0.146695 -0.545522
0.550293 -0.109754 -0.827727
-0.018295 -0.243930 -0.969620
0.045830 -0.122212 -0.991445
0.503829 -0.316605 -0.803690
-0.231893 -0.781112 0.579732
-0.232170 -0.586534 0.775935
-0.220098 -0.635839 0.739774
-0.237642 -0.389976 0.889632
-0.250443 -0.171034 0.952904
-0.299020 -0.341737 0.890956
-0.463490 0.811108 0.356765
-0.804381 0.335159 0.490551
-0.561286 0.549084 0.619245
0.457918 0.460970 -0.760143
0.445644 -0.439539 -0.779876
0.170906 -0.540184 -0.824010
0.004577 0.396699 -0.917938
0.157239 0.503775 -0.849404
0.250297 -0.022893 -0.967898
0.009160 0.503816 -0.863763
0.120544 0.317382 -0.940605
-0.073240 0.054930 -0.995800
0.474909 -0.231924 -0.848924
0.371557 -0.140383 -0.917735
0.693307 -0.244069 -0.678053
0.224318 -0.079350 -0.971280
0.110645 -0.085464 -0.990179
-0.030518 0.015259 -0.999418
0.092131 -0.204060 -0.974614
0.738232 -0.223382 -0.636486
0.756347 -0.157223 -0.634996
0.993690 -0.103716 0.042707
0.983642 -0.085401 -0.158603
0.947624 -0.140389 -0.286881
0.955473 -0.122105 -0.268631
0.631600 0.219422 -0.743596
-0.248359 0.328107 -0.911408
-0.339530 -0.570226 -0.748039
-0.595613 -0.798723 -0.085360
0.054335 -0.622283 -0.780904
-0.112938 -0.604371 -0.788658
-0.243586 -0.864729 -0.439215
-0.225966 -0.696220 -0.681334
0.000000 -0.329467 -0.944167
-0.164790 -0.238030 -0.957176
-0.006103 0.006103 -0.999963
0.302331 -0.932951 -0.195446
0.712479 -0.677389 0.183078
0.116646 -0.748666 0.652605
0.713282 -0.630804 0.305474
0.636790 -0.262028 -0.725148
0.667900 -0.539810 0.512362
-0.870441 0.403860 0.281478
-0.719873 0.476859 0.504370
-0.739689 0.512445 0.436188
-0.739689 0.512445 0.436188
-0.810661 0.377902 0.447235
-0.962086 0.243952 0.121976
-0.181393 -0.639489 0.747095
-0.213745 -0.659555 0.720625
-0.383278 -0.803059 0.456283
-0.291956 -0.948858 0.120128
-0.391965 -0.826469 -0.404119
-0.018297 -0.463530 0.885892
-0.018303 -0.536884 -0.843457
0.000000 -0.536974 -0.843599
0.036692 -0.195690 -0.979979
-0.589217 -0.785623 0.188734
-0.247522 -0.917642 0.310912
-0.109245 -0.679747 -0.725265
0.336236 -0.024454 0.941460
0.198758 -0.122313 0.972386
0.567334 -0.122007 0.814399
0.567334 -0.122007 0.814399
0.804068 -0.170560 0.569548
0.764644 -0.170598 0.621463
-0.870811 -0.281104 0.403323
-0.380685 -0.733851 -0.562619
-0.377432 -0.840090 -0.389607
-0.448744 -0.232547 -0.862873
-0.727735 0.488016 -0.481916
-0.497217 -0.634486 -0.591780
-0.536579 -0.060975 -0.841644
-0.359997 0.427115 -0.829442
-0.122111 0.012211 -0.992441
-0.360240 0.158750 -0.919253
-0.628730 0.122083 -0.767981
-0.744277 0.146415 -0.651624
-0.162856 -0.027396 0.986269
0.045933 0.116363 0.992144
-0.192355 0.091598 0.977041
-0.524739 0.125083 0.842023
-0.424268 -0.061046 0.903477
-0.352375 0.021264 0.935617
0.595451 -0.073286 -0.800042
0.354126 0.189274 -0.915844
0.333315 0.042811 -0.941843
0.333315 0.042811 -0.941843
-0.027428 -0.390090 -0.920368
0.082406 -0.512746 -0.854577
-0.751549 0.488812 0.442986
-0.815187 0.439652 0.377062
-0.945341 0.280553 0.166197
-0.707669 0.433142 0.558204
-0.582032 0.475377 0.659738
-0.650354 -0.036640 -0.758747
-0.048813 0.048813 0.997614
-0.403906 -0.440625 0.801692
-0.649001 -0.048981 0.759209
-0.102944 -0.993109 -0.056014
-0.177469 -0.342698 0.922531
-0.048813 0.048813 0.997614
0.537305 -0.036634 0.842592
0.459259 -0.232691 0.857284
0.581046 0.183007 0.793029
0.537305 -0.036634 0.842592
0.198111 -0.097532 0.975315
0.113086 -0.317864 0.941368
-0.103865 0.097756 0.989776
-0.030645 0.392254 0.919346
-0.814052 0.461701 -0.352351
0.269109 0.452593 0.850141
-0.915298 0.402731 -0.006102
-0.334856 0.438357 0.834095
0.303815 -0.186259 -0.934347
0.106693 0.158515 -0.981575
-0.199745 -0.859971 -0.469630
0.178488 0.707849 0.683441
0.397825 0.914540 0.073163
-0.094426 0.724946 0.682302
0.402432 0.213411 0.890227
0.174357 0.293011 0.940077
0.067248 0.213213 0.974689
0.625847 -0.128222 0.769334
0.465432 0.146497 0.872876
0.213407 0.195115 0.957281
0.278692 -0.379235 -0.882333
0.921238 -0.268885 0.281107
0.518661 -0.318059 -0.793618
0.468843 0.195161 0.861451
0.265670 0.635165 0.725248
0.575921 0.402963 0.711291
0.302028 0.826000 0.475923
0.006112 0.796118 0.605111
0.257831 0.920717 0.292921
0.082353 0.067103 -0.994342
0.028917 0.162849 -0.986227
-0.105273 -0.153333 -0.982551
-0.353434 0.012187 0.935380
-0.573811 0.146505 0.805777
-0.446010 -0.073317 0.892020
-0.785622 0.219243 0.578559
-0.800455 0.219972 0.557569
-0.879780 0.256603 0.400178
0.411482 -0.371858 -0.832108
0.738610 -0.286750 -0.610106
0.627423 0.030513 -0.778081
0.510359 0.079231 0.856304
0.178723 -0.079433 0.980688
0.208633 -0.152844 0.965977
-0.878589 0.205919 -0.430905
-0.268556 0.105286 0.957493
-0.986022 0.140424 0.089673
-0.693209 0.254991 0.674123
-0.198454 0.128422 0.971660
-0.601035 -0.248270 -0.759684
-0.415197 0.714384 0.563264
-0.177298 0.366824 0.913239
-0.500574 0.231973 0.834035
0.183131 0.244175 0.952282
-0.183169 0.793731 0.580034
0.128084 0.719713 0.682355
-0.189133 -0.073213 -0.979218
0.243992 -0.170794 -0.954619
0.439759 -0.244310 -0.864248
-0.623856 0.232417 0.746181
-0.755954 0.121928 -0.643170
-0.483352 0.330393 0.810686
0.977132 -0.047256 -0.207317
0.690220 -0.298968 -0.658950
0.689832 -0.254872 -0.677623
0.865688 -0.215277 -0.451929
0.689832 -0.254872 -0.677623
0.986954 -0.143391 -0.073221
-0.323771 -0.306972 0.894953
-0.556104 0.004583 0.831100
-0.432765 0.205716 0.877721
-0.314359 0.015260 0.949181
-0.556104 0.004583 0.831100
-0.323771 -0.306972 0.894953
-0.158666 -0.146461 0.976409
-0.261680 -0.346878 0.900666
-0.176682 -0.511767 0.840760
0.321125 0.831867 0.452633
-0.371193 -0.444215 0.815407
-0.238538 -0.422028 0.874638
0.236480 -0.427190 -0.872689
0.157225 -0.369402 -0.915873
0.253516 -0.334976 -0.907480
0.018329 -0.320753 -0.946986
0.246789 -0.241838 -0.938408
0.253516 -0.334976 -0.907480
-0.811495 0.219653 0.541505
-0.396460 0.207379 0.894323
-0.676150 0.079189 0.732496
-0.616815 0.262604 0.742010
-0.549534 0.183178 0.815143
-0.950239 0.176647 -0.256595
0.636068 -0.305435 -0.708609
0.829687 -0.524173 -0.191994
0.909662 -0.231800 -0.344650
0.835992 -0.525262 -0.158800
0.517821 -0.255865 -0.816330
0.565564 -0.329277 -0.756118
-0.107783 0.279777 0.953995
-0.217862 0.414395 0.883636
-0.228714 0.191358 0.954501
-0.142033 0.429188 0.891978
0.030157 0.248887 0.968063
0.053469 0.366641 0.928825
0.028614 -0.091565 -0.995388
0.145028 0.900702 -0.409514
0.152623 0.137360 -0.978692
0.179998 -0.417961 -0.890455
-0.051870 -0.294440 -0.954261
-0.091535 0.109842 -0.989725
-0.645562 0.408044 0.645562
-0.737788 0.490842 0.463404
-0.727190 0.329985 -0.601918
-0.766395 -0.262590 -0.586247
-0.751942 0.464615 0.467671
-0.838941 0.402692 0.366083
0.240633 0.901614 -0.359427
0.151790 0.555294 0.817685
0.742675 0.556242 -0.372866
0.799814 -0.365978 0.475771
0.942783 -0.164758 0.289852
0.178528 0.195312 0.964355
0.507048 0.106908 0.855262
0.589264 0.204563 0.781615
0.685640 0.062469 0.725255
0.727516 -0.660267 -0.186464
0.904340 -0.268858 0.331489
0.283667 0.250115 0.925730
0.530673 0.158592 -0.832607
0.128303 0.299373 -0.945470
0.412582 0.018337 -0.910736
0.189230 -0.036625 -0.981250
0.354146 0.042742 -0.934213
0.000000 0.097690 -0.995217
0.174178 0.268907 0.947286
0.326825 0.048871 0.943821
0.009142 0.158459 0.987323
0.180256 0.323850 0.928778
0.417829 0.146392 0.896654
0.992437 0.012215 0.122146
0.628015 -0.355926 -0.692036
0.609878 -0.445211 -0.655619
0.714998 -0.562221 -0.415554
0.310923 -0.524588 -0.792549
0.628706 -0.347162 -0.695850
0.281000 -0.447272 -0.849110
0.014514 -0.317769 -0.948057
-0.027415 0.365533 -0.930395
-0.228895 0.012208 -0.973375
-0.875434 0.450658 0.174706
-0.257903 0.097667 -0.961222
-0.822670 -0.402194 -0.401813
0.964163 -0.134251 0.228836
0.796465 -0.585905 0.149528
0.454486 0.207416 0.866268
0.543431 0.158755 0.824305
0.670279 0.177112 0.720664
0.705262 0.134336 0.696103
-0.341705 0.909179 0.237973
-0.391432 0.801212 0.452593
-0.610563 0.714358 0.341915
-0.564839 0.106861 0.818253
-0.717863 0.470429 0.513195
-0.842623 0.262557 0.470159
0.175541 0.799858 0.573944
0.223058 0.751676 0.620667
0.245712 0.885174 0.395085
0.254266 0.879621 0.402014
0.129538 0.323797 0.937217
0.252722 0.916214 0.310940
0.229108 -0.125246 -0.965310
0.557796 -0.088636 -0.825232
0.837875 -0.430384 -0.335761
0.339710 -0.368654 -0.865270
0.945135 -0.305375 -0.116042
0.940753 -0.198536 -0.274895
-0.048704 -0.206993 -0.977129
0.070176 -0.244091 -0.967210
-0.061147 -0.379114 -0.923327
-0.274466 -0.158580 -0.948431
-0.237924 -0.439245 -0.866289
-0.573616 -0.085432 -0.814657
0.479328 -0.071747 0.874698
0.442907 -0.010691 0.896504
0.955187 -0.293728 0.036621
0.485238 -0.192264 -0.852982
0.363053 -0.605978 -0.707801
0.399500 -0.323640 -0.857704
-0.225087 -0.267671 -0.936850
0.152595 -0.305190 -0.939986
-0.086968 -0.378386 -0.921553
-0.123998 -0.575593 -0.808280
0.252400 -0.378218 -0.890643
0.349888 -0.476573 -0.806509
-0.253363 -0.416675 -0.873034
-0.821184 0.314431 0.476225
-0.985063 0.158586 0.067094
-0.808675 0.225819 0.543185
-0.902305 0.180461 0.391509
-0.461213 -0.116067 -0.879665
-0.171136 0.048896 0.984033
-0.146732 -0.097821 0.984328
0.015214 0.060856 0.998031
0.198111 -0.097532 0.975315
-0.079478 -0.269004 0.959854
0.113086 -0.317864 0.941368
-0.604265 0.122074 0.787376
-0.800455 0.219972 0.557569
-0.880767 0.195726 0.431209
0.506518 -0.219694 -0.833771
-0.250413 0.012215 -0.968062
-0.829932 0.280712 -0.482093
-0.708091 0.076303 0.701987
-0.800639 -0.547002 0.244470
-0.562520 -0.131459 0.816266
0.030500 -0.201301 -0.979054
0.378962 -0.100853 -0.919900
-0.378538 -0.186216 -0.906660
0.270359 0.173366 -0.947022
-0.265423 0.556777 -0.787115
-0.105273 -0.153333 -0.982551
-0.572223 -0.004590 -0.820085
-0.598293 0.546400 -0.586083
-0.864212 0.357289 -0.354235
-0.311178 -0.207452 -0.927433
-0.109730 -0.359669 -0.926605
0.277988 -0.446003 -0.850766
-0.742159 0.042758 -0.668859
-0.637120 -0.079259 -0.766678
-0.790379 0.030517 -0.611857
-0.100609 0.975605 -0.195121
-0.138620 0.828674 0.542294
-0.240687 0.651988 0.719015
-0.240687 0.651988 0.719015
-0.138620 0.828674 0.542294
-0.103662 0.859788 0.500019
-0.018304 -0.372183 -0.927979
-0.125079 -0.518619 -0.845807
-0.018314 -0.143461 -0.989487
0.222876 -0.152654 -0.962820
0.170837 -0.341675 -0.924161
-0.018314 -0.143461 -0.989487
0.232991 0.916685 -0.324659
0.009196 0.870555 0.491986
0.069383 0.731950 0.677816
-0.007640 0.965647 0.259747
-0.003038 0.947764 0.318959
0.276218 0.862044 -0.424951
0.721573 0.299795 0.624063
0.508406 0.112810 0.853696
0.633298 0.202074 0.747061
0.445742 0.167916 0.879272
0.202329 0.166444 0.965070
0.716756 0.127030 0.685656
0.639880 -0.458148 -0.616972
0.971737 -0.220016 0.085562
0.793184 -0.372187 -0.482012
0.643143 -0.451115 -0.618759
0.568364 -0.427801 -0.702815
0.920197 -0.390017 0.033517
0.167475 0.962220 -0.214673
-0.128278 0.500895 0.855949
0.131434 0.758038 0.638830
0.137702 0.636491 0.758893
0.152641 0.885316 -0.439223
0.164477 0.980768 0.105082
0.082402 0.146493 0.985774
-0.061050 0.109891 0.992067
0.122146 -0.012215 0.992437
0.082402 0.146493 0.985774
-0.030553 0.207762 0.977702
-0.109768 0.231732 0.966567
0.706421 -0.243593 -0.664554
0.534443 -0.146590 -0.832395
0.796246 -0.207849 -0.568147
0.453917 -0.061031 -0.888952
0.688851 -0.207494 -0.694572
0.254866 -0.061046 -0.965048
0.734618 -0.256182 0.628257
0.878142 -0.329017 0.347296
0.865918 -0.012196 0.500037
0.783587 -0.608021 0.127684
0.487761 -0.693975 -0.529612
0.681244 -0.403248 -0.610981
-0.500612 -0.402932 0.766181
-0.726796 -0.213764 0.652742
-0.635688 -0.507328 -0.581823
-0.158685 0.103755 -0.981863
0.274520 0.000000 -0.961581
-0.844289 0.024472 -0.535328
0.626588 -0.622014 0.469560
0.545328 -0.109982 0.830976
0.697463 -0.280817 0.659308
-0.284537 0.391620 -0.875027
-0.468209 0.512438 -0.719853
0.145044 -0.012214 -0.989350
0.238110 -0.030527 -0.970758
0.326121 -0.030479 -0.944837
0.374810 0.883699 0.280346
0.039721 0.806642 -0.589704
0.000000 0.225974 -0.974133
-0.148194 -0.213888 -0.965552
-0.176682 -0.511767 0.840760
-0.286729 -0.109811 0.951697
-0.451287 -0.329317 0.829392
0.103701 -0.780807 0.616106
-0.622403 0.109836 0.774952
-0.761997 -0.158495 0.627885
0.915716 0.271662 0.296081
0.772624 0.448916 0.448916
0.680669 0.726454 0.094622
0.551101 0.819781 0.155713
0.667710 0.714968 0.207325
0.064086 0.903304 -0.424187
0.042572 -0.024398 0.998796
-0.025175 -0.024412 0.999385
0.017162 -0.036611 0.999182
-0.114405 -0.427111 0.896933
-0.177997 -0.756203 0.629661
0.229562 -0.476298 0.848788
-0.079212 -0.597139 -0.798217
-0.167916 -0.830423 -0.531227
-0.247535 -0.929021 -0.275039
-0.091489 -0.744106 -0.661767
0.024542 -0.662639 -0.748537
-0.067419 -0.894830 -0.441286
-0.568789 0.287452 0.770617
-0.170497 0.578473 0.797684
-0.183169 0.451816 0.873104
-0.393435 0.271440 0.878367
-0.373131 0.272202 0.886950
-0.165148 0.489326 0.856321
0.555662 -0.257986 -0.790369
0.747275 -0.373256 -0.549781
0.381364 0.070171 -0.921758
0.399500 -0.323640 -0.857704
0.747275 -0.373256 -0.549781
0.555662 -0.257986 -0.790369
-0.953349 0.158891 0.256671
-0.486928 -0.073039 -0.870383
-0.277438 -0.274389 -0.920727
-0.731571 -0.055097 -0.679535
-0.736779 -0.192602 -0.648121
-0.314097 -0.375087 -0.872154
-0.591882 0.805447 -0.030509
-0.884064 -0.060970 -0.463372
-0.146505 -0.024417 -0.988909
-0.225907 -0.024422 -0.973843
-0.127984 -0.121889 -0.984258
0.231587 -0.255964 -0.938536
-0.482365 0.122118 -0.867417
-0.671805 -0.122146 -0.730588
-0.986304 0.164893 0.003817
-0.235166 -0.250437 -0.939137
-0.521660 -0.256254 -0.813759
-0.753992 0.027473 -0.656309
-0.706946 0.021330 -0.706946
-0.509190 -0.206811 -0.835437
-0.741260 -0.012583 -0.671100
-0.168083 -0.250214 -0.953489
-0.854780 0.004102 -0.518974
-0.219992 -0.176452 -0.959410
0.062479 0.094480 -0.993564
-0.088329 0.079191 -0.992938
0.377935 0.435844 -0.816826
0.297336 0.414745 -0.859987
0.360381 0.426892 -0.829391
0.248815 0.226265 -0.941751
0.449746 0.795470 0.406148
0.269074 0.562609 -0.781710
0.299497 0.929052 -0.217174
0.295910 0.902983 0.311544
0.161958 0.708949 0.686412
0.680617 0.708085 0.188085
0.865592 -0.390126 -0.313930
0.781156 -0.396681 -0.482120
0.634568 -0.256268 -0.729143
0.354265 -0.513073 -0.781826
0.500766 -0.360307 -0.787027
0.613389 -0.476063 -0.630173
-0.029454 0.960876 0.275410
0.012902 0.757035 0.653248
0.074036 0.958654 0.274774
0.277139 0.743098 0.609097
0.012902 0.757035 0.653248
0.007800 0.532716 0.846258
-0.639804 0.194988 0.743391
-0.378436 0.085453 0.921674
-0.556515 0.220160 0.801137
-0.207221 0.134084 0.969062
-0.171136 0.048896 0.984033
0.018281 0.158439 0.987199
0.222809 -0.366261 -0.903443
-0.061147 -0.379114 -0.923327
0.070176 -0.244091 -0.967210
0.602526 -0.328650 -0.727291
0.222809 -0.366261 -0.903443
0.341127 -0.353311 -0.871093
0.024350 -0.974000 -0.225237
-0.091489 -0.744106 -0.661767
-0.067419 -0.894830 -0.441286
0.024350 -0.974000 -0.225237
0.036486 -0.766212 -0.641551
0.006082 -0.717657 -0.696370
0.730832 -0.403640 -0.550417
0.839050 -0.500379 -0.213576
0.596060 -0.537982 -0.596060
0.596060 -0.537982 -0.596060
0.792444 -0.609572 0.021335
0.730832 -0.403640 -0.550417
0.548820 -0.170981 -0.818268
0.523320 -0.036617 -0.851349
0.881587 -0.329167 -0.338310
0.895265 -0.292954 -0.335677
0.932717 -0.353723 -0.070135
0.881587 -0.329167 -0.338310
-0.428990 0.457996 0.778593
-0.084706 0.542119 0.836021
-0.243222 0.622159 0.744151
0.105154 0.841236 0.530344
0.093785 0.992258 0.081420
-0.063827 0.898932 0.433414
-0.652935 0.134248 -0.745421
-0.207506 0.036619 -0.977548
-0.219678 -0.097635 -0.970675
-0.524143 0.060947 -0.849447
-0.628730 0.122083 -0.767981
-0.725986 0.122014 -0.676799
-0.721025 -0.058049 -0.690473
-0.253169 -0.173863 -0.951671
-0.308419 -0.207648 -0.928310
0.268172 -0.338262 -0.902032
-0.537152 -0.228900 -0.811833
-0.140494 -0.299314 -0.943755
0.192077 -0.506485 -0.840582
-0.006106 -0.415175 -0.909721
0.148937 -0.549923 -0.821829
-0.042683 -0.579266 -0.814021
-0.076213 -0.417646 -0.905408
-0.155475 -0.365823 -0.917606
-0.519160 0.067185 -0.852033
-0.766395 -0.262590 -0.586247
-0.030564 -0.360654 -0.932199
-0.818108 0.036632 -0.573897
0.256589 -0.262698 -0.930135
0.371984 -0.487848 -0.789704
0.374810 0.883699 0.280346
0.079449 0.818933 0.568364
0.247866 0.912147 0.326421
0.440782 0.543441 0.714411
0.240879 0.493955 0.835455
0.468487 0.591853 0.655919
-0.368371 0.371035 -0.852429
-0.296014 0.950179 0.097654
0.491700 0.479484 0.726861
-0.926708 0.156992 0.341419
-0.530123 -0.039988 -0.846978
-0.411840 -0.426331 -0.805376
0.945135 -0.305375 -0.116042
0.339710 -0.368654 -0.865270
0.789232 -0.457968 -0.409118
0.639880 -0.458148 -0.616972
0.880734 -0.440367 -0.174312
0.855186 -0.513112 -0.073302
0.512496 0.146101 0.846169
0.139696 0.334967 0.931817
0.369223 0.133986 0.919632
0.495468 0.237824 0.835435
0.487341 0.380735 0.785837
0.339494 0.360904 0.868615
-0.277534 -0.457474 -0.844803
-0.352259 -0.317874 -0.880267
-0.265688 -0.519160 -0.812332
-0.243049 -0.256001 -0.935623
-0.010692 -0.992820 -0.119138
-0.108362 -0.851635 -0.512812
-0.098134 0.476541 0.873658
-0.113306 0.636965 0.762520
-0.277902 0.572947 0.771040
-0.098134 0.476541 0.873658
0.149008 0.354562 0.923083
0.039656 0.561284 0.826673
0.487527 -0.139075 -0.861960
-0.019841 0.847059 -0.531129
-0.680380 0.721569 -0.128143
0.859258 0.509755 0.042734
0.229108 -0.125246 -0.965310
0.837875 -0.430384 -0.335761
0.404822 0.171095 0.898246
0.201321 0.231824 0.951697
0.407983 0.146143 0.901217
0.551791 0.171193 0.816223
0.599078 0.097809 0.794695
0.362776 0.097553 0.926756
0.360645 -0.207829 -0.909254
0.446296 -0.097651 -0.889541
0.509471 -0.475202 -0.717372
0.849254 -0.292873 -0.439309
0.884785 -0.268255 -0.381044
0.688851 -0.207494 -0.694572
-0.885297 0.341908 -0.315196
-0.195141 -0.170749 -0.965797
-0.299231 0.000000 -0.954181
-0.549010 0.170803 0.818177
-0.604544 0.256473 0.754154
-0.756118 0.329277 0.565564
-0.935662 0.165117 -0.311887
0.000000 -0.013718 -0.999906
-0.579397 0.318668 -0.750167
-0.427003 -0.051088 -0.902806
-0.414620 -0.138715 -0.899360
-0.018328 -0.195496 -0.980533
-0.051835 0.634211 0.771420
0.250583 0.959549 0.128347
0.411704 0.881352 0.231774
-0.036632 0.894437 0.445692
-0.311467 0.793935 0.522165
-0.180252 0.721008 0.669071
-0.810661 0.377902 0.447235
-0.717444 0.439626 0.540373
-0.962086 0.243952 0.121976
-0.713335 -0.256069 -0.652366
-0.201557 -0.329821 -0.922276
-0.076549 -0.526654 -0.846626
0.435154 0.170708 0.884025
0.134142 0.298009 0.945091
0.463572 0.163658 0.870814
0.232105 0.195457 0.952851
0.905033 -0.235232 -0.354376
0.169300 0.080837 0.982244
-0.562371 0.512078 0.649242
-0.362742 0.499914 0.786450
-0.427969 0.623611 0.654180
-0.720101 0.439384 0.537025
-0.592146 0.384590 0.708134
-0.494694 0.415299 0.763417
-0.445230 -0.884360 0.140278
0.128198 -0.930965 -0.341862
0.335583 -0.390496 -0.857261
-0.158771 -0.980108 -0.119079
-0.445230 -0.884360 0.140278
-0.292818 -0.701542 -0.649689
-0.091663 -0.821908 -0.562197
0.798079 -0.196474 -0.569621
0.347574 -0.359769 -0.865886
-0.837150 0.009166 0.546897
-0.860172 0.061005 0.506342
-0.645562 0.408044 0.645562
-0.268660 0.170965 -0.947941
0.506518 -0.219694 -0.833771
-0.745731 0.110026 -0.657099
-0.813490 0.024466 -0.581064
0.366072 -0.146429 -0.918994
-0.335950 -0.061082 -0.939897
0.103627 -0.161537 0.981411
0.126732 -0.296218 0.946675
0.079263 -0.307907 0.948109
0.373784 -0.232135 0.897997
0.212097 -0.036621 0.976562
0.163704 -0.030527 0.986037
0.582202 -0.296158 -0.757187
0.771474 -0.046382 -0.634569
0.841945 -0.216587 -0.494185
0.771474 -0.046382 -0.634569
0.926060 0.229893 -0.299271
0.947624 -0.140389 -0.286881
-0.908212 0.179814 -0.377914
-0.912154 0.076267 -0.402690
-0.992067 0.109891 -0.061050
-0.684823 0.039744 -0.727625
-0.441954 0.134110 -0.886956
-0.382118 -0.085594 -0.920141
-0.139001 0.206973 0.968422
-0.019053 0.244643 0.969426
-0.158583 0.294674 0.942347
0.045786 0.499066 0.865353
-0.041221 0.425950 0.903807
-0.012209 0.336505 0.941603
0.444972 0.257333 0.857776
0.412576 0.252256 0.875299
0.578025 0.192167 0.793069
0.578025 0.192167 0.793069
0.412576 0.252256 0.875299
0.432002 0.258593 0.864005
-0.665687 0.360326 0.653472
-0.231716 0.347574 0.908570
-0.463993 0.354100 0.811988
-0.626162 0.384861 0.678088
-0.238542 0.366988 0.899120
-0.663832 0.377593 0.645562
0.070008 0.185674 0.980114
-0.314359 0.015260 0.949181
-0.323771 -0.306972 0.894953
-0.174045 -0.983203 -0.054962
-0.214536 -0.202364 0.955522
-0.330277 -0.305812 0.892971
0.427177 0.085435 0.900123
0.673540 0.048763 0.737541
0.761995 -0.012216 0.647467
0.713924 0.000000 0.700224
0.328200 0.158757 0.931172
0.599078 0.097809 0.794695
0.616828 0.219860 0.755767
-0.231405 -0.858191 -0.458213
-0.391051 -0.867645 0.307036
-0.135507 -0.816086 -0.561820
0.201910 -0.403437 -0.892452
-0.291843 -0.707590 -0.643541
0.052135 -0.267908 0.962033
-0.008161 -0.643740 0.765201
0.436788 -0.501809 0.746594
0.052135 -0.267908 0.962033
0.310075 -0.184089 0.932719
0.129219 0.036701 0.990937
-0.158841 -0.085530 -0.983592
-0.830845 0.164947 -0.531497
-0.446133 -0.125284 -0.886154
-0.275262 -0.159040 -0.948123
-0.158841 -0.085530 -0.983592
-0.446133 -0.125284 -0.886154
-0.746774 0.229159 0.624352
-0.887677 0.212005 0.408758
-0.889007 0.192465 0.415481
-0.980680 0.048881 0.189415
-0.887677 0.212005 0.408758
-0.980260 0.188045 0.061075
-0.213570 -0.219672 -0.951910
-0.806966 0.256762 -0.531864
0.323093 -0.243844 -0.914413
-0.164863 -0.244242 -0.955597
-0.299059 -0.164787 -0.939898
-0.550088 -0.036673 -0.834301
0.392269 -0.042738 0.918857
0.473201 -0.018317 0.880764
0.701285 -0.048838 0.711206
0.945805 0.275032 -0.172659
0.605559 -0.463703 -0.646744
0.646095 -0.054922 0.761278
0.706421 -0.243593 -0.664554
0.351022 -0.268608 -0.897014
0.366276 -0.122092 -0.922462
0.421657 -0.659985 -0.621792
0.351022 -0.268608 -0.897014
0.711188 -0.317440 -0.627250
-0.025940 -0.518804 -0.854500
-0.102165 -0.643485 -0.758610
-0.024401 -0.524622 -0.850986
-0.527423 -0.265236 -0.807140
-0.024428 -0.482449 -0.875584
-0.668884 -0.103845 -0.736078
0.943843 -0.311560 -0.109962
0.930060 -0.347629 0.118926
0.786439 -0.463329 -0.408461
0.644170 -0.741865 -0.186229
0.786439 -0.463329 -0.408461
0.841080 -0.476256 -0.256446
-0.268467 -0.866418 -0.421006
-0.384952 -0.693826 -0.608619
-0.289289 -0.925724 -0.243612
-0.329704 -0.744886 -0.580034
-0.123998 -0.575593 -0.808280
-0.268467 -0.866418 -0.421006
-0.615908 0.106717 0.780557
-0.603647 -0.085364 0.792668
-0.424268 -0.061046 0.903477
-0.935447 0.229276 0.269018
-0.550533 0.397608 0.734045
-0.861134 0.140469 0.488587
-0.414142 -0.243613 0.877006
-0.247392 -0.232121 0.940700
-0.424268 -0.061046 0.903477
-0.295835 -0.567271 0.768561
-0.215885 -0.754078 0.620290
0.024318 -0.656587 0.753859
0.968760 -0.042751 0.244289
0.867872 -0.054861 0.493750
0.817729 -0.036666 0.574435
0.817729 -0.036666 0.574435
0.751216 0.024430 0.659604
0.583035 0.048781 0.810981
0.566703 -0.476580 -0.672100
0.840579 0.207475 0.500381
0.699620 -0.277409 -0.658465
0.576184 -0.278946 -0.768245
0.837689 -0.201779 -0.507505
0.981263 -0.125138 -0.146503
-0.836751 0.221403 0.500829
-0.865589 0.214103 0.452676
-0.980680 0.048881 0.189415
-0.836751 0.221403 0.500829
-0.996498 0.025982 0.079475
-0.865589 0.214103 0.452676
-0.475563 -0.091454 -0.874915
0.000000 0.097690 -0.995217
-0.103714 0.018303 -0.994439
-0.103714 0.018303 -0.994439
0.000000 0.097690 -0.995217
0.170852 0.390519 -0.904602
0.252722 0.916214 0.310940
0.110601 0.183063 -0.976860
0.254266 0.879621 0.402014
-0.175354 0.298864 -0.938047
-0.154835 0.134241 -0.978778
-0.105659 -0.030515 -0.993934
-0.878702 -0.036613 -0.475964
0.743184 0.121834 -0.657901
-0.592953 0.403453 -0.696873
0.743184 0.121834 -0.657901
0.214124 -0.446602 -0.868733
-0.012211 -0.989130 -0.146538
0.161600 0.853736 0.494995
0.009160 0.458001 0.888904
0.184697 0.943330 0.275710
-0.750325 0.420914 0.509748
-0.109894 0.238103 0.965003
0.228785 0.277592 0.933060
0.892282 -0.146426 -0.427075
0.586002 -0.422288 -0.691574
0.857724 -0.036629 0.512803
0.711169 -0.328935 -0.621321
0.272357 0.383430 0.882498
0.734132 -0.042735 0.677660
-0.489736 0.698966 0.521159
-0.739689 0.512445 0.436188
-0.427969 0.623611 0.654180
-0.224149 0.731914 0.643474
-0.489736 0.698966 0.521159
-0.427969 0.623611 0.654180
-0.006104 0.946196 0.323538
-0.054970 0.971138 -0.232096
-0.391432 0.801212 0.452593
-0.222461 0.719188 0.658240
-0.126582 0.634435 0.762542
-0.006104 0.946196 0.323538
-0.009133 -0.681910 -0.731379
-0.189495 -0.855784 -0.481379
-0.024425 -0.427434 -0.903717
-0.262234 -0.853785 0.449762
-0.323776 -0.543699 0.774313
-0.170751 -0.506155 0.845370
-0.152388 -0.975282 -0.160007
0.030531 0.073275 -0.996844
-0.042268 -0.869504 -0.492115
-0.164411 -0.341001 0.925574
0.024391 -0.048782 0.998512
0.030499 -0.341584 0.939356
-0.215849 0.972841 -0.083604
0.141006 0.895083 0.423018
0.441406 0.796983 -0.412285
-0.164280 0.851823 0.497404
0.141006 0.895083 0.423018
-0.215849 0.972841 -0.083604
0.234963 0.300018 -0.924544
0.234543 0.365225 -0.900889
0.397825 0.914540 0.073163
0.281421 0.299774 -0.911558
-0.100609 0.975605 -0.195121
0.216113 0.421908 -0.880505
-0.770341 0.149789 -0.619788
-0.693209 0.254991 0.674123
-0.601035 -0.248270 -0.759684
-0.836076 -0.071707 -0.543907
-0.774584 0.219567 0.593136
-0.635349 0.268802 0.723932
-0.085939 0.167274 0.982158
-0.019861 0.208731 0.977771
-0.252861 0.235796 0.938329
-0.159605 0.456013 0.875545
-0.347529 0.329238 0.877967
-0.131068 0.318525 0.938810
0.552750 -0.418380 -0.720712
0.958780 -0.250382 0.134351
0.384882 -0.354336 -0.852239
0.456431 -0.311411 -0.833483
0.552750 -0.418380 -0.720712
0.719646 -0.433007 -0.542784
-0.155447 0.024384 0.987543
0.030582 -0.171261 0.984751
-0.030363 0.085017 0.995917
-0.235215 0.323802 0.916421
-0.228700 0.256144 0.939195
-0.009159 0.183175 0.983038
0.225902 -0.097687 -0.969240
0.471437 -0.122154 -0.873399
0.379726 -0.753707 -0.536408
0.263844 0.036603 -0.963871
-0.462831 0.268396 -0.844838
0.225902 -0.097687 -0.969240
-0.501227 0.400370 0.767122
-0.545704 0.472537 0.692038
-0.972511 0.167674 -0.161577
-0.501227 0.400370 0.767122
-0.720410 0.415152 0.555570
-0.751282 0.479476 0.453518
-0.740585 0.295625 0.603440
-0.717863 0.470429 0.513195
-0.908257 0.110092 0.403670
-0.740585 0.295625 0.603440
-0.904831 0.360710 0.226208
-0.849195 0.227572 0.476527
-0.311517 -0.884159 -0.348166
0.073073 -0.339485 -0.937769
-0.083941 -0.757761 -0.647111
0.149755 -0.525670 -0.837404
-0.033557 -0.875529 -0.481999
-0.174045 -0.983203 -0.054962
0.194987 -0.216314 -0.956655
0.229414 -0.287532 -0.929890
-0.962324 0.073088 -0.261898
0.136978 -0.301351 -0.943623
-0.800909 -0.418796 -0.427967
-0.907273 -0.237474 -0.347077
0.518823 -0.024415 -0.854533
0.127807 -0.401678 -0.906819
-0.335658 -0.720138 -0.607235
-0.480732 0.194727 0.854973
-0.756491 -0.097612 0.646678
-0.389981 -0.170617 0.904878
-0.268937 -0.602053 0.751802
0.006098 0.173782 0.984765
-0.164866 -0.018318 0.986146
0.129592 0.033542 0.991000
-0.048889 -0.106945 0.993062
-0.076187 -0.246847 0.966055
0.431176 0.244639 0.868469
0.597605 0.353685 0.719566
0.277139 0.743098 0.609097
0.597605 0.353685 0.719566
0.431176 0.244639 0.868469
0.206357 0.189543 0.959943
-0.219678 -0.097635 -0.970675
-0.280942 0.085504 -0.955908
-0.652935 0.134248 -0.745421
-0.860358 0.219666 -0.459925
-0.803526 0.206969 -0.558131
-0.578894 0.000000 -0.815403
-0.015245 0.307947 -0.951281
0.271566 0.277669 -0.921494
0.771588 -0.492535 -0.402568
0.271566 0.277669 -0.921494
0.086275 0.116051 -0.989489
0.771588 -0.492535 -0.402568
0.171024 0.561935 0.809308
0.228053 0.881599 0.413250
0.143965 0.869918 0.471716
-0.030553 0.207762 0.977702
0.042704 0.183015 0.982182
0.024391 0.426845 0.903996
0.297973 0.608108 0.735810
0.301594 0.796591 0.523912
0.190530 0.876209 0.442668
0.329542 0.813983 0.478367
0.171024 0.561935 0.809308
0.297973 0.608108 0.735810
-0.207834 -0.134481 -0.968875
-0.506342 -0.549046 -0.664956
0.127807 -0.401678 -0.906819
0.006082 -0.717657 -0.696370
-0.128256 -0.940543 -0.314532
-0.128696 -0.784435 -0.606712
0.201601 -0.198547 -0.959133
-0.275262 -0.159040 -0.948123
-0.762337 0.030493 -0.646462
-0.641315 -0.076347 -0.763470
-0.694812 0.000000 -0.719191
-0.716230 0.000000 -0.697865
-0.556544 -0.318025 0.767541
-0.265127 -0.463210 0.845662
-0.286915 -0.225869 0.930947
-0.265127 -0.463210 0.845662
-0.133010 -0.318001 0.938714
-0.286915 -0.225869 0.930947
0.707389 0.143307 0.692144
0.871185 0.042795 0.489086
0.784727 0.000000 0.619842
0.871185 0.042795 0.489086
0.935050 -0.287238 0.207789
0.784727 0.000000 0.619842
-0.468209 0.512438 -0.719853
0.604183 -0.692229 -0.394692
-0.076270 -0.366097 -0.927446
-0.237390 -0.231303 0.943475
-0.067051 -0.658316 0.749749
-0.244207 -0.598307 0.763146
0.315545 0.249997 0.915386
-0.021393 0.702922 0.710945
0.199326 0.979892 0.008939
-0.262360 0.048811 -0.963735
-0.126701 -0.323622 -0.937665
-0.527721 -0.048807 -0.848014
-0.262643 -0.186294 -0.946738
0.006112 -0.385042 -0.922879
-0.425156 -0.146816 -0.893133
0.006112 -0.385042 -0.922879
-0.329704 -0.580034 -0.744886
-0.440493 -0.226364 -0.868749
0.051759 -0.389714 0.919481
0.051921 -0.317633 0.946791
-0.870811 -0.281104 0.403323
0.131363 -0.329936 0.934819
0.098396 -0.549189 0.829885
0.266171 -0.428630 0.863383
-0.474039 -0.204907 -0.856329
0.229414 -0.287532 -0.929890
0.194987 -0.216314 -0.956655
-0.592538 -0.135154 -0.794123
0.229414 -0.287532 -0.929890
0.656308 -0.276260 -0.702097
-0.036670 -0.220019 -0.974806
-0.102944 -0.993109 -0.056014
-0.073237 -0.878840 -0.471461
0.171032 -0.024433 -0.984962
-0.036670 -0.220019 -0.974806
-0.073237 -0.878840 -0.471461
0.091535 0.634641 0.767367
0.128084 0.719713 0.682355
0.012202 0.719900 0.693971
0.183001 0.567304 -0.802918
0.378569 -0.085483 -0.921617
0.243845 0.402345 -0.882416
0.759428 -0.317509 -0.567853
0.268964 -0.275076 -0.923034
0.783303 -0.353210 -0.511545
0.465684 -0.305366 -0.830596
0.240291 -0.305131 -0.921496
0.268964 -0.275076 -0.923034
-0.318294 -0.188844 -0.928992
-0.201290 -0.219589 -0.954601
-0.351347 -0.158870 -0.922668
-0.201290 -0.219589 -0.954601
-0.028274 -0.220079 -0.975072
0.152595 -0.305190 -0.939986
0.983013 -0.176927 0.048807
0.732417 -0.162249 -0.661242
0.987253 -0.134279 -0.085450
0.841945 -0.216587 -0.494185
0.913744 -0.365803 -0.176805
0.785638 -0.336102 -0.519430
-0.461829 -0.753511 -0.467906
-0.303773 -0.753358 -0.583245
-0.530508 -0.817104 0.225618
0.085176 -0.146016 -0.985609
-0.394985 -0.425369 -0.814278
-0.184066 -0.981687 -0.049084
-0.174004 -0.232006 -0.957024
0.128090 -0.327086 -0.936273
0.229039 -0.272557 -0.934481
0.094572 -0.044235 -0.994535
0.223084 -0.187941 -0.956510
-0.125003 -0.405497 -0.905509
-0.175888 -0.980709 -0.085279
-0.493607 -0.493607 -0.716034
-0.638914 0.275130 -0.718396
0.344140 -0.616552 0.708119
0.601823 -0.365665 0.709999
0.694430 -0.308296 0.650170
0.228024 -0.231837 -0.945651
0.795793 0.012231 -0.605445
0.549559 -0.426251 -0.718537
0.853563 0.122047 0.506493
0.939424 -0.024420 0.341886
0.977900 -0.024428 0.207642
-0.890675 0.091508 -0.445337
-0.463456 0.286611 0.838489
-0.655210 -0.257185 -0.710321
-0.763630 0.226035 0.604795
-0.543520 0.244279 0.803066
-0.775584 0.170995 0.607643
0.221211 0.097638 -0.970326
-0.063733 -0.177077 -0.982131
0.345082 0.378674 -0.858792
0.424729 0.256671 -0.868174
0.221211 0.097638 -0.970326
0.239666 0.464067 -0.852761
-0.426726 0.457207 0.780299
-0.170497 0.578473 0.797684
-0.568789 0.287452 0.770617
-0.270867 0.480865 0.833906
-0.451077 0.359642 0.816815
-0.235215 0.323802 0.916421
0.103833 0.207667 -0.972673
0.249902 -0.182855 -0.950848
0.290085 -0.048856 -0.955753
0.249902 -0.182855 -0.950848
0.745177 0.207672 -0.633706
0.389793 0.548146 -0.739998
0.487761 -0.693975 -0.529612
0.589221 -0.771845 0.238904
0.463015 -0.719188 0.518059
-0.575037 0.817559 0.030506
-0.783583 0.280283 -0.554472
-0.823816 -0.427359 -0.372413
-0.695801 -0.061035 -0.715637
-0.595450 -0.177108 -0.783627
-0.113088 -0.378999 -0.918461
-0.412709 -0.158675 -0.896936
-0.191473 -0.292930 -0.936766
-0.595450 -0.177108 -0.783627
0.396404 0.277483 0.875138
0.904340 -0.268858 0.331489
0.583248 0.140468 0.800057
0.774523 -0.631205 0.041166
0.897690 -0.170989 0.406098
0.561476 0.115957 0.819328
0.323959 0.094743 0.941315
0.977132 -0.047256 -0.207317
0.436176 0.074729 0.896753
0.672777 -0.030546 0.739215
0.665186 -0.004973 0.746661
0.376229 0.128086 0.917631
-0.506460 0.479002 0.716977
-0.320717 0.452058 0.832337
-0.751282 0.479476 0.453518
-0.320717 0.452058 0.832337
-0.186065 0.463637 0.866268
-0.154092 0.543136 0.825384
-0.085597 0.330159 0.940036
-0.275183 0.256837 0.926450
0.076286 0.720138 0.689624
-0.287238 0.207789 0.935050
-0.391259 0.476847 0.787104
-0.604544 0.256473 0.754154
0.910853 -0.213243 -0.353375
0.412576 0.252256 0.875299
0.444972 0.257333 0.857776
0.463023 0.321839 0.825851
0.909474 0.415760 0.000000
0.932764 -0.067171 -0.354175
-0.296014 0.950179 0.097654
-0.926708 0.156992 0.341419
0.235332 0.304480 0.922990
-0.278131 0.755690 0.592938
-0.448135 0.705736 0.548737
-0.353394 0.289418 0.889579
0.637748 -0.260897 -0.724714
0.979454 -0.195281 0.050346
0.902605 -0.279015 -0.327804
0.667710 -0.207326 -0.714968
0.686450 -0.276105 -0.672721
0.913004 -0.351155 -0.207640
-0.433600 0.356690 0.827504
-0.707874 0.385402 0.591929
-0.686675 0.292981 0.665312
-0.707874 0.385402 0.591929
-0.860896 0.373971 0.344969
-0.686675 0.292981 0.665312
0.493353 -0.538342 -0.683221
0.574169 -0.642886 -0.506979
0.167174 -0.863078 -0.476602
0.103868 -0.417758 -0.902602
0.096796 -0.330021 -0.938998
0.128414 -0.618219 -0.775445
0.135723 0.414794 -0.899736
0.014514 -0.317769 -0.948057
0.391108 0.256414 -0.883904
0.070109 0.560874 -0.824927
0.476172 0.256246 -0.841189
0.345082 0.378674 -0.858792
-0.480975 -0.876713 -0.006088
-0.382650 -0.759177 -0.526526
-0.311753 -0.611281 -0.727424
-0.303773 -0.753358 -0.583245
0.146538 -0.989130 0.012211
-0.530508 -0.817104 0.225618
-0.018297 -0.463530 0.885892
-0.170879 -0.048823 0.984082
-0.291956 -0.948858 0.120128
-0.294345 -0.490575 0.820181
-0.247522 -0.917642 0.310912
-0.589217 -0.785623 0.188734
-0.637431 0.766743 0.076066
-0.206099 0.867142 0.453418
-0.305605 0.948743 -0.080582
0.094349 0.596532 0.797024
0.122034 -0.097627 0.987713
-0.235307 0.415606 0.878580
0.759121 -0.045349 0.649368
0.859159 -0.102044 0.501431
0.762627 -0.140228 0.631455
0.628015 -0.355926 -0.692036
0.714998 -0.562221 -0.415554
0.685640 0.062469 0.725255
0.909474 0.415760 0.000000
0.196617 -0.353606 -0.914497
0.638451 -0.195273 -0.744479
0.955473 -0.122105 -0.268631
-0.248359 0.328107 -0.911408
0.557695 -0.232884 -0.796707
0.006078 -0.461960 -0.886880
-0.140851 -0.783868 -0.604742
-0.151519 -0.751532 -0.642060
0.158417 -0.463064 -0.872053
0.006078 -0.461960 -0.886880
0.351022 -0.268608 -0.897014
-0.076408 -0.586816 -0.806107
-0.036634 -0.781535 -0.622785
-0.061084 -0.842965 -0.534489
-0.225966 -0.696220 -0.681334
-0.243586 -0.864729 -0.439215
-0.179927 -0.817296 -0.547406
-0.899137 0.195731 0.391461
-0.841589 0.231742 0.487877
-0.579988 0.293047 0.760090
-0.639804 0.194988 0.743391
-0.741754 0.255358 0.620155
-0.523379 -0.012172 0.852013
0.320514 -0.042735 0.946279
0.401039 -0.045746 0.914918
0.558368 -0.067126 0.826873
0.777381 -0.348218 -0.523854
0.473201 -0.018317 0.880764
0.392269 -0.042738 0.918857
0.378300 -0.048813 -0.924395
-0.317602 0.000000 -0.948224
-0.372733 0.244415 -0.895171
-0.803526 0.206969 -0.558131
-0.372733 0.244415 -0.895171
-0.317602 0.000000 -0.948224
-0.676150 0.079189 0.732496
-0.531864 0.073361 0.843646
-0.811495 0.219653 0.541505
-0.775175 0.189216 0.602744
-0.484925 0.158592 0.860056
-0.680872 0.222886 0.697664
0.088409 -0.975551 -0.201207
0.228318 -0.103504 -0.968069
0.223133 -0.764154 -0.605210
-0.061097 -0.977556 -0.201621
0.281200 -0.672434 -0.684660
0.088409 -0.975551 -0.201207
0.299142 0.024420 -0.953896
0.901853 -0.244570 -0.356155
0.460047 -0.170614 -0.871348
0.299142 0.024420 -0.953896
0.460047 -0.170614 -0.871348
0.520980 -0.243733 -0.818030
0.121942 -0.438992 0.890178
-0.103927 -0.721379 0.684698
0.223217 -0.500616 0.836396
0.121942 -0.438992 0.890178
0.288261 -0.293614 0.911426
0.175319 -0.170746 0.969592
-0.300604 -0.116043 -0.946663
-0.209560 -0.219867 -0.952756
-0.007243 -0.243964 -0.969757
0.627423 0.030513 -0.778081
0.176085 -0.280897 -0.943446
0.304680 0.183266 -0.934657
-0.108362 -0.851635 -0.512812
0.085358 -0.170716 -0.981616
0.055757 -0.216916 -0.974597
-0.125003 -0.405497 -0.905509
0.223084 -0.187941 -0.956510
0.070140 -0.137230 -0.988053
-0.024413 0.024413 -0.999404
-0.771422 0.146937 -0.619127
-0.705820 0.413756 -0.575000
0.171032 -0.024433 -0.984962
-0.561628 -0.293023 -0.773765
-0.268559 -0.756849 -0.595866
-0.176682 -0.255884 -0.950425
-0.525162 -0.061065 -0.848808
-0.915298 0.402731 -0.006102
-0.851508 -0.036493 -0.523070
-0.872763 0.329575 -0.360091
-0.908790 0.329360 -0.256169
-0.644261 0.329764 0.690061
-0.812336 0.403114 0.421437
-0.827752 0.281008 0.485655
-0.456681 0.274009 0.846382
-0.644261 0.329764 0.690061
-0.578698 0.194930 0.791903
-0.393371 -0.091482 -0.914817
0.051731 -0.033473 -0.998100
-0.210309 -0.167638 -0.963155
-0.393371 -0.091482 -0.914817
-0.496974 -0.185984 -0.847600
-0.686164 -0.250069 -0.683114
-0.238554 0.697313 0.675904
-0.128163 0.518753 0.845263
0.070230 0.702301 0.708408
-0.051848 0.902771 0.426986
0.070230 0.702301 0.708408
0.118998 0.955036 0.271560
-0.079391 -0.491610 -0.867189
-0.299030 -0.816231 -0.494316
-0.564436 -0.308152 -0.765803
-0.097556 -0.832278 -0.545706
-0.079391 -0.491610 -0.867189
0.105407 -0.782150 -0.614110
0.116283 0.667958 0.735058
0.145028 0.900702 -0.409514
0.272820 0.962050 -0.005345
0.225859 0.705045 0.672235
0.161725 0.787266 0.595027
0.448529 0.508028 0.735343
-0.819537 0.204884 -0.535146
-0.774584 0.219567 0.593136
-0.836076 -0.071707 -0.543907
-0.836935 -0.024436 -0.546757
-0.555757 0.225967 0.800046
-0.604772 0.158829 0.780400
0.608752 -0.195289 -0.768950
0.022860 -0.219455 -0.975355
0.087439 -0.182481 -0.979314
0.609901 -0.268860 -0.745477
0.627519 -0.073242 -0.775148
0.022860 -0.219455 -0.975355
0.622181 -0.434612 -0.651155
0.311436 -0.580126 -0.752637
0.830969 -0.348274 -0.433815
-0.024401 -0.524622 -0.850986
0.180226 -0.372671 -0.910294
-0.064067 -0.376013 -0.924397
0.509471 -0.475202 -0.717372
0.893658 -0.158737 -0.419737
0.360645 -0.207829 -0.909254
0.550293 -0.109754 -0.827727
0.604367 -0.207560 -0.769194
0.824932 -0.317752 -0.467462
-0.359402 0.391519 -0.847079
-0.228895 0.012208 -0.973375
-0.875434 0.450658 0.174706
0.484030 0.870028 0.093628
0.122034 -0.097627 0.987713
0.094349 0.596532 0.797024
-0.421437 0.164910 0.891737
-0.311109 0.463613 0.829623
-0.983079 0.109909 -0.146546
-0.983079 0.109909 -0.146546
-0.464435 0.849426 -0.250550
-0.146944 -0.367359 -0.918398
0.932717 -0.353723 -0.070135
0.735683 -0.317473 -0.598315
0.881587 -0.329167 -0.338310
0.658341 -0.316979 -0.682724
0.965315 -0.207398 -0.158598
0.735683 -0.317473 -0.598315
0.253567 0.867626 0.427703
-0.152665 0.818283 0.554173
0.441406 0.796983 -0.412285
0.798198 -0.255911 0.545334
0.830365 -0.317492 0.457922
-0.091863 -0.918629 -0.384293
0.452061 -0.207704 -0.867468
0.462518 -0.256446 -0.848713
0.883648 -0.097674 -0.457849
0.462518 -0.256446 -0.848713
0.452061 -0.207704 -0.867468
0.818015 -0.403656 -0.409772
-0.827752 0.281008 0.485655
-0.930895 0.360150 0.061042
-0.677254 0.509466 0.530821
-0.677254 0.509466 0.530821
-0.831715 0.421973 0.360817
-0.751942 0.464615 0.467671
0.683321 -0.542996 0.488086
-0.420902 -0.832654 0.359902
0.566703 -0.476580 -0.672100
0.604052 0.719981 -0.341686
0.683321 -0.542996 0.488086
0.296160 -0.482405 -0.824363
0.143556 0.565060 0.812465
0.244208 0.296102 0.923410
0.506328 0.265365 0.820496
0.045786 0.499066 0.865353
-0.012209 0.336505 0.941603
0.083993 0.349715 0.933083
0.855186 -0.513112 -0.073302
0.880734 -0.440367 -0.174312
0.493188 0.225283 0.840246
0.479225 0.256400 0.839406
0.964163 -0.134251 0.228836
0.454486 0.207416 0.866268
-0.030477 -0.189720 -0.981365
-0.000382 -0.304180 -0.952614
-0.124301 -0.222591 -0.966955
0.128090 -0.327086 -0.936273
0.097798 -0.227686 -0.968811
0.229039 -0.272557 -0.934481
0.025931 -0.999100 0.033558
0.443201 -0.848261 -0.289873
0.183752 -0.745682 -0.640463
0.485209 -0.739076 0.467267
0.431135 -0.618634 -0.656822
0.443201 -0.848261 -0.289873
-0.304877 -0.231706 0.923776
-0.389981 -0.170617 0.904878
-0.756491 -0.097612 0.646678
-0.723434 -0.145903 0.674800
-0.342946 -0.722636 0.600155
-0.359023 -0.523321 0.772812
0.783929 -0.603374 -0.146272
0.557695 -0.232884 -0.796707
-0.248359 0.328107 -0.911408
0.054335 -0.622283 -0.780904
-0.038081 0.006093 -0.999256
-0.339530 -0.570226 -0.748039
-0.322925 0.194973 0.926124
-0.122258 0.275081 0.953616
-0.438878 0.262107 0.859469
-0.122258 0.275081 0.953616
-0.039570 0.328736 0.943593
-0.341457 0.335360 0.878032
-0.271593 -0.176993 -0.945997
-0.617010 -0.088581 -0.781954
-0.201443 -0.253330 -0.946173
-0.617010 -0.088581 -0.781954
-0.727044 -0.140521 -0.672057
0.085371 -0.275932 -0.957378
-0.597792 0.469693 -0.649641
-0.708091 0.076303 0.701987
-0.947800 0.180388 0.262938
-0.688050 0.039578 0.724583
-0.659604 0.024430 0.751216
-0.745979 0.241526 0.620630
-0.204150 -0.176727 0.962856
-0.280558 -0.126556 0.951457
-0.215743 -0.315200 0.924178
-0.346678 -0.438871 0.828979
-0.328000 -0.256297 0.909246
-0.215743 -0.315200 0.924178
-0.986022 0.140424 0.089673
-0.311200 -0.210517 -0.926735
-0.048828 -0.100707 -0.993717
-0.341824 0.097664 -0.934675
-0.173905 -0.152548 -0.972875
-0.457827 0.442566 -0.771057
0.000190 0.312114 -0.950045
0.872263 0.337305 0.354094
-0.155504 0.536643 -0.829357
-0.405702 0.282161 -0.869362
-0.332389 0.327815 -0.884339
0.022900 0.885480 -0.464113
-0.012201 0.799162 -0.600992
0.188842 0.548251 -0.814714
-0.359997 0.427115 -0.829442
0.073139 0.993466 0.087614
0.012206 -0.042722 -0.999012
0.183001 0.567304 -0.802918
0.417921 0.170829 -0.892277
0.261372 -0.440206 -0.859013
0.451688 0.134286 -0.882012
0.417921 0.170829 -0.892277
0.449922 0.693123 -0.563162
0.239666 0.464067 -0.852761
0.170906 -0.540184 -0.824010
0.445644 -0.439539 -0.779876
-0.067236 -0.378966 -0.922965
0.299489 0.125297 -0.945837
0.128303 0.299373 -0.945470
-0.067236 -0.378966 -0.922965
-0.393755 -0.060284 -0.917236
-0.378162 0.041266 -0.924819
-0.601035 -0.248270 -0.759684
-0.225782 -0.056446 -0.972541
-0.564165 0.000000 -0.825662
-0.048828 -0.100707 -0.993717
0.916822 -0.250181 -0.311201
0.860724 -0.057889 -0.505770
0.910470 0.265363 -0.317216
0.537478 0.234480 -0.810023
0.610596 -0.015227 -0.791796
0.388056 0.186023 -0.902668
0.082368 0.305068 0.948762
0.458039 0.354217 0.815310
0.295923 0.134233 0.945733
0.861500 0.061099 0.504069
0.642169 -0.523474 0.559995
0.295923 0.134233 0.945733
-0.737096 0.426419 -0.524267
-0.543137 0.122053 -0.830726
-0.919939 0.201714 0.336190
-0.482365 0.122118 -0.867417
-0.448711 0.164833 -0.878344
-0.750102 -0.006098 -0.661294
0.711302 -0.134323 -0.689932
0.970323 -0.097643 -0.221221
0.865592 -0.390126 -0.313930
0.970323 -0.097643 -0.221221
0.593653 -0.660974 -0.459010
0.865592 -0.390126 -0.313930
0.059628 -0.996866 0.051984
0.125347 -0.518942 0.845569
0.212097 -0.036621 0.976562
0.059628 -0.996866 0.051984
-0.265688 -0.519160 -0.812332
-0.058053 -0.895342 -0.441580
-0.439662 -0.030532 -0.897644
-0.611209 0.097794 -0.785404
-0.806484 -0.232170 -0.543766
-0.439662 -0.030532 -0.897644
-0.806484 -0.232170 -0.543766
-0.155475 -0.365823 -0.917606
-0.648697 0.244791 0.720604
-0.604265 0.122074 0.787376
-0.926160 -0.048745 -0.373967
-0.705820 0.413756 -0.575000
-0.771422 0.146937 -0.619127
-0.488595 0.219868 0.844354
-0.831867 0.122333 -0.541325
-0.384590 0.390694 0.836330
-0.829141 -0.036580 -0.557841
-0.560309 0.389780 0.730838
-0.884064 -0.060970 -0.463372
-0.591882 0.805447 -0.030509
0.349888 -0.476573 -0.806509
-0.001528 -0.207859 -0.978158
0.377287 -0.748171 -0.545797
0.377287 -0.748171 -0.545797
-0.117545 -0.806024 -0.580093
0.349888 -0.476573 -0.806509
0.028614 -0.091565 -0.995388
0.120544 0.317382 -0.940605
0.272820 0.962050 -0.005345
0.074761 0.253272 -0.964502
0.207459 0.643732 -0.736593
0.192297 0.318969 -0.928052
-0.299020 -0.341737 0.890956
-0.232170 -0.586534 0.775935
-0.231893 -0.781112 0.579732
-0.237390 -0.231303 0.943475
-0.324154 -0.721702 0.611612
-0.299020 -0.341737 0.890956
0.598307 0.048841 0.799777
0.208060 0.039703 0.977310
0.369794 -0.009168 0.929069
0.208060 0.039703 0.977310
-0.151914 -0.054826 0.986872
-0.193831 -0.188880 0.962681
-0.500932 0.281011 0.818596
-0.219299 0.365499 0.904610
-0.329727 0.335833 0.882325
-0.115984 0.680644 0.723375
0.457918 0.460970 -0.760143
-0.511525 0.764243 -0.392778
-0.225920 -0.314456 -0.921997
0.357295 -0.368746 -0.858118
-0.512813 -0.130111 -0.848583
-0.491793 -0.016037 -0.870565
-0.838002 0.100560 -0.536321
-0.823411 0.208902 -0.527593
-0.370634 -0.410454 0.833161
-0.383045 -0.422881 0.821248
-0.332444 -0.321818 0.886518
-0.370634 -0.410454 0.833161
-0.332444 -0.321818 0.886518
-0.281865 -0.591155 0.755703
0.082376 0.996527 0.012204
0.302028 0.826000 0.475923
0.509719 0.860341 0.000000
-0.121272 0.973226 0.195255
0.286703 0.555105 0.780807
0.872263 0.337305 0.354094
-0.753992 0.027473 -0.656309
-0.519038 -0.167924 -0.838094
-0.235166 -0.250437 -0.939137
-0.894833 0.021378 -0.445889
-0.320399 -0.265473 -0.909323
-0.668884 -0.103845 -0.736078
-0.021374 0.464129 -0.885510
-0.027428 -0.390090 -0.920368
0.333315 0.042811 -0.941843
0.284430 0.623912 -0.727897
-0.021374 0.464129 -0.885510
0.265297 0.530594 -0.805039
-0.313840 -0.731277 0.605589
-0.253123 -0.182980 0.949972
-0.286831 -0.433298 0.854389
-0.286831 -0.433298 0.854389
-0.253123 -0.182980 0.949972
-0.208946 -0.024402 0.977623
-0.749820 0.158499 0.642377
-0.895941 0.249888 0.367214
-0.555757 0.225967 0.800046
-0.950616 0.152342 -0.270408
-0.329444 0.054907 -0.942577
0.061056 0.122112 -0.990637
0.837875 -0.430384 -0.335761
0.579440 0.051981 0.813356
0.859258 0.509755 0.042734
0.678722 -0.057958 0.732105
0.422689 -0.306164 0.852994
0.566252 -0.229850 0.791535
0.750490 0.134302 -0.647092
0.738610 -0.286750 -0.610106
0.981698 -0.177034 -0.070203
0.462808 -0.018337 -0.886269
0.750490 0.134302 -0.647092
0.866731 -0.128136 -0.482036
-0.332389 0.327815 -0.884339
-0.405702 0.282161 -0.869362
-0.035130 0.412396 -0.910327
-0.591403 -0.131084 -0.795650
-0.067109 -0.390453 -0.918174
0.198383 0.451703 -0.869833
0.045933 0.116363 0.992144
-0.162856 -0.027396 0.986269
0.129219 0.036701 0.990937
0.430691 0.161176 0.887991
0.633298 0.202074 0.747061
0.300179 0.140900 0.943419
-0.317540 0.287007 0.903767
0.036511 0.225154 0.973639
-0.816739 0.298658 0.493701
-0.816739 0.298658 0.493701
-0.992858 -0.119143 0.006110
-0.736779 -0.192602 -0.648121
0.088605 -0.256649 -0.962435
0.593302 -0.372148 -0.713792
0.478871 -0.244400 -0.843179
0.304510 -0.361128 -0.881397
0.737724 -0.317695 -0.595678
0.253392 -0.311397 -0.915874
-0.518210 -0.103642 0.848950
-0.158715 -0.207551 0.965263
-0.556544 -0.318025 0.767541
-0.865978 -0.195150 0.460432
-0.676150 0.079189 0.732496
-0.841720 0.292772 0.453644
-0.142060 -0.006110 -0.989839
0.960399 0.128257 -0.247352
0.460370 -0.030488 -0.887203
0.816106 0.180001 -0.549155
0.562745 -0.411765 -0.716776
0.163108 0.182925 -0.969502
-0.543216 0.024414 -0.839238
-0.658573 0.060979 -0.750042
-0.372415 -0.012210 -0.927986
-0.818230 0.122124 -0.561770
-0.219552 -0.170763 -0.960540
-0.824183 0.109891 -0.555560
0.780211 -0.103825 0.616840
0.841589 -0.060985 0.536665
0.716860 -0.585690 -0.378258
0.780211 -0.103825 0.616840
0.958780 -0.250382 0.134351
0.713849 -0.048810 0.698596
0.840599 0.109743 0.530424
0.325289 0.122174 0.937689
0.083763 0.079465 0.993312
0.947228 -0.244249 -0.207612
0.828097 -0.219720 -0.515731
0.847965 -0.244348 -0.470371
-0.103795 -0.598346 -0.794487
-0.280809 -0.494467 -0.822586
-0.265343 -0.170795 -0.948906
-0.018310 0.073241 -0.997146
-0.265343 -0.170795 -0.948906
-0.280809 -0.494467 -0.822586
-0.051948 -0.605041 -0.794498
-0.434370 0.073286 -0.897748
-0.493607 -0.493607 -0.716034
0.164282 -0.493989 -0.853807
0.074422 -0.864897 -0.496402
-0.352259 -0.317874 -0.880267
-0.424268 -0.061046 0.903477
-0.162856 -0.027396 0.986269
-0.352375 0.021264 0.935617
-0.424268 -0.061046 0.903477
-0.247392 -0.232121 0.940700
-0.162856 -0.027396 0.986269
-0.670679 0.289611 0.682873
-0.982635 0.149531 0.109860
-0.604770 0.363473 0.708619
-0.935447 0.229276 0.269018
-0.944468 0.313807 0.097493
-0.793377 0.262425 0.549261
0.071775 0.644447 0.761273
0.103819 0.720624 0.685509
0.156450 0.780534 0.605219
0.071775 0.644447 0.761273
0.009160 0.458001 0.888904
-0.231667 0.713292 0.661472
-0.579988 0.293047 0.760090
-0.820900 0.255391 0.510782
-0.623856 0.232417 0.746181
-0.898801 0.220115 0.379086
-0.669625 0.280025 0.687887
-0.900166 0.255453 0.352768
-0.597792 0.469693 -0.649641
-0.097588 -0.045744 -0.994175
0.543652 0.064139 -0.836857
0.335583 -0.390496 -0.857261
0.128198 -0.930965 -0.341862
0.274651 -0.329581 -0.903296
-0.311467 0.793935 0.522165
-0.036632 0.894437 0.445692
-0.042724 0.888050 -0.457758
-0.115984 0.680644 0.723375
-0.463490 0.811108 0.356765
-0.292800 0.857050 0.423950
-0.015266 0.283951 0.958717
-0.373131 0.272202 0.886950
-0.393435 0.271440 0.878367
-0.808675 0.225819 0.543185
-0.100898 0.180394 0.978406
0.244333 0.143546 0.959008
0.263844 0.036603 -0.963871
0.441679 -0.305132 -0.843691
-0.462831 0.268396 -0.844838
0.441679 -0.305132 -0.843691
0.778351 -0.341195 0.527025
0.577646 -0.366275 0.729498
-0.079212 -0.597139 -0.798217
-0.051779 -0.840643 -0.539108
0.119050 -0.805879 -0.579988
-0.051779 -0.840643 -0.539108
0.033499 -0.535983 -0.843564
0.119050 -0.805879 -0.579988
0.751090 -0.030532 -0.659494
0.343713 -0.578965 -0.739365
-0.200025 0.151164 -0.968060
0.763798 -0.113042 0.635480
0.676876 -0.140254 0.722611
0.664011 -0.210652 0.717437
0.296160 -0.482405 -0.824363
-0.199745 -0.859971 -0.469630
0.604052 0.719981 -0.341686
0.115791 0.865387 0.487542
-0.009131 0.742658 0.669609
0.932909 0.317067 -0.170729
0.474909 -0.231924 -0.848924
0.693307 -0.244069 -0.678053
0.777407 -0.268413 -0.568853
0.890839 -0.286777 -0.352370
0.584836 -0.232102 -0.777236
0.925287 -0.244300 -0.290106
-0.799621 0.442538 -0.405914
0.861713 -0.012223 -0.507249
-0.494185 0.216587 -0.841945
-0.799621 0.442538 -0.405914
0.268172 -0.338262 -0.902032
-0.140494 -0.299314 -0.943755
-0.475563 -0.091454 -0.874915
-0.329549 -0.048822 -0.942875
0.000000 0.097690 -0.995217
-0.164863 -0.244242 -0.955597
-0.659069 -0.067127 -0.749081
-0.849010 -0.006108 -0.528341
0.825159 -0.146695 -0.545522
0.520980 -0.243733 -0.818030
0.460047 -0.170614 -0.871348
0.764644 -0.170598 0.621463
0.804068 -0.170560 0.569548
0.705044 -0.170920 0.688258
-0.591403 -0.131084 -0.795650
-0.680095 -0.333948 -0.652648
-0.508993 -0.682721 -0.524232
0.680669 0.726454 0.094622
0.772624 0.448916 0.448916
0.671169 0.610153 0.421006
0.714749 -0.201596 -0.669696
0.874184 0.452375 -0.176518
-0.420691 -0.695056 -0.583024
-0.305383 -0.201553 -0.930654
-0.195228 -0.567382 -0.799978
-0.420691 -0.695056 -0.583024
0.201621 0.745387 0.635412
0.140834 0.673552 0.725599
0.345050 0.293140 0.891633
0.458039 0.354217 0.815310
0.559463 0.024457 0.828494
0.174178 0.268907 0.947286
-0.116031 -0.859546 -0.497712
0.149755 -0.525670 -0.837404
-0.174045 -0.983203 -0.054962
-0.128208 -0.987510 -0.091577
0.149598 -0.731199 -0.665559
-0.030541 -0.871943 -0.488654
-0.276436 -0.450827 -0.848727
0.269729 0.378996 -0.885216
-0.228869 -0.684126 -0.692525
0.680952 0.697784 -0.222266
0.910397 -0.207567 0.357901
0.217779 -0.596988 -0.772125
-0.797695 0.386669 -0.462785
-0.262191 0.407006 0.874987
-0.568117 0.418452 0.708619
-0.726184 0.161713 0.668211
-0.935662 0.165117 -0.311887
-0.579397 0.318668 -0.750167
-0.605123 -0.385078 -0.696808
-0.464435 0.849426 -0.250550
-0.302396 0.586465 -0.751409
0.244920 -0.875589 -0.416364
0.595451 -0.073286 -0.800042
0.333315 0.042811 -0.941843
-0.111327 -0.667960 -0.735823
0.311436 -0.580126 -0.752637
-0.102165 -0.643485 -0.758610
-0.125079 -0.518619 -0.845807
-0.360203 -0.219785 -0.906614
-0.079351 -0.180067 -0.980449
-0.979239 0.097924 -0.177487
-0.463993 0.354100 0.811988
-0.024410 0.305128 0.951999
-0.953349 0.158891 0.256671
-0.909721 0.006106 -0.415175
-0.588161 0.220560 0.778087
-0.458073 0.476396 0.750477
-0.771478 0.256143 0.582420
-0.617589 0.523278 0.587166
-0.739689 0.512445 0.436188
-0.952777 0.182933 0.242387
-0.810661 0.377902 0.447235
0.988374 0.017731 0.151002
0.914765 -0.381057 -0.134166
0.524334 -0.041154 0.850518
0.733050 -0.105376 0.671962
0.400073 0.022905 0.916197
0.506328 0.265365 0.820496
0.448529 0.508028 0.735343
0.400073 0.022905 0.916197
-0.064078 0.286827 0.955837
0.448529 0.508028 0.735343
-0.064078 0.286827 0.955837
0.100691 0.674326 0.731537
-0.237938 -0.585693 0.774822
-0.163974 -0.777358 0.607311
0.030499 -0.341584 0.939356
-0.268321 -0.292714 0.917781
-0.323911 -0.562260 0.760885
-0.237938 -0.585693 0.774822
0.784229 -0.195294 0.588935
0.588664 -0.122003 0.799119
0.787670 -0.207603 0.580067
0.764644 -0.170598 0.621463
0.588664 -0.122003 0.799119
0.567334 -0.122007 0.814399
-0.878702 -0.036613 -0.475964
-0.622403 0.109836 0.774952
-0.555933 0.201602 0.806409
-0.402874 0.311312 0.860685
-0.830845 0.164947 -0.531497
-0.737873 0.213434 0.640303
0.390498 0.372193 0.842011
0.308235 0.146488 0.939964
0.331835 0.182661 0.925484
0.469852 0.305595 0.828161
-0.166952 0.097805 0.981102
0.267305 0.091647 0.959244
-0.870811 -0.281104 0.403323
-0.384952 -0.693826 -0.608619
-0.380685 -0.733851 -0.562619
-0.480975 -0.876713 -0.006088
-0.311753 -0.611281 -0.727424
-0.109181 -0.909843 -0.400331
0.574140 0.268033 0.773642
0.528420 0.201594 0.824701
0.585639 0.213792 0.781870
0.482940 -0.134065 0.865330
0.579708 0.186117 0.793284
0.704816 0.103739 0.701764
0.960685 0.000000 0.277641
0.861966 -0.499735 -0.085321
0.362776 0.097553 0.926756
0.960685 0.000000 0.277641
0.735171 -0.354594 -0.577743
0.861966 -0.499735 -0.085321
0.205339 -0.766598 -0.608411
0.128600 -0.875704 -0.465409
0.182815 -0.761728 -0.621570
0.205339 -0.766598 -0.608411
0.182815 -0.761728 -0.621570
0.097805 -0.971936 -0.213948
-0.333255 -0.264464 -0.904986
-0.110026 -0.657099 -0.745731
-0.100767 -0.151914 -0.983244
-0.105273 -0.153333 -0.982551
-0.265423 0.556777 -0.787115
-0.530556 0.525982 -0.664720
0.268964 -0.275076 -0.923034
0.103701 -0.780807 0.616106
-0.012211 -0.989130 -0.146538
0.281200 -0.672434 -0.684660
-0.061097 -0.977556 -0.201621
0.030548 -0.745373 -0.665948
0.153034 0.979418 0.131609
-0.051922 0.989568 0.134386
-0.032060 0.842725 0.537390
-0.206099 0.867142 0.453418
-0.224149 0.731914 0.643474
0.095824 0.919914 0.380231
-0.256086 0.021340 -0.966419
-0.160258 0.280832 -0.946283
-0.210639 -0.036633 -0.976877
-0.234894 -0.146427 -0.960929
-0.256086 0.021340 -0.966419
-0.210639 -0.036633 -0.976877
0.405426 0.310928 0.859624
0.363681 0.256716 0.895451
0.662479 0.103799 0.741854
0.053469 0.366641 0.928825
0.131253 0.421231 0.897406
-0.125125 0.488291 0.863664
0.608752 -0.195289 -0.768950
0.864103 0.146303 0.481581
0.846731 -0.012227 -0.531881
0.854788 -0.219803 0.470133
0.783587 -0.608021 0.127684
0.681244 -0.403248 -0.610981
0.883085 -0.146545 0.445741
0.556838 -0.596395 -0.578138
0.797011 -0.024383 0.603473
0.686162 -0.006113 0.727423
0.892282 -0.146426 -0.427075
0.857724 -0.036629 0.512803
0.934974 -0.195351 -0.296078
0.706933 0.061008 0.704645
0.282775 -0.146539 0.947926
0.670622 -0.439202 -0.597803
0.934974 -0.195351 -0.296078
0.589257 -0.219542 -0.777545
0.500326 0.097625 0.860316
0.515977 0.085235 0.852351
0.505028 0.122061 0.854428
0.616484 0.097661 0.781287
0.537305 -0.036634 0.842592
0.581046 0.183007 0.793029
-0.222857 0.319785 -0.920908
-0.021363 0.009156 -0.999730
-0.228800 -0.015253 -0.973354
0.250297 -0.022893 -0.967898
-0.021363 0.009156 -0.999730
-0.259488 0.004579 -0.965735
-0.680872 0.222886 0.697664
-0.484925 0.158592 0.860056
-0.475910 0.227277 0.849621
-0.509654 0.332648 0.793472
-0.783842 0.275260 0.556619
-0.728919 0.268388 0.629798
0.685640 0.062469 0.725255
0.589264 0.204563 0.781615
0.842682 -0.033585 0.537363
0.396404 0.277483 0.875138
0.583248 0.140468 0.800057
0.796573 -0.122080 0.592088
0.617476 0.036546 0.785740
0.436176 0.074729 0.896753
0.574239 0.012218 0.818596
0.530895 0.027421 0.846994
0.332648 -0.076295 0.939960
0.600169 -0.051791 0.798195
0.564376 0.732163 0.381335
0.261372 -0.440206 -0.859013
0.417921 0.170829 -0.892277
0.333507 0.832238 -0.442891
0.564376 0.732163 0.381335
0.069383 0.731950 0.677816
-0.683059 0.382696 0.622072
-0.821570 0.048103 -0.568074
-0.960002 0.217143 0.176762
-0.866933 0.311363 0.389204
-0.944960 0.118882 -0.304826
-0.598780 -0.090122 -0.795827
-0.666678 -0.263384 -0.697259
-0.219992 -0.176452 -0.959410
-0.854780 0.004102 -0.518974
-0.542684 0.218655 0.810977
-0.666678 -0.263384 -0.697259
-0.854780 0.004102 -0.518974
0.085454 0.927791 0.363181
0.142918 0.960895 0.237183
-0.164280 0.851823 0.497404
-0.003038 0.947764 0.318959
-0.051922 0.989568 0.134386
0.153034 0.979418 0.131609
-0.901351 0.024361 -0.432405
-0.578003 -0.183493 -0.795137
-0.915315 0.000000 -0.402739
-0.901351 0.024361 -0.432405
-0.915315 0.000000 -0.402739
-0.970577 0.207545 -0.122085
-0.646750 0.298970 0.701663
-0.500540 0.408978 0.763018
-0.757136 0.317509 0.570905
-0.128163 0.518753 0.845263
-0.561286 0.549084 0.619245
-0.286681 0.457470 0.841745
0.043477 0.122040 0.991573
-0.001524 0.219512 0.975609
0.065313 0.097778 0.993063
0.565624 0.085377 0.820232
0.043477 0.122040 0.991573
0.404822 0.171095 0.898246
-0.972511 0.167674 -0.161577
-0.545704 0.472537 0.692038
-0.018315 0.390719 0.920328
-0.823813 -0.360037 -0.437841
-0.521660 -0.256254 -0.813759
-0.235166 -0.250437 -0.939137
0.734753 -0.472940 -0.486278
0.271539 -0.141872 -0.951913
0.266947 -0.457623 -0.848128
0.242623 0.105289 -0.964390
0.447771 -0.313287 -0.837468
-0.120474 0.144873 -0.982089
0.564405 -0.478981 -0.672328
0.775700 -0.558870 -0.293178
0.372150 -0.539922 -0.754976
0.116040 -0.418356 -0.900840
0.727516 -0.660267 -0.186464
0.372150 -0.539922 -0.754976
0.564405 -0.478981 -0.672328
0.775779 -0.421486 -0.469591
0.375087 -0.509265 -0.774570
0.372150 -0.539922 -0.754976
0.775779 -0.421486 -0.469591
0.564405 -0.478981 -0.672328
0.999573 -0.016024 0.024417
0.732781 -0.258078 -0.629626
0.849737 -0.434213 -0.299010
0.134142 0.298009 0.945091
0.849737 -0.434213 -0.299010
0.463572 0.163658 0.870814
-0.463456 0.286611 0.838489
-0.556606 0.269128 0.785977
-0.655210 -0.257185 -0.710321
-0.329727 0.335833 0.882325
-0.974790 0.054832 -0.216282
-0.500932 0.281011 0.818596
0.436788 -0.501809 0.746594
0.874052 -0.475923 0.097625
0.771403 -0.519875 0.366971
-0.019839 -0.653173 -0.756949
-0.698309 0.628860 -0.341905
-0.442376 0.049068 -0.895486
0.033505 -0.207123 -0.977741
-0.140324 -0.146425 -0.979218
0.131324 0.024432 -0.991038
-0.274466 -0.158580 -0.948431
-0.623018 0.024432 -0.781826
-0.232026 -0.097695 -0.967791
0.009196 0.870555 0.491986
-0.030222 0.997501 0.063864
0.069383 0.731950 0.677816
0.151398 0.988473 0.000763
-0.305605 0.948743 -0.080582
0.264208 0.923540 0.277973
0.251627 0.213501 0.943982
0.279376 0.543485 0.791564
-0.286703 0.555105 0.780807
0.251627 0.213501 0.943982
-0.286703 0.555105 0.780807
0.311282 -0.195314 0.930030
-0.068648 0.109836 0.991576
0.075926 0.064098 0.995051
-0.050297 0.126504 0.990690
-0.015278 0.036668 0.999211
-0.012217 -0.091631 0.995718
0.139276 -0.048842 0.989048
-0.038188 0.659888 -0.750393
0.091835 0.930599 0.354332
0.123468 0.817025 0.563229
0.091835 0.930599 0.354332
0.152641 0.885316 -0.439223
0.137702 0.636491 0.758893
-0.177298 0.366824 0.913239
-0.868487 0.452592 0.202214
-0.500574 0.231973 0.834035
-0.868487 0.452592 0.202214
-0.329811 0.940572 0.080926
-0.347948 -0.030522 -0.937017
-0.895833 0.121882 -0.427349
-0.901734 0.292454 -0.318349
-0.719885 0.134216 0.680993
-0.714728 0.158828 0.681130
-0.372492 0.170980 0.912149
-0.561935 0.171024 0.809308
-0.844289 0.024472 -0.535328
-0.580505 0.262755 0.770697
-0.749425 -0.213251 -0.626806
-0.158685 0.103755 -0.981863
-0.844289 0.024472 -0.535328
-0.749425 -0.213251 -0.626806
0.274520 0.000000 -0.961581
-0.493533 -0.170604 -0.852830
-0.402279 -0.700941 -0.588943
-0.164790 -0.238030 -0.957176
-0.481367 0.140145 -0.865243
-0.103803 0.152652 -0.982814
-0.597888 -0.105240 -0.794641
-0.668884 -0.103845 -0.736078
-0.174004 -0.232006 -0.957024
-0.439353 -0.102592 -0.892437
-0.018302 -0.260039 -0.965425
0.256286 -0.149500 -0.954970
0.158728 -0.268617 -0.950079
-0.885297 0.341908 -0.315196
-0.939023 0.243902 0.242378
-0.939023 0.243902 0.242378
-0.943406 -0.060865 -0.326008
0.158728 -0.268617 -0.950079
0.278151 0.085585 -0.956717
0.289734 0.128093 -0.948497
0.332648 0.280767 -0.900286
0.146292 0.097528 -0.984422
0.149445 -0.158595 -0.975968
0.265380 0.390444 -0.881548
0.238219 0.421464 0.874997
0.268772 0.623064 0.734543
0.561820 0.140455 0.815249
0.420583 0.786307 0.452584
0.449746 0.795470 0.406148
0.715894 0.526213 0.458907
-0.342785 -0.073454 0.936538
-0.146732 -0.097821 0.984328
-0.171136 0.048896 0.984033
-0.639804 0.194988 0.743391
-0.523379 -0.012172 0.852013
-0.378436 0.085453 0.921674
-0.006090 -0.998794 0.048722
0.801759 -0.365127 0.473144
0.712284 0.195649 -0.674072
0.095551 -0.937014 -0.335969
0.628657 -0.534510 0.564880
-0.018297 -0.463530 0.885892
0.260813 -0.413336 0.872428
0.029748 -0.356979 0.933639
0.637447 -0.161649 0.753347
0.662515 -0.438115 0.607560
0.576294 -0.434507 0.692162
0.597822 -0.167756 0.783879
0.865688 -0.215277 -0.451929
0.875171 -0.477262 -0.079353
0.840959 -0.438396 -0.317170
0.402099 0.000000 -0.915596
0.654002 -0.137203 -0.743947
0.540449 -0.148433 -0.828180
0.035123 -0.235598 -0.971216
0.246789 -0.241838 -0.938408
0.018329 -0.320753 -0.946986
0.051731 -0.033473 -0.998100
0.062479 0.094480 -0.993564
0.251812 -0.079359 -0.964517
0.798079 -0.196474 -0.569621
-0.115984 -0.680644 -0.723375
0.861713 -0.012223 -0.507249
-0.494185 0.216587 -0.841945
-0.837150 0.009166 0.546897
-0.799621 0.442538 -0.405914
0.641416 -0.074259 0.763591
0.696316 0.007635 0.717694
0.412651 -0.000287 0.910889
0.139049 -0.429372 0.892359
0.676876 -0.140254 0.722611
0.412651 -0.000287 0.910889
-0.659429 0.033582 0.751016
-0.443450 0.318061 0.837968
-0.267895 0.267895 0.925454
-0.800909 -0.418796 -0.427967
-0.537734 0.174152 0.824932
-0.907273 -0.237474 -0.347077
-0.902305 0.180461 0.391509
-0.850906 0.115894 -0.512374
-0.843787 0.024369 -0.536125
-0.843787 0.024369 -0.536125
-0.850906 0.115894 -0.512374
-0.908212 0.179814 -0.377914
-0.207301 -0.048777 0.977060
-0.109318 -0.534444 0.838105
-0.202116 -0.808462 0.552755
-0.294345 -0.490575 0.820181
-0.109318 -0.534444 0.838105
-0.207301 -0.048777 0.977060
0.584836 -0.232102 -0.777236
0.589921 -0.201213 -0.781989
0.777381 -0.348218 -0.523854
0.942178 -0.298814 -0.151694
0.589921 -0.201213 -0.781989
0.584836 -0.232102 -0.777236
0.688851 -0.207494 -0.694572
0.453917 -0.061031 -0.888952
0.832898 -0.036611 -0.552214
-0.098139 -0.281052 -0.954661
0.674191 0.036615 -0.737649
0.321407 0.012208 -0.946863
-0.188873 0.079526 0.978776
-0.188989 0.219471 0.957139
-0.362319 0.109609 0.925587
-0.308114 0.317266 0.896888
-0.494694 0.415299 0.763417
-0.456681 0.274009 0.846382
-0.513145 -0.332933 0.791099
-0.556104 0.004583 0.831100
-0.314359 0.015260 0.949181
-0.544709 -0.015301 0.838485
-0.853036 -0.063978 0.517915
-0.513145 -0.332933 0.791099
-0.225921 0.378570 0.897577
-0.511246 -0.231278 0.827731
-0.428682 0.244961 0.869612
-0.225921 0.378570 0.897577
-0.460192 0.674948 0.576774
0.238279 0.354364 0.904239
0.339494 0.360904 0.868615
0.105382 0.367211 0.924148
0.495468 0.237824 0.835435
0.105382 0.367211 0.924148
0.060190 0.424290 0.903524
-0.183169 0.451816 0.873104
0.384882 -0.354336 -0.852239
0.719646 -0.433007 -0.542784
0.552750 -0.418380 -0.720712
0.593302 -0.372148 -0.713792
0.482039 -0.408818 -0.774923
0.634370 -0.518476 -0.573373
0.036486 -0.766212 -0.641551
0.024350 -0.974000 -0.225237
-0.649342 -0.759608 -0.036755
-0.042641 0.012183 0.999016
-0.201287 -0.256183 0.945438
-0.152513 -0.719860 0.677157
-0.268561 -0.061037 -0.961327
-0.189133 -0.073213 -0.979218
0.439759 -0.244310 -0.864248
-0.507541 0.256828 0.822461
-0.213570 -0.219672 -0.951910
-0.769923 0.122210 -0.626326
0.358888 0.932495 0.040643
0.213217 0.487352 -0.846774
0.242128 0.962420 -0.122967
-0.359997 0.427115 -0.829442
0.188842 0.548251 -0.814714
0.257992 0.158764 -0.953013
0.639494 -0.152533 0.753512
0.356823 -0.061126 0.932170
0.264183 -0.121878 0.956741
0.077377 -0.231750 0.969693
0.229562 -0.476298 0.848788
0.535651 -0.225537 0.813763
0.091616 -0.580237 0.809278
0.344140 -0.616552 0.708119
0.604680 -0.338987 0.720729
0.678088 -0.307806 0.667422
0.604680 -0.338987 0.720729
0.344140 -0.616552 0.708119
0.984434 -0.171894 -0.036630
0.926060 0.229893 -0.299271
0.771474 -0.046382 -0.634569
0.732781 -0.258078 -0.629626
0.987457 0.154910 0.030524
0.984434 -0.171894 -0.036630
0.019276 -0.885547 -0.464149
0.117434 -0.671049 -0.732054
0.240272 -0.855658 -0.458388
0.240272 -0.855658 -0.458388
0.332421 -0.579449 -0.744134
0.606101 -0.685257 -0.403812
0.715330 -0.645170 -0.268439
0.562627 -0.806153 -0.183217
0.316787 -0.598460 -0.735861
0.038907 -0.122063 -0.991759
-0.189139 -0.048884 -0.980733
0.055757 -0.216916 -0.974597
0.017560 0.335922 -0.941726
-0.105659 -0.030515 -0.993934
-0.154835 0.134241 -0.978778
-0.126701 -0.323622 -0.937665
-0.262360 0.048811 -0.963735
0.017560 0.335922 -0.941726
0.424729 0.256671 -0.868174
0.522299 0.219915 -0.823918
0.448773 -0.109904 -0.886862
0.522299 0.219915 -0.823918
0.363866 0.587079 -0.723146
0.325450 0.583985 -0.743669
0.686969 0.006106 0.726661
0.893820 -0.115922 0.433183
0.718241 0.024399 0.695367
0.954100 -0.021338 0.298728
0.830350 -0.470124 0.299170
0.841589 -0.060985 0.536665
-0.506342 -0.061005 0.860172
-0.103865 0.097756 0.989776
-0.814052 0.461701 -0.352351
-0.394985 -0.425369 -0.814278
0.091749 -0.795155 0.599425
-0.184066 -0.981687 -0.049084
0.609878 -0.445211 -0.655619
0.360150 -0.344889 -0.866801
0.734753 -0.472940 -0.486278
0.628015 -0.355926 -0.692036
0.360150 -0.344889 -0.866801
0.609878 -0.445211 -0.655619
0.399500 -0.323640 -0.857704
0.914765 -0.381057 -0.134166
0.988374 0.017731 0.151002
0.671553 -0.250020 -0.697500
0.955187 -0.293728 0.036621
0.637748 -0.260897 -0.724714
0.145044 -0.012214 -0.989350
0.602154 -0.709135 -0.366794
-0.284537 0.391620 -0.875027
0.399247 -0.560775 -0.725350
0.742653 -0.500185 -0.445287
0.544539 -0.770920 -0.330394
0.001527 -0.171019 -0.985267
0.067673 0.936781 -0.343309
0.067149 -0.048835 -0.996547
-0.228869 -0.684126 -0.692525
0.067149 -0.048835 -0.996547
-0.276436 -0.450827 -0.848727
-0.436512 0.271484 0.857761
-0.375528 0.136625 0.916686
-0.965127 0.101552 -0.241282
-0.783842 0.275260 0.556619
-0.710510 0.314088 0.629701
-0.500635 0.225896 0.835664
0.493353 -0.538342 -0.683221
0.254260 -0.861652 -0.439214
0.161358 -0.091550 -0.982641
0.183662 0.210335 -0.960223
0.733863 0.191840 -0.651646
0.725957 -0.216567 -0.652752
0.943843 -0.311560 -0.109962
0.992511 -0.097724 -0.073293
0.962004 -0.219887 0.161861
0.836423 -0.409054 -0.364790
0.992511 -0.097724 -0.073293
0.943843 -0.311560 -0.109962
-0.140626 0.372965 0.917127
0.138204 0.625916 0.767547
-0.056563 0.348550 0.935582
-0.393435 0.271440 0.878367
-0.171024 0.329833 0.928419
-0.128001 0.301716 0.944766
0.158953 0.825331 -0.541814
0.210230 0.968885 -0.130632
0.152432 0.987758 -0.033154
-0.198535 0.232134 -0.952207
0.164477 0.980768 0.105082
0.152641 0.885316 -0.439223
0.845347 -0.293502 -0.446368
0.403266 -0.060870 -0.913056
0.339710 -0.368654 -0.865270
0.733863 0.191840 -0.651646
0.183662 0.210335 -0.960223
0.881192 -0.469562 0.054884
0.112913 -0.491322 -0.863628
0.911708 -0.375051 -0.167706
0.271299 -0.438955 -0.856572
0.814649 0.253243 -0.521742
0.736253 -0.675153 0.045825
-0.201319 -0.484995 -0.851029
0.345050 0.293140 0.891633
0.513627 -0.244584 0.822415
0.558587 -0.061048 0.827197
0.326825 0.048871 0.943821
0.417829 0.146392 0.896654
0.849300 -0.317724 0.421595
-0.365633 -0.850539 -0.378017
0.302331 -0.932951 -0.195446
0.116646 -0.748666 0.652605
-0.365633 -0.850539 -0.378017
-0.367583 -0.556528 0.745090
-0.335414 -0.122108 0.934124
-0.380802 0.085364 -0.920708
0.164282 -0.493989 -0.853807
-0.352259 -0.317874 -0.880267
-0.038926 -0.564803 -0.824307
-0.189139 -0.048884 -0.980733
-0.416047 0.454771 -0.787457
-0.215885 -0.754078 0.620290
-0.413132 -0.473886 0.777659
-0.261680 -0.346878 0.900666
-0.238538 -0.422028 0.874638
-0.261680 -0.346878 0.900666
-0.158666 -0.146461 0.976409
-0.983703 0.177189 0.030550
-0.790542 -0.048837 -0.610457
-0.983372 0.122158 -0.134374
-0.247332 -0.256492 -0.934365
-0.909721 0.006106 -0.415175
-0.277438 -0.274389 -0.920727
-0.870441 0.403860 0.281478
-0.965134 0.256555 0.051922
-0.873023 0.402934 0.274728
-0.719873 0.476859 0.504370
-0.870441 0.403860 0.281478
-0.873023 0.402934 0.274728
-0.641854 0.134484 0.754942
-0.640897 0.219736 0.735505
-0.880767 0.195726 0.431209
-0.866160 0.170792 0.469678
-0.719885 0.134216 0.680993
-0.641854 0.134484 0.754942
0.018419 -0.433650 -0.900893
-0.063733 -0.177077 -0.982131
0.146542 -0.256448 -0.955385
-0.595450 -0.177108 -0.783627
-0.191473 -0.292930 -0.936766
-0.355128 -0.396280 -0.846668
-0.628730 0.122083 -0.767981
-0.360240 0.158750 -0.919253
-0.134298 0.024418 -0.990640
-0.725986 0.122014 -0.676799
-0.628730 0.122083 -0.767981
-0.372016 0.097578 -0.923083
0.500614 -0.146521 -0.853181
0.800403 -0.421586 -0.426169
0.706303 -0.262385 -0.657488
0.701285 -0.048838 0.711206
0.706303 -0.262385 -0.657488
0.392269 -0.042738 0.918857
0.512496 0.146101 0.846169
0.369223 0.133986 0.919632
0.583035 0.048781 0.810981
0.267386 0.036566 0.962895
0.307474 -0.121772 0.943733
0.451487 0.000000 0.892278
-0.641162 -0.079382 -0.763288
-0.314090 -0.182965 -0.931596
-0.777851 0.250133 -0.576525
-0.945341 0.280553 0.166197
-0.815187 0.439652 0.377062
-0.634931 0.433463 0.639510
0.979146 -0.152515 -0.134213
0.920197 -0.390017 0.033517
0.836423 -0.409054 -0.364790
0.613389 -0.476063 -0.630173
0.500766 -0.360307 -0.787027
0.781156 -0.396681 -0.482120
-0.030363 0.085017 0.995917
-0.228700 0.256144 0.939195
-0.155447 0.024384 0.987543
-0.389715 0.438430 0.809877
-0.428682 0.244961 0.869612
-0.663832 0.377593 0.645562
0.429135 -0.432946 0.792718
0.181808 -0.390296 0.902560
-0.403452 -0.628440 0.665048
0.163704 -0.030527 0.986037
0.212097 -0.036621 0.976562
0.125347 -0.518942 0.845569
-0.223161 -0.791764 -0.568603
-0.158771 -0.980108 -0.119079
-0.292818 -0.701542 -0.649689
-0.222522 -0.801688 -0.554780
-0.182832 -0.719138 -0.670383
-0.240507 -0.968118 -0.070021
0.211760 -0.414379 -0.885126
-0.587318 -0.256284 -0.767708
-0.305289 -0.268654 -0.913577
-0.587318 -0.256284 -0.767708
-0.431570 -0.097599 -0.896784
-0.305289 -0.268654 -0.913577
0.837689 -0.201779 -0.507505
0.656168 -0.122078 0.744675
0.966997 -0.254714 0.006101
0.966997 -0.254714 0.006101
0.656168 -0.122078 0.744675
0.332648 -0.076295 0.939960
0.417829 0.146392 0.896654
0.420409 0.219344 0.880423
0.992437 0.012215 0.122146
0.796465 -0.585905 0.149528
0.174296 0.287435 0.941808
0.494424 0.097664 0.863717
-0.314271 0.347834 0.883315
0.219639 0.018303 0.975410
0.073232 0.152566 0.985576
-0.697908 0.475431 0.535621
-0.557822 0.715234 0.421041
-0.299305 0.439795 0.846757
0.617476 0.036546 0.785740
0.220861 0.290909 0.930909
0.335123 0.206819 0.919195
0.335123 0.206819 0.919195
0.220861 0.290909 0.930909
-0.007644 0.336327 0.941714
-0.036614 0.012205 -0.999255
0.682315 -0.003046 -0.731052
-0.836076 -0.071707 -0.543907
-0.036614 0.012205 -0.999255
-0.347533 0.021340 -0.937425
0.415181 -0.161799 -0.895235
0.855736 -0.292611 -0.426725
0.863090 -0.304979 -0.402572
0.602526 -0.328650 -0.727291
0.908372 -0.366402 -0.201521
0.947306 -0.207462 -0.244072
0.622064 -0.365920 -0.692199
-0.422384 0.183645 0.887618
-0.573811 0.146505 0.805777
-0.353434 0.012187 0.935380
-0.676562 0.195045 0.710085
-0.866160 0.170792 0.469678
-0.728033 0.171302 0.663795
0.628706 -0.347162 -0.695850
0.751090 -0.030532 -0.659494
0.213538 -0.176169 -0.960920
0.628706 -0.347162 -0.695850
0.180098 -0.233898 -0.955435
0.281000 -0.447272 -0.849110
-0.067259 -0.880482 -0.469285
-0.145547 -0.921795 -0.359318
-0.018303 -0.536884 -0.843457
-0.151519 -0.751532 -0.642060
-0.195708 -0.342490 -0.918912
0.006078 -0.461960 -0.886880
0.997086 -0.021361 0.073237
0.756347 -0.157223 -0.634996
0.738232 -0.223382 -0.636486
0.997086 -0.021361 0.073237
0.738232 -0.223382 -0.636486
0.967201 -0.116034 -0.225960
-0.079212 -0.597139 -0.798217
-0.118521 -0.559178 -0.820532
-0.167916 -0.830423 -0.531227
0.604183 -0.692229 -0.394692
-0.183817 -0.796542 -0.575961
-0.076270 -0.366097 -0.927446
-0.006090 -0.998794 0.048722
-0.079510 0.244645 -0.966347
-0.018295 -0.243930 -0.969620
-0.079510 0.244645 -0.966347
-0.006090 -0.998794 0.048722
0.712284 0.195649 -0.674072
0.186196 0.140410 -0.972428
0.118943 0.237886 -0.963983
0.180111 0.085476 -0.979925
0.091561 -0.012208 -0.995725
0.118943 0.237886 -0.963983
0.055704 -0.018314 -0.998279
-0.268467 -0.866418 -0.421006
-0.289289 -0.925724 -0.243612
-0.329704 -0.744886 -0.580034
-0.303628 -0.932353 -0.196285
-0.329704 -0.744886 -0.580034
-0.284521 -0.930046 -0.232512
-0.438402 0.245412 0.864625
-0.592411 0.274830 0.757309
-0.574539 0.196352 0.794576
-0.574539 0.196352 0.794576
-0.746774 0.229159 0.624352
-0.812230 0.195424 0.549629
-0.314090 -0.182965 -0.931596
-0.669864 -0.036621 -0.741580
-0.683250 0.091507 -0.724428
-0.311178 -0.207452 -0.927433
-0.777851 0.250133 -0.576525
-0.314090 -0.182965 -0.931596
0.910853 -0.213243 -0.353375
0.564875 -0.217377 -0.796030
0.732417 -0.162249 -0.661242
0.638451 -0.195273 -0.744479
0.932764 -0.067171 -0.354175
0.909474 0.415760 0.000000
-0.511774 0.073111 -0.856003
-0.225907 -0.024422 -0.973843
0.243992 -0.170794 -0.954619
-0.853750 0.134161 -0.503103
-0.511774 0.073111 -0.856003
-0.805582 0.122058 -0.579775
-0.941286 0.317837 -0.113841
-0.926160 -0.048745 -0.373967
-0.396577 0.048809 0.916703
-0.591446 0.219506 0.775892
-0.829932 0.280712 -0.482093
-0.640897 0.219736 0.735505
0.872263 0.337305 0.354094
0.336169 0.215454 0.916826
0.392365 0.522135 0.757248
-0.087060 0.769792 -0.632329
-0.155504 0.536643 -0.829357
0.872263 0.337305 0.354094
-0.662506 0.377048 0.647241
-0.683059 0.382696 0.622072
-0.960002 0.217143 0.176762
-0.530857 0.446957 0.720013
-0.726085 0.334060 0.601003
-0.568117 0.418452 0.708619
0.146470 -0.512644 -0.846016
-0.103795 -0.598346 -0.794487
0.967884 0.164358 0.190229
0.420583 0.786307 0.452584
0.036676 0.739632 0.672011
0.954761 0.195848 -0.223772
0.039721 0.806642 -0.589704
-0.148194 -0.213888 -0.965552
0.281168 0.262831 -0.922965
0.230263 0.304984 -0.924102
0.265380 0.390444 -0.881548
-0.260447 -0.012220 -0.965411
-0.762523 0.073202 -0.642807
-0.800971 0.110057 -0.588500
0.585506 0.073188 -0.807358
-0.536579 -0.060975 -0.841644
-0.756621 0.134239 -0.639925
-0.641730 0.110011 -0.758999
-0.370634 -0.410454 0.833161
-0.371193 -0.444215 0.815407
-0.383045 -0.422881 0.821248
0.128600 -0.875704 -0.465409
0.205339 -0.766598 -0.608411
-0.035006 -0.925367 -0.377452
-0.308419 -0.207648 -0.928310
0.097735 -0.171036 -0.980405
-0.244374 -0.268812 -0.931677
0.097735 -0.171036 -0.980405
-0.727190 0.329985 -0.601918
-0.244374 -0.268812 -0.931677
-0.238155 0.140451 -0.961018
-0.950239 0.176647 -0.256595
0.067133 0.036618 -0.997072
-0.158685 0.103755 -0.981863
-0.712659 0.304555 -0.631952
-0.481367 0.140145 -0.865243
-0.036619 -0.347876 -0.936825
-0.511525 0.764243 -0.392778
0.457918 0.460970 -0.760143
-0.329727 0.335833 0.882325
-0.115984 0.680644 0.723375
0.054924 0.790292 0.610264
-0.151914 -0.054826 0.986872
-0.269326 -0.165268 0.948762
-0.193831 -0.188880 0.962681
-0.362319 0.109609 0.925587
-0.269326 -0.165268 0.948762
-0.188873 0.079526 0.978776
-0.611275 -0.357596 0.706023
-0.750754 -0.384533 0.537125
-0.281126 -0.018334 0.959496
-0.164866 -0.018318 0.986146
-0.611275 -0.357596 0.706023
-0.281126 -0.018334 0.959496
-0.274466 -0.158580 -0.948431
-0.573616 -0.085432 -0.814657
-0.623018 0.024432 -0.781826
-0.623018 0.024432 -0.781826
-0.573616 -0.085432 -0.814657
-0.853750 0.134161 -0.503103
-0.396576 -0.103720 -0.912124
-0.299241 -0.207637 -0.931312
-0.761187 0.000000 -0.648532
-0.890675 0.091508 -0.445337
-0.299241 -0.207637 -0.931312
-0.396576 -0.103720 -0.912124
0.901853 -0.244570 -0.356155
0.891820 -0.256551 -0.372610
0.460047 -0.170614 -0.871348
0.550293 -0.109754 -0.827727
0.891820 -0.256551 -0.372610
0.604367 -0.207560 -0.769194
0.334205 0.268585 -0.903421
0.301230 0.571153 -0.763574
0.190039 0.656774 -0.729749
0.233531 0.122108 -0.964652
0.334205 0.268585 -0.903421
0.274830 0.592411 -0.757309
-0.305308 0.686944 0.659466
-0.137527 0.904624 0.403413
-0.449071 0.727068 0.519334
-0.305308 0.686944 0.659466
-0.103662 0.859788 0.500019
-0.059390 0.913699 0.402028
0.407863 -0.501515 0.762975
0.577646 -0.366275 0.729498
0.542786 -0.207648 0.813797
0.407863 -0.501515 0.762975
-0.025175 -0.024412 0.999385
-0.122935 -0.696378 0.707068
0.666060 0.232204 0.708834
0.551381 0.502505 0.665934
0.487341 0.380735 0.785837
0.356523 0.540879 0.761801
0.431196 0.801445 0.414435
0.138204 0.625916 0.767547
-0.340693 -0.427776 -0.837219
-0.505094 -0.292985 -0.811813
-0.497217 -0.634486 -0.591780
-0.333193 -0.898634 -0.285377
-0.117545 -0.806024 -0.580093
-0.405679 -0.869530 -0.281679
-0.067419 -0.894830 -0.441286
0.042871 -0.759423 -0.649184
-0.073115 -0.658035 -0.749429
-0.073115 -0.658035 -0.749429
0.042871 -0.759423 -0.649184
-0.110398 -0.969052 -0.220797
0.510359 0.079231 0.856304
0.083763 0.079465 0.993312
0.325289 0.122174 0.937689
0.281911 0.140383 0.949115
0.325289 0.122174 0.937689
0.526292 0.134340 0.839625
-0.783876 0.159225 0.600155
-0.603647 -0.085364 0.792668
-0.615908 0.106717 0.780557
-0.941491 0.210918 0.262884
-0.783876 0.159225 0.600155
-0.812230 0.195424 0.549629
0.734618 -0.256182 0.628257
0.422883 -0.340741 0.839682
0.288261 -0.293614 0.911426
0.807655 -0.109771 0.579347
0.785476 -0.060978 0.615880
0.503879 -0.085345 0.859547
0.035123 -0.235598 -0.971216
-0.244474 -0.256507 -0.935113
-0.210309 -0.167638 -0.963155
-0.617010 -0.088581 -0.781954
-0.661149 0.033514 -0.749506
-0.244474 -0.256507 -0.935113
0.505028 0.122061 0.854428
0.315401 0.097751 0.943911
0.427177 0.085435 0.900123
0.835992 -0.525262 -0.158800
0.505028 0.122061 0.854428
0.515977 0.085235 0.852351
-0.254676 -0.253151 0.933303
-0.328000 -0.256297 0.909246
-0.346678 -0.438871 0.828979
-0.151321 -0.326275 0.933085
-0.279408 -0.262972 0.923459
-0.335414 -0.122108 0.934124
0.017162 -0.036611 0.999182
-0.025175 -0.024412 0.999385
-0.038219 0.366898 0.929476
-0.391051 -0.867645 0.307036
-0.135507 -0.816086 -0.561820
-0.160374 -0.956494 0.243722
0.715330 -0.645170 -0.268439
0.277951 -0.297804 -0.913267
0.528691 -0.290322 -0.797621
0.562627 -0.806153 -0.183217
0.715330 -0.645170 -0.268439
0.771588 -0.492535 -0.402568
0.460370 -0.030488 -0.887203
-0.497370 0.314289 -0.808607
-0.142060 -0.006110 -0.989839
-0.497370 0.314289 -0.808607
0.460370 -0.030488 -0.887203
0.321642 -0.256094 -0.911572
-0.053812 -0.940377 -0.335849
0.085069 -0.862843 0.498262
-0.497217 -0.634486 -0.591780
0.487761 -0.693975 -0.529612
0.463015 -0.719188 0.518059
0.427189 -0.892189 -0.146661
0.689354 -0.314175 -0.652752
0.841945 -0.216587 -0.494185
0.785638 -0.336102 -0.519430
0.462368 -0.406284 -0.788130
0.687535 -0.445391 -0.573518
0.332421 -0.579449 -0.744134
0.025931 -0.999100 0.033558
-0.097556 -0.832278 -0.545706
0.105407 -0.782150 -0.614110
0.105407 -0.782150 -0.614110
0.443201 -0.848261 -0.289873
0.025931 -0.999100 0.033558
-0.353434 0.012187 0.935380
-0.446010 -0.073317 0.892020
-0.195237 -0.122023 0.973136
-0.274523 0.085407 0.957780
-0.195237 -0.122023 0.973136
-0.061050 0.109891 0.992067
-0.019053 0.244643 0.969426
-0.050297 0.126504 0.990690
0.061446 0.132814 0.989235
0.075926 0.064098 0.995051
0.061446 0.132814 0.989235
-0.050297 0.126504 0.990690
-0.208015 -0.170679 -0.963119
-0.091656 -0.060977 -0.993922
0.088605 -0.256649 -0.962435
-0.023490 -0.177222 -0.983890
-0.156234 -0.085566 -0.984007
-0.021753 -0.225921 -0.973903
-0.655506 -0.070124 -0.751927
-0.222857 0.319785 -0.920908
-0.228800 -0.015253 -0.973354
-0.256442 0.045793 -0.965474
-0.296181 0.100763 -0.949802
-0.030518 0.015259 -0.999418
-0.185775 -0.670007 0.718734
0.079283 -0.524488 0.847719
0.210765 -0.305456 0.928587
-0.480975 -0.876713 -0.006088
0.503056 -0.487812 0.713425
0.079283 -0.524488 0.847719
0.057779 -0.729834 0.681178
0.274115 -0.182743 0.944175
0.266334 -0.440829 0.857167
-0.511246 -0.231278 0.827731
0.079042 -0.243207 0.966748
-0.042726 -0.439466 0.897243
0.261957 0.670122 0.694490
0.562341 0.372856 0.738072
0.396212 0.828998 0.394688
0.105154 0.841236 0.530344
0.091745 0.758424 0.645272
0.298672 0.932588 0.202670
0.244333 0.143546 0.959008
-0.036528 0.270917 0.961909
-0.821184 0.314431 0.476225
-0.821184 0.314431 0.476225
-0.036528 0.270917 0.961909
-0.985063 0.158586 0.067094
0.962004 -0.219887 0.161861
0.992511 -0.097724 -0.073293
0.568364 -0.427801 -0.702815
0.112666 -0.353222 -0.928731
0.796465 -0.585905 0.149528
0.769535 -0.482486 -0.418358
0.039694 -0.354191 -0.934331
0.122235 -0.372817 -0.919819
0.366363 -0.360257 -0.857900
-0.611209 0.097794 -0.785404
-0.439662 -0.030532 -0.897644
-0.030564 -0.360654 -0.932199
0.015214 0.060856 0.998031
0.244645 0.134555 0.960231
0.018281 0.158439 0.987199
0.407983 0.146143 0.901217
0.201321 0.231824 0.951697
0.228649 0.207308 0.951180
0.825159 -0.146695 -0.545522
0.799761 -0.024420 0.599821
0.520980 -0.243733 -0.818030
0.952441 0.024422 0.303743
0.520980 -0.243733 -0.818030
0.799761 -0.024420 0.599821
-0.175888 -0.980709 -0.085279
-0.638914 0.275130 -0.718396
-0.207629 -0.409151 -0.888530
0.429135 -0.432946 0.792718
0.643646 -0.683302 0.344701
0.601823 -0.365665 0.709999
-0.658573 0.060979 -0.750042
-0.629513 0.238359 -0.739525
-0.372415 -0.012210 -0.927986
-0.463574 0.012199 -0.885975
-0.475563 -0.091454 -0.874915
-0.103714 0.018303 -0.994439
-0.500612 -0.402932 0.766181
-0.085356 -0.585300 0.806312
-0.158715 -0.207551 0.965263
-0.158715 -0.207551 0.965263
-0.085356 -0.585300 0.806312
-0.085603 -0.752082 0.653486
-0.914209 -0.085326 -0.396157
-0.810661 0.377902 0.447235
-0.771478 0.256143 0.582420
-0.713335 -0.256069 -0.652366
-0.914209 -0.085326 -0.396157
-0.305289 -0.268654 -0.913577
0.597339 -0.755817 -0.268193
-0.091863 -0.918629 -0.384293
0.091670 -0.647800 -0.756275
0.753125 0.563313 -0.339825
0.441406 0.796983 -0.412285
-0.152665 0.818283 0.554173
0.124985 0.121937 -0.984637
0.462808 -0.018337 -0.886269
0.167479 0.274057 -0.947018
0.895265 -0.292954 -0.335677
0.881587 -0.329167 -0.338310
0.523320 -0.036617 -0.851349
0.234963 0.300018 -0.924544
0.397825 0.914540 0.073163
0.106693 0.158515 -0.981575
0.397825 0.914540 0.073163
-0.007615 0.731034 -0.682298
-0.305327 -0.280901 -0.909874
-0.460192 0.674948 0.576774
-0.225921 0.378570 0.897577
-0.915298 0.402731 -0.006102
-0.460192 0.674948 0.576774
-0.915298 0.402731 -0.006102
-0.434050 -0.281215 -0.855873
0.198969 0.291619 0.935612
0.995212 0.076320 -0.061056
0.445742 0.167916 0.879272
0.633298 0.202074 0.747061
0.199967 0.303398 0.931645
0.721573 0.299795 0.624063
0.724493 -0.687964 0.042617
0.146470 -0.512644 -0.846016
0.967884 0.164358 0.190229
0.262496 -0.524992 -0.809617
-0.042681 -0.487787 -0.871919
0.411974 -0.604228 -0.682045
-0.439364 -0.073227 -0.895319
-0.155516 -0.158565 -0.975024
-0.196806 0.170871 -0.965438
-0.875434 0.450658 0.174706
-0.228895 0.012208 -0.973375
-0.257903 0.097667 -0.961222
0.085371 -0.275932 -0.957378
-0.292009 -0.118629 -0.949030
0.262767 -0.238324 -0.934963
-0.292009 -0.118629 -0.949030
0.085371 -0.275932 -0.957378
-0.727044 -0.140521 -0.672057
-0.160258 0.280832 -0.946283
-0.115389 0.332351 -0.936071
-0.210639 -0.036633 -0.976877
-0.115389 0.332351 -0.936071
-0.160258 0.280832 -0.946283
-0.136599 0.616603 -0.775333
0.163108 0.182925 -0.969502
0.288415 -0.289941 -0.912552
0.331148 0.030521 -0.943085
0.288415 -0.289941 -0.912552
0.163108 0.182925 -0.969502
0.960399 0.128257 -0.247352
0.578173 -0.273068 -0.768863
-0.403498 0.368344 -0.837563
0.731554 -0.680444 0.042718
0.487527 -0.139075 -0.861960
-0.403498 0.368344 -0.837563
0.578173 -0.273068 -0.768863
0.225902 -0.097687 -0.969240
0.379726 -0.753707 -0.536408
0.700634 -0.391194 -0.596723
0.897121 -0.366172 -0.247166
0.700634 -0.391194 -0.596723
0.777407 -0.268413 -0.568853
-0.240735 -0.326059 0.914184
-0.356812 -0.042695 0.933200
-0.390229 -0.359743 0.847530
-0.105234 -0.509394 0.854074
-0.176704 -0.231544 0.956641
-0.240735 -0.326059 0.914184
0.281911 0.140383 0.949115
0.526292 0.134340 0.839625
0.274939 0.427534 0.861176
0.468487 0.591853 0.655919
0.151790 0.555294 0.817685
0.440782 0.543441 0.714411
-0.758038 -0.131434 -0.638830
-0.838002 0.100560 -0.536321
-0.430432 -0.141951 -0.891391
-0.430432 -0.141951 -0.891391
-0.125003 -0.405497 -0.905509
-0.683677 -0.500549 -0.531071
0.549559 -0.426251 -0.718537
0.795793 0.012231 -0.605445
0.789490 0.183070 0.585825
0.932555 -0.024420 0.360201
0.731625 0.110088 -0.672759
0.897996 -0.012218 0.439835
0.861500 0.061099 0.504069
0.849300 -0.317724 0.421595
0.525150 -0.244256 -0.815204
0.326825 0.048871 0.943821
0.849300 -0.317724 0.421595
0.009142 0.158459 0.987323
-0.045881 -0.758565 -0.649980
0.421657 -0.659985 -0.621792
-0.171871 -0.515613 -0.839406
-0.171871 -0.515613 -0.839406
-0.091548 -0.341778 -0.935311
-0.391965 -0.826469 -0.404119
0.343689 0.047353 0.937889
0.579748 -0.012587 0.814699
0.257720 0.167556 0.951581
0.756491 -0.158619 0.634477
0.722866 -0.158603 0.672540
0.499173 -0.065641 0.864012
0.512402 0.463602 0.722853
0.689338 0.192161 -0.698489
0.671169 0.610153 0.421006
0.736253 -0.675153 0.045825
0.814649 0.253243 -0.521742
0.512402 0.463602 0.722853
-0.414142 -0.243613 0.877006
-0.286049 -0.413858 0.864232
-0.247392 -0.232121 0.940700
-0.286049 -0.413858 0.864232
-0.278397 -0.434421 0.856606
-0.281865 -0.591155 0.755703
-0.706946 0.021330 -0.706946
-0.168083 -0.250214 -0.953489
-0.219992 -0.176452 -0.959410
-0.801192 -0.126424 -0.584900
-0.106955 -0.236828 -0.965647
0.045691 -0.325932 -0.944288
0.138204 0.625916 0.767547
0.074715 0.748676 0.658713
-0.056563 0.348550 0.935582
0.257831 0.920717 0.292921
0.352999 0.852700 0.385090
0.286703 0.555105 0.780807
0.540628 -0.085523 0.836904
0.356823 -0.061126 0.932170
0.639494 -0.152533 0.753512
0.499173 -0.065641 0.864012
0.304782 -0.024413 0.952109
0.540628 -0.085523 0.836904
0.582461 0.192120 -0.789829
-0.051870 -0.294440 -0.954261
0.457727 -0.161730 -0.874259
0.485238 -0.192264 -0.852982
0.399500 -0.323640 -0.857704
0.555662 -0.257986 -0.790369
0.426986 -0.500184 -0.753325
0.732780 -0.528212 -0.428982
0.904340 -0.268858 0.331489
0.774523 -0.631205 0.041166
0.411974 -0.604228 -0.682045
-0.042681 -0.487787 -0.871919
0.491700 0.479484 0.726861
-0.076279 0.832199 0.549205
-0.368371 0.371035 -0.852429
0.302028 0.826000 0.475923
0.082376 0.996527 0.012204
0.006112 0.796118 0.605111
0.379726 -0.753707 -0.536408
-0.155701 -0.957218 -0.243907
0.123059 -0.597389 -0.792454
0.123059 -0.597389 -0.792454
0.420439 -0.360404 -0.832670
0.379726 -0.753707 -0.536408
-0.610563 0.714358 0.341915
-0.171483 0.649184 0.741049
-0.261986 0.359469 0.895626
-0.610563 0.714358 0.341915
-0.842623 0.262557 0.470159
-0.449071 0.727068 0.519334
0.713282 -0.630804 0.305474
0.566252 -0.229850 0.791535
0.562601 -0.557257 0.610693
0.116646 -0.748666 0.652605
0.712479 -0.677389 0.183078
0.143190 -0.624553 0.767743
-0.389715 0.438430 0.809877
-0.121813 0.401983 0.907508
-0.956021 0.024357 -0.292287
-0.066997 -0.304533 -0.950143
-0.718112 0.693769 0.054771
-0.956021 0.024357 -0.292287
0.503879 -0.085345 0.859547
0.785476 -0.060978 0.615880
0.750550 -0.024458 0.660361
0.817729 -0.036666 0.574435
0.948519 -0.085397 0.304990
0.932615 -0.097528 0.347445
0.134263 0.091543 -0.986708
-0.347948 -0.030522 -0.937017
-0.329811 0.940572 0.080926
-0.012198 -0.426940 -0.904198
0.134263 0.091543 -0.986708
0.378569 -0.085483 -0.921617
-0.538470 0.122380 0.833711
-0.488595 0.219868 0.844354
-0.771422 0.146937 -0.619127
-0.401335 -0.486467 -0.776067
-0.538470 0.122380 0.833711
-0.771422 0.146937 -0.619127
-0.481367 0.140145 -0.865243
-0.219560 0.182967 -0.958288
-0.342237 0.446131 -0.826947
-0.785336 0.244463 -0.568758
-0.721425 0.012228 -0.692385
-0.347533 0.021340 -0.937425
0.102173 0.707587 0.699200
0.225859 0.705045 0.672235
0.213415 0.972563 -0.092607
-0.012207 -0.241081 -0.970428
-0.091535 0.109842 -0.989725
-0.051870 -0.294440 -0.954261
0.925533 0.360439 -0.116073
0.100691 0.674326 0.731537
-0.158613 0.573447 0.803741
0.204432 -0.660590 -0.722377
0.923848 -0.009147 0.382650
0.457727 -0.161730 -0.874259
-0.538672 -0.685583 -0.489702
0.176682 -0.950425 -0.255884
-0.504963 -0.803074 -0.316362
-0.538672 -0.685583 -0.489702
-0.892570 -0.097816 -0.440171
-0.851508 -0.036493 -0.523070
0.897996 -0.012218 0.439835
0.981250 0.036625 0.189230
0.932555 -0.024420 0.360201
0.751384 -0.012218 0.659752
0.968760 -0.042751 0.244289
0.883085 -0.146545 0.445741
0.067149 -0.048835 -0.996547
-0.016792 -0.109913 -0.993799
0.001527 -0.171019 -0.985267
0.213217 0.487352 -0.846774
-0.198535 0.232134 -0.952207
0.213522 0.012201 -0.976862
-0.950015 0.219234 0.222279
-0.871093 0.243663 0.426409
-0.961856 0.200894 0.185675
-0.898801 0.220115 0.379086
-0.746181 0.232417 0.623856
-0.811549 0.244075 0.530863
-0.833305 0.402917 0.378498
-0.769879 0.462536 0.439713
-0.707669 0.433142 0.558204
-0.873023 0.402934 0.274728
-0.965134 0.256555 0.051922
-0.833305 0.402917 0.378498
-0.445958 0.888871 0.105021
-0.637431 0.766743 0.076066
-0.305605 0.948743 -0.080582
-0.671266 0.244097 0.699871
-0.879768 0.354351 0.316930
-0.298715 0.341389 0.891192
-0.496504 0.258913 0.828522
-0.810704 0.018287 0.585170
-0.833903 -0.203130 -0.513171
-0.833903 -0.203130 -0.513171
-0.810704 0.018287 0.585170
-0.962324 0.073088 -0.261898
0.405663 -0.109803 0.907403
0.705044 -0.170920 0.688258
0.824932 -0.317752 -0.467462
0.739882 -0.195268 0.643774
0.405663 -0.109803 0.907403
0.893658 -0.158737 -0.419737
0.910397 -0.207567 0.357901
0.265670 0.635165 0.725248
0.468843 0.195161 0.861451
0.921238 -0.268885 0.281107
0.440863 0.109828 0.890830
0.706933 0.061008 0.704645
-0.585065 0.166073 0.793800
-0.693209 0.254991 0.674123
-0.770341 0.149789 -0.619788
-0.689563 0.201377 0.695665
-0.860266 0.340141 0.379798
-0.658962 0.222705 0.718451
0.484030 0.870028 0.093628
-0.295104 0.827509 0.477643
0.122034 -0.097627 0.987713
-0.359402 0.391519 -0.847079
0.686425 0.134384 -0.714676
-0.228895 0.012208 -0.973375
-0.919939 0.201714 0.336190
-0.543137 0.122053 -0.830726
-0.482365 0.122118 -0.867417
0.219639 0.018303 0.975410
-0.919939 0.201714 0.336190
0.073232 0.152566 0.985576
0.658261 0.439859 -0.610915
-0.611519 0.742341 -0.273814
-0.284537 0.391620 -0.875027
-0.526825 -0.820866 -0.220531
0.593887 -0.729068 0.340232
0.604183 -0.692229 -0.394692
-0.575037 0.817559 0.030506
-0.727735 0.488016 -0.481916
-0.388267 -0.012205 -0.921466
0.469937 -0.674074 -0.569899
-0.001528 -0.207859 -0.978158
-0.561247 0.427617 -0.708622
-0.750325 0.420914 0.509748
-0.869298 0.430074 0.243632
-0.341824 0.097664 -0.934675
-0.027498 0.999095 0.032463
0.009160 0.458001 0.888904
0.161600 0.853736 0.494995
-0.140469 -0.732880 0.665699
0.000000 -0.316684 0.948531
0.345862 -0.538687 0.768242
-0.211230 -0.342865 0.915328
0.000000 -0.316684 0.948531
-0.140469 -0.732880 0.665699
-0.111529 0.248181 -0.962272
-0.081006 0.431011 -0.898703
-0.121272 0.973226 0.195255
-0.034331 0.331107 -0.942968
-0.042810 0.504549 -0.862321
0.046607 0.382026 -0.922976
-0.481736 0.219525 -0.848374
-0.561628 -0.293023 -0.773765
0.171032 -0.024433 -0.984962
-0.561628 -0.293023 -0.773765
-0.481736 0.219525 -0.848374
-0.420915 0.146405 -0.895207
0.845296 -0.241840 -0.476433
0.686397 -0.124314 -0.716523
0.966791 -0.029164 -0.253897
0.686397 -0.124314 -0.716523
0.784109 -0.248657 -0.568632
0.479324 -0.135859 -0.867058
0.146339 -0.121949 -0.981689
-0.372187 -0.280665 -0.884706
0.214124 -0.446602 -0.868733
-0.372187 -0.280665 -0.884706
0.146339 -0.121949 -0.981689
0.048841 -0.085472 -0.995143
-0.265423 0.556777 -0.787115
0.270359 0.173366 -0.947022
-0.241446 0.317853 -0.916883
-0.265423 0.556777 -0.787115
-0.241446 0.317853 -0.916883
-0.716207 0.304769 -0.627824
-0.820370 0.440796 0.364269
-0.548893 0.414719 0.725758
-0.703196 0.317967 0.635934
-0.384590 0.390694 0.836330
-0.884064 -0.060970 -0.463372
-0.703196 0.317967 0.635934
0.827251 0.036564 0.560642
0.737044 0.287478 0.611655
0.666060 0.232204 0.708834
0.751216 0.024430 0.659604
0.827251 0.036564 0.560642
0.693752 0.097583 0.713573
-0.079478 -0.269004 0.959854
0.003049 -0.109762 0.993953
-0.146732 -0.097821 0.984328
-0.225087 -0.267671 0.936850
-0.232170 -0.586534 0.775935
-0.079478 -0.269004 0.959854
0.598307 0.048841 0.799777
0.642763 -0.064124 0.763377
0.371606 -0.194941 0.907693
0.403266 -0.060870 -0.913056
0.845347 -0.293502 -0.446368
0.746050 0.030513 -0.665190
0.514118 -0.024409 0.857372
0.550190 0.109962 0.827767
0.184254 0.268006 0.945634
0.440863 0.109828 0.890830
0.796901 -0.158694 0.582894
0.707673 -0.171002 0.685534
-0.710510 0.314088 0.629701
-0.155618 0.219696 0.963077
-0.500635 0.225896 0.835664
-0.231667 0.713292 0.661472
-0.250225 0.463832 0.849851
-0.463792 0.460741 0.756713
-0.166952 0.097805 0.981102
0.130109 0.042671 0.990581
0.041603 0.036641 0.998462
0.083763 0.079465 0.993312
0.041603 0.036641 0.998462
0.840599 0.109743 0.530424
-0.812336 0.403114 0.421437
-0.720101 0.439384 0.537025
-0.881585 0.420965 0.213533
-0.891883 0.409289 0.192427
-0.931064 0.360215 0.058001
-0.658497 0.518261 0.545699
-0.189020 -0.954246 -0.231702
-0.042750 -0.778663 0.625984
0.189072 -0.544343 -0.817277
0.149598 -0.731199 -0.665559
-0.128208 -0.987510 -0.091577
-0.189020 -0.954246 -0.231702
-0.125125 0.488291 0.863664
0.131253 0.421231 0.897406
-0.039656 0.561284 0.826673
-0.125125 0.488291 0.863664
-0.039656 0.561284 0.826673
0.105154 0.841236 0.530344
0.905033 -0.235232 -0.354376
0.756347 -0.157223 -0.634996
0.836239 -0.193213 -0.513199
0.836239 -0.193213 -0.513199
0.993690 -0.103716 0.042707
0.989130 -0.146538 -0.012211
-0.071492 0.821400 0.565854
-0.126582 0.634435 0.762542
-0.059390 0.913699 0.402028
-0.126582 0.634435 0.762542
-0.071492 0.821400 0.565854
0.460071 0.842319 -0.280773
-0.317581 -0.250400 -0.914572
-0.958368 0.244170 -0.148028
-0.189076 -0.442194 -0.876764
-0.958368 0.244170 -0.148028
-0.511525 0.764243 -0.392778
-0.189076 -0.442194 -0.876764
0.892030 -0.268372 -0.363674
0.783802 -0.183167 -0.593384
0.884785 -0.268255 -0.381044
0.891058 -0.256332 -0.374580
0.796246 -0.207849 -0.568147
0.912212 -0.293129 -0.286259
0.793899 0.006107 -0.608019
0.222876 -0.152654 -0.962820
0.420732 0.231707 -0.877096
0.616705 -0.430473 -0.659066
0.222876 -0.152654 -0.962820
0.793899 0.006107 -0.608019
0.909662 -0.231800 -0.344650
0.772772 -0.329228 -0.542617
0.636068 -0.305435 -0.708609
0.855736 -0.292611 -0.426725
0.636068 -0.305435 -0.708609
0.940635 -0.293185 -0.171024
0.845097 -0.207461 0.492719
0.442907 -0.010691 0.896504
0.722866 -0.158603 0.672540
0.170825 -0.003050 0.985297
0.442907 -0.010691 0.896504
0.058027 0.073297 0.995621
-0.201354 0.364573 0.909144
-0.097610 0.524655 0.845701
-0.463792 0.460741 0.756713
-0.158583 0.294674 0.942347
-0.012209 0.336505 0.941603
-0.041221 0.425950 0.903807
-0.695665 0.201377 0.689563
-0.731694 0.249995 0.634135
-0.868213 0.189540 0.458563
-0.763630 0.226035 0.604795
-0.731694 0.249995 0.634135
-0.871093 0.243663 0.426409
0.951001 -0.097774 -0.293321
0.738232 -0.223382 -0.636486
0.092131 -0.204060 -0.974614
0.951001 -0.097774 -0.293321
0.995212 0.076320 -0.061056
0.198969 0.291619 0.935612
-0.766395 -0.262590 -0.586247
-0.838941 0.402692 0.366083
-0.609711 0.634099 0.475574
-0.658497 0.518261 0.545699
-0.858200 0.427573 0.284031
-0.818108 0.036632 -0.573897
-0.564646 0.541755 -0.622637
-0.680380 0.721569 -0.128143
-0.439919 -0.761663 -0.475753
0.712479 -0.677389 0.183078
0.302331 -0.932951 -0.195446
-0.439919 -0.761663 -0.475753
-0.812260 0.177109 0.555757
-0.796345 0.191840 0.573613
-0.496504 0.258913 0.828522
-0.982062 0.178418 -0.060998
-0.921778 0.323538 0.213657
-0.987819 0.088416 0.128051
0.183752 -0.745682 -0.640463
0.039637 -0.978741 -0.201236
0.025931 -0.999100 0.033558
0.161358 -0.091550 -0.982641
-0.080814 -0.230244 -0.969771
0.431135 -0.618634 -0.656822
-0.458073 0.476396 0.750477
-0.617589 0.523278 0.587166
-0.698295 0.268341 -0.663609
-0.822670 -0.402194 -0.401813
-0.671266 0.244097 0.699871
-0.875434 0.450658 0.174706
0.058052 -0.873834 -0.482747
0.152272 -0.773542 -0.615179
0.097805 -0.971936 -0.213948
0.165185 -0.599559 -0.783098
-0.024430 -0.659604 -0.751216
0.006112 -0.385042 -0.922879
0.307964 -0.530552 -0.789730
0.966408 -0.177098 0.186259
0.048076 -0.506701 -0.860781
0.742675 0.556242 -0.372866
-0.066459 0.574448 0.815839
0.966408 -0.177098 0.186259
0.149008 0.354562 0.923083
0.435771 0.170652 0.883732
0.345050 0.293140 0.891633
0.402432 0.213411 0.890227
0.415371 0.194753 0.888560
0.174357 0.293011 0.940077
0.097680 -0.317461 0.943227
0.535689 -0.244887 0.808126
0.448484 -0.146444 0.881712
0.799761 -0.024420 0.599821
0.742311 -0.097753 0.662887
0.691839 -0.146292 0.707077
-0.561935 0.171024 0.809308
-0.549010 0.170803 0.818177
-0.714728 0.158828 0.681130
-0.635521 0.293317 0.714197
-0.390225 0.158529 0.906969
-0.549010 0.170803 0.818177
-0.597436 0.243852 -0.763941
-0.543137 0.122053 -0.830726
-0.175354 0.298864 -0.938047
-0.288402 0.018311 -0.957334
-0.175354 0.298864 -0.938047
-0.105659 -0.030515 -0.993934
-0.067051 -0.658316 0.749749
0.416999 -0.706160 0.572233
0.459259 -0.232691 0.857284
0.459259 -0.232691 0.857284
0.697463 -0.280817 0.659308
0.614575 0.000000 0.788858
0.200917 -0.560133 0.803669
0.604183 -0.692229 -0.394692
0.593887 -0.729068 0.340232
-0.167979 -0.500883 0.849058
-0.229259 -0.427951 0.874242
0.115791 -0.865387 0.487542
0.171024 0.561935 0.809308
0.184254 0.268006 0.945634
0.297973 0.608108 0.735810
0.024391 0.426845 0.903996
0.042704 0.183015 0.982182
0.041181 0.183027 0.982245
0.135723 0.414794 -0.899736
0.391108 0.256414 -0.883904
0.476172 0.256246 -0.841189
0.232991 0.916685 -0.324659
0.476172 0.256246 -0.841189
0.235431 0.920627 0.311479
-0.595613 -0.798723 -0.085360
0.383996 -0.682660 0.621709
0.098898 -0.502925 0.858653
-0.595613 -0.798723 -0.085360
-0.149970 -0.504203 0.850463
-0.213446 -0.257054 0.942531
0.073073 -0.339485 -0.937769
0.059527 -0.833382 -0.549483
0.079359 -0.973679 0.213660
0.073073 -0.339485 -0.937769
-0.033557 -0.875529 -0.481999
0.059527 -0.833382 -0.549483
0.339232 0.160087 0.926981
0.736217 0.066581 0.673462
0.521649 0.071919 0.850123
0.339232 0.160087 0.926981
0.521649 0.071919 0.850123
0.335123 0.206819 0.919195
-0.300604 -0.116043 -0.946663
0.409344 0.907792 0.091388
0.240633 0.901614 -0.359427
0.240879 0.493955 0.835455
0.440782 0.543441 0.714411
0.409344 0.907792 0.091388
0.128303 0.299373 -0.945470
-0.305375 0.116042 -0.945135
-0.115866 -0.201241 -0.972665
0.530673 0.158592 -0.832607
0.189230 -0.036625 -0.981250
0.128303 0.299373 -0.945470
-0.983372 0.122158 -0.134374
-0.912154 0.076267 -0.402690
-0.851176 0.012203 -0.524739
-0.912154 0.076267 -0.402690
-0.981525 0.176796 -0.073157
-0.736779 -0.192602 -0.648121
0.371557 -0.140383 -0.917735
0.671806 -0.213757 -0.709214
0.693307 -0.244069 -0.678053
0.479324 -0.135859 -0.867058
0.224318 -0.079350 -0.971280
0.250297 -0.022893 -0.967898
-0.170751 -0.506155 0.845370
-0.313840 -0.731277 0.605589
-0.286831 -0.433298 0.854389
-0.189495 -0.855784 -0.481379
-0.140576 -0.537857 0.831233
-0.085603 -0.752082 0.653486
-0.763630 0.226035 0.604795
-0.926950 0.262229 0.268328
-0.543520 0.244279 0.803066
-0.904455 0.281114 0.320837
-0.822342 0.335028 0.459902
-0.543520 0.244279 0.803066
-0.950616 0.152342 -0.270408
-0.749820 0.158499 0.642377
-0.402849 0.164802 0.900307
-0.396460 0.207379 0.894323
-0.749820 0.158499 0.642377
-0.238056 0.085456 0.967485
0.783303 -0.353210 -0.511545
0.634570 -0.316145 -0.705247
0.759428 -0.317509 -0.567853
0.634570 -0.316145 -0.705247
0.240291 -0.305131 -0.921496
0.768077 -0.341029 -0.541993
0.403266 -0.060870 -0.913056
0.881192 -0.469562 0.054884
0.720313 -0.686739 0.097670
0.814759 -0.579791 0.003052
0.750209 -0.524537 0.402551
0.507558 -0.710276 0.487743
0.146606 -0.106137 0.983484
-0.042631 -0.024361 0.998794
0.018068 -0.226711 0.973794
0.146606 -0.106137 0.983484
0.310661 -0.242728 0.919007
0.260813 -0.413336 0.872428
-0.411840 -0.426331 -0.805376
-0.333255 -0.264464 -0.904986
-0.926708 0.156992 0.341419
-0.213672 -0.473131 -0.854688
-0.572223 -0.004590 -0.820085
-0.985063 0.158586 0.067094
-0.556515 0.220160 0.801137
-0.378436 0.085453 0.921674
-0.322925 0.194973 0.926124
-0.322925 0.194973 0.926124
-0.438878 0.262107 0.859469
-0.556515 0.220160 0.801137
-0.595507 -0.122155 -0.794009
-0.851176 0.012203 -0.524739
-0.526026 -0.103982 -0.844088
-0.595507 -0.122155 -0.794009
-0.526026 -0.103982 -0.844088
-0.318294 -0.188844 -0.928992
0.830365 -0.317492 0.457922
0.798198 -0.255911 0.545334
0.067350 0.563292 0.823508
0.067350 0.563292 0.823508
0.328778 0.292247 0.898052
0.830365 -0.317492 0.457922
0.023649 0.061031 -0.997856
-0.007243 -0.243964 -0.969757
0.304680 0.183266 -0.934657
0.304680 0.183266 -0.934657
-0.026663 -0.018283 -0.999477
0.023649 0.061031 -0.997856
-0.489736 0.698966 0.521159
-0.819940 0.489516 0.296769
-0.739689 0.512445 0.436188
-0.963161 0.268647 -0.012211
-0.952777 0.182933 0.242387
-0.739689 0.512445 0.436188
0.307474 -0.121772 0.943733
0.267386 0.036566 0.962895
0.139068 0.000000 0.990283
0.073104 -0.462993 0.883342
0.175319 -0.170746 0.969592
0.030582 -0.171261 0.984751
0.170837 -0.341675 -0.924161
0.311436 -0.580126 -0.752637
0.027468 -0.589038 -0.807638
-0.018314 -0.143461 -0.989487
0.170837 -0.341675 -0.924161
-0.018304 -0.372183 -0.927979
0.452061 -0.207704 -0.867468
0.678852 -0.195265 -0.707836
0.818015 -0.403656 -0.409772
0.636285 0.061035 0.769036
0.616484 0.097661 0.781287
0.818015 -0.403656 -0.409772
0.518823 -0.024415 -0.854533
-0.397308 -0.171148 -0.901584
-0.857317 0.340495 -0.386097
-0.146505 -0.024417 -0.988909
-0.207834 -0.134481 -0.968875
-0.857317 0.340495 -0.386097
-0.494105 0.567305 0.658806
-0.727190 0.329985 -0.601918
-0.737788 0.490842 0.463404
-0.737788 0.490842 0.463404
-0.827752 0.281008 0.485655
-0.677254 0.509466 0.530821
-0.135507 -0.816086 -0.561820
-0.391051 -0.867645 0.307036
-0.231405 -0.858191 -0.458213
0.123059 -0.597389 -0.792454
-0.155701 -0.957218 -0.243907
-0.147387 -0.838737 -0.524211
-0.054868 -0.097543 0.993718
-0.098013 -0.343047 0.934191
0.198758 -0.122313 0.972386
-0.061050 0.109891 0.992067
-0.054868 -0.097543 0.993718
0.122146 -0.012215 0.992437
0.195372 0.087002 -0.976862
0.582461 0.192120 -0.789829
0.332585 0.688055 -0.644956
0.166346 0.231968 -0.958394
-0.012207 -0.241081 -0.970428
0.195372 0.087002 -0.976862
0.716756 0.127030 0.685656
0.675508 -0.071855 0.733843
0.445742 0.167916 0.879272
0.555622 0.159836 0.815927
0.300179 0.140900 0.943419
0.508406 0.112810 0.853696
-0.391259 0.476847 0.787104
0.018285 0.853290 0.521116
-0.415197 0.714384 0.563264
0.012202 0.719900 0.693971
0.220151 0.892836 0.392909
0.091535 0.634641 0.767367
0.916822 -0.250181 -0.311201
0.837689 -0.201779 -0.507505
0.970446 -0.204465 -0.128172
0.837689 -0.201779 -0.507505
0.916822 -0.250181 -0.311201
0.656168 -0.122078 0.744675
0.844448 -0.372596 -0.384812
0.985650 -0.164784 0.036619
0.841080 -0.476256 -0.256446
0.855186 -0.513112 -0.073302
0.596386 -0.428175 -0.678963
0.844448 -0.372596 -0.384812
0.071717 0.125124 -0.989546
0.124272 0.244064 -0.961764
0.157239 0.503775 -0.849404
0.071717 0.125124 -0.989546
0.157239 0.503775 -0.849404
0.004577 0.396699 -0.917938
0.564526 -0.646916 -0.512650
0.970323 -0.097643 -0.221221
0.845531 -0.415134 -0.335770
0.745177 0.207672 -0.633706
0.088385 -0.365730 -0.926515
0.544207 -0.684845 -0.484589
0.489768 0.529437 0.692693
0.402952 0.911221 0.085475
0.431196 0.801445 0.414435
0.341106 0.512946 0.787739
0.336169 0.215454 0.916826
0.872263 0.337305 0.354094
-0.262092 -0.146284 -0.953892
-0.156234 -0.085566 -0.984007
-0.023490 -0.177222 -0.983890
-0.201290 -0.219589 -0.954601
-0.318294 -0.188844 -0.928992
-0.028274 -0.220079 -0.975072
-0.665687 0.360326 0.653472
-0.644321 0.342009 0.684018
-0.231716 0.347574 0.908570
-0.442137 0.341513 0.829388
-0.451077 0.359642 0.816815
-0.626162 0.384861 0.678088
-0.527423 -0.265236 -0.807140
-0.803409 -0.012219 -0.595302
-0.360203 -0.219785 -0.906614
-0.527423 -0.265236 -0.807140
-0.360203 -0.219785 -0.906614
-0.125079 -0.518619 -0.845807
-0.018315 0.390719 0.920328
-0.545704 0.472537 0.692038
-0.012209 0.412047 0.911081
-0.751282 0.479476 0.453518
-0.320717 0.452058 0.832337
-0.695364 0.420878 0.582520
-0.397308 -0.171148 -0.901584
-0.756491 -0.097612 0.646678
-0.691432 0.024475 0.722027
0.127807 -0.401678 -0.906819
-0.244521 -0.647982 0.721338
-0.335658 -0.720138 -0.607235
0.626588 -0.622014 0.469560
0.572777 -0.463096 0.676364
0.545328 -0.109982 0.830976
0.614575 0.000000 0.788858
0.951855 0.281126 -0.122229
0.581046 0.183007 0.793029
-0.354516 0.482876 0.800718
-0.523913 0.456901 0.718858
-0.467154 0.363342 0.806070
-0.592411 0.274830 0.757309
-0.467154 0.363342 0.806070
-0.740585 0.295625 0.603440
0.463572 0.163658 0.870814
0.849737 -0.434213 -0.299010
0.323959 0.094743 0.941315
0.376229 0.128086 0.917631
0.665186 -0.004973 0.746661
0.752988 0.016845 0.657818
0.128090 -0.327086 -0.936273
-0.000382 -0.304180 -0.952614
0.097798 -0.227686 -0.968811
-0.064067 -0.376013 -0.924397
0.019069 -0.405782 -0.913771
-0.025940 -0.518804 -0.854500
-0.169300 -0.097614 0.980719
-0.038219 0.366898 0.929476
-0.025175 -0.024412 0.999385
-0.177997 -0.756203 0.629661
-0.316764 -0.743177 0.589363
-0.169300 -0.097614 0.980719
-0.280612 -0.317213 0.905888
-0.433269 0.045768 0.900102
-0.659604 0.024430 0.751216
-0.686675 0.292981 0.665312
-0.829114 0.237761 0.506003
-0.659604 0.024430 0.751216
0.297973 0.608108 0.735810
0.261214 0.779833 0.568882
0.123468 0.817025 0.563229
0.123468 0.817025 0.563229
0.261214 0.779833 0.568882
0.067673 0.936781 -0.343309
0.221211 0.097638 -0.970326
0.345082 0.378674 -0.858792
0.456018 0.549051 -0.700422
0.345082 0.378674 -0.858792
0.422779 0.183154 -0.887532
0.456018 0.549051 -0.700422
0.753373 -0.329869 -0.568872
0.518661 -0.318059 -0.793618
0.921238 -0.268885 0.281107
0.733475 -0.134331 -0.666310
0.321407 0.012208 -0.946863
0.518661 -0.318059 -0.793618
-0.603647 -0.085364 0.792668
-0.840901 -0.073122 0.536227
-0.413132 -0.473886 0.777659
-0.840901 -0.073122 0.536227
-0.861134 0.140469 0.488587
-0.737873 0.213434 0.640303
0.741899 -0.409113 -0.531236
0.558368 -0.067126 0.826873
0.367822 -0.122099 0.921845
0.589921 -0.201213 -0.781989
0.741899 -0.409113 -0.531236
0.777381 -0.348218 -0.523854
-0.316764 -0.743177 0.589363
-0.114405 -0.427111 0.896933
-0.265127 -0.463210 0.845662
-0.177997 -0.756203 0.629661
-0.114405 -0.427111 0.896933
-0.316764 -0.743177 0.589363
-0.061147 -0.379114 -0.923327
0.222809 -0.366261 -0.903443
0.033499 -0.535983 -0.843564
0.119050 -0.805879 -0.579988
0.033499 -0.535983 -0.843564
0.189176 -0.524810 -0.829932
-0.530508 -0.817104 0.225618
0.146538 -0.989130 0.012211
0.183019 -0.536855 0.823584
0.183019 -0.536855 0.823584
0.615739 -0.658414 0.432846
0.266334 -0.440829 0.857167
0.048686 -0.310370 -0.949368
0.048777 -0.304855 -0.951149
-0.262643 -0.186294 -0.946738
0.157225 -0.369402 -0.915873
0.048686 -0.310370 -0.949368
0.253516 -0.334976 -0.907480
0.274830 0.592411 -0.757309
-0.006104 0.946196 0.323538
0.091433 0.822895 0.560788
-0.006104 0.946196 0.323538
-0.126582 0.634435 0.762542
0.091433 0.822895 0.560788
0.171032 -0.024433 -0.984962
-0.073237 -0.878840 -0.471461
-0.401335 -0.486467 -0.776067
-0.477808 -0.367545 0.797879
-0.649001 -0.048981 0.759209
-0.401335 -0.486467 -0.776067
-0.917469 0.013762 -0.397570
-0.604770 0.363473 0.708619
-0.640094 0.214889 0.737633
-0.889007 0.192465 0.415481
-0.865589 0.214103 0.452676
-0.960410 0.258454 0.103993
-0.836131 -0.202930 0.509613
-0.561116 0.283608 0.777634
-0.494185 0.216587 -0.841945
-0.042750 -0.778663 0.625984
-0.323771 -0.306972 0.894953
-0.432765 0.205716 0.877721
0.091928 -0.353980 0.930724
0.184721 -0.253419 0.949556
0.373784 -0.232135 0.897997
-0.009157 -0.357123 0.934013
0.091928 -0.353980 0.930724
0.285090 -0.219534 0.933021
-0.125125 0.488291 0.863664
0.105154 0.841236 0.530344
-0.154092 0.543136 0.825384
-0.084706 0.542119 0.836021
0.105154 0.841236 0.530344
-0.063827 0.898932 0.433414
0.574140 0.268033 0.773642
0.855186 -0.513112 -0.073302
0.528420 0.201594 0.824701
0.940753 -0.198536 -0.274895
0.945135 -0.305375 -0.116042
0.579708 0.186117 0.793284
0.727516 -0.660267 -0.186464
0.589264 0.204563 0.781615
0.507048 0.106908 0.855262
0.473323 -0.479430 -0.738994
0.727516 -0.660267 -0.186464
0.714998 -0.562221 -0.415554
-0.302526 -0.238354 -0.922857
-0.478458 0.027428 -0.877682
-0.403270 -0.271902 -0.873752
-0.800909 -0.418796 -0.427967
0.136978 -0.301351 -0.943623
0.194987 -0.216314 -0.956655
-0.228714 0.191358 0.954501
-0.433600 0.356690 0.827504
-0.387074 0.190489 0.902157
-0.433600 0.356690 0.827504
-0.228714 0.191358 0.954501
-0.217862 0.414395 0.883636
-0.375528 0.136625 0.916686
-0.878589 0.205919 -0.430905
-0.965127 0.101552 -0.241282
-0.048828 -0.100707 -0.993717
-0.393755 -0.060284 -0.917236
-0.965127 0.101552 -0.241282
0.456608 0.864348 0.210742
0.489768 0.529437 0.692693
0.593003 0.716799 0.366806
0.671169 0.610153 0.421006
0.667710 0.714968 0.207325
0.680669 0.726454 0.094622
0.067502 -0.960704 -0.269242
0.606101 -0.685257 -0.403812
0.628356 -0.738614 -0.244170
-0.038081 0.006093 -0.999256
0.054335 -0.622283 -0.780904
0.628356 -0.738614 -0.244170
0.180010 0.585796 0.790215
0.391520 0.727982 0.562810
0.180279 0.501114 0.846395
0.247866 0.912147 0.326421
0.180010 0.585796 0.790215
0.180279 0.501114 0.846395
-0.076408 -0.586816 -0.806107
-0.243586 -0.864729 -0.439215
-0.036634 -0.781535 -0.622785
-0.207452 -0.927433 -0.311178
-0.204954 -0.917704 -0.340315
-0.231405 -0.858191 -0.458213
-0.580505 0.262755 0.770697
-0.616815 0.262604 0.742010
-0.749425 -0.213251 -0.626806
-0.518210 -0.103642 0.848950
-0.556544 -0.318025 0.767541
-0.616815 0.262604 0.742010
-0.287159 -0.293269 -0.911884
-0.775064 -0.244115 -0.582824
-0.312402 -0.268209 -0.911301
-0.006106 -0.415175 -0.909721
0.192077 -0.506485 -0.840582
0.123549 -0.414880 -0.901449
0.772329 -0.018316 0.634958
0.576294 -0.434507 0.692162
0.139049 -0.429372 0.892359
0.139049 -0.429372 0.892359
0.576294 -0.434507 0.692162
0.676876 -0.140254 0.722611
-0.678826 0.097849 0.727751
-0.446010 -0.073317 0.892020
-0.573811 0.146505 0.805777
-0.762449 0.243984 0.599285
-0.584747 -0.146187 0.797935
-0.678826 0.097849 0.727751
-0.512376 -0.097595 -0.853198
-0.312402 -0.268209 -0.911301
-0.775064 -0.244115 -0.582824
-0.637120 -0.079259 -0.766678
-0.775064 -0.244115 -0.582824
-0.790379 0.030517 -0.611857
-0.965860 0.244521 -0.085583
-0.716633 -0.054891 -0.695287
-0.989609 0.140500 -0.030544
-0.970577 0.207545 -0.122085
-0.726245 -0.073235 -0.683524
-0.439736 -0.274835 -0.855043
-0.283999 0.186279 0.940556
-0.475910 0.227277 0.849621
-0.210756 0.134395 0.968256
-0.139001 0.206973 0.968422
-0.210756 0.134395 0.968256
-0.050297 0.126504 0.990690
-0.983079 0.109909 -0.146546
-0.311109 0.463613 0.829623
-0.464435 0.849426 -0.250550
-0.302396 0.586465 -0.751409
-0.464435 0.849426 -0.250550
0.149855 0.611655 0.776802
0.006088 -0.462662 -0.886514
0.628657 -0.534510 0.564880
0.095551 -0.937014 -0.335969
-0.079510 0.244645 -0.966347
0.006088 -0.462662 -0.886514
0.095551 -0.937014 -0.335969
-0.683677 -0.500549 -0.531071
-0.403001 -0.806003 -0.433532
-0.292818 -0.701542 -0.649689
-0.223161 -0.791764 -0.568603
-0.292818 -0.701542 -0.649689
-0.403001 -0.806003 -0.433532
0.556838 -0.596395 -0.578138
0.240291 -0.305131 -0.921496
0.465684 -0.305366 -0.830596
0.556838 -0.596395 -0.578138
0.465684 -0.305366 -0.830596
0.797011 -0.024383 0.603473
-0.717863 0.470429 0.513195
-0.449071 0.727068 0.519334
-0.842623 0.262557 0.470159
-0.305308 0.686944 0.659466
-0.449071 0.727068 0.519334
-0.717863 0.470429 0.513195
-0.820900 0.255391 0.510782
-0.579988 0.293047 0.760090
-0.931797 0.182705 0.313644
-0.841589 0.231742 0.487877
-0.931797 0.182705 0.313644
-0.579988 0.293047 0.760090
-0.030552 -0.158870 -0.986827
-0.048704 -0.206993 -0.977129
-0.232026 -0.097695 -0.967791
-0.048704 -0.206993 -0.977129
0.033505 -0.207123 -0.977741
0.070176 -0.244091 -0.967210
-0.048924 -0.275200 -0.960141
-0.979239 0.097924 -0.177487
-0.909721 0.006106 -0.415175
-0.979239 0.097924 -0.177487
-0.024410 0.305128 0.951999
-0.909721 0.006106 -0.415175
-0.244248 0.573982 0.781593
0.206357 0.189543 0.959943
0.683321 -0.542996 0.488086
-0.420902 -0.832654 0.359902
0.683321 -0.542996 0.488086
0.206357 0.189543 0.959943
-0.593317 -0.103983 -0.798225
-0.868213 0.189540 0.458563
-0.550088 -0.036673 -0.834301
-0.593317 -0.103983 -0.798225
0.414941 -0.366124 -0.832933
-0.219492 -0.109746 -0.969422
0.857724 -0.036629 0.512803
0.586002 -0.422288 -0.691574
0.734132 -0.042735 0.677660
0.920053 -0.122063 0.372293
0.976882 -0.006106 0.213693
0.718241 0.024399 0.695367
0.761995 0.012216 0.647467
0.505028 0.122061 0.854428
0.673540 0.048763 0.737541
0.458872 0.048946 0.887153
0.761995 0.012216 0.647467
0.673540 0.048763 0.737541
-0.270867 0.480865 0.833906
-0.235215 0.323802 0.916421
-0.120714 0.470633 0.874032
-0.048719 0.267954 0.962199
0.139696 0.334967 0.931817
-0.120714 0.470633 0.874032
0.588088 -0.335832 -0.735778
0.634570 -0.316145 -0.705247
0.259777 -0.298958 -0.918227
0.315651 -0.287198 -0.904368
0.478871 -0.244400 -0.843179
0.669393 -0.365955 -0.646521
-0.237642 -0.389976 0.889632
-0.139867 -0.462171 0.875692
-0.250443 -0.171034 0.952904
-0.139867 -0.462171 0.875692
-0.231893 -0.781112 0.579732
-0.220098 -0.635839 0.739774
0.228024 -0.231837 -0.945651
0.555921 -0.220265 -0.801521
0.673117 -0.342921 -0.655224
0.673117 -0.342921 -0.655224
0.488316 -0.452576 -0.746139
0.768077 -0.341029 -0.541993
-0.424094 -0.085429 -0.901580
-0.803409 -0.012219 -0.595302
-0.750102 -0.006098 -0.661294
-0.210765 -0.329894 -0.920189
-0.521660 -0.256254 -0.813759
-0.823813 -0.360037 -0.437841
0.244769 -0.666994 -0.703710
0.228318 -0.103504 -0.968069
0.088409 -0.975551 -0.201207
0.003053 -0.964900 -0.262599
0.244769 -0.666994 -0.703710
-0.024430 -0.659604 -0.751216
0.126732 -0.296218 0.946675
0.103627 -0.161537 0.981411
-0.009157 -0.274710 0.961484
-0.152758 -0.053465 0.986816
-0.042631 -0.024361 0.998794
-0.228714 0.191358 0.954501
-0.718112 0.693769 0.054771
-0.066997 -0.304533 -0.950143
-0.176682 -0.255884 -0.950425
-0.968900 0.194999 -0.152343
-0.908790 0.329360 -0.256169
-0.726245 -0.073235 -0.683524
-0.844137 0.112660 -0.524157
0.372555 -0.374845 -0.848937
-0.512813 -0.130111 -0.848583
-0.726085 0.334060 0.601003
-0.683189 0.327489 0.652690
-0.568117 0.418452 0.708619
-0.142033 0.429188 0.891978
-0.506460 0.479002 0.716977
-0.217862 0.414395 0.883636
-0.142033 0.429188 0.891978
-0.217862 0.414395 0.883636
-0.107783 0.279777 0.953995
0.396114 -0.032117 0.917639
0.332648 -0.076295 0.939960
0.530895 0.027421 0.846994
0.332648 -0.076295 0.939960
0.396114 -0.032117 0.917639
0.966997 -0.254714 0.006101
0.735848 0.085493 0.671728
0.562341 0.372856 0.738072
0.405426 0.310928 0.859624
0.562341 0.372856 0.738072
0.735848 0.085493 0.671728
0.692133 -0.073177 0.718050
-0.451287 -0.329317 0.829392
-0.622403 0.109836 0.774952
0.103701 -0.780807 0.616106
-0.531645 0.238324 0.812745
-0.622809 0.103801 0.775458
-0.720410 -0.317469 0.616622
0.806848 -0.048807 0.588740
0.801759 -0.365127 0.473144
-0.006090 -0.998794 0.048722
0.503829 -0.316605 -0.803690
0.045830 -0.122212 -0.991445
0.952441 0.024422 0.303743
-0.684823 0.039744 -0.727625
-0.908212 0.179814 -0.377914
-0.441954 0.134110 -0.886956
-0.259881 0.409694 -0.874422
-0.441954 0.134110 -0.886956
-0.716207 0.304769 -0.627824
0.628212 0.073190 0.774592
0.714611 -0.067186 0.696288
0.435771 0.170652 0.883732
0.628212 0.073190 0.774592
0.494424 0.097664 0.863717
0.420409 0.219344 0.880423
-0.084706 0.542119 0.836021
-0.063827 0.898932 0.433414
-0.243222 0.622159 0.744151
-0.557822 0.715234 0.421041
0.014494 0.213595 0.976815
-0.428665 0.439343 0.789445
0.200955 0.622311 -0.756535
0.216113 0.421908 -0.880505
0.255967 0.482898 -0.837431
0.255967 0.482898 -0.837431
0.388056 0.186023 -0.902668
0.376680 0.457622 -0.805415
-0.442376 0.049068 -0.895486
-0.698309 0.628860 -0.341905
0.631600 0.219422 -0.743596
0.631600 0.219422 -0.743596
-0.019839 -0.653173 -0.756949
-0.442376 0.049068 -0.895486
-0.741260 -0.012583 -0.671100
-0.168083 -0.250214 -0.953489
-0.706946 0.021330 -0.706946
-0.801147 0.041124 -0.597053
-0.207313 -0.169966 -0.963396
-0.832229 0.239685 -0.499947
0.164710 0.231815 -0.958714
0.295910 0.902983 0.311544
0.411853 -0.079320 -0.907792
0.252722 0.916214 0.310940
0.148083 0.140450 -0.978951
0.110601 0.183063 -0.976860
0.692133 -0.073177 0.718050
0.735848 0.085493 0.671728
0.421567 0.253551 0.870628
0.421567 0.253551 0.870628
0.904340 -0.268858 0.331489
0.561476 0.115957 0.819328
-0.086968 -0.378386 -0.921553
0.152595 -0.305190 -0.939986
0.252400 -0.378218 -0.890643
0.152595 -0.305190 -0.939986
0.673117 -0.342921 -0.655224
0.555921 -0.220265 -0.801521
0.106129 0.403136 0.908965
0.129538 0.323797 0.937217
0.254266 0.879621 0.402014
0.199326 0.979892 0.008939
0.106129 0.403136 0.908965
0.254266 0.879621 0.402014
-0.076279 0.832199 0.549205
0.491700 0.479484 0.726861
-0.317444 0.882127 0.347967
-0.448135 0.705736 0.548737
0.073156 0.621068 0.780335
0.235332 0.304480 0.922990
0.115916 0.555177 -0.823615
-0.372745 0.430796 -0.821873
-0.329070 0.289459 -0.898847
-0.155504 0.536643 -0.829357
-0.087060 0.769792 -0.632329
-0.332389 0.327815 -0.884339
-0.308419 -0.207648 -0.928310
-0.079391 -0.491610 -0.867189
-0.564436 -0.308152 -0.765803
-0.564436 -0.308152 -0.765803
0.097735 -0.171036 -0.980405
-0.308419 -0.207648 -0.928310
0.230263 0.304984 -0.924102
0.175016 0.146499 -0.973605
0.462808 -0.018337 -0.886269
-0.131331 0.097735 -0.986509
-0.260447 -0.012220 -0.965411
-0.562758 -0.262316 -0.783896
-0.021374 0.464129 -0.885510
-0.648000 0.270761 -0.711888
-0.412159 -0.116015 -0.903696
-0.412159 -0.116015 -0.903696
-0.648000 0.270761 -0.711888
0.067132 -0.256322 -0.964257
-0.575077 0.373188 0.728023
-0.550533 0.397608 0.734045
-0.793377 0.262425 0.549261
-0.275262 -0.159040 -0.948123
-0.446133 -0.125284 -0.886154
-0.762337 0.030493 -0.646462
-0.888330 0.243378 0.389405
-0.604544 0.256473 0.754154
-0.549010 0.170803 0.818177
-0.676562 0.195045 0.710085
-0.604544 0.256473 0.754154
-0.852944 0.219329 0.473689
-0.051835 0.634211 0.771420
0.085326 0.865452 0.493673
0.250583 0.959549 0.128347
-0.051848 0.902771 0.426986
0.118998 0.955036 0.271560
-0.051835 0.634211 0.771420
0.055704 -0.018314 -0.998279
0.118943 0.237886 -0.963983
-0.007820 -0.073244 -0.997283
0.017560 0.335922 -0.941726
0.110601 0.183063 -0.976860
-0.007820 -0.073244 -0.997283
0.435443 0.110152 0.893452
0.657252 0.121925 0.743743
0.430691 0.161176 0.887991
0.129219 0.036701 0.990937
0.310075 -0.184089 0.932719
0.435443 0.110152 0.893452
-0.252861 0.235796 0.938329
-0.019861 0.208731 0.977771
-0.131068 0.318525 0.938810
0.091798 0.237910 0.966939
0.335123 0.206819 0.919195
-0.007644 0.336327 0.941714
-0.181393 -0.639489 0.747095
0.097680 -0.317461 0.943227
-0.098013 -0.343047 0.934191
-0.098013 -0.343047 0.934191
0.097680 -0.317461 0.943227
0.198758 -0.122313 0.972386
-0.531616 0.079437 0.843252
-0.484925 0.158592 0.860056
-0.775175 0.189216 0.602744
-0.366481 -0.061080 0.928419
-0.308596 0.042776 0.950231
-0.531616 0.079437 0.843252
0.191558 -0.274745 -0.942242
0.420439 -0.360404 -0.832670
0.123059 -0.597389 -0.792454
0.474909 -0.231924 -0.848924
0.191558 -0.274745 -0.942242
0.371557 -0.140383 -0.917735
0.958780 -0.250382 0.134351
0.716860 -0.585690 -0.378258
0.384882 -0.354336 -0.852239
0.780211 -0.103825 0.616840
0.716860 -0.585690 -0.378258
0.958780 -0.250382 0.134351
0.816106 0.180001 -0.549155
0.823718 -0.152540 0.546095
0.562745 -0.411765 -0.716776
0.562745 -0.411765 -0.716776
0.823718 -0.152540 0.546095
0.678088 -0.307806 0.667422
0.226360 0.874851 0.428249
0.277139 0.743098 0.609097
0.115791 0.865387 0.487542
0.226360 0.874851 0.428249
-0.007615 0.731034 -0.682298
0.397825 0.914540 0.073163
-0.262191 0.407006 0.874987
-0.935662 0.165117 -0.311887
-0.726184 0.161713 0.668211
-0.530857 0.446957 0.720013
-0.829114 0.237761 0.506003
-0.686675 0.292981 0.665312
-0.425156 -0.146816 -0.893133
-0.641315 -0.076347 -0.763470
-0.262643 -0.186294 -0.946738
-0.617010 -0.088581 -0.781954
-0.271593 -0.176993 -0.945997
-0.727044 -0.140521 -0.672057
0.252722 0.916214 0.310940
0.129538 0.323797 0.937217
0.048793 0.402540 0.914101
0.093785 0.992258 0.081420
0.298672 0.932588 0.202670
0.175541 0.799858 0.573944
0.402432 0.213411 0.890227
0.600891 0.134380 0.787954
0.415371 0.194753 0.888560
0.670279 0.177112 0.720664
0.465432 0.146497 0.872876
0.705262 0.134336 0.696103
-0.538672 -0.685583 -0.489702
-0.303628 -0.932353 -0.196285
-0.303773 -0.753358 -0.583245
-0.303773 -0.753358 -0.583245
-0.382650 -0.759177 -0.526526
0.146538 -0.989130 0.012211
0.096519 0.882459 0.460380
-0.007640 0.965647 0.259747
0.333507 0.832238 -0.442891
0.096519 0.882459 0.460380
0.114947 0.993140 0.021457
-0.007640 0.965647 0.259747
-0.066459 0.574448 0.815839
0.178528 0.195312 0.964355
0.942783 -0.164758 0.289852
0.151790 0.555294 0.817685
0.468487 0.591853 0.655919
0.526292 0.134340 0.839625
-0.412709 -0.158675 -0.896936
-0.595450 -0.177108 -0.783627
-0.695801 -0.061035 -0.715637
-0.201557 -0.329821 -0.922276
-0.755757 -0.231603 -0.612529
-0.695801 -0.061035 -0.715637
-0.277369 -0.035052 0.960124
-0.174045 -0.983203 -0.054962
-0.330277 -0.305812 0.892971
-0.277369 -0.035052 0.960124
-0.296175 -0.619831 0.726698
-0.390229 -0.359743 0.847530
-0.781633 0.311432 -0.540426
-0.519160 0.067185 -0.852033
0.488220 -0.228853 -0.842180
-0.519160 0.067185 -0.852033
-0.781633 0.311432 -0.540426
-0.494105 0.567305 0.658806
0.735171 -0.354594 -0.577743
0.925707 -0.280841 -0.253367
0.881587 -0.329167 -0.338310
0.925707 -0.280841 -0.253367
0.548820 -0.170981 -0.818268
0.881587 -0.329167 -0.338310
0.189230 -0.036625 -0.981250
0.482681 -0.079429 -0.872187
0.354146 0.042742 -0.934213
0.256054 0.188992 -0.948008
0.530673 0.158592 -0.832607
0.412582 0.018337 -0.910736
-0.275183 0.256837 0.926450
0.003048 0.207238 0.978286
0.076286 0.720138 0.689624
0.003048 0.207238 0.978286
0.024391 0.426845 0.903996
0.076286 0.720138 0.689624
-0.302396 0.586465 -0.751409
0.082406 -0.512746 -0.854577
-0.605123 -0.385078 -0.696808
-0.146944 -0.367359 -0.918398
0.082406 -0.512746 -0.854577
0.073299 -0.348170 -0.934561
-0.340693 -0.427776 -0.837219
-0.497217 -0.634486 -0.591780
-0.377432 -0.840090 -0.389607
0.131363 -0.329936 0.934819
0.051759 -0.389714 0.919481
0.098396 -0.549189 0.829885
-0.648697 0.244791 0.720604
-0.926160 -0.048745 -0.373967
-0.697744 0.514127 0.498826
0.481696 -0.353650 -0.801811
-0.697744 0.514127 0.498826
-0.926160 -0.048745 -0.373967
0.071775 0.644447 0.761273
0.116283 0.667958 0.735058
0.272820 0.962050 -0.005345
0.071775 0.644447 0.761273
0.184697 0.943330 0.275710
0.009160 0.458001 0.888904
-0.506342 -0.549046 -0.664956
-0.128256 -0.940543 -0.314532
-0.208130 -0.734577 -0.645816
-0.208130 -0.734577 -0.645816
0.036486 -0.766212 -0.641551
-0.649342 -0.759608 -0.036755
-0.158841 -0.085530 -0.983592
0.048841 -0.085472 -0.995143
-0.830845 0.164947 -0.531497
-0.440493 -0.226364 -0.868749
-0.275447 0.024484 -0.961004
-0.700985 0.000000 -0.713176
0.282775 -0.146539 0.947926
0.337298 -0.146353 0.929952
0.934974 -0.195351 -0.296078
0.784229 -0.195294 0.588935
0.353014 -0.085394 0.931713
0.707673 -0.171002 0.685534
-0.152577 0.942924 0.295999
-0.463490 0.811108 0.356765
-0.238554 0.697313 0.675904
-0.292800 0.857050 0.423950
-0.463490 0.811108 0.356765
-0.311467 0.793935 0.522165
-0.134298 0.024418 -0.990640
-0.372016 0.097578 -0.923083
-0.628730 0.122083 -0.767981
-0.207506 0.036619 -0.977548
-0.134298 0.024418 -0.990640
0.257992 0.158764 -0.953013
-0.076549 -0.526654 -0.846626
-0.523214 0.575230 0.628775
-0.713335 -0.256069 -0.652366
-0.582032 0.475377 0.659738
-0.523214 0.575230 0.628775
-0.650354 -0.036640 -0.758747
-0.509190 -0.206811 -0.835437
-0.706946 0.021330 -0.706946
-0.496974 -0.185984 -0.847600
-0.509190 -0.206811 -0.835437
-0.496974 -0.185984 -0.847600
-0.244474 -0.256507 -0.935113
-0.177469 -0.342698 0.922531
-0.323911 -0.562260 0.760885
-0.623949 -0.513840 0.588775
-0.048813 0.048813 0.997614
-0.177469 -0.342698 0.922531
-0.403906 -0.440625 0.801692
-0.393666 0.035857 -0.918554
-0.770341 0.149789 -0.619788
0.210521 -0.119753 -0.970227
-0.762448 0.153252 -0.628639
-0.378162 0.041266 -0.924819
-0.222857 0.319785 -0.920908
-0.110634 -0.061039 -0.991985
-0.014496 0.024414 -0.999597
0.345082 0.378674 -0.858792
-0.431570 -0.097599 -0.896784
-0.587318 -0.256284 -0.767708
-0.439364 -0.073227 -0.895319
-0.359997 0.427115 -0.829442
-0.305038 0.262333 -0.915496
-0.012201 0.799162 -0.600992
-0.299270 -0.109936 -0.947814
-0.164839 -0.122103 -0.978733
-0.305038 0.262333 -0.915496
0.441679 -0.305132 -0.843691
0.263844 0.036603 -0.963871
0.778351 -0.341195 0.527025
0.945805 0.275032 -0.172659
0.646095 -0.054922 0.761278
0.542786 -0.207648 0.813797
-0.628730 0.122083 -0.767981
-0.524143 0.060947 -0.849447
-0.335950 -0.061082 -0.939897
-0.335950 -0.061082 -0.939897
-0.524143 0.060947 -0.849447
-0.745731 0.110026 -0.657099
0.463023 0.321839 0.825851
0.932764 -0.067171 -0.354175
0.444972 0.257333 0.857776
0.541179 0.361297 0.759335
0.435443 0.110152 0.893452
0.463023 0.321839 0.825851
-0.383278 -0.803059 0.456283
-0.211230 -0.342865 0.915328
-0.181393 -0.639489 0.747095
-0.211230 -0.342865 0.915328
-0.294345 -0.490575 0.820181
-0.589217 -0.785623 0.188734
-0.237924 -0.439245 -0.866289
-0.128696 -0.784435 -0.606712
-0.409656 -0.599198 -0.687855
-0.128696 -0.784435 -0.606712
-0.128256 -0.940543 -0.314532
-0.409656 -0.599198 -0.687855
0.778981 0.069497 0.623185
0.649612 0.077008 0.756356
0.759121 -0.045349 0.649368
0.360150 -0.344889 -0.866801
0.628015 -0.355926 -0.692036
0.310923 -0.524588 -0.792549
-0.818230 0.122124 -0.561770
-0.658573 0.060979 -0.750042
-0.543216 0.024414 -0.839238
-0.805582 0.122058 -0.579775
-0.818230 0.122124 -0.561770
-0.543216 0.024414 -0.839238
0.342004 -0.036643 -0.938984
0.389793 0.548146 -0.739998
0.522299 0.219915 -0.823918
0.290085 -0.048856 -0.955753
0.342004 -0.036643 -0.938984
0.390832 0.073281 -0.917540
-0.016813 0.081532 0.996529
0.186625 0.081840 0.979016
0.030157 0.248887 0.968063
-0.228714 0.191358 0.954501
-0.016813 0.081532 0.996529
-0.107783 0.279777 0.953995
-0.756118 0.329277 0.565564
-0.635521 0.293317 0.714197
-0.549010 0.170803 0.818177
-0.500574 0.231973 0.834035
-0.943406 -0.060865 -0.326008
-0.939023 0.243902 0.242378
0.235431 0.920627 0.311479
-0.230110 0.721673 0.652869
0.076981 0.819092 0.568474
0.076981 0.819092 0.568474
0.151398 0.988473 0.000763
0.264208 0.923540 0.277973
0.358888 0.932495 0.040643
0.216667 0.927700 -0.304020
0.405405 0.693675 -0.595367
0.405405 0.693675 -0.595367
0.216667 0.927700 -0.304020
0.132030 0.085476 -0.987554
0.131324 0.024432 -0.991038
0.234882 0.359949 -0.902922
0.228783 0.061009 -0.971564
0.228783 0.061009 -0.971564
0.122205 -0.195527 -0.973055
0.131324 0.024432 -0.991038
0.695857 -0.189224 0.692804
0.816106 0.180001 -0.549155
0.343713 -0.578965 -0.739365
0.816106 0.180001 -0.549155
-0.015245 0.307947 -0.951281
0.343713 -0.578965 -0.739365
0.331962 0.785744 0.521926
0.161958 0.708949 0.686412
0.396212 0.828998 0.394688
0.331962 0.785744 0.521926
0.680617 0.708085 0.188085
0.161958 0.708949 0.686412
0.730832 -0.403640 -0.550417
0.853706 -0.489581 -0.177473
0.861500 0.061099 0.504069
0.702825 -0.696714 -0.143621
0.853706 -0.489581 -0.177473
0.730832 -0.403640 -0.550417
-0.402279 -0.700941 -0.588943
-0.179927 -0.817296 -0.547406
-0.024425 -0.427434 -0.903717
-0.024425 -0.427434 -0.903717
-0.076408 -0.586816 -0.806107
-0.009133 -0.681910 -0.731379
0.412651 -0.000287 0.910889
0.432067 0.154200 0.888561
0.187895 0.236778 0.953222
0.053469 0.366641 0.928825
0.363681 0.256716 0.895451
0.131253 0.421231 0.897406
0.091535 0.634641 0.767367
0.131434 0.758038 0.638830
-0.128278 0.500895 0.855949
0.128084 0.719713 0.682355
0.091535 0.634641 0.767367
0.311517 0.916227 -0.251962
0.493188 0.225283 0.840246
0.880734 -0.440367 -0.174312
0.479225 0.256400 0.839406
0.528420 0.201594 0.824701
0.705262 0.134336 0.696103
0.625847 -0.128222 0.769334
0.377935 0.435844 -0.816826
0.683204 0.253718 -0.684733
0.062479 0.094480 -0.993564
0.062479 0.094480 -0.993564
0.169689 0.044333 -0.984500
0.251812 -0.079359 -0.964517
0.164477 0.980768 0.105082
0.125130 0.817921 -0.561558
0.158953 0.825331 -0.541814
0.158953 0.825331 -0.541814
0.854648 -0.488370 0.176271
0.167475 0.962220 -0.214673
0.183131 0.244175 0.952282
-0.329811 0.940572 0.080926
-0.868487 0.452592 0.202214
0.219724 0.854481 0.470727
-0.329811 0.940572 0.080926
0.183131 0.244175 0.952282
0.461670 -0.232364 -0.856077
0.742653 -0.500185 -0.445287
0.187005 -0.231096 -0.954790
0.742653 -0.500185 -0.445287
0.461670 -0.232364 -0.856077
0.544539 -0.770920 -0.330394
0.574169 -0.642886 -0.506979
0.103868 -0.417758 -0.902602
0.128414 -0.618219 -0.775445
-0.564646 0.541755 -0.622637
-0.034384 0.077937 -0.996365
0.060961 -0.094489 -0.993658
0.875171 -0.477262 -0.079353
0.984434 -0.171894 -0.036630
0.840959 -0.438396 -0.317170
0.984434 -0.171894 -0.036630
0.690220 -0.298968 -0.658950
0.732781 -0.258078 -0.629626
0.910397 -0.207567 0.357901
0.680952 0.697784 -0.222266
0.265670 0.635165 0.725248
0.217779 -0.596988 -0.772125
0.269729 0.378996 -0.885216
0.680952 0.697784 -0.222266
-0.986304 0.164893 0.003817
-0.018315 0.390719 0.920328
-0.314271 0.347834 0.883315
-0.989295 0.097708 -0.108395
-0.210765 -0.329894 -0.920189
-0.823813 -0.360037 -0.437841
0.720596 -0.209156 0.661056
0.204432 -0.660590 -0.722377
0.925533 0.360439 -0.116073
0.390774 0.897559 -0.204164
0.925533 0.360439 -0.116073
0.179998 -0.417961 -0.890455
0.297770 -0.634227 -0.713505
0.233326 -0.497152 -0.835703
-0.189139 -0.048884 -0.980733
-0.416047 0.454771 -0.787457
-0.452354 0.604156 -0.656027
0.086275 0.116051 -0.989489
0.131363 -0.329936 0.934819
0.051921 -0.317633 0.946791
0.051759 -0.389714 0.919481
-0.103927 -0.721379 0.684698
-0.056221 -0.741514 0.668578
0.223217 -0.500616 0.836396
-0.036632 0.894437 0.445692
0.499738 0.149312 -0.853211
-0.042724 0.888050 -0.457758
0.412582 0.018337 -0.910736
0.411704 0.881352 0.231774
0.278151 0.085585 -0.956717
-0.822342 0.335028 0.459902
-0.561286 0.549084 0.619245
-0.597358 0.292584 0.746698
-0.561286 0.549084 0.619245
-0.757136 0.317509 0.570905
-0.500540 0.408978 0.763018
-0.668884 -0.103845 -0.736078
-0.320399 -0.265473 -0.909323
-0.519038 -0.167924 -0.838094
-0.519038 -0.167924 -0.838094
-0.320399 -0.265473 -0.909323
0.286832 -0.424145 -0.858970
-0.503550 0.146487 -0.851457
-0.611519 0.742341 -0.273814
0.658261 0.439859 -0.610915
0.604183 -0.692229 -0.394692
-0.468209 0.512438 -0.719853
-0.526825 -0.820866 -0.220531
0.278151 0.085585 -0.956717
0.411704 0.881352 0.231774
0.088606 0.006111 -0.996048
0.149445 -0.158595 -0.975968
0.326121 -0.030479 -0.944837
0.238110 -0.030527 -0.970758
-0.064081 -0.628607 -0.775079
-0.146293 -0.835086 -0.530310
-0.100866 -0.962812 -0.250637
-0.277534 -0.457474 -0.844803
-0.146293 -0.835086 -0.530310
-0.352259 -0.317874 -0.880267
0.955187 -0.293728 0.036621
0.979454 -0.195281 0.050346
0.637748 -0.260897 -0.724714
0.442907 -0.010691 0.896504
0.979454 -0.195281 0.050346
0.955187 -0.293728 0.036621
-0.167916 -0.830423 -0.531227
-0.229259 -0.427951 0.874242
-0.235778 -0.208220 0.949238
-0.229259 -0.427951 0.874242
-0.183817 -0.796542 -0.575961
0.115791 -0.865387 0.487542
-0.064081 -0.628607 -0.775079
-0.403001 -0.806003 -0.433532
-0.125003 -0.405497 -0.905509
-0.064081 -0.628607 -0.775079
-0.125003 -0.405497 -0.905509
0.085358 -0.170716 -0.981616
0.015214 0.060856 0.998031
-0.146732 -0.097821 0.984328
0.003049 -0.109762 0.993953
0.168256 0.036710 0.985060
0.198111 -0.097532 0.975315
0.458872 0.048946 0.887153
-0.123998 -0.575593 -0.808280
-0.364636 -0.546953 -0.753580
-0.271988 -0.415622 -0.867917
0.252400 -0.378218 -0.890643
-0.123998 -0.575593 -0.808280
-0.086968 -0.378386 -0.921553
0.517821 -0.255865 -0.816330
0.947306 -0.207462 -0.244072
0.908372 -0.366402 -0.201521
0.678852 -0.195265 -0.707836
0.452061 -0.207704 -0.867468
0.594021 -0.317625 -0.739090
-0.743336 0.231531 0.627571
-0.523379 -0.012172 0.852013
-0.741754 0.255358 0.620155
-0.743336 0.231531 0.627571
-0.741754 0.255358 0.620155
-0.724704 0.304498 0.618130
-0.100767 -0.151914 -0.983244
-0.110026 -0.657099 -0.745731
-0.105273 -0.153333 -0.982551
-0.105273 -0.153333 -0.982551
-0.110026 -0.657099 -0.745731
0.082353 0.067103 -0.994342
0.238279 0.354364 0.904239
-0.378923 0.195573 0.904527
-0.225921 0.378570 0.897577
-0.103865 0.097756 0.989776
0.079042 -0.243207 0.966748
-0.378923 0.195573 0.904527
-0.286831 -0.433298 0.854389
-0.262234 -0.853785 0.449762
-0.170751 -0.506155 0.845370
-0.286831 -0.433298 0.854389
-0.316764 -0.743177 0.589363
-0.289374 -0.791972 0.537627
0.481696 -0.353650 -0.801811
0.280612 -0.146406 -0.948590
-0.705820 0.413756 -0.575000
-0.578894 0.000000 -0.815403
-0.420915 0.146405 -0.895207
-0.860358 0.219666 -0.459925
0.012902 0.757035 0.653248
-0.184286 0.606163 0.773696
-0.159605 0.456013 0.875545
-0.159605 0.456013 0.875545
-0.354516 0.482876 0.800718
-0.467154 0.363342 0.806070
-0.305383 -0.201553 -0.930654
0.274520 0.000000 -0.961581
-0.402279 -0.700941 -0.588943
-0.684941 0.464781 -0.561101
0.274520 0.000000 -0.961581
0.874184 0.452375 -0.176518
-0.116346 -0.538864 -0.834320
-0.109245 -0.679747 -0.725265
-0.042268 -0.869504 -0.492115
-0.140851 -0.783868 -0.604742
-0.109245 -0.679747 -0.725265
-0.116346 -0.538864 -0.834320
0.671806 -0.213757 -0.709214
0.917867 -0.277956 -0.283302
0.890839 -0.286777 -0.352370
0.890839 -0.286777 -0.352370
0.942178 -0.298814 -0.151694
0.584836 -0.232102 -0.777236
-0.128163 0.518753 0.845263
-0.286681 0.457470 0.841745
-0.039570 0.328736 0.943593
0.128249 0.323675 0.937436
0.070230 0.702301 0.708408
-0.128163 0.518753 0.845263
-0.298715 0.341389 0.891192
-0.274600 -0.012204 0.961481
-0.875434 0.450658 0.174706
0.122034 -0.097627 0.987713
-0.295104 0.827509 0.477643
-0.875434 0.450658 0.174706
-0.036670 -0.220019 -0.974806
-0.012137 -0.509765 -0.860228
-0.102944 -0.993109 -0.056014
-0.012137 -0.509765 -0.860228
-0.268559 -0.756849 -0.595866
-0.067259 -0.880482 -0.469285
0.351022 -0.268608 -0.897014
0.706421 -0.243593 -0.664554
0.711188 -0.317440 -0.627250
0.711188 -0.317440 -0.627250
0.706421 -0.243593 -0.664554
0.057999 -0.146523 -0.987506
-0.578894 0.000000 -0.815403
-0.219678 -0.097635 -0.970675
-0.195708 -0.342490 -0.918912
-0.219678 -0.097635 -0.970675
-0.578894 0.000000 -0.815403
-0.280942 0.085504 -0.955908
0.252315 0.880807 0.400645
0.283852 0.396782 0.872921
0.391520 0.727982 0.562810
0.281911 0.140383 0.949115
0.410278 0.603978 0.683288
0.187480 0.085357 0.978553
-0.500540 0.408978 0.763018
-0.646750 0.298970 0.701663
-0.341457 0.335360 0.878032
-0.438878 0.262107 0.859469
-0.646750 0.298970 0.701663
-0.556515 0.220160 0.801137
0.190530 0.876209 0.442668
0.310323 0.865097 0.394091
0.109583 0.649265 -0.752627
0.269729 0.378996 -0.885216
0.265670 0.635165 0.725248
0.680952 0.697784 -0.222266
-0.403452 -0.628440 0.665048
0.181808 -0.390296 0.902560
0.125347 -0.518942 0.845569
-0.051948 -0.605041 -0.794498
-0.403452 -0.628440 0.665048
-0.058053 -0.895342 -0.441580
0.082402 0.146493 0.985774
-0.170763 0.219552 0.960540
-0.061050 0.109891 0.992067
-0.061050 0.109891 0.992067
-0.170763 0.219552 0.960540
-0.274523 0.085407 0.957780
-0.856129 0.330221 -0.397488
-0.555933 0.201602 0.806409
-0.830845 0.164947 -0.531497
-0.856129 0.330221 -0.397488
-0.830845 0.164947 -0.531497
0.048841 -0.085472 -0.995143
0.251649 -0.183018 -0.950357
0.500766 -0.360307 -0.787027
0.271476 -0.396538 -0.876960
0.271476 -0.396538 -0.876960
0.018419 -0.433650 -0.900893
0.146542 -0.256448 -0.955385
-0.908257 0.110092 0.403670
-0.659429 0.033582 0.751016
-0.954459 0.195161 0.225655
-0.740585 0.295625 0.603440
-0.908257 0.110092 0.403670
-0.954459 0.195161 0.225655
-0.235307 0.415606 0.878580
-0.260773 0.963794 0.055662
0.094349 0.596532 0.797024
-0.260773 0.963794 0.055662
-0.230110 0.721673 0.652869
-0.091821 0.624386 0.775700
0.909128 0.036609 0.414904
0.549559 -0.426251 -0.718537
0.789490 0.183070 0.585825
0.608752 -0.195289 -0.768950
0.909128 0.036609 0.414904
0.864103 0.146303 0.481581
-0.247392 -0.232121 0.940700
-0.191013 -0.458430 0.867961
0.052135 -0.267908 0.962033
-0.008161 -0.643740 0.765201
0.052135 -0.267908 0.962033
-0.212209 -0.633959 0.743683
-0.012217 -0.091631 0.995718
-0.024444 -0.177218 0.983868
0.077377 -0.231750 0.969693
-0.237791 -0.097555 0.966405
-0.155707 -0.238140 0.958668
-0.128085 -0.085390 0.988081
0.138204 0.625916 0.767547
0.431196 0.801445 0.414435
0.352999 0.852700 0.385090
0.138204 0.625916 0.767547
0.352999 0.852700 0.385090
0.257831 0.920717 0.292921
0.199326 0.979892 0.008939
-0.364173 0.832395 -0.417728
0.315545 0.249997 0.915386
-0.951728 0.274537 0.137269
-0.364173 0.832395 -0.417728
-0.262360 0.048811 -0.963735
-0.219492 -0.109746 -0.969422
-0.824183 0.109891 -0.555560
-0.371751 -0.060943 -0.926330
-0.219492 -0.109746 -0.969422
-0.371751 -0.060943 -0.926330
-0.806966 0.256762 -0.531864
0.148937 -0.549923 -0.821829
0.354265 -0.513073 -0.781826
0.514657 -0.562000 -0.647521
0.354265 -0.513073 -0.781826
0.134163 -0.524454 -0.840803
0.271476 -0.396538 -0.876960
0.631600 0.219422 -0.743596
-0.698309 0.628860 -0.341905
-0.248359 0.328107 -0.911408
-0.248359 0.328107 -0.911408
-0.038081 0.006093 -0.999256
0.783929 -0.603374 -0.146272
-0.380802 0.085364 -0.920708
-0.352259 -0.317874 -0.880267
-0.243049 -0.256001 -0.935623
-0.352259 -0.317874 -0.880267
-0.146293 -0.835086 -0.530310
-0.243049 -0.256001 -0.935623
-0.366262 -0.305219 0.879030
-0.523379 -0.012172 0.852013
-0.359023 -0.523321 0.772812
-0.366262 -0.305219 0.879030
-0.220098 -0.635839 0.739774
-0.232170 -0.586534 0.775935
0.043477 0.122040 0.991573
0.469852 0.305595 0.828161
0.469641 0.012218 0.882773
0.390498 0.372193 0.842011
0.331835 0.182661 0.925484
0.469641 0.012218 0.882773
0.213407 0.195115 0.957281
0.067248 0.213213 0.974689
-0.188989 0.219471 0.957139
0.213407 0.195115 0.957281
0.465432 0.146497 0.872876
0.067248 0.213213 0.974689
0.785638 -0.336102 -0.519430
0.987253 -0.134279 -0.085450
0.930770 -0.219363 -0.292484
0.987253 -0.134279 -0.085450
0.785638 -0.336102 -0.519430
0.913744 -0.365803 -0.176805
-0.283777 0.085438 -0.955077
-0.035130 0.412396 -0.910327
-0.405702 0.282161 -0.869362
-0.746441 -0.348847 -0.566686
-0.405702 0.282161 -0.869362
0.022900 0.885480 -0.464113
0.566252 -0.229850 0.791535
0.713282 -0.630804 0.305474
0.667900 -0.539810 0.512362
0.859258 0.509755 0.042734
0.579440 0.051981 0.813356
0.566252 -0.229850 0.791535
0.716756 0.127030 0.685656
0.202329 0.166444 0.965070
0.736217 0.066581 0.673462
0.134142 0.298009 0.945091
0.435154 0.170708 0.884025
0.169300 0.080837 0.982244
0.462808 -0.018337 -0.886269
0.523320 -0.036617 -0.851349
0.167479 0.274057 -0.947018
0.234882 0.359949 -0.902922
0.365472 0.548208 -0.752263
0.167479 0.274057 -0.947018
0.220861 0.290909 0.930909
0.617476 0.036546 0.785740
0.530895 0.027421 0.846994
0.617476 0.036546 0.785740
0.396114 -0.032117 0.917639
0.530895 0.027421 0.846994
-0.556544 -0.318025 0.767541
-0.158715 -0.207551 0.965263
-0.323776 -0.543699 0.774313
-0.165049 -0.904711 0.392755
-0.158715 -0.207551 0.965263
-0.085603 -0.752082 0.653486
0.254866 -0.061046 -0.965048
0.181575 -0.048827 -0.982164
-0.207506 0.036619 -0.977548
0.688851 -0.207494 -0.694572
0.534443 -0.146590 -0.832395
0.254866 -0.061046 -0.965048
-0.103803 0.152652 -0.982814
-0.006103 0.006103 -0.999963
-0.164790 -0.238030 -0.957176
-0.006103 0.006103 -0.999963
-0.256442 0.045793 -0.965474
-0.030518 0.015259 -0.999418
-0.849195 0.227572 0.476527
-0.887677 0.212005 0.408758
-0.746774 0.229159 0.624352
-0.966997 0.147948 0.207432
-0.921778 0.323538 0.213657
-0.982062 0.178418 -0.060998
-0.067321 0.220325 0.973101
0.018281 0.158439 0.987199
0.201321 0.231824 0.951697
0.018281 0.158439 0.987199
0.228649 0.207308 0.951180
0.201321 0.231824 0.951697
0.036511 0.225154 0.973639
-0.015266 0.283951 0.958717
0.394243 0.626510 0.672352
-0.461213 -0.116067 -0.879665
-0.992858 -0.119143 0.006110
-0.808675 0.225819 0.543185
-0.674213 -0.240627 -0.698238
-0.739063 0.007635 -0.673593
-0.259488 0.004579 -0.965735
-0.021363 0.009156 -0.999730
-0.674213 -0.240627 -0.698238
-0.259488 0.004579 -0.965735
-0.302999 0.421299 0.854809
-0.494694 0.415299 0.763417
-0.308114 0.317266 0.896888
-0.494694 0.415299 0.763417
-0.362742 0.499914 0.786450
-0.562371 0.512078 0.649242
0.638451 -0.195273 -0.744479
0.196617 -0.353606 -0.914497
0.925222 -0.317568 -0.207641
0.925222 -0.317568 -0.207641
0.557695 -0.232884 -0.796707
0.628356 -0.738614 -0.244170
0.271091 0.962524 -0.007615
0.141006 0.895083 0.423018
-0.164280 0.851823 0.497404
0.142918 0.960895 0.237183
0.523913 0.718858 0.456901
0.141006 0.895083 0.423018
-0.173099 0.914461 0.365784
-0.100609 0.975605 -0.195121
-0.240687 0.651988 0.719015
-0.100609 0.975605 -0.195121
0.234543 0.365225 -0.900889
0.216113 0.421908 -0.880505
0.670622 -0.439202 -0.597803
0.589257 -0.219542 -0.777545
0.859258 -0.292838 -0.419429
0.859258 -0.292838 -0.419429
0.753373 -0.329869 -0.568872
0.670622 -0.439202 -0.597803
-0.904538 0.426382 -0.003046
-0.658497 0.518261 0.545699
-0.838941 0.402692 0.366083
-0.677254 0.509466 0.530821
-0.930895 0.360150 0.061042
-0.831715 0.421973 0.360817
-0.010680 -0.115949 0.993198
-0.428665 0.439343 0.789445
0.014494 0.213595 0.976815
-0.314271 0.347834 0.883315
-0.299305 0.439795 0.846757
0.219639 0.018303 0.975410
0.366276 -0.122092 -0.922462
0.351022 -0.268608 -0.897014
0.103623 -0.146291 -0.983799
0.006078 -0.461960 -0.886880
0.103623 -0.146291 -0.983799
0.351022 -0.268608 -0.897014
0.210765 -0.305456 0.928587
0.027481 -0.659552 0.751156
-0.185775 -0.670007 0.718734
0.121942 -0.438992 0.890178
0.175319 -0.170746 0.969592
0.073104 -0.462993 0.883342
0.198111 -0.097532 0.975315
0.537305 -0.036634 0.842592
0.458872 0.048946 0.887153
0.537305 -0.036634 0.842592
0.616484 0.097661 0.781287
0.718711 0.036545 0.694348
-0.518310 0.362817 0.774415
-0.917469 0.013762 -0.397570
-0.810656 0.021333 -0.585135
-0.810656 0.021333 -0.585135
0.262767 -0.238324 -0.934963
0.201601 -0.198547 -0.959133
0.415181 -0.161799 -0.895235
0.682315 -0.003046 -0.731052
-0.036614 0.012205 -0.999255
-0.604772 0.158829 0.780400
-0.819537 0.204884 -0.535146
-0.836935 -0.024436 -0.546757
-0.745979 0.241526 0.620630
-0.947800 0.180388 0.262938
-0.688050 0.039578 0.724583
-0.579397 0.318668 -0.750167
0.000000 -0.013718 -0.999906
0.378962 -0.100853 -0.919900
-0.414620 -0.138715 -0.899360
0.000000 -0.013718 -0.999906
-0.935662 0.165117 -0.311887
0.000000 -0.013718 -0.999906
-0.414620 -0.138715 -0.899360
-0.758038 -0.131434 -0.638830
0.207467 -0.482055 -0.851223
0.192077 -0.506485 -0.840582
0.413047 -0.659044 -0.628533
-0.042683 -0.579266 -0.814021
0.123549 -0.414880 -0.901449
0.192077 -0.506485 -0.840582
0.012902 0.757035 0.653248
-0.029454 0.960876 0.275410
-0.027508 0.941386 0.336209
-0.103662 0.859788 0.500019
-0.184286 0.606163 0.773696
0.012902 0.757035 0.653248
-0.391259 0.476847 0.787104
-0.287238 0.207789 0.935050
-0.085597 0.330159 0.940036
0.018285 0.853290 0.521116
-0.391259 0.476847 0.787104
-0.085597 0.330159 0.940036
0.158417 -0.463064 -0.872053
-0.140851 -0.783868 -0.604742
0.006078 -0.461960 -0.886880
-0.122361 -0.636276 -0.761696
-0.140851 -0.783868 -0.604742
-0.045881 -0.758565 -0.649980
0.649612 0.077008 0.756356
0.685640 0.062469 0.725255
0.784718 0.004580 0.619836
0.685640 0.062469 0.725255
0.649612 0.077008 0.756356
0.778981 0.069497 0.623185
0.144836 -0.329311 -0.933047
0.737724 -0.317695 -0.595678
0.593302 -0.372148 -0.713792
0.593302 -0.372148 -0.713792
0.634370 -0.518476 -0.573373
0.144836 -0.329311 -0.933047
0.644170 -0.741865 -0.186229
0.485209 -0.739076 0.467267
0.443201 -0.848261 -0.289873
0.644170 -0.741865 -0.186229
0.814759 -0.579791 0.003052
0.485209 -0.739076 0.467267
-0.311041 0.273304 0.910252
-0.475910 0.227277 0.849621
-0.283999 0.186279 0.940556
-0.475910 0.227277 0.849621
-0.509654 0.332648 0.793472
-0.728919 0.268388 0.629798
-0.901734 0.292454 -0.318349
-0.829932 0.280712 -0.482093
-0.591446 0.219506 0.775892
-0.591446 0.219506 0.775892
-0.719885 0.134216 0.680993
-0.901734 0.292454 -0.318349
-0.912854 0.177075 -0.367889
-0.527423 -0.265236 -0.807140
-0.668884 -0.103845 -0.736078
-0.912854 0.177075 -0.367889
-0.668884 -0.103845 -0.736078
-0.519038 -0.167924 -0.838094
-0.360706 -0.200222 0.910935
-0.311517 -0.884159 -0.348166
-0.303035 -0.445010 0.842696
-0.204150 -0.176727 0.962856
-0.330277 -0.305812 0.892971
-0.214536 -0.202364 0.955522
0.400073 0.022905 0.916197
0.810972 -0.579266 -0.082317
0.923848 -0.009147 0.382650
0.400073 0.022905 0.916197
0.524334 -0.041154 0.850518
0.810972 -0.579266 -0.082317
-0.884064 -0.060970 -0.463372
-0.127984 -0.121889 -0.984258
-0.146505 -0.024417 -0.988909
-0.127984 -0.121889 -0.984258
-0.573616 -0.085432 -0.814657
-0.592113 0.012209 -0.805762
-0.800639 -0.547002 0.244470
-0.708091 0.076303 0.701987
-0.597792 0.469693 -0.649641
0.189322 -0.430555 -0.882485
0.775700 0.485576 -0.403120
0.128198 -0.930965 -0.341862
-0.390789 0.091591 -0.915912
-0.219560 0.182967 -0.958288
-0.329444 0.054907 -0.942577
-0.219560 0.182967 -0.958288
-0.390789 0.091591 -0.915912
-0.342237 0.446131 -0.826947
0.742675 0.556242 -0.372866
0.966408 -0.177098 0.186259
0.307964 -0.530552 -0.789730
0.240633 0.901614 -0.359427
0.742675 0.556242 -0.372866
-0.209560 -0.219867 -0.952756
-0.821570 0.048103 -0.568074
-0.683059 0.382696 0.622072
-0.498264 0.366820 0.785606
-0.683059 0.382696 0.622072
-0.499927 0.435912 0.748367
-0.498264 0.366820 0.785606
0.799814 -0.365978 0.475771
0.325289 0.122174 0.937689
0.840599 0.109743 0.530424
0.325289 0.122174 0.937689
0.799814 -0.365978 0.475771
0.178528 0.195312 0.964355
0.014494 0.213595 0.976815
0.126676 0.366293 0.921837
-0.010680 -0.115949 0.993198
0.073509 0.847071 0.526372
0.106129 0.403136 0.908965
0.126676 0.366293 0.921837
0.433330 -0.085445 -0.897176
-0.349972 0.170792 -0.921059
0.201910 -0.403437 -0.892452
0.225902 -0.097687 -0.969240
-0.462831 0.268396 -0.844838
0.471437 -0.122154 -0.873399
0.126732 -0.296218 0.946675
-0.109809 -0.518543 0.847971
0.129592 0.033542 0.991000
0.373784 -0.232135 0.897997
0.184721 -0.253419 0.949556
0.212097 -0.036621 0.976562
-0.585954 0.088504 -0.805497
0.009160 0.503816 -0.863763
-0.149549 -0.207538 -0.966728
0.009160 0.503816 -0.863763
-0.073240 0.054930 -0.995800
-0.149549 -0.207538 -0.966728
-0.252861 0.235796 0.938329
-0.346705 0.158146 0.924546
-0.085939 0.167274 0.982158
-0.352375 0.021264 0.935617
-0.162856 -0.027396 0.986269
-0.192355 0.091598 0.977041
0.711024 -0.042722 0.701869
0.454486 0.207416 0.866268
0.592971 0.024390 0.804855
0.454486 0.207416 0.866268
0.543431 0.158755 0.824305
0.479225 0.256400 0.839406
0.683321 -0.542996 0.488086
0.566703 -0.476580 -0.672100
0.296160 -0.482405 -0.824363
0.303815 -0.186259 -0.934347
0.789084 0.447859 -0.420439
0.737724 0.595678 -0.317695
0.736253 -0.675153 0.045825
0.911708 -0.375051 -0.167706
0.112913 -0.491322 -0.863628
0.512402 0.463602 0.722853
0.707389 0.143307 0.692144
0.736253 -0.675153 0.045825
-0.393435 0.271440 0.878367
0.152917 0.082575 0.984783
-0.100898 0.180394 0.978406
-0.393435 0.271440 0.878367
-0.267771 0.164314 0.949368
0.152917 0.082575 0.984783
0.739812 0.125470 0.661011
0.633298 0.202074 0.747061
0.430691 0.161176 0.887991
0.739812 0.125470 0.661011
0.432002 0.258593 0.864005
0.633298 0.202074 0.747061
-0.216910 -0.916523 0.336058
-0.207452 -0.927433 -0.311178
0.616828 0.219860 0.755767
-0.253123 -0.182980 0.949972
0.616828 0.219860 0.755767
-0.208946 -0.024402 0.977623
-0.027508 0.941386 0.336209
-0.029454 0.960876 0.275410
-0.159729 0.688825 0.707112
-0.173099 0.914461 0.365784
-0.159729 0.688825 0.707112
-0.094426 0.724946 0.682302
-0.860172 0.061005 0.506342
-0.853036 -0.063978 0.517915
-0.645562 0.408044 0.645562
-0.556104 0.004583 0.831100
-0.513145 -0.332933 0.791099
-0.853036 -0.063978 0.517915
-0.302009 0.140327 -0.942920
-0.225782 -0.056446 -0.972541
-0.311200 -0.210517 -0.926735
-0.311200 -0.210517 -0.926735
-0.225782 -0.056446 -0.972541
-0.048828 -0.100707 -0.993717
0.085176 -0.146016 -0.985609
0.598307 0.048841 -0.799777
-0.967669 0.220482 -0.122490
-0.578473 -0.097427 -0.809862
-0.586665 -0.122222 -0.800553
-0.967669 0.220482 -0.122490
-0.018268 0.998646 0.048714
-0.164280 0.851823 0.497404
-0.215849 0.972841 -0.083604
0.290085 -0.048856 -0.955753
0.390832 0.073281 -0.917540
-0.215849 0.972841 -0.083604
0.734618 -0.256182 0.628257
0.424424 -0.599277 0.678772
0.878142 -0.329017 0.347296
0.487761 -0.693975 -0.529612
0.783587 -0.608021 0.127684
0.589221 -0.771845 0.238904
-0.225920 -0.314456 -0.921997
-0.894833 0.021378 -0.445889
-0.439353 -0.102592 -0.892437
-0.512813 -0.130111 -0.848583
0.372555 -0.374845 -0.848937
-0.225920 -0.314456 -0.921997
-0.365633 -0.850539 -0.378017
-0.335414 -0.122108 0.934124
-0.303035 -0.445010 0.842696
-0.223881 -0.187329 0.956444
-0.279408 -0.262972 0.923459
-0.346678 -0.438871 0.828979
-0.073115 -0.658035 -0.749429
-0.165753 -0.969964 0.178031
-0.067419 -0.894830 -0.441286
-0.250443 -0.171034 0.952904
-0.165753 -0.969964 0.178031
-0.299020 -0.341737 0.890956
0.120544 0.317382 -0.940605
0.028614 -0.091565 -0.995388
0.124272 0.244064 -0.961764
0.028614 -0.091565 -0.995388
0.152623 0.137360 -0.978692
0.124272 0.244064 -0.961764
0.286832 -0.424145 -0.858970
-0.320399 -0.265473 -0.909323
-0.821570 0.048103 -0.568074
-0.498264 0.366820 0.785606
-0.598780 -0.090122 -0.795827
-0.821570 0.048103 -0.568074
-0.225966 -0.696220 -0.681334
-0.164790 -0.238030 -0.957176
-0.112938 -0.604371 -0.788658
-0.493533 -0.170604 -0.852830
-0.164790 -0.238030 -0.957176
-0.225966 -0.696220 -0.681334
0.234963 0.300018 -0.924544
0.202114 0.287587 -0.936186
0.234543 0.365225 -0.900889
0.202114 0.287587 -0.936186
0.234963 0.300018 -0.924544
0.255967 0.482898 -0.837431
0.942783 -0.164758 0.289852
0.194290 -0.347437 -0.917354
0.048076 -0.506701 -0.860781
-0.007243 -0.243964 -0.969757
0.746866 0.152646 -0.647217
0.304680 0.183266 -0.934657
-0.686164 -0.250069 -0.683114
0.045691 -0.325932 -0.944288
-0.799669 -0.155661 -0.579913
-0.152726 -0.238253 -0.959120
0.045691 -0.325932 -0.944288
0.229414 -0.287532 -0.929890
0.597605 0.353685 0.719566
-0.009131 0.742658 0.669609
0.115791 0.865387 0.487542
-0.009131 0.742658 0.669609
0.597605 0.353685 0.719566
0.206357 0.189543 0.959943
0.742311 -0.097753 0.662887
0.809066 0.000000 0.587718
0.804068 -0.170560 0.569548
0.809066 0.000000 0.587718
0.705044 -0.170920 0.688258
0.804068 -0.170560 0.569548
0.228783 0.061009 -0.971564
0.548820 -0.170981 -0.818268
0.297427 -0.207436 -0.931938
0.548820 -0.170981 -0.818268
0.855736 -0.292611 -0.426725
0.438084 -0.268651 -0.857851
-0.177469 -0.342698 0.922531
-0.102944 -0.993109 -0.056014
0.024391 -0.048782 0.998512
-0.152388 -0.975282 -0.160007
-0.102944 -0.993109 -0.056014
-0.012137 -0.509765 -0.860228
0.207447 -0.183042 -0.960969
-0.830209 0.183134 -0.526511
-0.652935 0.134248 -0.745421
-0.652935 0.134248 -0.745421
-0.830209 0.183134 -0.526511
-0.372016 0.097578 -0.923083
-0.076187 -0.246847 0.966055
-0.240507 -0.968118 -0.070021
0.096221 -0.287135 0.953045
-0.268937 -0.602053 0.751802
-0.158771 -0.980108 -0.119079
0.006098 0.173782 0.984765
0.932717 -0.353723 -0.070135
0.895265 -0.292954 -0.335677
0.704287 -0.305216 -0.640955
0.658341 -0.316979 -0.682724
0.704287 -0.305216 -0.640955
0.928859 -0.359730 0.088408
0.594755 -0.398028 -0.698456
0.830969 -0.348274 -0.433815
0.473323 -0.479430 -0.738994
0.714998 -0.562221 -0.415554
0.594755 -0.398028 -0.698456
0.473323 -0.479430 -0.738994
0.759121 -0.045349 0.649368
0.762627 -0.140228 0.631455
0.842497 -0.120575 0.525034
0.641416 -0.074259 0.763591
0.842497 -0.120575 0.525034
0.762627 -0.140228 0.631455
-0.693736 -0.085571 -0.715128
-0.790542 -0.048837 -0.610457
-0.983703 0.177189 0.030550
-0.693736 -0.085571 -0.715128
-0.989609 0.140500 -0.030544
-0.716633 -0.054891 -0.695287
-0.531645 0.238324 0.812745
-0.840901 -0.073122 0.536227
-0.715506 0.348580 0.605428
-0.555933 0.201602 0.806409
-0.715506 0.348580 0.605428
-0.830845 0.164947 -0.531497
-0.291956 -0.948858 0.120128
-0.250156 -0.903001 -0.349303
-0.122361 -0.636276 -0.761696
-0.250156 -0.903001 -0.349303
-0.291956 -0.948858 0.120128
-0.170879 -0.048823 0.984082
0.792444 -0.609572 0.021335
0.924770 -0.378454 0.039677
0.781156 -0.396681 -0.482120
0.792444 -0.609572 0.021335
0.781156 -0.396681 -0.482120
0.865592 -0.390126 -0.313930
-0.486928 -0.073039 -0.870383
-0.816739 0.298658 0.493701
-0.736779 -0.192602 -0.648121
-0.981525 0.176796 -0.073157
-0.785845 -0.030578 -0.617668
-0.736779 -0.192602 -0.648121
-0.303035 -0.445010 0.842696
0.003051 -0.907015 -0.421087
-0.365633 -0.850539 -0.378017
0.149788 -0.562470 -0.813136
0.096796 -0.330021 -0.938998
0.003051 -0.907015 -0.421087
-0.213570 -0.219672 -0.951910
0.323093 -0.243844 -0.914413
-0.219552 -0.170763 -0.960540
-0.769923 0.122210 -0.626326
-0.213570 -0.219672 -0.951910
-0.268561 -0.061037 -0.961327
-0.627871 0.219450 -0.746740
-0.829141 -0.036580 -0.557841
-0.483352 0.330393 0.810686
0.243992 -0.170794 -0.954619
-0.225907 -0.024422 -0.973843
-0.829141 -0.036580 -0.557841
-0.024401 -0.524622 -0.850986
0.311436 -0.580126 -0.752637
0.622181 -0.434612 -0.651155
-0.102165 -0.643485 -0.758610
0.311436 -0.580126 -0.752637
-0.024401 -0.524622 -0.850986
-0.895833 0.121882 -0.427349
-0.719885 0.134216 0.680993
-0.489120 0.122280 0.863603
-0.866160 0.170792 0.469678
-0.561935 0.171024 0.809308
-0.719885 0.134216 0.680993
-0.421969 0.244619 0.872986
-0.678826 0.097849 0.727751
-0.648697 0.244791 0.720604
-0.488595 0.219868 0.844354
-0.648697 0.244791 0.720604
-0.697744 0.514127 0.498826
-0.334856 0.438357 0.834095
-0.389715 0.438430 0.809877
0.269109 0.452593 0.850141
0.269109 0.452593 0.850141
-0.718112 0.693769 0.054771
-0.915298 0.402731 -0.006102
0.149445 -0.158595 -0.975968
0.238110 -0.030527 -0.970758
0.265380 0.390444 -0.881548
0.281168 0.262831 -0.922965
-0.260447 -0.012220 -0.965411
0.265380 0.390444 -0.881548
-0.378538 -0.186216 -0.906660
-0.683677 -0.500549 -0.531071
-0.409151 -0.586247 -0.699221
-0.292818 -0.701542 -0.649689
-0.409151 -0.586247 -0.699221
-0.683677 -0.500549 -0.531071
0.260813 -0.413336 0.872428
0.833317 0.018315 0.552492
0.772329 -0.018316 0.634958
0.597822 -0.167756 0.783879
0.833317 0.018315 0.552492
0.695857 -0.189224 0.692804
-0.428682 0.244961 0.869612
-0.623192 0.464339 0.629302
-0.225921 0.378570 0.897577
-0.623192 0.464339 0.629302
-0.428682 0.244961 0.869612
-0.389715 0.438430 0.809877
0.577646 -0.366275 0.729498
0.407863 -0.501515 0.762975
-0.122935 -0.696378 0.707068
0.375388 -0.584190 0.719588
0.042572 -0.024398 0.998796
0.017162 -0.036611 0.999182
-0.109730 -0.359669 -0.926605
-0.311178 -0.207452 -0.927433
-0.742159 0.042758 -0.668859
-0.683250 0.091507 -0.724428
-0.311178 -0.207452 -0.927433
-0.314090 -0.182965 -0.931596
-0.436512 0.271484 0.857761
-0.783842 0.275260 0.556619
-0.393427 0.161641 0.905035
-0.436512 0.271484 0.857761
-0.658962 0.222705 0.718451
-0.783842 0.275260 0.556619
0.827251 0.036564 0.560642
0.932416 -0.219751 0.286897
0.892403 -0.213932 0.397303
0.892403 -0.213932 0.397303
0.780211 -0.103825 0.616840
0.713849 -0.048810 0.698596
0.537478 0.234480 -0.810023
0.255967 0.482898 -0.837431
0.503590 0.634828 -0.585995
0.737724 0.595678 -0.317695
0.789084 0.447859 -0.420439
0.910470 0.265363 -0.317216
0.388056 0.186023 -0.902668
0.610596 -0.015227 -0.791796
0.402099 0.000000 -0.915596
0.248815 0.226265 -0.941751
0.388056 0.186023 -0.902668
0.402099 0.000000 -0.915596
-0.397308 -0.171148 -0.901584
-0.691432 0.024475 0.722027
-0.857317 0.340495 -0.386097
-0.480732 0.194727 0.854973
-0.560309 0.389780 0.730838
-0.591882 0.805447 -0.030509
-0.128001 0.301716 0.944766
-0.267771 0.164314 0.949368
-0.393435 0.271440 0.878367
0.051992 0.513800 0.856333
-0.232326 0.340846 0.910960
-0.267771 0.164314 0.949368
0.400073 0.022905 0.916197
0.923848 -0.009147 0.382650
-0.064078 0.286827 0.955837
-0.158613 0.573447 0.803741
0.720596 -0.209156 0.661056
0.925533 0.360439 -0.116073
0.363866 0.587079 -0.723146
0.451688 0.134286 -0.882012
0.265514 0.048830 -0.962870
0.451688 0.134286 -0.882012
0.276218 0.862044 -0.424951
0.265514 0.048830 -0.962870
-0.232170 -0.586534 0.775935
-0.299020 -0.341737 0.890956
-0.324154 -0.721702 0.611612
-0.324154 -0.721702 0.611612
-0.161492 -0.463146 0.871445
-0.232170 -0.586534 0.775935
-0.317581 -0.250400 -0.914572
-0.115866 -0.201241 -0.972665
-0.974790 0.054832 -0.216282
-0.311671 -0.244448 -0.918208
-0.115866 -0.201241 -0.972665
-0.317581 -0.250400 -0.914572
-0.578698 0.194930 0.791903
-0.644261 0.329764 0.690061
-0.827752 0.281008 0.485655
-0.544709 -0.015301 0.838485
-0.827752 0.281008 0.485655
-0.853036 -0.063978 0.517915
0.456431 -0.311411 -0.833483
0.025961 -0.042760 -0.998748
0.175628 0.088578 -0.980464
-0.178706 0.174124 -0.968372
0.025961 -0.042760 -0.998748
-0.036574 -0.073149 -0.996650
-0.523379 -0.012172 0.852013
-0.342785 -0.073454 0.936538
-0.378436 0.085453 0.921674
-0.523379 -0.012172 0.852013
-0.366262 -0.305219 0.879030
-0.342785 -0.073454 0.936538
-0.186415 0.210862 -0.959576
-0.160258 0.280832 -0.946283
-0.256086 0.021340 -0.966419
-0.186415 0.210862 -0.959576
-0.256086 0.021340 -0.966419
-0.441954 0.134110 -0.886956
0.012206 -0.042722 -0.999012
0.085506 -0.757338 -0.647401
-0.012198 -0.426940 -0.904198
0.134263 0.091543 -0.986708
-0.012198 -0.426940 -0.904198
0.085506 -0.757338 -0.647401
0.551791 0.171193 0.816223
-0.001524 0.219512 0.975609
0.565624 0.085377 0.820232
0.043477 0.122040 0.991573
0.565624 0.085377 0.820232
-0.001524 0.219512 0.975609
-0.201287 -0.256183 0.945438
-0.359023 -0.523321 0.772812
-0.342946 -0.722636 0.600155
-0.201287 -0.256183 0.945438
-0.304877 -0.231706 0.923776
-0.152513 -0.719860 0.677157
-0.951728 0.274537 0.137269
-0.262360 0.048811 -0.963735
-0.527721 -0.048807 -0.848014
-0.919939 0.201714 0.336190
-0.286703 0.555105 0.780807
-0.737096 0.426419 -0.524267
-0.745053 0.186263 0.640471
-0.555757 0.225967 0.800046
-0.873703 0.226063 0.430742
-0.635349 0.268802 0.723932
-0.745053 0.186263 0.640471
-0.873703 0.226063 0.430742
-0.823320 0.103677 -0.558028
-0.485055 0.268458 -0.832257
-0.785336 0.244463 -0.568758
-0.655506 -0.070124 -0.751927
-0.896390 0.048783 -0.440573
-0.762448 0.153252 -0.628639
0.897690 -0.170989 0.406098
0.561820 0.140455 0.815249
0.561476 0.115957 0.819328
0.724493 -0.687964 0.042617
0.238219 0.421464 0.874997
0.561820 0.140455 0.815249
0.818786 -0.091655 0.566735
0.662479 0.103799 0.741854
0.842682 -0.033585 0.537363
0.676822 0.080792 0.731700
0.842682 -0.033585 0.537363
0.662479 0.103799 0.741854
-0.985063 0.158586 0.067094
-0.448135 0.705736 0.548737
-0.530764 -0.244792 -0.811398
-0.985063 0.158586 0.067094
0.045714 0.324570 0.944757
0.113054 0.896790 0.427770
-0.425156 -0.146816 -0.893133
0.006112 -0.385042 -0.922879
-0.440493 -0.226364 -0.868749
-0.752438 0.073409 -0.654560
-0.425156 -0.146816 -0.893133
-0.440493 -0.226364 -0.868749
0.378962 -0.100853 -0.919900
0.030500 -0.201301 -0.979054
0.543652 0.064139 -0.836857
0.128198 -0.930965 -0.341862
0.775700 0.485576 -0.403120
0.274651 -0.329581 -0.903296
-0.862486 -0.067286 -0.501588
-0.164863 -0.244242 -0.955597
-0.849010 -0.006108 -0.528341
-0.475563 -0.091454 -0.874915
-0.463574 0.012199 -0.885975
-0.678419 -0.262811 -0.686059
0.082368 0.305068 0.948762
0.642169 -0.523474 0.559995
0.830365 -0.317492 0.457922
0.082368 0.305068 0.948762
0.295923 0.134233 0.945733
0.642169 -0.523474 0.559995
0.867872 -0.054861 0.493750
0.977119 -0.134354 0.164889
0.920053 -0.122063 0.372293
0.920053 -0.122063 0.372293
0.893820 -0.115922 0.433183
0.751216 0.024430 0.659604
0.495468 0.237824 0.835435
0.512496 0.146101 0.846169
0.693752 0.097583 0.713573
0.139696 0.334967 0.931817
0.512496 0.146101 0.846169
0.495468 0.237824 0.835435
0.057999 -0.146523 -0.987506
0.872255 -0.146392 -0.466626
0.711188 -0.317440 -0.627250
0.045830 -0.122212 -0.991445
-0.018295 -0.243930 -0.969620
0.057999 -0.146523 -0.987506
0.643646 -0.683302 0.344701
0.321642 -0.256094 -0.911572
0.601823 -0.365665 0.709999
0.692908 -0.653226 0.305246
0.321642 -0.256094 -0.911572
0.460370 -0.030488 -0.887203
0.818786 -0.091655 0.566735
0.396404 0.277483 0.875138
0.796573 -0.122080 0.592088
0.283667 0.250115 0.925730
0.589264 0.204563 0.781615
0.727516 -0.660267 -0.186464
0.586791 -0.170495 -0.791585
0.228024 -0.231837 -0.945651
0.714023 -0.171243 -0.678857
0.627519 -0.073242 -0.775148
0.087439 -0.182481 -0.979314
0.022860 -0.219455 -0.975355
0.359513 -0.109915 -0.926644
0.225902 -0.097687 -0.969240
0.700634 -0.391194 -0.596723
0.359513 -0.109915 -0.926644
0.945805 0.275032 -0.172659
0.225902 -0.097687 -0.969240
-0.250254 0.460833 0.851473
-0.320717 0.452058 0.832337
-0.506460 0.479002 0.716977
-0.506460 0.479002 0.716977
-0.235135 0.473323 0.848927
-0.250254 0.460833 0.851473
0.514657 -0.562000 -0.647521
0.613389 -0.476063 -0.630173
0.786439 -0.463329 -0.408461
0.514657 -0.562000 -0.647521
0.786439 -0.463329 -0.408461
0.644170 -0.741865 -0.186229
0.114947 0.993140 0.021457
0.095824 0.919914 0.380231
-0.032060 0.842725 0.537390
0.244390 0.959346 0.141170
0.114947 0.993140 0.021457
0.096519 0.882459 0.460380
-0.062097 -0.164576 -0.984408
0.180226 -0.372671 -0.910294
0.266947 -0.457623 -0.848128
-0.058099 -0.057908 -0.996630
-0.079271 -0.076222 -0.993935
-0.120474 0.144873 -0.982089
0.940753 -0.198536 -0.274895
0.579708 0.186117 0.793284
0.482940 -0.134065 0.865330
0.642763 -0.064124 0.763377
0.845347 -0.293502 -0.446368
0.482940 -0.134065 0.865330
-0.610563 0.714358 0.341915
-0.245024 0.309343 0.918842
-0.842623 0.262557 0.470159
-0.564839 0.106861 0.818253
-0.842623 0.262557 0.470159
-0.245024 0.309343 0.918842
-0.726796 -0.213764 0.652742
-0.684941 0.464781 -0.561101
-0.635688 -0.507328 -0.581823
-0.684941 0.464781 -0.561101
0.874184 0.452375 -0.176518
0.714749 -0.201596 -0.669696
0.993690 -0.103716 0.042707
0.756347 -0.157223 -0.634996
0.983642 -0.085401 -0.158603
0.836239 -0.193213 -0.513199
0.756347 -0.157223 -0.634996
0.993690 -0.103716 0.042707
0.140834 0.673552 0.725599
0.039656 0.561284 0.826673
0.345050 0.293140 0.891633
0.140834 0.673552 0.725599
-0.032060 0.842725 0.537390
0.039656 0.561284 0.826673
-0.312841 -0.213128 0.925584
-0.383045 -0.422881 0.821248
-0.213446 -0.257054 0.942531
-0.213446 -0.257054 0.942531
-0.149970 -0.504203 0.850463
-0.312841 -0.213128 0.925584
0.143965 0.869918 0.471716
0.153190 0.943649 0.293358
0.168317 0.979296 0.112466
0.164477 0.980768 0.105082
0.131434 0.758038 0.638830
0.137702 0.636491 0.758893
0.103701 -0.780807 0.616106
-0.176682 -0.511767 0.840760
-0.451287 -0.329317 0.829392
0.088409 -0.975551 -0.201207
-0.176682 -0.511767 0.840760
-0.061097 -0.977556 -0.201621
-0.965134 0.256555 0.051922
-0.769879 0.462536 0.439713
-0.833305 0.402917 0.378498
-0.769879 0.462536 0.439713
-0.965134 0.256555 0.051922
-0.977483 0.195497 0.079421
0.673117 -0.342921 -0.655224
0.768077 -0.341029 -0.541993
0.164524 -0.269360 -0.948882
0.731625 0.110088 -0.672759
0.164524 -0.269360 -0.948882
0.144599 -0.255713 -0.955878
-0.739063 0.007635 -0.673593
-0.674213 -0.240627 -0.698238
-0.393755 -0.060284 -0.917236
-0.564165 0.000000 -0.825662
-0.393755 -0.060284 -0.917236
-0.048828 -0.100707 -0.993717
-0.076213 -0.417646 -0.905408
-0.439662 -0.030532 -0.897644
-0.155475 -0.365823 -0.917606
-0.076213 -0.417646 -0.905408
-0.079391 -0.491610 -0.867189
-0.253169 -0.173863 -0.951671
-0.281126 -0.018334 0.959496
-0.268937 -0.602053 0.751802
-0.164866 -0.018318 0.986146
-0.445230 -0.884360 0.140278
-0.562520 -0.131459 0.816266
0.128198 -0.930965 -0.341862
0.435771 0.170652 0.883732
0.417829 0.146392 0.896654
0.513627 -0.244584 0.822415
0.689932 -0.134323 0.711302
0.326825 0.048871 0.943821
0.513627 -0.244584 0.822415
-0.562371 0.512078 0.649242
-0.720101 0.439384 0.537025
-0.494694 0.415299 0.763417
-0.720101 0.439384 0.537025
-0.719873 0.476859 0.504370
-0.873023 0.402934 0.274728
0.281000 -0.447272 -0.849110
0.360150 -0.344889 -0.866801
0.310923 -0.524588 -0.792549
0.833420 -0.526516 -0.167905
0.734753 -0.472940 -0.486278
0.360150 -0.344889 -0.866801
0.445742 0.167916 0.879272
0.675508 -0.071855 0.733843
0.703843 0.070080 0.706890
0.199967 0.303398 0.931645
0.445742 0.167916 0.879272
0.703843 0.070080 0.706890
0.102173 0.707587 0.699200
0.145028 0.900702 -0.409514
0.116283 0.667958 0.735058
0.161725 0.787266 0.595027
0.156450 0.780534 0.605219
0.093107 0.650224 0.754016
-0.238056 0.085456 0.967485
-0.749820 0.158499 0.642377
-0.950616 0.152342 -0.270408
-0.867435 0.445935 -0.220677
0.061054 -0.036632 -0.997462
0.067133 0.036618 -0.997072
0.384882 -0.354336 -0.852239
0.890227 -0.213411 -0.402431
0.232430 -0.385345 -0.893021
0.384882 -0.354336 -0.852239
0.232430 -0.385345 -0.893021
0.719646 -0.433007 -0.542784
0.070109 0.560874 -0.824927
-0.196806 0.170871 -0.965438
-0.027415 0.365533 -0.930395
0.070109 0.560874 -0.824927
0.135723 0.414794 -0.899736
0.476172 0.256246 -0.841189
-0.149209 0.274058 0.950068
-0.568789 0.287452 0.770617
-0.015266 0.283951 0.958717
-0.568789 0.287452 0.770617
-0.373131 0.272202 0.886950
-0.015266 0.283951 0.958717
-0.191013 -0.458430 0.867961
-0.247392 -0.232121 0.940700
-0.281865 -0.591155 0.755703
-0.281865 -0.591155 0.755703
-0.247392 -0.232121 0.940700
-0.286049 -0.413858 0.864232
-0.915298 0.402731 -0.006102
-0.525162 -0.061065 -0.848808
-0.434050 -0.281215 -0.855873
-0.872763 0.329575 -0.360091
-0.892570 -0.097816 -0.440171
-0.578473 -0.097427 -0.809862
-0.986022 0.140424 0.089673
-0.457827 0.442566 -0.771057
-0.173905 -0.152548 -0.972875
-0.250225 0.463832 0.849851
0.293021 0.167876 0.941253
0.024410 0.277660 0.960369
0.028917 0.162849 -0.986227
0.082353 0.067103 -0.994342
0.509719 0.860341 0.000000
-0.081006 0.431011 -0.898703
0.028917 0.162849 -0.986227
-0.121272 0.973226 0.195255
-0.762523 0.073202 -0.642807
0.585506 0.073188 -0.807358
-0.299231 0.000000 -0.954181
-0.756621 0.134239 -0.639925
-0.299231 0.000000 -0.954181
-0.195141 -0.170749 -0.965797
0.225859 0.705045 0.672235
0.390774 0.897559 -0.204164
0.213415 0.972563 -0.092607
0.100691 0.674326 0.731537
0.925533 0.360439 -0.116073
0.390774 0.897559 -0.204164
-0.265343 -0.170795 -0.948906
-0.018310 0.073241 -0.997146
0.680617 0.708085 0.188085
0.680617 0.708085 0.188085
0.331962 0.785744 0.521926
0.299497 0.929052 -0.217174
-0.766295 0.097695 -0.635018
-0.818108 0.036632 -0.573897
0.371984 -0.487848 -0.789704
-0.609711 0.634099 0.475574
-0.818108 0.036632 -0.573897
-0.766295 0.097695 -0.635018
-0.716230 0.000000 -0.697865
-0.292009 -0.118629 -0.949030
-0.641315 -0.076347 -0.763470
-0.292009 -0.118629 -0.949030
0.201601 -0.198547 -0.959133
0.262767 -0.238324 -0.934963
-0.109894 0.238103 0.965003
-0.231667 0.713292 0.661472
-0.222610 0.512307 0.829450
-0.222610 0.512307 0.829450
-0.027498 0.999095 0.032463
-0.109894 0.238103 0.965003
-0.898801 0.220115 0.379086
-0.939264 0.231767 0.253113
-0.669625 0.280025 0.687887
-0.898801 0.220115 0.379086
-0.811549 0.244075 0.530863
-0.939264 0.231767 0.253113
0.699217 -0.152501 0.698455
0.605559 -0.463703 -0.646744
0.748989 -0.103730 0.654412
0.385856 -0.073206 -0.919650
0.752510 0.030528 -0.657873
0.605559 -0.463703 -0.646744
-0.676565 0.243807 0.694851
-0.664795 0.176872 0.725785
-0.972495 -0.015291 0.232420
-0.987819 0.088416 0.128051
-0.664795 0.176872 0.725785
-0.796345 0.191840 0.573613
0.734753 -0.472940 -0.486278
0.266947 -0.457623 -0.848128
0.180226 -0.372671 -0.910294
-0.024401 -0.524622 -0.850986
0.622181 -0.434612 -0.651155
0.180226 -0.372671 -0.910294
0.117434 -0.671049 -0.732054
0.070049 -0.877132 -0.475113
0.240272 -0.855658 -0.458388
0.070049 -0.877132 -0.475113
0.117434 -0.671049 -0.732054
-0.035006 -0.925367 -0.377452
0.123638 0.018317 0.992158
0.075926 0.064098 0.995051
-0.015278 0.036668 0.999211
0.123638 0.018317 0.992158
0.303090 -0.018323 0.952786
0.075926 0.064098 0.995051
-0.317444 0.882127 0.347967
-0.278131 0.755690 0.592938
-0.076279 0.832199 0.549205
0.073156 0.621068 0.780335
-0.448135 0.705736 0.548737
-0.278131 0.755690 0.592938
-0.736263 -0.078667 -0.672107
-0.686164 -0.250069 -0.683114
-0.496974 -0.185984 -0.847600
-0.106955 -0.236828 -0.965647
-0.686164 -0.250069 -0.683114
-0.736263 -0.078667 -0.672107
0.215183 -0.363217 -0.906515
-0.434370 0.073286 -0.897748
-0.051948 -0.605041 -0.794498
-0.155383 0.359514 -0.920112
0.215183 -0.363217 -0.906515
-0.142060 -0.006110 -0.989839
-0.228895 0.012208 -0.973375
-0.196806 0.170871 -0.965438
-0.257903 0.097667 -0.961222
-0.228895 0.012208 -0.973375
-0.027415 0.365533 -0.930395
-0.196806 0.170871 -0.965438
-0.823816 -0.427359 -0.372413
-0.783583 0.280283 -0.554472
0.427189 -0.892189 -0.146661
0.463015 -0.719188 0.518059
-0.053812 -0.940377 -0.335849
0.427189 -0.892189 -0.146661
-0.195708 -0.342490 -0.918912
-0.151519 -0.751532 -0.642060
-0.236646 -0.631056 -0.738760
-0.561628 -0.293023 -0.773765
-0.195708 -0.342490 -0.918912
-0.236646 -0.631056 -0.738760
0.091835 0.930599 0.354332
-0.038188 0.659888 -0.750393
0.213522 0.012201 -0.976862
-0.038188 0.659888 -0.750393
-0.016792 -0.109913 -0.993799
0.213522 0.012201 -0.976862
0.751090 -0.030532 -0.659494
0.628706 -0.347162 -0.695850
0.763798 -0.113042 0.635480
0.763798 -0.113042 0.635480
0.664011 -0.210652 0.717437
0.714558 -0.390869 0.580197
0.939424 -0.024420 0.341886
0.948519 -0.085397 0.304990
0.750550 -0.024458 0.660361
0.932555 -0.024420 0.360201
0.948519 -0.085397 0.304990
0.939424 -0.024420 0.341886
0.171032 -0.024433 -0.984962
-0.401335 -0.486467 -0.776067
-0.771422 0.146937 -0.619127
-0.024413 0.024413 -0.999404
0.171032 -0.024433 -0.984962
-0.771422 0.146937 -0.619127
-0.996498 0.025982 0.079475
-0.846292 0.225321 0.482722
-0.854780 0.004102 -0.518974
-0.561770 -0.122124 -0.818230
-0.854780 0.004102 -0.518974
0.421006 -0.268467 -0.866418
0.970446 -0.204465 -0.128172
0.865688 -0.215277 -0.451929
0.860724 -0.057889 -0.505770
0.860724 -0.057889 -0.505770
0.916822 -0.250181 -0.311201
0.970446 -0.204465 -0.128172
0.094572 -0.044235 -0.994535
-0.491793 -0.016037 -0.870565
0.256286 -0.149500 -0.954970
-0.491793 -0.016037 -0.870565
0.094572 -0.044235 -0.994535
-0.430432 -0.141951 -0.891391
0.067132 -0.256322 -0.964257
0.136978 -0.301351 -0.943623
-0.907273 -0.237474 -0.347077
-0.907273 -0.237474 -0.347077
-0.146944 -0.367359 -0.918398
0.073299 -0.348170 -0.934561
-0.059390 0.913699 0.402028
-0.126582 0.634435 0.762542
-0.137527 0.904624 0.403413
-0.305308 0.686944 0.659466
-0.059390 0.913699 0.402028
-0.137527 0.904624 0.403413
-0.405679 -0.869530 -0.281679
0.377287 -0.748171 -0.545797
-0.099057 -0.390509 -0.915254
0.469937 -0.674074 -0.569899
-0.561247 0.427617 -0.708622
-0.388267 -0.012205 -0.921466
0.528691 -0.290322 -0.797621
0.771588 -0.492535 -0.402568
0.715330 -0.645170 -0.268439
0.528691 -0.290322 -0.797621
-0.015245 0.307947 -0.951281
0.771588 -0.492535 -0.402568
-0.950566 0.085307 -0.298575
-0.048924 -0.275200 -0.960141
-0.091893 -0.318563 -0.943437
-0.439736 -0.274835 -0.855043
-0.716633 -0.054891 -0.695287
-0.965860 0.244521 -0.085583
-0.192297 0.115989 -0.974458
-0.149549 -0.207538 -0.966728
-0.073240 0.054930 -0.995800
0.004577 0.396699 -0.917938
0.250297 -0.022893 -0.967898
-0.302009 0.140327 -0.942920
-0.655210 -0.257185 -0.710321
-0.556606 0.269128 0.785977
-0.974790 0.054832 -0.216282
-0.299241 -0.207637 -0.931312
-0.655210 -0.257185 -0.710321
0.042700 -0.213502 -0.976009
-0.175354 0.298864 -0.938047
-0.428943 0.109907 -0.896621
-0.154835 0.134241 -0.978778
-0.543137 0.122053 -0.830726
-0.428943 0.109907 -0.896621
-0.175354 0.298864 -0.938047
-0.840371 0.006090 -0.541978
-0.793377 0.262425 0.549261
-0.518310 0.362817 0.774415
-0.793377 0.262425 0.549261
-0.944468 0.313807 0.097493
-0.670679 0.289611 0.682873
0.970323 -0.097643 -0.221221
0.711302 -0.134323 -0.689932
0.745177 0.207672 -0.633706
0.845531 -0.415134 -0.335770
0.970323 -0.097643 -0.221221
0.745177 0.207672 -0.633706
-0.775584 0.170995 0.607643
-0.718698 0.225354 0.657791
-0.763630 0.226035 0.604795
-0.731694 0.249995 0.634135
-0.763630 0.226035 0.604795
-0.718698 0.225354 0.657791
0.809066 0.000000 0.587718
0.825159 -0.146695 -0.545522
0.705044 -0.170920 0.688258
0.825159 -0.146695 -0.545522
0.824932 -0.317752 -0.467462
0.705044 -0.170920 0.688258
-0.048889 -0.106945 0.993062
0.129592 0.033542 0.991000
-0.109809 -0.518543 0.847971
-0.164866 -0.018318 0.986146
-0.109809 -0.518543 0.847971
-0.280612 -0.317213 0.905888
0.738610 -0.286750 -0.610106
0.799814 -0.365978 0.475771
0.840599 0.109743 0.530424
0.847965 -0.244348 -0.470371
0.840599 0.109743 0.530424
0.947228 -0.244249 -0.207612
0.253516 -0.334976 -0.907480
0.246789 -0.241838 -0.938408
0.472292 -0.264993 -0.840666
0.462368 -0.406284 -0.788130
0.253516 -0.334976 -0.907480
0.582202 -0.296158 -0.757187
0.333315 0.042811 -0.941843
0.265297 0.530594 -0.805039
-0.021374 0.464129 -0.885510
0.265297 0.530594 -0.805039
0.333315 0.042811 -0.941843
0.354126 0.189274 -0.915844
0.431176 0.244639 0.868469
0.220861 0.290909 0.930909
0.600169 -0.051791 0.798195
0.197245 0.165135 0.966346
0.597017 -0.127932 0.791962
0.600169 -0.051791 0.798195
0.183662 0.210335 -0.960223
0.458223 -0.708129 -0.537201
0.881192 -0.469562 0.054884
0.431135 -0.618634 -0.656822
0.458223 -0.708129 -0.537201
0.183662 0.210335 -0.960223
-0.237791 -0.097555 0.966405
-0.286915 -0.225869 0.930947
-0.155707 -0.238140 0.958668
-0.308596 0.042776 0.950231
-0.366481 -0.061080 0.928419
-0.237791 -0.097555 0.966405
-0.639804 0.194988 0.743391
-0.841589 0.231742 0.487877
-0.899137 0.195731 0.391461
-0.900166 0.255453 0.352768
-0.841589 0.231742 0.487877
-0.746181 0.232417 0.623856
-0.812230 0.195424 0.549629
-0.783876 0.159225 0.600155
-0.615908 0.106717 0.780557
-0.574539 0.196352 0.794576
-0.812230 0.195424 0.549629
-0.615908 0.106717 0.780557
-0.021753 -0.225921 -0.973903
-0.156234 -0.085566 -0.984007
-0.208015 -0.170679 -0.963119
-0.156234 -0.085566 -0.984007
-0.262092 -0.146284 -0.953892
-0.208015 -0.170679 -0.963119
-0.504963 -0.803074 -0.316362
-0.892570 -0.097816 -0.440171
-0.538672 -0.685583 -0.489702
-0.578473 -0.097427 -0.809862
-0.892570 -0.097816 -0.440171
-0.770171 -0.488997 -0.409535
0.277951 -0.297804 -0.913267
0.715330 -0.645170 -0.268439
0.760214 -0.122123 -0.638091
0.628706 -0.347162 -0.695850
0.213538 -0.176169 -0.960920
0.180098 -0.233898 -0.955435
0.903902 -0.421414 -0.073289
0.689832 -0.254872 -0.677623
0.865688 -0.215277 -0.451929
0.576184 -0.278946 -0.768245
0.866999 -0.494556 -0.061056
0.966538 -0.256522 0.000000
-0.328000 -0.256297 0.909246
-0.254676 -0.253151 0.933303
-0.269326 -0.165268 0.948762
-0.176704 -0.231544 0.956641
-0.394464 -0.217108 0.892895
-0.269326 -0.165268 0.948762
0.634568 -0.256268 -0.729143
0.781156 -0.396681 -0.482120
0.500766 -0.360307 -0.787027
0.448773 -0.109904 -0.886862
0.634568 -0.256268 -0.729143
0.500766 -0.360307 -0.787027
0.523913 0.718858 0.456901
0.458039 0.354217 0.815310
0.328778 0.292247 0.898052
0.201621 0.745387 0.635412
0.523913 0.718858 0.456901
0.142918 0.960895 0.237183
0.093107 0.650224 0.754016
0.103819 0.720624 0.685509
0.045786 0.499066 0.865353
0.083993 0.349715 0.933083
0.143556 0.565060 0.812465
0.045786 0.499066 0.865353
0.070230 0.702301 0.708408
0.137383 0.952522 0.271713
0.118998 0.955036 0.271560
0.070230 0.702301 0.708408
0.283852 0.396782 0.872921
0.252315 0.880807 0.400645
-0.463993 0.354100 0.811988
-0.238542 0.366988 0.899120
-0.626162 0.384861 0.678088
-0.238542 0.366988 0.899120
-0.463993 0.354100 0.811988
-0.979239 0.097924 -0.177487
-0.950239 0.176647 -0.256595
-0.549534 0.183178 0.815143
-0.146491 0.152595 0.977372
-0.865978 -0.195150 0.460432
-0.841720 0.292772 0.453644
-0.549534 0.183178 0.815143
-0.228869 -0.684126 -0.692525
-0.098139 -0.281052 -0.954661
0.132030 0.085476 -0.987554
0.217779 -0.596988 -0.772125
0.910397 -0.207567 0.357901
0.278692 -0.379235 -0.882333
-0.233536 -0.009158 -0.972305
0.589921 -0.201213 -0.781989
0.667710 -0.207326 -0.714968
0.667710 -0.207326 -0.714968
0.589921 -0.201213 -0.781989
0.917867 -0.277956 -0.283302
0.390498 0.372193 0.842011
0.267305 0.091647 0.959244
0.308235 0.146488 0.939964
0.178723 -0.079433 0.980688
0.267305 0.091647 0.959244
0.208633 -0.152844 0.965977
0.377935 0.435844 -0.816826
0.297336 0.414745 -0.859987
0.683204 0.253718 -0.684733
0.377935 0.435844 -0.816826
0.358976 0.592693 -0.721007
0.297336 0.414745 -0.859987
-0.207313 -0.169966 -0.963396
-0.168083 -0.250214 -0.953489
-0.741260 -0.012583 -0.671100
-0.168083 -0.250214 -0.953489
0.421006 -0.268467 -0.866418
-0.854780 0.004102 -0.518974
-0.058099 -0.057908 -0.996630
-0.120474 0.144873 -0.982089
0.316787 -0.598460 -0.735861
-0.189139 -0.048884 -0.980733
0.038907 -0.122063 -0.991759
0.297770 -0.634227 -0.713505
0.336582 -0.403898 -0.850634
0.595451 -0.073286 -0.800042
0.244920 -0.875589 -0.416364
-0.277407 0.877947 0.390199
-0.054970 0.971138 -0.232096
-0.302396 0.586465 -0.751409
0.932615 -0.097528 0.347445
0.883085 -0.146545 0.445741
0.968760 -0.042751 0.244289
0.817729 -0.036666 0.574435
0.932615 -0.097528 0.347445
0.968760 -0.042751 0.244289
0.251649 -0.183018 -0.950357
0.221211 0.097638 -0.970326
0.448773 -0.109904 -0.886862
0.448773 -0.109904 -0.886862
0.221211 0.097638 -0.970326
0.424729 0.256671 -0.868174
-0.173766 -0.341435 -0.923703
-0.790379 0.030517 -0.611857
-0.775064 -0.244115 -0.582824
-0.558412 -0.042720 -0.828463
-0.109730 -0.359669 -0.926605
0.256589 -0.262698 -0.930135
-0.030593 -0.832131 -0.553734
-0.110398 -0.969052 -0.220797
-0.091379 -0.731028 -0.676201
-0.073115 -0.658035 -0.749429
-0.110398 -0.969052 -0.220797
-0.030593 -0.832131 -0.553734
-0.783583 0.280283 -0.554472
-0.575037 0.817559 0.030506
0.353221 0.219714 -0.909373
0.487761 -0.693975 -0.529612
0.427189 -0.892189 -0.146661
-0.783583 0.280283 -0.554472
-0.623018 0.024432 -0.781826
-0.805582 0.122058 -0.579775
-0.543216 0.024414 -0.839238
-0.805582 0.122058 -0.579775
-0.623018 0.024432 -0.781826
-0.853750 0.134161 -0.503103
0.807655 -0.109771 0.579347
0.865918 -0.012196 0.500037
0.864103 0.146303 0.481581
0.846731 -0.012227 -0.531881
0.864103 0.146303 0.481581
0.865918 -0.012196 0.500037
0.733863 0.191840 -0.651646
0.557796 -0.088636 -0.825232
0.725957 -0.216567 -0.652752
0.746050 0.030513 -0.665190
0.557796 -0.088636 -0.825232
0.403266 -0.060870 -0.913056
-0.390225 0.158529 0.906969
-0.714728 0.158828 0.681130
-0.549010 0.170803 0.818177
0.366072 -0.146429 -0.918994
-0.861515 0.109981 -0.495677
-0.885297 0.341908 -0.315196
-0.224149 0.731914 0.643474
-0.032060 0.842725 0.537390
0.095824 0.919914 0.380231
-0.113306 0.636965 0.762520
-0.032060 0.842725 0.537390
-0.224149 0.731914 0.643474
-0.339530 -0.570226 -0.748039
0.383996 -0.682660 0.621709
-0.595613 -0.798723 -0.085360
0.874052 -0.475923 0.097625
-0.019839 -0.653173 -0.756949
0.771403 -0.519875 0.366971
0.334205 0.268585 -0.903421
0.190039 0.656774 -0.729749
0.324378 0.286306 -0.901559
0.358976 0.592693 -0.721007
0.377935 0.435844 -0.816826
0.324378 0.286306 -0.901559
0.048686 -0.310370 -0.949368
0.018329 -0.320753 -0.946986
0.253516 -0.334976 -0.907480
0.048686 -0.310370 -0.949368
-0.201443 -0.253330 -0.946173
0.018329 -0.320753 -0.946986
0.365472 0.548208 -0.752263
0.277545 0.152497 -0.948532
0.167479 0.274057 -0.947018
0.354146 0.042742 -0.934213
0.277545 0.152497 -0.948532
0.000000 0.097690 -0.995217
-0.818108 0.036632 -0.573897
-0.858200 0.427573 0.284031
-0.585616 0.463613 0.664919
-0.929459 0.365689 -0.048759
-0.858200 0.427573 0.284031
-0.931064 0.360215 0.058001
-0.235778 -0.208220 0.949238
-0.299020 -0.341737 0.890956
-0.165753 -0.969964 0.178031
-0.237390 -0.231303 0.943475
-0.299020 -0.341737 0.890956
-0.235778 -0.208220 0.949238
0.582461 0.192120 -0.789829
0.381364 0.070171 -0.921758
0.192297 0.318969 -0.928052
0.250297 -0.022893 -0.967898
0.074761 0.253272 -0.964502
0.192297 0.318969 -0.928052
-0.048719 0.267954 0.962199
0.141630 0.231481 0.962475
0.139696 0.334967 0.931817
0.139696 0.334967 0.931817
0.141630 0.231481 0.962475
0.369223 0.133986 0.919632
-0.307412 -0.267844 -0.913103
-0.572223 -0.004590 -0.820085
-0.864212 0.357289 -0.354235
-0.864212 0.357289 -0.354235
-0.716207 0.304769 -0.627824
-0.850906 0.115894 -0.512374
-0.108395 -0.732811 -0.671743
-0.007615 0.731034 -0.682298
0.932909 0.317067 -0.170729
-0.305327 -0.280901 -0.909874
-0.007615 0.731034 -0.682298
-0.108395 -0.732811 -0.671743
-0.641730 0.110011 -0.758999
-0.756621 0.134239 -0.639925
-0.195141 -0.170749 -0.965797
-0.641730 0.110011 -0.758999
-0.061039 -0.183116 -0.981195
-0.481727 0.121956 -0.867794
-0.634931 0.433463 0.639510
-0.777851 0.250133 -0.576525
-0.945341 0.280553 0.166197
-0.558412 -0.042720 -0.828463
0.277988 -0.446003 -0.850766
-0.109730 -0.359669 -0.926605
0.022860 -0.219455 -0.975355
-0.179266 -0.195286 -0.964224
0.609901 -0.268860 -0.745477
0.846731 -0.012227 -0.531881
-0.179266 -0.195286 -0.964224
0.022860 -0.219455 -0.975355
0.257720 0.167556 0.951581
0.083993 0.349715 0.933083
0.134382 0.180957 0.974267
0.083993 0.349715 0.933083
0.244208 0.296102 0.923410
0.143556 0.565060 0.812465
0.440863 0.109828 0.890830
0.921238 -0.268885 0.281107
0.468843 0.195161 0.861451
0.550190 0.109962 0.827767
0.440863 0.109828 0.890830
0.749951 -0.036609 0.660479
0.639494 -0.152533 0.753512
0.264183 -0.121878 0.956741
0.535651 -0.225537 0.813763
0.639494 -0.152533 0.753512
0.535651 -0.225537 0.813763
0.741647 -0.207539 0.637877
-0.061097 -0.977556 -0.201621
0.268964 -0.275076 -0.923034
0.030548 -0.745373 -0.665948
-0.372187 -0.280665 -0.884706
-0.097641 -0.915383 -0.390564
0.214124 -0.446602 -0.868733
-0.286915 -0.225869 0.930947
-0.676150 0.079189 0.732496
-0.556544 -0.318025 0.767541
-0.556544 -0.318025 0.767541
-0.676150 0.079189 0.732496
-0.865978 -0.195150 0.460432
-0.274600 -0.012204 0.961481
-0.298715 0.341389 0.891192
-0.235307 0.415606 0.878580
-0.298715 0.341389 0.891192
-0.637431 0.766743 0.076066
-0.445958 0.888871 0.105021
-0.073240 0.054930 -0.995800
0.120544 0.317382 -0.940605
0.071717 0.125124 -0.989546
0.071717 0.125124 -0.989546
0.120544 0.317382 -0.940605
0.124272 0.244064 -0.961764
0.271566 0.277669 -0.921494
0.170140 -0.170903 -0.970487
-0.416047 0.454771 -0.787457
0.271566 0.277669 -0.921494
0.163108 0.182925 -0.969502
0.331148 0.030521 -0.943085
0.321407 0.012208 -0.946863
0.733475 -0.134331 -0.666310
0.460458 -0.024415 -0.887346
0.321407 0.012208 -0.946863
0.460458 -0.024415 -0.887346
0.405405 0.693675 -0.595367
0.806848 -0.048807 0.588740
0.345862 -0.538687 0.768242
0.801759 -0.365127 0.473144
0.345862 -0.538687 0.768242
0.000000 -0.316684 0.948531
0.628657 -0.534510 0.564880
0.916822 -0.250181 -0.311201
0.840579 0.207475 0.500381
0.656168 -0.122078 0.744675
0.656168 -0.122078 0.744675
0.840579 0.207475 0.500381
0.143728 0.183483 0.972459
-0.280809 -0.494467 -0.822586
0.146470 -0.512644 -0.846016
0.420732 0.231707 -0.877096
-0.057897 0.481461 -0.874553
-0.018310 0.073241 -0.997146
-0.280809 -0.494467 -0.822586
0.814759 -0.579791 0.003052
0.644170 -0.741865 -0.186229
0.841080 -0.476256 -0.256446
0.814759 -0.579791 0.003052
0.841080 -0.476256 -0.256446
0.985650 -0.164784 0.036619
-0.265688 -0.519160 -0.812332
-0.051948 -0.605041 -0.794498
-0.058053 -0.895342 -0.441580
-0.352259 -0.317874 -0.880267
0.074422 -0.864897 -0.496402
-0.265688 -0.519160 -0.812332
0.249902 -0.182855 -0.950848
0.088385 -0.365730 -0.926515
0.745177 0.207672 -0.633706
0.249902 -0.182855 -0.950848
0.091670 -0.647800 -0.756275
-0.091863 -0.918629 -0.384293
0.295923 0.134233 0.945733
0.458039 0.354217 0.815310
0.174178 0.268907 0.947286
0.009142 0.158459 0.987323
0.295923 0.134233 0.945733
0.174178 0.268907 0.947286
-0.944960 0.118882 -0.304826
0.180178 -0.320656 -0.929901
-0.057937 -0.338474 -0.939190
-0.972511 0.167674 -0.161577
-0.823813 -0.360037 -0.437841
-0.235166 -0.250437 -0.939137
-0.578698 0.194930 0.791903
-0.362319 0.109609 0.925587
-0.456681 0.274009 0.846382
-0.308114 0.317266 0.896888
-0.456681 0.274009 0.846382
-0.362319 0.109609 0.925587
0.925287 -0.244300 -0.290106
0.777407 -0.268413 -0.568853
0.890839 -0.286777 -0.352370
0.925287 -0.244300 -0.290106
0.897121 -0.366172 -0.247166
0.777407 -0.268413 -0.568853
0.696316 0.007635 0.717694
0.676822 0.080792 0.731700
0.432067 0.154200 0.888561
0.685640 0.062469 0.725255
0.676822 0.080792 0.731700
0.784718 0.004580 0.619836
-0.351347 -0.158870 -0.922668
-0.449281 -0.342309 -0.825210
-0.578003 -0.183493 -0.795137
-0.750028 -0.207325 -0.628072
-0.578003 -0.183493 -0.795137
-0.584844 -0.438633 -0.682318
0.598307 0.048841 -0.799777
0.085176 -0.146016 -0.985609
-0.184066 -0.981687 -0.049084
-0.407983 -0.657645 -0.633287
-0.506342 -0.061005 0.860172
-0.814052 0.461701 -0.352351
0.269074 0.562609 -0.781710
0.954761 0.195848 -0.223772
-0.103795 -0.598346 -0.794487
-0.103795 -0.598346 -0.794487
-0.265343 -0.170795 -0.948906
0.269074 0.562609 -0.781710
0.594021 -0.317625 -0.739090
0.777411 -0.256591 -0.574276
0.678852 -0.195265 -0.707836
0.515977 0.085235 0.852351
0.500326 0.097625 0.860316
0.636285 0.061035 0.769036
0.987457 0.154910 0.030524
0.926060 0.229893 -0.299271
0.984434 -0.171894 -0.036630
0.926060 0.229893 -0.299271
0.989130 -0.146538 -0.012211
0.947624 -0.140389 -0.286881
0.070008 0.185674 0.980114
-0.323771 -0.306972 0.894953
-0.128208 -0.987510 -0.091577
-0.174045 -0.983203 -0.054962
-0.277369 -0.035052 0.960124
0.070008 0.185674 0.980114
-0.237390 -0.231303 0.943475
-0.167979 -0.500883 0.849058
-0.067051 -0.658316 0.749749
0.200917 -0.560133 0.803669
0.416999 -0.706160 0.572233
-0.067051 -0.658316 0.749749
-0.261680 -0.346878 0.900666
-0.286729 -0.109811 0.951697
-0.176682 -0.511767 0.840760
-0.261680 -0.346878 0.900666
-0.413132 -0.473886 0.777659
-0.286729 -0.109811 0.951697
-0.968900 0.194999 -0.152343
-0.851508 -0.036493 -0.523070
-0.908790 0.329360 -0.256169
-0.915315 0.000000 -0.402739
-0.578003 -0.183493 -0.795137
-0.750028 -0.207325 -0.628072
-0.500635 0.225896 0.835664
-0.155618 0.219696 0.963077
-0.268556 0.105286 0.957493
-0.878589 0.205919 -0.430905
-0.375528 0.136625 0.916686
-0.268556 0.105286 0.957493
-0.103795 -0.598346 -0.794487
0.954761 0.195848 -0.223772
0.967884 0.164358 0.190229
0.954761 0.195848 -0.223772
0.036676 0.739632 0.672011
0.967884 0.164358 0.190229
0.251812 -0.079359 -0.964517
0.246789 -0.241838 -0.938408
0.035123 -0.235598 -0.971216
0.540449 -0.148433 -0.828180
0.246789 -0.241838 -0.938408
0.251812 -0.079359 -0.964517
0.091749 -0.795155 0.599425
-0.394985 -0.425369 -0.814278
-0.530508 -0.817104 0.225618
0.091749 -0.795155 0.599425
-0.530508 -0.817104 0.225618
0.079042 -0.243207 0.966748
0.784229 -0.195294 0.588935
0.447407 -0.085511 0.890233
0.739882 -0.195268 0.643774
0.739882 -0.195268 0.643774
0.353014 -0.085394 0.931713
0.784229 -0.195294 0.588935
-0.268321 -0.292714 0.917781
-0.195237 -0.122023 0.973136
-0.446010 -0.073317 0.892020
-0.195237 -0.122023 0.973136
-0.268321 -0.292714 0.917781
-0.098013 -0.343047 0.934191
-0.884064 -0.060970 -0.463372
0.231587 -0.255964 -0.938536
-0.127984 -0.121889 -0.984258
-0.884064 -0.060970 -0.463372
-0.384590 0.390694 0.836330
-0.831867 0.122333 -0.541325
-0.770341 0.149789 -0.619788
-0.393666 0.035857 -0.918554
-0.836076 -0.071707 -0.543907
-0.585065 0.166073 0.793800
-0.770341 0.149789 -0.619788
-0.836076 -0.071707 -0.543907
-0.213745 -0.659555 0.720625
-0.255089 -0.801710 0.540547
-0.109318 -0.534444 0.838105
-0.098013 -0.343047 0.934191
-0.237938 -0.585693 0.774822
-0.213745 -0.659555 0.720625
-0.012211 -0.989130 -0.146538
0.054771 -0.693769 -0.718112
0.743184 0.121834 -0.657901
-0.761997 -0.158495 0.627885
-0.622403 0.109836 0.774952
-0.592953 0.403453 -0.696873
0.082376 0.996527 0.012204
-0.368371 0.371035 -0.852429
-0.076279 0.832199 0.549205
-0.110026 -0.657099 -0.745731
-0.368371 0.371035 -0.852429
0.082353 0.067103 -0.994342
0.593887 -0.729068 0.340232
-0.526825 -0.820866 -0.220531
0.774276 -0.489661 -0.400910
0.626588 -0.622014 0.469560
0.774276 -0.489661 -0.400910
0.572777 -0.463096 0.676364
0.201910 -0.403437 -0.892452
0.267643 -0.783116 -0.561335
0.471437 -0.122154 -0.873399
-0.135507 -0.816086 -0.561820
0.267643 -0.783116 -0.561335
0.201910 -0.403437 -0.892452
-0.311753 -0.611281 -0.727424
-0.306426 -0.723165 -0.618980
-0.109181 -0.909843 -0.400331
-0.284521 -0.930046 -0.232512
-0.306426 -0.723165 -0.618980
-0.311753 -0.611281 -0.727424
0.964163 -0.134251 0.228836
0.793184 -0.372187 -0.482012
0.769535 -0.482486 -0.418358
0.958757 -0.219842 0.180149
0.793184 -0.372187 -0.482012
0.971737 -0.220016 0.085562
-0.140494 -0.299314 -0.943755
0.347574 -0.359769 -0.865886
-0.799621 0.442538 -0.405914
-0.140494 -0.299314 -0.943755
-0.299030 -0.816231 -0.494316
-0.445707 -0.668560 -0.595293
0.736253 -0.675153 0.045825
0.112913 -0.491322 -0.863628
-0.201319 -0.484995 -0.851029
0.112913 -0.491322 -0.863628
0.175628 0.088578 -0.980464
-0.067109 -0.390453 -0.918174
-0.501227 0.400370 0.767122
-0.972511 0.167674 -0.161577
-0.244174 0.463930 0.851556
-0.866933 0.311363 0.389204
-0.499927 0.435912 0.748367
-0.207771 0.394155 0.895250
-0.439919 -0.761663 -0.475753
0.636790 -0.262028 -0.725148
0.712479 -0.677389 0.183078
-0.019841 0.847059 -0.531129
-0.703705 0.293083 -0.647226
-0.680380 0.721569 -0.128143
0.549885 -0.170838 0.817582
0.371606 -0.194941 0.907693
0.528624 -0.115779 0.840923
0.528624 -0.115779 0.840923
0.644321 0.342009 0.684018
0.208060 0.039703 0.977310
-0.762337 0.030493 -0.646462
-0.446133 -0.125284 -0.886154
-0.402874 0.311312 0.860685
-0.830845 0.164947 -0.531497
-0.402874 0.311312 0.860685
-0.446133 -0.125284 -0.886154
-0.171871 -0.515613 -0.839406
0.421657 -0.659985 -0.621792
-0.091548 -0.341778 -0.935311
0.672453 -0.292106 -0.680060
-0.091548 -0.341778 -0.935311
0.421657 -0.659985 -0.621792
0.493353 -0.538342 -0.683221
0.167174 -0.863078 -0.476602
0.254260 -0.861652 -0.439214
0.254260 -0.861652 -0.439214
0.167174 -0.863078 -0.476602
0.149788 -0.562470 -0.813136
-0.305289 -0.268654 -0.913577
-0.201557 -0.329821 -0.922276
-0.713335 -0.256069 -0.652366
-0.305289 -0.268654 -0.913577
-0.755757 -0.231603 -0.612529
-0.201557 -0.329821 -0.922276
-0.712659 0.304555 -0.631952
-0.238155 0.140451 -0.961018
-0.195366 0.134314 -0.971489
-0.712659 0.304555 -0.631952
-0.195366 0.134314 -0.971489
-0.219560 0.182967 -0.958288
0.006082 -0.717657 -0.696370
-0.128696 -0.784435 -0.606712
-0.170226 -0.948403 -0.267498
0.024542 -0.662639 -0.748537
-0.091489 -0.744106 -0.661767
-0.170226 -0.948403 -0.267498
0.463015 -0.719188 0.518059
0.424424 -0.599277 0.678772
0.266171 -0.428630 0.863383
0.266171 -0.428630 0.863383
0.098396 -0.549189 0.829885
0.085069 -0.862843 0.498262
-0.152513 -0.719860 0.677157
-0.304877 -0.231706 0.923776
-0.649342 -0.759608 -0.036755
-0.649342 -0.759608 -0.036755
0.024350 -0.974000 -0.225237
-0.152513 -0.719860 0.677157
-0.700985 0.000000 -0.713176
-0.275262 -0.159040 -0.948123
-0.752438 0.073409 -0.654560
-0.752438 0.073409 -0.654560
-0.694812 0.000000 -0.719191
-0.425156 -0.146816 -0.893133
0.064086 0.903304 -0.424187
0.689338 0.192161 -0.698489
-0.680095 -0.333948 -0.652648
-0.746441 -0.348847 -0.566686
0.064086 0.903304 -0.424187
-0.680095 -0.333948 -0.652648
0.585639 0.213792 0.781870
0.213407 0.195115 0.957281
0.644321 0.342009 0.684018
0.644321 0.342009 0.684018
0.574140 0.268033 0.773642
0.585639 0.213792 0.781870
0.646095 -0.054922 0.761278
0.605559 -0.463703 -0.646744
0.699217 -0.152501 0.698455
0.646095 -0.054922 0.761278
0.699217 -0.152501 0.698455
0.535651 -0.225537 0.813763
-0.513265 -0.293294 0.806559
-0.723434 -0.145903 0.674800
-0.480732 0.194727 0.854973
-0.513265 -0.293294 0.806559
-0.342946 -0.722636 0.600155
-0.723434 -0.145903 0.674800
0.599078 0.097809 0.794695
0.228649 0.207308 0.951180
0.443450 0.195730 0.874667
0.443450 0.195730 0.874667
0.673540 0.048763 0.737541
0.599078 0.097809 0.794695
-0.303628 -0.932353 -0.196285
-0.311753 -0.611281 -0.727424
-0.382650 -0.759177 -0.526526
-0.382650 -0.759177 -0.526526
-0.303773 -0.753358 -0.583245
-0.303628 -0.932353 -0.196285
0.841945 -0.216587 -0.494185
0.771474 -0.046382 -0.634569
0.947624 -0.140389 -0.286881
0.983642 -0.085401 -0.158603
0.841945 -0.216587 -0.494185
0.947624 -0.140389 -0.286881
0.863090 -0.304979 -0.402572
0.622064 -0.365920 -0.692199
0.602526 -0.328650 -0.727291
0.622064 -0.365920 -0.692199
0.222809 -0.366261 -0.903443
0.602526 -0.328650 -0.727291
-0.750754 -0.384533 0.537125
-0.708091 0.076303 0.701987
-0.281126 -0.018334 0.959496
-0.688050 0.039578 0.724583
-0.947800 0.180388 0.262938
-0.708091 0.076303 0.701987
0.960685 0.000000 0.277641
0.328200 0.158757 0.931172
0.173772 0.012195 0.984710
0.960685 0.000000 0.277641
0.829687 -0.524173 -0.191994
0.803471 -0.280795 -0.524965
0.853563 0.122047 0.506493
0.932555 -0.024420 0.360201
0.939424 -0.024420 0.341886
0.853563 0.122047 0.506493
0.795793 0.012231 -0.605445
0.932555 -0.024420 0.360201
0.226360 0.874851 0.428249
0.074036 0.958654 0.274774
0.277139 0.743098 0.609097
0.074036 0.958654 0.274774
0.012902 0.757035 0.653248
0.277139 0.743098 0.609097
0.735171 -0.354594 -0.577743
0.735683 -0.317473 -0.598315
0.861966 -0.499735 -0.085321
0.735683 -0.317473 -0.598315
0.735171 -0.354594 -0.577743
0.881587 -0.329167 -0.338310
-0.964224 0.195286 -0.179266
0.073232 0.152566 0.985576
-0.919939 0.201714 0.336190
-0.964224 0.195286 -0.179266
-0.986304 0.164893 0.003817
0.073232 0.152566 0.985576
0.180111 0.085476 -0.979925
0.091561 -0.012208 -0.995725
0.411853 -0.079320 -0.907792
0.180111 0.085476 -0.979925
0.118943 0.237886 -0.963983
0.091561 -0.012208 -0.995725
0.479328 -0.071747 0.874698
0.733050 -0.105376 0.671962
0.579748 -0.012587 0.814699
0.479328 -0.071747 0.874698
0.988374 0.017731 0.151002
0.524334 -0.041154 0.850518
0.220151 0.892836 0.392909
0.012202 0.719900 0.693971
-0.415197 0.714384 0.563264
-0.415197 0.714384 0.563264
-0.183169 0.793731 0.580034
-0.177298 0.366824 0.913239
0.146606 -0.106137 0.983484
0.412651 -0.000287 0.910889
0.186625 0.081840 0.979016
0.186625 0.081840 0.979016
0.412651 -0.000287 0.910889
0.187895 0.236778 0.953222
-0.474039 -0.204907 -0.856329
-0.403270 -0.271902 -0.873752
-0.803812 -0.210886 -0.556250
-0.403270 -0.271902 -0.873752
-0.478458 0.027428 -0.877682
-0.803812 -0.210886 -0.556250
0.940635 -0.293185 -0.171024
0.636068 -0.305435 -0.708609
0.772772 -0.329228 -0.542617
0.940635 -0.293185 -0.171024
0.565564 -0.329277 -0.756118
0.863090 -0.304979 -0.402572
-0.155499 -0.969580 0.189038
0.025931 -0.999100 0.033558
0.059527 -0.833382 -0.549483
-0.097556 -0.832278 -0.545706
0.025931 -0.999100 0.033558
-0.238074 -0.950768 0.198395
-0.073516 0.735159 0.673896
0.753125 0.563313 -0.339825
-0.152665 0.818283 0.554173
0.597339 -0.755817 -0.268193
0.798198 -0.255911 0.545334
-0.091863 -0.918629 -0.384293
-0.193831 -0.188880 0.962681
-0.279408 -0.262972 0.923459
-0.151321 -0.326275 0.933085
0.369794 -0.009168 0.929069
-0.151321 -0.326275 0.933085
0.422689 -0.306164 0.852994
-0.256589 -0.073311 0.963736
-0.649001 -0.048981 0.759209
-0.403906 -0.440625 0.801692
-0.421969 0.244619 0.872986
-0.538470 0.122380 0.833711
-0.256589 -0.073311 0.963736
-0.128278 0.500895 0.855949
0.311517 0.916227 -0.251962
0.091535 0.634641 0.767367
0.378569 -0.085483 -0.921617
0.854648 -0.488370 0.176271
0.243845 0.402345 -0.882416
-0.360240 0.158750 -0.919253
-0.744277 0.146415 -0.651624
-0.682934 0.109757 -0.722187
-0.682934 0.109757 -0.722187
-0.744277 0.146415 -0.651624
-0.762523 0.073202 -0.642807
-0.777110 0.195807 -0.598130
-0.652935 0.134248 -0.745421
-0.280942 0.085504 -0.955908
-0.803526 0.206969 -0.558131
-0.280942 0.085504 -0.955908
-0.578894 0.000000 -0.815403
-0.980260 0.188045 0.061075
-0.836751 0.221403 0.500829
-0.980680 0.048881 0.189415
-0.836751 0.221403 0.500829
-0.846292 0.225321 0.482722
-0.996498 0.025982 0.079475
0.902605 -0.279015 -0.327804
0.686450 -0.276105 -0.672721
0.637748 -0.260897 -0.724714
0.930590 -0.300535 -0.209001
0.845296 -0.241840 -0.476433
0.637748 -0.260897 -0.724714
0.067149 -0.048835 -0.996547
0.132030 0.085476 -0.987554
0.216667 0.927700 -0.304020
0.132030 0.085476 -0.987554
0.067149 -0.048835 -0.996547
-0.228869 -0.684126 -0.692525
-0.626162 0.384861 0.678088
-0.663832 0.377593 0.645562
-0.442137 0.341513 0.829388
-0.428682 0.244961 0.869612
-0.442137 0.341513 0.829388
-0.663832 0.377593 0.645562
0.436788 -0.501809 0.746594
0.310075 -0.184089 0.932719
0.052135 -0.267908 0.962033
0.727710 -0.525908 0.440295
0.562041 -0.092012 0.821975
0.436788 -0.501809 0.746594
-0.164839 -0.122103 -0.978733
-0.868487 0.452592 0.202214
-0.347948 -0.030522 -0.937017
-0.061039 -0.183116 -0.981195
-0.943406 -0.060865 -0.326008
-0.164839 -0.122103 -0.978733
-0.007243 -0.243964 -0.969757
0.023649 0.061031 -0.997856
-0.300604 -0.116043 -0.946663
-0.300604 -0.116043 -0.946663
0.023649 0.061031 -0.997856
0.000000 0.225974 -0.974133
-0.270867 0.480865 0.833906
-0.170497 0.578473 0.797684
-0.426726 0.457207 0.780299
-0.426726 0.457207 0.780299
-0.317540 0.287007 0.903767
-0.524966 0.433403 0.732511
0.451487 0.000000 0.892278
0.369223 0.133986 0.919632
0.267386 0.036566 0.962895
0.141630 0.231481 0.962475
0.167418 0.152198 0.974067
0.369223 0.133986 0.919632
0.420732 0.231707 -0.877096
0.222876 -0.152654 -0.962820
0.186196 0.140410 -0.972428
0.222876 -0.152654 -0.962820
0.118943 0.237886 -0.963983
0.186196 0.140410 -0.972428
0.718241 0.024399 0.695367
0.976882 -0.006106 0.213693
0.857724 -0.036629 0.512803
0.751384 -0.012218 0.659752
0.857724 -0.036629 0.512803
0.943139 -0.238074 0.231969
-0.076279 0.832199 0.549205
-0.278131 0.755690 0.592938
0.006112 0.796118 0.605111
-0.076279 0.832199 0.549205
0.006112 0.796118 0.605111
0.082376 0.996527 0.012204
0.175319 -0.170746 0.969592
0.139068 0.000000 0.990283
0.030582 -0.171261 0.984751
0.139068 0.000000 0.990283
-0.030363 0.085017 0.995917
0.030582 -0.171261 0.984751
0.796465 -0.585905 0.149528
0.992437 0.012215 0.122146
0.174296 0.287435 0.941808
0.992437 0.012215 0.122146
0.796465 -0.585905 0.149528
0.112666 -0.353222 -0.928731
-0.335658 -0.720138 -0.607235
-0.397308 -0.171148 -0.901584
0.518823 -0.024415 -0.854533
-0.335658 -0.720138 -0.607235
-0.756491 -0.097612 0.646678
-0.397308 -0.171148 -0.901584
-0.950616 0.152342 -0.270408
-0.402849 0.164802 0.900307
-0.329444 0.054907 -0.942577
-0.329444 0.054907 -0.942577
-0.402849 0.164802 0.900307
-0.836935 -0.024436 -0.546757
0.343689 0.047353 0.937889
0.134382 0.180957 0.974267
0.192246 0.059505 0.979541
0.061446 0.132814 0.989235
0.134382 0.180957 0.974267
-0.019053 0.244643 0.969426
0.643143 -0.451115 -0.618759
0.596060 -0.537982 -0.596060
0.839050 -0.500379 -0.213576
0.924770 -0.378454 0.039677
0.792444 -0.609572 0.021335
0.596060 -0.537982 -0.596060
0.170852 0.390519 -0.904602
0.234882 0.359949 -0.902922
0.131324 0.024432 -0.991038
0.170852 0.390519 -0.904602
0.131324 0.024432 -0.991038
-0.103714 0.018303 -0.994439
0.353889 -0.219655 0.909128
0.558368 -0.067126 0.826873
0.741899 -0.409113 -0.531236
0.741899 -0.409113 -0.531236
0.913004 -0.351155 -0.207640
0.320514 -0.042735 0.946279
-0.728033 0.171302 0.663795
-0.880767 0.195726 0.431209
-0.800455 0.219972 0.557569
-0.785622 0.219243 0.578559
-0.573811 0.146505 0.805777
-0.800455 0.219972 0.557569
-0.500574 0.231973 0.834035
-0.635521 0.293317 0.714197
-0.727454 0.244523 0.641107
-0.727454 0.244523 0.641107
-0.391259 0.476847 0.787104
-0.500574 0.231973 0.834035
-0.530556 0.525982 -0.664720
-0.572223 -0.004590 -0.820085
-0.213672 -0.473131 -0.854688
-0.598293 0.546400 -0.586083
-0.572223 -0.004590 -0.820085
-0.530556 0.525982 -0.664720
0.951855 0.281126 -0.122229
0.545328 -0.109982 0.830976
0.572777 -0.463096 0.676364
0.729456 -0.158710 -0.665361
0.461670 -0.232364 -0.856077
0.951855 0.281126 -0.122229
-0.977483 0.195497 0.079421
-0.965134 0.256555 0.051922
-0.870441 0.403860 0.281478
-0.870441 0.403860 0.281478
-0.739689 0.512445 0.436188
-0.962086 0.243952 0.121976
0.070140 -0.137230 -0.988053
-0.079271 -0.076222 -0.993935
0.059501 -0.207490 -0.976426
-0.125003 -0.405497 -0.905509
0.070140 -0.137230 -0.988053
0.059501 -0.207490 -0.976426
-0.302999 0.421299 0.854809
-0.080718 0.383793 0.919885
-0.098134 0.476541 0.873658
-0.080718 0.383793 0.919885
0.149008 0.354562 0.923083
-0.098134 0.476541 0.873658
-0.353394 0.289418 0.889579
0.122107 0.137371 0.982964
-0.232326 0.340846 0.910960
-0.278131 0.755690 0.592938
-0.353394 0.289418 0.889579
-0.232326 0.340846 0.910960
-0.445230 -0.884360 0.140278
0.140241 -0.463404 -0.874980
-0.292818 -0.701542 -0.649689
-0.292818 -0.701542 -0.649689
0.140241 -0.463404 -0.874980
-0.409151 -0.586247 -0.699221
-0.311097 0.347697 0.884492
-0.317540 0.287007 0.903767
-0.953349 0.158891 0.256671
-0.524966 0.433403 0.732511
-0.317540 0.287007 0.903767
-0.311097 0.347697 0.884492
-0.869298 0.430074 0.243632
-0.585954 0.088504 -0.805497
-0.341824 0.097664 -0.934675
0.228785 0.277592 0.933060
-0.109894 0.238103 0.965003
-0.027498 0.999095 0.032463
-0.220098 -0.635839 0.739774
-0.359023 -0.523321 0.772812
-0.201287 -0.256183 0.945438
-0.220098 -0.635839 0.739774
-0.366262 -0.305219 0.879030
-0.359023 -0.523321 0.772812
-0.081006 0.431011 -0.898703
-0.111529 0.248181 -0.962272
-0.042810 0.504549 -0.862321
-0.081006 0.431011 -0.898703
-0.239893 0.614248 -0.751766
-0.047322 0.300721 -0.952537
0.849254 -0.292873 -0.439309
0.832898 -0.036611 -0.552214
0.753373 -0.329869 -0.568872
0.518661 -0.318059 -0.793618
0.753373 -0.329869 -0.568872
0.733475 -0.134331 -0.666310
0.236480 -0.427190 -0.872689
0.462368 -0.406284 -0.788130
0.332421 -0.579449 -0.744134
0.332421 -0.579449 -0.744134
0.161974 -0.446191 -0.880158
0.236480 -0.427190 -0.872689
-0.253169 -0.173863 -0.951671
-0.030564 -0.360654 -0.932199
-0.439662 -0.030532 -0.897644
-0.076213 -0.417646 -0.905408
-0.253169 -0.173863 -0.951671
-0.439662 -0.030532 -0.897644
-0.100235 -0.753285 -0.650012
-0.051779 -0.840643 -0.539108
-0.079212 -0.597139 -0.798217
-0.247535 -0.929021 -0.275039
-0.100235 -0.753285 -0.650012
-0.079212 -0.597139 -0.798217
0.392365 0.522135 0.757248
0.581184 0.335592 0.741353
0.551101 0.819781 0.155713
-0.332389 0.327815 -0.884339
-0.087060 0.769792 -0.632329
0.022900 0.885480 -0.464113
0.814649 0.253243 -0.521742
-0.680095 -0.333948 -0.652648
0.689338 0.192161 -0.698489
0.512402 0.463602 0.722853
0.814649 0.253243 -0.521742
0.689338 0.192161 -0.698489
0.336236 -0.024454 0.941460
0.588664 -0.122003 0.799119
0.514118 -0.024409 0.857372
0.567334 -0.122007 0.814399
0.588664 -0.122003 0.799119
0.336236 -0.024454 0.941460
-0.731571 -0.055097 -0.679535
-0.314097 -0.375087 -0.872154
-0.461213 -0.116067 -0.879665
-0.731571 -0.055097 -0.679535
-0.843787 0.024369 -0.536125
-0.908212 0.179814 -0.377914
-0.380802 0.085364 -0.920708
-0.416047 0.454771 -0.787457
0.164282 -0.493989 -0.853807
-0.169500 -0.115858 -0.978697
-0.038926 -0.564803 -0.824307
-0.416047 0.454771 -0.787457
0.007800 0.532716 0.846258
0.220861 0.290909 0.930909
0.431176 0.244639 0.868469
0.007800 0.532716 0.846258
-0.159605 0.456013 0.875545
0.220861 0.290909 0.930909
0.102173 0.707587 0.699200
0.213415 0.972563 -0.092607
0.145028 0.900702 -0.409514
0.145028 0.900702 -0.409514
-0.012207 -0.241081 -0.970428
0.152623 0.137360 -0.978692
-0.680872 0.222886 0.697664
-0.475910 0.227277 0.849621
-0.728919 0.268388 0.629798
-0.860266 0.340141 0.379798
-0.873703 0.226063 0.430742
-0.680872 0.222886 0.697664
0.420583 0.786307 0.452584
0.715894 0.526213 0.458907
0.268772 0.623064 0.734543
0.715894 0.526213 0.458907
0.561820 0.140455 0.815249
0.268772 0.623064 0.734543
-0.821570 0.048103 -0.568074
-0.844137 0.112660 -0.524157
-0.960002 0.217143 0.176762
-0.512813 -0.130111 -0.848583
-0.683189 0.327489 0.652690
-0.844137 0.112660 -0.524157
-0.659069 -0.067127 -0.749081
-0.396576 -0.103720 -0.912124
-0.761187 0.000000 -0.648532
-0.761187 0.000000 -0.648532
-0.305375 0.116042 -0.945135
-0.329549 -0.048822 -0.942875
0.615739 -0.658414 0.432846
-0.382650 -0.759177 -0.526526
-0.480975 -0.876713 -0.006088
-0.480975 -0.876713 -0.006088
0.266334 -0.440829 0.857167
0.615739 -0.658414 0.432846
0.148083 0.140450 -0.978951
0.252722 0.916214 0.310940
0.245712 0.885174 0.395085
0.245712 0.885174 0.395085
0.252722 0.916214 0.310940
0.048793 0.402540 0.914101
-0.026663 -0.018283 -0.999477
-0.148194 -0.213888 -0.965552
0.000000 0.225974 -0.974133
-0.026663 -0.018283 -0.999477
-0.562758 -0.262316 -0.783896
-0.148194 -0.213888 -0.965552
-0.439364 -0.073227 -0.895319
0.070109 0.560874 -0.824927
-0.014496 0.024414 -0.999597
-0.431570 -0.097599 -0.896784
-0.439364 -0.073227 -0.895319
-0.014496 0.024414 -0.999597
0.999573 -0.016024 0.024417
0.905033 -0.235232 -0.354376
0.836239 -0.193213 -0.513199
0.905033 -0.235232 -0.354376
0.999573 -0.016024 0.024417
0.169300 0.080837 0.982244
0.310661 -0.242728 0.919007
0.146606 -0.106137 0.983484
0.018068 -0.226711 0.973794
0.018068 -0.226711 0.973794
0.079263 -0.307907 0.948109
0.310661 -0.242728 0.919007
0.022858 -0.999664 -0.012191
0.097805 -0.971936 -0.213948
0.182815 -0.761728 -0.621570
0.182815 -0.761728 -0.621570
0.204245 -0.621879 -0.756010
-0.082484 -0.989808 -0.116089
-0.142033 0.429188 0.891978
-0.125125 0.488291 0.863664
-0.227727 0.497830 0.836843
-0.235135 0.473323 0.848927
-0.506460 0.479002 0.716977
-0.142033 0.429188 0.891978
0.509471 -0.475202 -0.717372
0.934974 -0.195351 -0.296078
0.337298 -0.146353 0.929952
0.934974 -0.195351 -0.296078
0.509471 -0.475202 -0.717372
0.446296 -0.097651 -0.889541
-0.623856 0.232417 0.746181
-0.820900 0.255391 0.510782
-0.507541 0.256828 0.822461
-0.900166 0.255453 0.352768
-0.669625 0.280025 0.687887
-0.820900 0.255391 0.510782
0.945135 -0.305375 -0.116042
0.855186 -0.513112 -0.073302
0.574140 0.268033 0.773642
0.945135 -0.305375 -0.116042
0.596386 -0.428175 -0.678963
0.855186 -0.513112 -0.073302
-0.096128 0.158687 0.982638
0.928859 -0.359730 0.088408
0.130109 0.042671 0.990581
0.043477 0.122040 0.991573
0.130109 0.042671 0.990581
0.469852 0.305595 0.828161
-0.208015 -0.170679 -0.963119
0.088605 -0.256649 -0.962435
-0.021753 -0.225921 -0.973903
0.478871 -0.244400 -0.843179
-0.021753 -0.225921 -0.973903
0.088605 -0.256649 -0.962435
0.672777 -0.030546 0.739215
0.275625 0.097459 0.956312
0.436176 0.074729 0.896753
0.617476 0.036546 0.785740
0.672777 -0.030546 0.739215
0.436176 0.074729 0.896753
0.505028 0.122061 0.854428
0.835992 -0.525262 -0.158800
0.315401 0.097751 0.943911
0.772772 -0.329228 -0.542617
0.909662 -0.231800 -0.344650
0.835992 -0.525262 -0.158800
-0.438402 0.245412 0.864625
-0.347529 0.329238 0.877967
-0.467154 0.363342 0.806070
-0.252861 0.235796 0.938329
-0.131068 0.318525 0.938810
-0.347529 0.329238 0.877967
-0.040087 0.412319 -0.910157
-0.034331 0.331107 -0.942968
0.000190 0.312114 -0.950045
-0.136599 0.616603 -0.775333
-0.160258 0.280832 -0.946283
-0.040087 0.412319 -0.910157
-0.128001 0.301716 0.944766
-0.171024 0.329833 0.928419
-0.140626 0.372965 0.917127
-0.165148 0.489326 0.856321
-0.183169 0.451816 0.873104
-0.140626 0.372965 0.917127
-0.640897 0.219736 0.735505
-0.604265 0.122074 0.787376
-0.880767 0.195726 0.431209
-0.604265 0.122074 0.787376
-0.640897 0.219736 0.735505
-0.653295 0.207589 0.728088
0.884785 -0.268255 -0.381044
0.849254 -0.292873 -0.439309
0.589257 -0.219542 -0.777545
0.892030 -0.268372 -0.363674
0.884785 -0.268255 -0.381044
0.446296 -0.097651 -0.889541
0.165185 0.599559 0.783098
-0.139867 -0.462171 0.875692
-0.042641 0.012183 0.999016
-0.067419 -0.894830 -0.441286
0.165185 0.599559 0.783098
0.024350 -0.974000 -0.225237
0.610596 -0.015227 -0.791796
0.865688 -0.215277 -0.451929
0.654002 -0.137203 -0.743947
0.840959 -0.438396 -0.317170
0.654002 -0.137203 -0.743947
0.865688 -0.215277 -0.451929
0.158953 0.825331 -0.541814
0.125130 0.817921 -0.561558
0.210230 0.968885 -0.130632
0.125130 0.817921 -0.561558
0.358888 0.932495 0.040643
0.210230 0.968885 -0.130632
0.279376 0.543485 0.791564
0.251627 0.213501 0.943982
0.315545 0.249997 0.915386
0.251627 0.213501 0.943982
-0.021393 0.702922 0.710945
0.315545 0.249997 0.915386
0.321125 0.831867 0.452633
0.223133 -0.764154 -0.605210
-0.371193 -0.444215 0.815407
-0.371193 -0.444215 0.815407
0.128600 -0.875704 -0.465409
-0.383045 -0.422881 0.821248
-0.115984 0.680644 0.723375
-0.219299 0.365499 0.904610
-0.463490 0.811108 0.356765
-0.219299 0.365499 0.904610
-0.115984 0.680644 0.723375
-0.329727 0.335833 0.882325
0.079359 -0.973679 0.213660
0.059527 -0.833382 -0.549483
0.039637 -0.978741 -0.201236
0.039637 -0.978741 -0.201236
0.254260 -0.861652 -0.439214
0.079359 -0.973679 0.213660
-0.341705 0.909179 0.237973
-0.222461 0.719188 0.658240
-0.391432 0.801212 0.452593
-0.391432 0.801212 0.452593
-0.222461 0.719188 0.658240
-0.006104 0.946196 0.323538
0.198792 -0.403700 -0.893033
-0.076270 -0.366097 -0.927446
-0.115491 -0.923931 -0.364710
-0.115491 -0.923931 -0.364710
-0.118521 -0.559178 -0.820532
-0.079212 -0.597139 -0.798217
0.229039 -0.272557 -0.934481
0.256286 -0.149500 -0.954970
-0.018302 -0.260039 -0.965425
0.223084 -0.187941 -0.956510
0.229039 -0.272557 -0.934481
0.097798 -0.227686 -0.968811
0.798079 -0.196474 -0.569621
0.189072 -0.544343 -0.817277
-0.042750 -0.778663 0.625984
-0.115984 -0.680644 -0.723375
0.798079 -0.196474 -0.569621
-0.042750 -0.778663 0.625984
-0.908790 0.329360 -0.256169
-0.525162 -0.061065 -0.848808
-0.402671 -0.183032 -0.896859
-0.726245 -0.073235 -0.683524
-0.908790 0.329360 -0.256169
-0.402671 -0.183032 -0.896859
0.514118 -0.024409 0.857372
0.784229 -0.195294 0.588935
0.707673 -0.171002 0.685534
0.514118 -0.024409 0.857372
0.707673 -0.171002 0.685534
0.796901 -0.158694 0.582894
0.255967 0.482898 -0.837431
0.376680 0.457622 -0.805415
0.200955 0.622311 -0.756535
0.301230 0.571153 -0.763574
0.360381 0.426892 -0.829391
0.297336 0.414745 -0.859987
-0.726796 -0.213764 0.652742
-0.580505 0.262755 0.770697
-0.844289 0.024472 -0.535328
-0.158715 -0.207551 0.965263
-0.518210 -0.103642 0.848950
-0.726796 -0.213764 0.652742
0.555662 -0.257986 -0.790369
0.381364 0.070171 -0.921758
0.582461 0.192120 -0.789829
0.485238 -0.192264 -0.852982
0.555662 -0.257986 -0.790369
0.582461 0.192120 -0.789829
-0.831863 0.553556 0.039758
-0.645562 0.408044 0.645562
-0.727190 0.329985 -0.601918
-0.837150 0.009166 0.546897
-0.645562 0.408044 0.645562
-0.799621 0.442538 -0.405914
0.707389 0.143307 0.692144
0.784727 0.000000 0.619842
0.911708 -0.375051 -0.167706
0.911708 -0.375051 -0.167706
0.736253 -0.675153 0.045825
0.707389 0.143307 0.692144
0.198792 -0.403700 -0.893033
0.602154 -0.709135 -0.366794
0.145044 -0.012214 -0.989350
-0.468209 0.512438 -0.719853
0.198792 -0.403700 -0.893033
0.145044 -0.012214 -0.989350
-0.561286 0.549084 0.619245
-0.708477 0.280948 0.647401
-0.597358 0.292584 0.746698
-0.974790 0.054832 -0.216282
-0.556606 0.269128 0.785977
-0.500932 0.281011 0.818596
0.106693 0.158515 -0.981575
0.397825 0.914540 0.073163
-0.305327 -0.280901 -0.909874
-0.199745 -0.859971 -0.469630
0.106693 0.158515 -0.981575
-0.305327 -0.280901 -0.909874
-0.311467 0.793935 0.522165
-0.042724 0.888050 -0.457758
-0.292800 0.857050 0.423950
-0.292800 0.857050 0.423950
0.457918 0.460970 -0.760143
-0.115984 0.680644 0.723375
0.616484 0.097661 0.781287
0.500326 0.097625 0.860316
0.718711 0.036545 0.694348
0.636285 0.061035 0.769036
0.500326 0.097625 0.860316
0.616484 0.097661 0.781287
0.575921 0.402963 0.711291
0.301594 0.796591 0.523912
0.297973 0.608108 0.735810
0.550190 0.109962 0.827767
0.575921 0.402963 0.711291
0.297973 0.608108 0.735810
-0.012209 0.412047 0.911081
-0.545704 0.472537 0.692038
-0.695364 0.420878 0.582520
-0.695364 0.420878 0.582520
-0.697908 0.475431 0.535621
-0.033586 0.372497 0.927426
-0.634931 0.433463 0.639510
-0.641162 -0.079382 -0.763288
-0.777851 0.250133 -0.576525
-0.707669 0.433142 0.558204
-0.650354 -0.036640 -0.758747
-0.641162 -0.079382 -0.763288
0.396212 0.828998 0.394688
0.161958 0.708949 0.686412
0.259611 0.879623 0.398579
0.261957 0.670122 0.694490
0.396212 0.828998 0.394688
0.259611 0.879623 0.398579
0.289734 0.128093 -0.948497
0.354146 0.042742 -0.934213
0.332648 0.280767 -0.900286
0.539672 0.024392 -0.841522
0.354146 0.042742 -0.934213
0.482681 -0.079429 -0.872187
-0.250413 0.012215 -0.968062
0.201377 -0.134251 -0.970270
-0.829932 0.280712 -0.482093
-0.777110 0.195807 -0.598130
-0.317602 0.000000 -0.948224
-0.250413 0.012215 -0.968062
-0.206099 0.867142 0.453418
-0.489736 0.698966 0.521159
-0.224149 0.731914 0.643474
-0.206099 0.867142 0.453418
-0.637431 0.766743 0.076066
-0.489736 0.698966 0.521159
0.415371 0.194753 0.888560
0.435771 0.170652 0.883732
0.149008 0.354562 0.923083
0.628212 0.073190 0.774592
0.435771 0.170652 0.883732
0.415371 0.194753 0.888560
-0.021363 0.009156 -0.999730
0.146461 0.534734 -0.832232
-0.674213 -0.240627 -0.698238
-0.222857 0.319785 -0.920908
-0.378162 0.041266 -0.924819
-0.817130 0.025726 -0.575879
-0.035130 0.412396 -0.910327
0.175628 0.088578 -0.980464
0.025961 -0.042760 -0.998748
0.198383 0.451703 -0.869833
-0.035130 0.412396 -0.910327
-0.283777 0.085438 -0.955077
-0.164411 -0.341001 0.925574
-0.163974 -0.777358 0.607311
-0.323911 -0.562260 0.760885
-0.163974 -0.777358 0.607311
-0.237938 -0.585693 0.774822
-0.323911 -0.562260 0.760885
0.079042 -0.243207 0.966748
0.274115 -0.182743 0.944175
0.057779 -0.729834 0.681178
0.274115 -0.182743 0.944175
0.079042 -0.243207 0.966748
0.183019 -0.536855 0.823584
0.775779 -0.421486 -0.469591
0.830969 -0.348274 -0.433815
0.375087 -0.509265 -0.774570
0.775779 -0.421486 -0.469591
0.473323 -0.479430 -0.738994
0.830969 -0.348274 -0.433815
0.122146 -0.012215 0.992437
0.198758 -0.122313 0.972386
0.336236 -0.024454 0.941460
0.198758 -0.122313 0.972386
0.122146 -0.012215 0.992437
-0.054868 -0.097543 0.993718
-0.720410 0.415152 0.555570
-0.818146 0.377782 0.433495
-0.707874 0.385402 0.591929
-0.720410 0.415152 0.555570
-0.707874 0.385402 0.591929
-0.423920 0.437644 0.792944
0.741039 -0.628206 -0.237102
0.732780 -0.528212 -0.428982
0.426986 -0.500184 -0.753325
0.775700 -0.558870 -0.293178
0.426986 -0.500184 -0.753325
0.372150 -0.539922 -0.754976
0.789232 -0.457968 -0.409118
0.814759 -0.579791 0.003052
0.985650 -0.164784 0.036619
0.945135 -0.305375 -0.116042
0.789232 -0.457968 -0.409118
0.596386 -0.428175 -0.678963
0.233531 0.122108 -0.964652
0.274830 0.592411 -0.757309
0.091433 0.822895 0.560788
0.091433 0.822895 0.560788
0.460071 0.842319 -0.280773
0.233531 0.122108 -0.964652
-0.477808 -0.367545 0.797879
-0.401335 -0.486467 -0.776067
-0.073237 -0.878840 -0.471461
-0.477808 -0.367545 0.797879
-0.073237 -0.878840 -0.471461
-0.102944 -0.993109 -0.056014
0.604052 0.719981 -0.341686
-0.108395 -0.732811 -0.671743
0.932909 0.317067 -0.170729
-0.244248 0.573982 0.781593
0.604052 0.719981 -0.341686
0.932909 0.317067 -0.170729
0.376229 0.128086 0.917631
0.463572 0.163658 0.870814
0.323959 0.094743 0.941315
0.436176 0.074729 0.896753
0.275625 0.097459 0.956312
0.323959 0.094743 0.941315
0.857724 -0.036629 0.512803
0.751384 -0.012218 0.659752
0.686162 -0.006113 0.727423
0.797011 -0.024383 0.603473
0.751384 -0.012218 0.659752
0.883085 -0.146545 0.445741
-0.463993 0.354100 0.811988
-0.626162 0.384861 0.678088
-0.665687 0.360326 0.653472
-0.665687 0.360326 0.653472
-0.626162 0.384861 0.678088
-0.451077 0.359642 0.816815
-0.018328 -0.195496 -0.980533
-0.414620 -0.138715 -0.899360
-0.935662 0.165117 -0.311887
-0.262191 0.407006 0.874987
-0.797695 0.386669 -0.462785
-0.935662 0.165117 -0.311887
0.223217 -0.500616 0.836396
0.734618 -0.256182 0.628257
0.288261 -0.293614 0.911426
0.223217 -0.500616 0.836396
0.288261 -0.293614 0.911426
0.121942 -0.438992 0.890178
-0.243049 -0.256001 -0.935623
-0.108362 -0.851635 -0.512812
0.055757 -0.216916 -0.974597
-0.189139 -0.048884 -0.980733
-0.038926 -0.564803 -0.824307
0.055757 -0.216916 -0.974597
-0.145547 -0.921795 -0.359318
-0.236646 -0.631056 -0.738760
-0.151519 -0.751532 -0.642060
-0.151519 -0.751532 -0.642060
-0.116346 -0.538864 -0.834320
-0.145547 -0.921795 -0.359318
0.163704 -0.030527 0.986037
0.091616 -0.580237 0.809278
0.285090 -0.219534 0.933021
0.163704 -0.030527 0.986037
0.125347 -0.518942 0.845569
0.181808 -0.390296 0.902560
0.173802 -0.768389 0.615931
0.079283 -0.524488 0.847719
0.073104 -0.462993 0.883342
0.057779 -0.729834 0.681178
0.266334 -0.440829 0.857167
0.173802 -0.768389 0.615931
-0.097610 0.524655 0.845701
0.103819 0.720624 0.685509
-0.231667 0.713292 0.661472
-0.231667 0.713292 0.661472
0.103819 0.720624 0.685509
0.071775 0.644447 0.761273
-0.671805 -0.122146 -0.730588
-0.750102 -0.006098 -0.661294
-0.803409 -0.012219 -0.595302
-0.750102 -0.006098 -0.661294
-0.671805 -0.122146 -0.730588
-0.482365 0.122118 -0.867417
0.488220 -0.228853 -0.842180
-0.244374 -0.268812 -0.931677
-0.727190 0.329985 -0.601918
-0.244374 -0.268812 -0.931677
-0.721025 -0.058049 -0.690473
-0.308419 -0.207648 -0.928310
-0.278397 -0.434421 0.856606
-0.370634 -0.410454 0.833161
-0.281865 -0.591155 0.755703
-0.278397 -0.434421 0.856606
-0.371193 -0.444215 0.815407
-0.370634 -0.410454 0.833161
-0.745731 0.110026 -0.657099
-0.813490 0.024466 -0.581064
-0.335950 -0.061082 -0.939897
-0.489120 0.122280 0.863603
-0.813490 0.024466 -0.581064
-0.745731 0.110026 -0.657099
0.784109 -0.248657 -0.568632
0.671806 -0.213757 -0.709214
0.479324 -0.135859 -0.867058
0.224318 -0.079350 -0.971280
0.479324 -0.135859 -0.867058
0.671806 -0.213757 -0.709214
-0.225907 -0.024422 -0.973843
-0.511774 0.073111 -0.856003
-0.853750 0.134161 -0.503103
-0.724882 0.255841 -0.639602
-0.225907 -0.024422 -0.973843
-0.853750 0.134161 -0.503103
0.910470 0.265363 -0.317216
0.894741 -0.347531 -0.280464
0.916822 -0.250181 -0.311201
0.699620 -0.277409 -0.658465
0.840579 0.207475 0.500381
0.916822 -0.250181 -0.311201
-0.113088 -0.378999 -0.918461
-0.314090 -0.182965 -0.931596
-0.641162 -0.079382 -0.763288
-0.113088 -0.378999 -0.918461
-0.669864 -0.036621 -0.741580
-0.314090 -0.182965 -0.931596
0.579748 -0.012587 0.814699
0.499173 -0.065641 0.864012
0.722866 -0.158603 0.672540
0.579748 -0.012587 0.814699
0.722866 -0.158603 0.672540
0.479328 -0.071747 0.874698
0.601823 -0.365665 0.709999
0.344140 -0.616552 0.708119
0.429135 -0.432946 0.792718
0.429135 -0.432946 0.792718
0.344140 -0.616552 0.708119
0.181808 -0.390296 0.902560
0.469641 0.012218 0.882773
0.331835 0.182661 0.925484
0.404822 0.171095 0.898246
0.201321 0.231824 0.951697
0.404822 0.171095 0.898246
0.331835 0.182661 0.925484
0.983642 -0.085401 -0.158603
0.756347 -0.157223 -0.634996
0.997086 -0.021361 0.073237
0.967201 -0.116034 -0.225960
0.983642 -0.085401 -0.158603
0.997086 -0.021361 0.073237
-0.079351 -0.180067 -0.980449
-0.007820 -0.073244 -0.997283
-0.018314 -0.143461 -0.989487
-0.018314 -0.143461 -0.989487
-0.125079 -0.518619 -0.845807
-0.079351 -0.180067 -0.980449
0.564405 -0.478981 -0.672328
0.616705 -0.430473 -0.659066
0.741039 -0.628206 -0.237102
0.564405 -0.478981 -0.672328
0.222876 -0.152654 -0.962820
0.616705 -0.430473 -0.659066
0.091835 0.930599 0.354332
0.228053 0.881599 0.413250
0.123468 0.817025 0.563229
0.123468 0.817025 0.563229
0.329542 0.813983 0.478367
0.297973 0.608108 0.735810
-0.103927 -0.721379 0.684698
0.051921 -0.317633 0.946791
-0.056221 -0.741514 0.668578
0.124941 -0.451008 0.883732
0.051921 -0.317633 0.946791
-0.034982 -0.669227 0.742234
0.487341 0.380735 0.785837
0.551381 0.502505 0.665934
0.356523 0.540879 0.761801
0.356523 0.540879 0.761801
0.339494 0.360904 0.868615
0.487341 0.380735 0.785837
0.586791 -0.170495 -0.791585
0.252400 -0.378218 -0.890643
0.555921 -0.220265 -0.801521
0.252400 -0.378218 -0.890643
0.152595 -0.305190 -0.939986
0.555921 -0.220265 -0.801521
0.232991 0.916685 -0.324659
0.564376 0.732163 0.381335
0.609130 -0.048853 -0.791564
0.069383 0.731950 0.677816
0.564376 0.732163 0.381335
0.232991 0.916685 -0.324659
0.892282 -0.146426 -0.427075
0.268964 -0.275076 -0.923034
0.304510 -0.361128 -0.881397
0.669393 -0.365955 -0.646521
0.304510 -0.361128 -0.881397
0.268964 -0.275076 -0.923034
0.859258 0.509755 0.042734
0.566252 -0.229850 0.791535
0.667900 -0.539810 0.512362
0.487527 -0.139075 -0.861960
0.578173 -0.273068 -0.768863
0.859258 0.509755 0.042734
-0.164863 -0.244242 -0.955597
-0.396576 -0.103720 -0.912124
-0.659069 -0.067127 -0.749081
0.262624 -0.201549 -0.943614
-0.164863 -0.244242 -0.955597
-0.550088 -0.036673 -0.834301
0.353221 0.219714 -0.909373
-0.575037 0.817559 0.030506
-0.561247 0.427617 -0.708622
-0.561247 0.427617 -0.708622
-0.575037 0.817559 0.030506
-0.388267 -0.012205 -0.921466
0.401429 -0.012211 0.915809
0.082402 0.146493 0.985774
0.336236 -0.024454 0.941460
-0.030553 0.207762 0.977702
0.082402 0.146493 0.985774
0.042704 0.183015 0.982182
-0.239893 0.614248 -0.751766
-0.259881 0.409694 -0.874422
-0.047322 0.300721 -0.952537
-0.241446 0.317853 -0.916883
0.270359 0.173366 -0.947022
-0.047322 0.300721 -0.952537
-0.676565 0.243807 0.694851
-0.659429 0.033582 0.751016
-0.962324 0.073088 -0.261898
-0.954459 0.195161 0.225655
-0.659429 0.033582 0.751016
-0.676565 0.243807 0.694851
-0.695665 0.201377 0.689563
-0.868213 0.189540 0.458563
-0.593317 -0.103983 -0.798225
-0.647595 0.207719 0.733126
-0.806966 0.256762 -0.531864
-0.968612 0.073103 0.237584
0.875171 -0.477262 -0.079353
0.690220 -0.298968 -0.658950
0.984434 -0.171894 -0.036630
0.689832 -0.254872 -0.677623
0.690220 -0.298968 -0.658950
0.986954 -0.143391 -0.073221
0.890227 -0.213411 -0.402431
0.841589 -0.060985 0.536665
0.686969 0.006106 0.726661
0.686969 0.006106 0.726661
0.841589 -0.060985 0.536665
0.830350 -0.470124 0.299170
-0.588161 0.220560 0.778087
-0.231716 0.347574 0.908570
-0.311097 0.347697 0.884492
-0.463993 0.354100 0.811988
-0.231716 0.347574 0.908570
-0.024410 0.305128 0.951999
-0.810661 0.377902 0.447235
-0.914209 -0.085326 -0.396157
-0.713335 -0.256069 -0.652366
-0.523214 0.575230 0.628775
-0.810661 0.377902 0.447235
-0.713335 -0.256069 -0.652366
-0.861134 0.140469 0.488587
-0.840901 -0.073122 0.536227
-0.603647 -0.085364 0.792668
-0.861134 0.140469 0.488587
-0.603647 -0.085364 0.792668
-0.783876 0.159225 0.600155
-0.147387 -0.838737 -0.524211
-0.155701 -0.957218 -0.243907
-0.231405 -0.858191 -0.458213
-0.147387 -0.838737 -0.524211
-0.231405 -0.858191 -0.458213
-0.204954 -0.917704 -0.340315
0.122205 -0.195527 -0.973055
0.070176 -0.244091 -0.967210
0.033505 -0.207123 -0.977741
0.122205 -0.195527 -0.973055
0.438084 -0.268651 -0.857851
0.341127 -0.353311 -0.871093
-0.749425 -0.213251 -0.626806
-0.616815 0.262604 0.742010
-0.950239 0.176647 -0.256595
-0.950239 0.176647 -0.256595
-0.238155 0.140451 -0.961018
-0.749425 -0.213251 -0.626806
-0.658962 0.222705 0.718451
-0.585065 0.166073 0.793800
-0.689563 0.201377 0.695665
-0.836076 -0.071707 -0.543907
-0.635349 0.268802 0.723932
-0.585065 0.166073 0.793800
-0.378436 0.085453 0.921674
-0.342785 -0.073454 0.936538
-0.171136 0.048896 0.984033
-0.171136 0.048896 0.984033
-0.207221 0.134084 0.969062
-0.378436 0.085453 0.921674
0.134163 -0.524454 -0.840803
-0.089357 -0.452133 -0.887463
0.018419 -0.433650 -0.900893
0.018419 -0.433650 -0.900893
-0.355128 -0.396280 -0.846668
-0.191473 -0.292930 -0.936766
-0.548893 0.414719 0.725758
-0.724704 0.304498 0.618130
-0.829141 -0.036580 -0.557841
-0.743336 0.231531 0.627571
-0.724704 0.304498 0.618130
-0.548893 0.414719 0.725758
-0.152758 -0.053465 0.986816
-0.280612 -0.317213 0.905888
-0.009157 -0.274710 0.961484
-0.009157 -0.274710 0.961484
-0.042631 -0.024361 0.998794
-0.152758 -0.053465 0.986816
0.045714 0.324570 0.944757
-0.985063 0.158586 0.067094
-0.036528 0.270917 0.961909
0.122107 0.137371 0.982964
-0.036528 0.270917 0.961909
0.244333 0.143546 0.959008
0.343713 -0.578965 -0.739365
0.662515 -0.438115 0.607560
0.597822 -0.167756 0.783879
0.714558 -0.390869 0.580197
0.662515 -0.438115 0.607560
0.343713 -0.578965 -0.739365
-0.320514 -0.042735 -0.946279
-0.836076 -0.071707 -0.543907
-0.393666 0.035857 -0.918554
-0.320514 -0.042735 -0.946279
-0.762448 0.153252 -0.628639
-0.896390 0.048783 -0.440573
-0.446010 -0.073317 0.892020
-0.678826 0.097849 0.727751
-0.584747 -0.146187 0.797935
-0.268321 -0.292714 0.917781
-0.446010 -0.073317 0.892020
-0.584747 -0.146187 0.797935
0.951855 0.281126 -0.122229
0.187005 -0.231096 -0.954790
0.462518 -0.256446 -0.848713
0.462518 -0.256446 -0.848713
0.187005 -0.231096 -0.954790
0.742653 -0.500185 -0.445287
0.800403 -0.421586 -0.426169
0.777381 -0.348218 -0.523854
0.392269 -0.042738 0.918857
0.800403 -0.421586 -0.426169
0.392269 -0.042738 0.918857
0.706303 -0.262385 -0.657488
0.299142 0.024420 -0.953896
0.520980 -0.243733 -0.818030
0.045830 -0.122212 -0.991445
0.520980 -0.243733 -0.818030
0.952441 0.024422 0.303743
0.045830 -0.122212 -0.991445
0.173772 0.012195 0.984710
0.328200 0.158757 0.931172
0.427177 0.085435 0.900123
0.713924 0.000000 0.700224
0.427177 0.085435 0.900123
0.328200 0.158757 0.931172
0.176085 -0.280897 -0.943446
0.750490 0.134302 -0.647092
-0.131331 0.097735 -0.986509
0.750490 0.134302 -0.647092
0.176085 -0.280897 -0.943446
0.738610 -0.286750 -0.610106
0.374810 0.883699 0.280346
0.039721 0.806642 -0.589704
0.238110 -0.030527 -0.970758
0.374810 0.883699 0.280346
0.247866 0.912147 0.326421
0.039721 0.806642 -0.589704
0.837875 -0.430384 -0.335761
0.598307 0.048841 0.799777
0.579440 0.051981 0.813356
0.579440 0.051981 0.813356
0.598307 0.048841 0.799777
0.369794 -0.009168 0.929069
-0.248359 0.328107 -0.911408
-0.698309 0.628860 -0.341905
-0.038081 0.006093 -0.999256
-0.698309 0.628860 -0.341905
-0.019839 -0.653173 -0.756949
-0.038081 0.006093 -0.999256
0.915716 0.271662 0.296081
0.871185 0.042795 0.489086
0.707389 0.143307 0.692144
0.915716 0.271662 0.296081
0.593003 0.716799 0.366806
0.737044 0.287478 0.611655
-0.448135 0.705736 0.548737
0.235332 0.304480 0.922990
-0.926708 0.156992 0.341419
-0.448135 0.705736 0.548737
-0.926708 0.156992 0.341419
-0.530764 -0.244792 -0.811398
0.631600 0.219422 -0.743596
0.771403 -0.519875 0.366971
-0.019839 -0.653173 -0.756949
0.955473 -0.122105 -0.268631
0.727710 -0.525908 0.440295
0.631600 0.219422 -0.743596
-0.261986 0.359469 0.895626
-0.245024 0.309343 0.918842
-0.610563 0.714358 0.341915
-0.421437 0.164910 0.891737
-0.261986 0.359469 0.895626
-0.311109 0.463613 0.829623
-0.962324 0.073088 -0.261898
-0.800909 -0.418796 -0.427967
0.194987 -0.216314 -0.956655
-0.962324 0.073088 -0.261898
-0.659429 0.033582 0.751016
-0.267895 0.267895 0.925454
-0.481367 0.140145 -0.865243
-0.164790 -0.238030 -0.957176
-0.493533 -0.170604 -0.852830
-0.493533 -0.170604 -0.852830
-0.158685 0.103755 -0.981863
-0.481367 0.140145 -0.865243
-0.901734 0.292454 -0.318349
-0.895833 0.121882 -0.427349
0.506518 -0.219694 -0.833771
-0.901734 0.292454 -0.318349
0.506518 -0.219694 -0.833771
-0.829932 0.280712 -0.482093
0.564875 -0.217377 -0.796030
0.910853 -0.213243 -0.353375
0.932764 -0.067171 -0.354175
0.932764 -0.067171 -0.354175
0.910853 -0.213243 -0.353375
0.444972 0.257333 0.857776
-0.034384 0.077937 -0.996365
0.574169 -0.642886 -0.506979
0.060961 -0.094489 -0.993658
0.578173 -0.273068 -0.768863
0.731554 -0.680444 0.042718
0.574169 -0.642886 -0.506979
-0.865589 0.214103 0.452676
-0.889007 0.192465 0.415481
-0.980680 0.048881 0.189415
-0.887677 0.212005 0.408758
-0.980680 0.048881 0.189415
-0.889007 0.192465 0.415481
0.129219 0.036701 0.990937
0.435443 0.110152 0.893452
0.430691 0.161176 0.887991
0.129219 0.036701 0.990937
0.430691 0.161176 0.887991
0.300179 0.140900 0.943419
-0.030518 0.015259 -0.999418
-0.228800 -0.015253 -0.973354
-0.021363 0.009156 -0.999730
-0.655506 -0.070124 -0.751927
-0.228800 -0.015253 -0.973354
-0.030518 0.015259 -0.999418
0.499738 0.149312 -0.853211
0.391187 -0.027505 -0.919900
0.445644 -0.439539 -0.779876
-0.067236 -0.378966 -0.922965
0.445644 -0.439539 -0.779876
0.299489 0.125297 -0.945837
-0.091548 -0.341778 -0.935311
0.672453 -0.292106 -0.680060
-0.079510 0.244645 -0.966347
0.672453 -0.292106 -0.680060
-0.018295 -0.243930 -0.969620
-0.079510 0.244645 -0.966347
-0.099057 -0.390509 -0.915254
-0.448744 -0.232547 -0.862873
-0.405679 -0.869530 -0.281679
-0.405679 -0.869530 -0.281679
-0.505094 -0.292985 -0.811813
-0.333193 -0.898634 -0.285377
-0.956021 0.024357 -0.292287
-0.718112 0.693769 0.054771
-0.389715 0.438430 0.809877
0.269109 0.452593 0.850141
-0.389715 0.438430 0.809877
-0.718112 0.693769 0.054771
0.228053 0.881599 0.413250
0.091835 0.930599 0.354332
0.130480 0.971013 0.200271
0.130480 0.971013 0.200271
0.091835 0.930599 0.354332
0.137702 0.636491 0.758893
0.130109 0.042671 0.990581
0.928859 -0.359730 0.088408
0.041603 0.036641 0.998462
0.928859 -0.359730 0.088408
0.828097 -0.219720 -0.515731
0.947228 -0.244249 -0.207612
0.310923 -0.524588 -0.792549
0.628015 -0.355926 -0.692036
0.631512 -0.393455 0.668121
0.310923 -0.524588 -0.792549
0.759121 -0.045349 0.649368
0.842497 -0.120575 0.525034
0.458872 0.048946 0.887153
0.718711 0.036545 0.694348
0.761995 0.012216 0.647467
0.718711 0.036545 0.694348
0.458872 0.048946 0.887153
0.537305 -0.036634 0.842592
0.267643 -0.783116 -0.561335
-0.155701 -0.957218 -0.243907
0.379726 -0.753707 -0.536408
0.267643 -0.783116 -0.561335
0.379726 -0.753707 -0.536408
0.471437 -0.122154 -0.873399
0.197245 0.165135 0.966346
0.600169 -0.051791 0.798195
0.332648 -0.076295 0.939960
0.197245 0.165135 0.966346
0.332648 -0.076295 0.939960
0.656168 -0.122078 0.744675
-0.152577 0.942924 0.295999
-0.238554 0.697313 0.675904
-0.051848 0.902771 0.426986
-0.051848 0.902771 0.426986
-0.238554 0.697313 0.675904
0.070230 0.702301 0.708408
-0.757136 0.317509 0.570905
-0.926950 0.262229 0.268328
-0.891467 0.244238 0.381621
-0.763630 0.226035 0.604795
-0.891467 0.244238 0.381621
-0.926950 0.262229 0.268328
-0.823320 0.103677 -0.558028
-0.785336 0.244463 -0.568758
-0.036614 0.012205 -0.999255
-0.785336 0.244463 -0.568758
-0.347533 0.021340 -0.937425
-0.036614 0.012205 -0.999255
0.431196 0.801445 0.414435
0.402952 0.911221 0.085475
0.271138 0.962521 -0.006102
0.402952 0.911221 0.085475
0.336169 0.215454 0.916826
0.341106 0.512946 0.787739
0.866731 -0.128136 -0.482036
0.750490 0.134302 -0.647092
0.981698 -0.177034 -0.070203
0.828097 -0.219720 -0.515731
0.866731 -0.128136 -0.482036
0.981698 -0.177034 -0.070203
-0.604770 0.363473 0.708619
-0.941491 0.210918 0.262884
-0.960410 0.258454 0.103993
-0.640094 0.214889 0.737633
-0.604770 0.363473 0.708619
-0.871397 0.289450 0.396089
0.268172 -0.338262 -0.902032
0.097735 -0.171036 -0.980405
-0.537152 -0.228900 -0.811833
0.097735 -0.171036 -0.980405
0.170940 -0.515872 -0.839437
-0.727190 0.329985 -0.601918
-0.390148 -0.021336 -0.920505
-0.275262 -0.159040 -0.948123
0.201601 -0.198547 -0.959133
-0.292009 -0.118629 -0.949030
-0.390148 -0.021336 -0.920505
0.201601 -0.198547 -0.959133
0.891820 -0.256551 -0.372610
0.550293 -0.109754 -0.827727
0.460047 -0.170614 -0.871348
0.550293 -0.109754 -0.827727
0.825159 -0.146695 -0.545522
0.460047 -0.170614 -0.871348
-0.088668 0.917255 0.388305
0.085454 0.927791 0.363181
-0.164280 0.851823 0.497404
-0.018268 0.998646 0.048714
-0.088668 0.917255 0.388305
-0.164280 0.851823 0.497404
-0.305375 0.116042 -0.945135
0.128303 0.299373 -0.945470
0.189230 -0.036625 -0.981250
-0.329549 -0.048822 -0.942875
-0.305375 0.116042 -0.945135
0.189230 -0.036625 -0.981250
-0.113088 -0.378999 -0.918461
-0.595450 -0.177108 -0.783627
-0.669864 -0.036621 -0.741580
-0.453105 -0.158663 -0.877224
-0.595450 -0.177108 -0.783627
-0.355128 -0.396280 -0.846668
0.152432 0.987758 -0.033154
0.210230 0.968885 -0.130632
-0.012201 0.799162 -0.600992
0.073139 0.993466 0.087614
-0.012201 0.799162 -0.600992
-0.305038 0.262333 -0.915496
0.129592 0.033542 0.991000
0.212097 -0.036621 0.976562
0.126732 -0.296218 0.946675
0.212097 -0.036621 0.976562
0.129592 0.033542 0.991000
0.096221 -0.287135 0.953045
0.187480 0.085357 0.978553
0.510359 0.079231 0.856304
0.281911 0.140383 0.949115
0.510359 0.079231 0.856304
0.325289 0.122174 0.937689
0.281911 0.140383 0.949115
0.018329 -0.320753 -0.946986
-0.201443 -0.253330 -0.946173
-0.244474 -0.256507 -0.935113
-0.201443 -0.253330 -0.946173
-0.617010 -0.088581 -0.781954
-0.244474 -0.256507 -0.935113
0.705262 0.134336 0.696103
0.479225 0.256400 0.839406
0.543431 0.158755 0.824305
0.479225 0.256400 0.839406
0.705262 0.134336 0.696103
0.528420 0.201594 0.824701
0.065313 0.097778 0.993063
0.965315 -0.207398 -0.158598
-0.096128 0.158687 0.982638
0.362776 0.097553 0.926756
0.861966 -0.499735 -0.085321
0.065313 0.097778 0.993063
0.784727 0.000000 0.619842
0.713849 -0.048810 0.698596
0.958780 -0.250382 0.134351
0.713849 -0.048810 0.698596
0.784727 0.000000 0.619842
0.935050 -0.287238 0.207789
-0.277902 0.572947 0.771040
-0.427969 0.623611 0.654180
-0.362742 0.499914 0.786450
-0.224149 0.731914 0.643474
-0.427969 0.623611 0.654180
-0.277902 0.572947 0.771040
0.017162 -0.036611 0.999182
-0.391051 -0.867645 0.307036
-0.160374 -0.956494 0.243722
0.375388 -0.584190 0.719588
0.017162 -0.036611 0.999182
-0.160374 -0.956494 0.243722
0.417829 0.146392 0.896654
0.180256 0.323850 0.928778
0.849300 -0.317724 0.421595
0.525150 -0.244256 -0.815204
0.849300 -0.317724 0.421595
0.839050 -0.500379 -0.213576
-0.611275 -0.357596 0.706023
-0.280612 -0.317213 0.905888
-0.659604 0.024430 0.751216
-0.164866 -0.018318 0.986146
-0.280612 -0.317213 0.905888
-0.611275 -0.357596 0.706023
-0.963161 0.268647 -0.012211
-0.739689 0.512445 0.436188
-0.819940 0.489516 0.296769
-0.771478 0.256143 0.582420
-0.963161 0.268647 -0.012211
-0.819940 0.489516 0.296769
0.262496 -0.524992 -0.809617
0.724493 -0.687964 0.042617
-0.042681 -0.487787 -0.871919
0.897690 -0.170989 0.406098
0.724493 -0.687964 0.042617
0.561820 0.140455 0.815249
-0.929459 0.365689 -0.048759
-0.931064 0.360215 0.058001
-0.881585 0.420965 0.213533
-0.931064 0.360215 0.058001
-0.812336 0.403114 0.421437
-0.881585 0.420965 0.213533
-0.297368 -0.262294 -0.918028
-0.155383 0.359514 -0.920112
-0.497370 0.314289 -0.808607
0.321642 -0.256094 -0.911572
-0.638914 0.275130 -0.718396
-0.497370 0.314289 -0.808607
0.594755 -0.398028 -0.698456
0.609878 -0.445211 -0.655619
0.935932 -0.344496 -0.073167
0.609878 -0.445211 -0.655619
0.734753 -0.472940 -0.486278
0.935932 -0.344496 -0.073167
0.281000 -0.447272 -0.849110
0.928224 0.103815 0.357244
0.271539 -0.141872 -0.951913
0.928224 0.103815 0.357244
0.180098 -0.233898 -0.955435
0.242623 0.105289 -0.964390
-0.880767 0.195726 0.431209
-0.728033 0.171302 0.663795
-0.866160 0.170792 0.469678
-0.866160 0.170792 0.469678
-0.641854 0.134484 0.754942
-0.880767 0.195726 0.431209
-0.262632 -0.861189 -0.435175
-0.195228 -0.567382 -0.799978
-0.189495 -0.855784 -0.481379
-0.085356 -0.585300 0.806312
-0.189495 -0.855784 -0.481379
-0.085603 -0.752082 0.653486
0.083763 0.079465 0.993312
0.510359 0.079231 0.856304
0.208633 -0.152844 0.965977
0.083763 0.079465 0.993312
-0.166952 0.097805 0.981102
0.041603 0.036641 0.998462
0.566252 -0.229850 0.791535
0.422689 -0.306164 0.852994
0.562601 -0.557257 0.610693
-0.151321 -0.326275 0.933085
0.143190 -0.624553 0.767743
0.422689 -0.306164 0.852994
-0.622809 0.103801 0.775458
-0.555933 0.201602 0.806409
-0.622403 0.109836 0.774952
-0.622403 0.109836 0.774952
-0.720410 -0.317469 0.616622
-0.622809 0.103801 0.775458
-0.359997 0.427115 -0.829442
-0.641730 0.110011 -0.758999
-0.481727 0.121956 -0.867794
-0.359997 0.427115 -0.829442
-0.481727 0.121956 -0.867794
-0.305038 0.262333 -0.915496
-0.061084 -0.842965 -0.534489
-0.313840 -0.731277 0.605589
-0.009133 -0.681910 -0.731379
-0.313840 -0.731277 0.605589
-0.170751 -0.506155 0.845370
-0.140576 -0.537857 0.831233
0.116646 -0.748666 0.652605
0.143190 -0.624553 0.767743
-0.222641 -0.322873 0.919883
0.116646 -0.748666 0.652605
-0.367583 -0.556528 0.745090
-0.365633 -0.850539 -0.378017
-0.024428 -0.482449 -0.875584
-0.025940 -0.518804 -0.854500
0.019069 -0.405782 -0.913771
-0.102165 -0.643485 -0.758610
-0.025940 -0.518804 -0.854500
-0.024428 -0.482449 -0.875584
-0.769923 0.122210 -0.626326
-0.268561 -0.061037 -0.961327
0.439759 -0.244310 -0.864248
0.439759 -0.244310 -0.864248
-0.755954 0.121928 -0.643170
-0.769923 0.122210 -0.626326
0.445742 0.167916 0.879272
0.199967 0.303398 0.931645
0.198969 0.291619 0.935612
0.432002 0.258593 0.864005
0.412576 0.252256 0.875299
0.198969 0.291619 0.935612
-0.629513 0.238359 -0.739525
-0.658573 0.060979 -0.750042
-0.824183 0.109891 -0.555560
-0.818230 0.122124 -0.561770
-0.824183 0.109891 -0.555560
-0.658573 0.060979 -0.750042
-0.901351 0.024361 -0.432405
-0.983372 0.122158 -0.134374
-0.851176 0.012203 -0.524739
-0.851176 0.012203 -0.524739
-0.595507 -0.122155 -0.794009
-0.901351 0.024361 -0.432405
-0.268467 -0.866418 -0.421006
-0.117545 -0.806024 -0.580093
-0.380685 -0.733851 -0.562619
-0.117545 -0.806024 -0.580093
-0.268467 -0.866418 -0.421006
-0.123998 -0.575593 -0.808280
0.161358 -0.091550 -0.982641
0.725957 -0.216567 -0.652752
0.493353 -0.538342 -0.683221
0.493353 -0.538342 -0.683221
0.725957 -0.216567 -0.652752
0.574169 -0.642886 -0.506979
0.232991 0.916685 -0.324659
0.609130 -0.048853 -0.791564
0.422779 0.183154 -0.887532
0.417921 0.170829 -0.892277
0.456018 0.549051 -0.700422
0.422779 0.183154 -0.887532
0.252315 0.880807 0.400645
0.180010 0.585796 0.790215
0.079449 0.818933 0.568364
0.079449 0.818933 0.568364
0.180010 0.585796 0.790215
0.247866 0.912147 0.326421
-0.482365 0.122118 -0.867417
-0.543137 0.122053 -0.830726
-0.448711 0.164833 -0.878344
-0.448711 0.164833 -0.878344
-0.543137 0.122053 -0.830726
-0.597436 0.243852 -0.763941
0.030500 -0.201301 -0.979054
0.274651 -0.329581 -0.903296
0.543652 0.064139 -0.836857
0.335583 -0.390496 -0.857261
0.274651 -0.329581 -0.903296
0.030500 -0.201301 -0.979054
-0.413132 -0.473886 0.777659
-0.215885 -0.754078 0.620290
-0.295835 -0.567271 0.768561
-0.414142 -0.243613 0.877006
-0.603647 -0.085364 0.792668
-0.413132 -0.473886 0.777659
-0.617589 0.523278 0.587166
-0.671266 0.244097 0.699871
-0.698295 0.268341 -0.663609
-0.617589 0.523278 0.587166
-0.879768 0.354351 0.316930
-0.671266 0.244097 0.699871
0.447407 -0.085511 0.890233
0.787670 -0.207603 0.580067
0.764644 -0.170598 0.621463
0.764644 -0.170598 0.621463
0.787670 -0.207603 0.580067
0.588664 -0.122003 0.799119
-0.223161 -0.791764 -0.568603
-0.240507 -0.968118 -0.070021
-0.158771 -0.980108 -0.119079
-0.158771 -0.980108 -0.119079
-0.240507 -0.968118 -0.070021
-0.076187 -0.246847 0.966055
0.902605 -0.279015 -0.327804
0.913004 -0.351155 -0.207640
0.686450 -0.276105 -0.672721
0.913004 -0.351155 -0.207640
0.170825 -0.003050 0.985297
0.058027 0.073297 0.995621
0.266947 -0.457623 -0.848128
-0.211091 0.166129 -0.963245
-0.062097 -0.164576 -0.984408
0.271539 -0.141872 -0.951913
-0.211091 0.166129 -0.963245
0.266947 -0.457623 -0.848128
0.807655 -0.109771 0.579347
0.422883 -0.340741 0.839682
0.734618 -0.256182 0.628257
0.734618 -0.256182 0.628257
0.865918 -0.012196 0.500037
0.807655 -0.109771 0.579347
0.983642 -0.085401 -0.158603
0.967201 -0.116034 -0.225960
0.913744 -0.365803 -0.176805
0.732417 -0.162249 -0.661242
0.983013 -0.176927 0.048807
0.967201 -0.116034 -0.225960
0.073073 -0.339485 -0.937769
0.060958 -0.507475 -0.859508
-0.083941 -0.757761 -0.647111
-0.210943 -0.898700 -0.384503
0.060958 -0.507475 -0.859508
0.073073 -0.339485 -0.937769
0.378962 -0.100853 -0.919900
-0.097588 -0.045744 -0.994175
-0.579397 0.318668 -0.750167
0.378962 -0.100853 -0.919900
0.543652 0.064139 -0.836857
-0.097588 -0.045744 -0.994175
0.168317 0.979296 0.112466
0.220151 0.892836 0.392909
0.018285 0.853290 0.521116
-0.415197 0.714384 0.563264
0.018285 0.853290 0.521116
0.220151 0.892836 0.392909
-0.394985 -0.425369 -0.814278
-0.494445 -0.158711 -0.854596
-0.530508 -0.817104 0.225618
-0.770171 -0.488997 -0.409535
-0.461829 -0.753511 -0.467906
-0.394985 -0.425369 -0.814278
0.686425 0.134384 -0.714676
0.014514 -0.317769 -0.948057
-0.228895 0.012208 -0.973375
0.686425 0.134384 -0.714676
0.391108 0.256414 -0.883904
0.014514 -0.317769 -0.948057
-0.555757 0.225967 0.800046
-0.745053 0.186263 0.640471
-0.604772 0.158829 0.780400
-0.745053 0.186263 0.640471
-0.635349 0.268802 0.723932
-0.774584 0.219567 0.593136
-0.720410 -0.317469 0.616622
-0.622403 0.109836 0.774952
-0.451287 -0.329317 0.829392
-0.414626 -0.658524 0.628037
-0.720410 -0.317469 0.616622
-0.451287 -0.329317 0.829392
0.924770 -0.378454 0.039677
0.979146 -0.152515 -0.134213
0.781156 -0.396681 -0.482120
0.836423 -0.409054 -0.364790
0.781156 -0.396681 -0.482120
0.979146 -0.152515 -0.134213
-0.718698 0.225354 0.657791
-0.775584 0.170995 0.607643
-0.806059 -0.054959 -0.589278
-0.775584 0.170995 0.607643
-0.463456 0.286611 0.838489
-0.890675 0.091508 -0.445337
-0.155820 0.042774 0.986859
-0.128085 -0.085390 0.988081
-0.015278 0.036668 0.999211
-0.015278 0.036668 0.999211
0.075926 0.064098 0.995051
-0.068648 0.109836 0.991576
-0.192297 0.115989 -0.974458
-0.311200 -0.210517 -0.926735
-0.173905 -0.152548 -0.972875
-0.173905 -0.152548 -0.972875
-0.311200 -0.210517 -0.926735
-0.986022 0.140424 0.089673
-0.746441 -0.348847 -0.566686
-0.680095 -0.333948 -0.652648
-0.591403 -0.131084 -0.795650
-0.746441 -0.348847 -0.566686
-0.283777 0.085438 -0.955077
-0.405702 0.282161 -0.869362
-0.727735 0.488016 -0.481916
-0.575037 0.817559 0.030506
-0.823816 -0.427359 -0.372413
-0.727735 0.488016 -0.481916
-0.053812 -0.940377 -0.335849
-0.497217 -0.634486 -0.591780
-0.253123 -0.182980 0.949972
-0.216910 -0.916523 0.336058
0.616828 0.219860 0.755767
-0.253123 -0.182980 0.949972
-0.313840 -0.731277 0.605589
-0.061084 -0.842965 -0.534489
-0.210925 -0.379053 -0.901016
0.211760 -0.414379 -0.885126
-0.623197 -0.292552 -0.725285
-0.458073 0.476396 0.750477
-0.914209 -0.085326 -0.396157
-0.771478 0.256143 0.582420
0.123549 -0.414880 -0.901449
-0.287159 -0.293269 -0.911884
-0.006106 -0.415175 -0.909721
-0.155475 -0.365823 -0.917606
0.123549 -0.414880 -0.901449
-0.042683 -0.579266 -0.814021
0.271299 -0.438955 -0.856572
0.958780 -0.250382 0.134351
0.552750 -0.418380 -0.720712
0.695665 -0.347833 -0.628540
0.552750 -0.418380 -0.720712
0.456431 -0.311411 -0.833483
0.358888 0.932495 0.040643
0.405405 0.693675 -0.595367
0.188842 0.548251 -0.814714
0.188842 0.548251 -0.814714
0.210230 0.968885 -0.130632
0.358888 0.932495 0.040643
0.286703 0.555105 0.780807
0.307253 0.253751 0.917173
0.302028 0.826000 0.475923
0.257831 0.920717 0.292921
0.286703 0.555105 0.780807
0.302028 0.826000 0.475923
0.239666 0.464067 -0.852761
0.221211 0.097638 -0.970326
0.456018 0.549051 -0.700422
0.417921 0.170829 -0.892277
0.239666 0.464067 -0.852761
0.456018 0.549051 -0.700422
0.276218 0.862044 -0.424951
0.451688 0.134286 -0.882012
0.261372 -0.440206 -0.859013
0.333507 0.832238 -0.442891
-0.007640 0.965647 0.259747
0.276218 0.862044 -0.424951
-0.260773 0.963794 0.055662
-0.305605 0.948743 -0.080582
0.151398 0.988473 0.000763
-0.260773 0.963794 0.055662
-0.445958 0.888871 0.105021
-0.305605 0.948743 -0.080582
-0.595507 -0.122155 -0.794009
-0.351347 -0.158870 -0.922668
-0.578003 -0.183493 -0.795137
-0.595507 -0.122155 -0.794009
-0.318294 -0.188844 -0.928992
-0.351347 -0.158870 -0.922668
0.257992 0.158764 -0.953013
0.188842 0.548251 -0.814714
0.405405 0.693675 -0.595367
0.768624 0.219716 -0.600785
0.257992 0.158764 -0.953013
0.405405 0.693675 -0.595367
0.017560 0.335922 -0.941726
-0.007820 -0.073244 -0.997283
-0.105659 -0.030515 -0.993934
-0.105659 -0.030515 -0.993934
0.057794 0.000000 -0.998329
-0.079351 -0.180067 -0.980449
-0.152388 -0.975282 -0.160007
0.024391 -0.048782 0.998512
-0.102944 -0.993109 -0.056014
-0.152388 -0.975282 -0.160007
-0.042268 -0.869504 -0.492115
-0.202116 -0.808462 0.552755
0.747275 -0.373256 -0.549781
0.399500 -0.323640 -0.857704
0.671553 -0.250020 -0.697500
0.399500 -0.323640 -0.857704
0.988374 0.017731 0.151002
0.671553 -0.250020 -0.697500
-0.215885 -0.754078 0.620290
-0.261680 -0.346878 0.900666
-0.238538 -0.422028 0.874638
-0.215885 -0.754078 0.620290
-0.238538 -0.422028 0.874638
0.024318 -0.656587 0.753859
0.146606 -0.106137 0.983484
0.260813 -0.413336 0.872428
0.139049 -0.429372 0.892359
0.139049 -0.429372 0.892359
0.260813 -0.413336 0.872428
0.772329 -0.018316 0.634958
0.304782 -0.024413 0.952109
0.139276 -0.048842 0.989048
0.356823 -0.061126 0.932170
0.356823 -0.061126 0.932170
0.540628 -0.085523 0.836904
0.304782 -0.024413 0.952109
-0.380685 -0.733851 -0.562619
-0.117545 -0.806024 -0.580093
-0.340693 -0.427776 -0.837219
-0.377432 -0.840090 -0.389607
-0.380685 -0.733851 -0.562619
-0.340693 -0.427776 -0.837219
-0.838002 0.100560 -0.536321
-0.414620 -0.138715 -0.899360
-0.427003 -0.051088 -0.902806
-0.838002 0.100560 -0.536321
-0.427003 -0.051088 -0.902806
-0.823411 0.208902 -0.527593
-0.286703 0.555105 0.780807
0.279376 0.543485 0.791564
-0.951728 0.274537 0.137269
-0.286703 0.555105 0.780807
-0.951728 0.274537 0.137269
-0.527721 -0.048807 -0.848014
0.736217 0.066581 0.673462
0.463572 0.163658 0.870814
0.752988 0.016845 0.657818
0.752988 0.016845 0.657818
0.463572 0.163658 0.870814
0.376229 0.128086 0.917631
-0.726085 0.334060 0.601003
-0.707874 0.385402 0.591929
-0.662506 0.377048 0.647241
-0.726085 0.334060 0.601003
-0.662506 0.377048 0.647241
-0.683189 0.327489 0.652690
-0.632812 -0.036685 -0.773436
0.177004 -0.054932 -0.982676
-0.030564 -0.360654 -0.932199
-0.253169 -0.173863 -0.951671
-0.632812 -0.036685 -0.773436
-0.030564 -0.360654 -0.932199
0.268964 -0.275076 -0.923034
0.759428 -0.317509 -0.567853
0.669393 -0.365955 -0.646521
0.588088 -0.335832 -0.735778
0.315651 -0.287198 -0.904368
0.669393 -0.365955 -0.646521
0.768624 0.219716 -0.600785
0.405405 0.693675 -0.595367
0.460458 -0.024415 -0.887346
0.733475 -0.134331 -0.666310
0.768624 0.219716 -0.600785
0.460458 -0.024415 -0.887346
-0.388015 -0.122209 -0.913515
-0.894833 0.021378 -0.445889
-0.225920 -0.314456 -0.921997
-0.320399 -0.265473 -0.909323
-0.894833 0.021378 -0.445889
-0.388015 -0.122209 -0.913515
0.265670 0.635165 0.725248
0.301594 0.796591 0.523912
0.575921 0.402963 0.711291
0.310323 0.865097 0.394091
0.265670 0.635165 0.725248
0.269729 0.378996 -0.885216
0.984434 -0.171894 -0.036630
0.771474 -0.046382 -0.634569
0.840959 -0.438396 -0.317170
0.654002 -0.137203 -0.743947
0.840959 -0.438396 -0.317170
0.540449 -0.148433 -0.828180
0.098396 -0.549189 0.829885
-0.497217 -0.634486 -0.591780
0.085069 -0.862843 0.498262
-0.377432 -0.840090 -0.389607
-0.497217 -0.634486 -0.591780
0.098396 -0.549189 0.829885
0.845296 -0.241840 -0.476433
0.930590 -0.300535 -0.209001
0.784109 -0.248657 -0.568632
0.686397 -0.124314 -0.716523
0.845296 -0.241840 -0.476433
0.784109 -0.248657 -0.568632
0.201321 0.231824 0.951697
0.128249 0.323675 0.937436
-0.039570 0.328736 0.943593
0.128249 0.323675 0.937436
-0.128163 0.518753 0.845263
-0.039570 0.328736 0.943593
-0.112938 -0.604371 -0.788658
-0.204954 -0.917704 -0.340315
-0.243586 -0.864729 -0.439215
-0.243586 -0.864729 -0.439215
-0.204954 -0.917704 -0.340315
-0.036634 -0.781535 -0.622785
0.836423 -0.409054 -0.364790
0.920197 -0.390017 0.033517
0.986146 -0.164866 -0.018318
0.920197 -0.390017 0.033517
0.568364 -0.427801 -0.702815
0.986146 -0.164866 -0.018318
-0.079391 -0.491610 -0.867189
0.085435 -0.427177 -0.900123
0.105407 -0.782150 -0.614110
-0.079391 -0.491610 -0.867189
-0.076213 -0.417646 -0.905408
0.085435 -0.427177 -0.900123
-0.346678 -0.438871 0.828979
-0.215743 -0.315200 0.924178
-0.280558 -0.126556 0.951457
-0.280558 -0.126556 0.951457
-0.223881 -0.187329 0.956444
-0.346678 -0.438871 0.828979
0.431176 0.244639 0.868469
0.600169 -0.051791 0.798195
0.597017 -0.127932 0.791962
0.597017 -0.127932 0.791962
0.206357 0.189543 0.959943
0.431176 0.244639 0.868469
0.224318 -0.079350 -0.971280
0.371557 -0.140383 -0.917735
0.110645 -0.085464 -0.990179
0.224318 -0.079350 -0.971280
0.671806 -0.213757 -0.709214
0.371557 -0.140383 -0.917735
-0.058053 -0.895342 -0.441580
0.125347 -0.518942 0.845569
0.059628 -0.996866 0.051984
0.125347 -0.518942 0.845569
-0.058053 -0.895342 -0.441580
-0.403452 -0.628440 0.665048
0.243992 -0.170794 -0.954619
-0.829141 -0.036580 -0.557841
-0.627871 0.219450 -0.746740
-0.755954 0.121928 -0.643170
0.439759 -0.244310 -0.864248
0.243992 -0.170794 -0.954619
0.325450 0.583985 -0.743669
0.342004 -0.036643 -0.938984
0.522299 0.219915 -0.823918
0.325450 0.583985 -0.743669
0.265514 0.048830 -0.962870
0.342004 -0.036643 -0.938984
0.548820 -0.170981 -0.818268
0.925707 -0.280841 -0.253367
0.855736 -0.292611 -0.426725
0.925707 -0.280841 -0.253367
0.803471 -0.280795 -0.524965
0.855736 -0.292611 -0.426725
0.462808 -0.018337 -0.886269
0.895265 -0.292954 -0.335677
0.523320 -0.036617 -0.851349
0.866731 -0.128136 -0.482036
0.895265 -0.292954 -0.335677
0.462808 -0.018337 -0.886269
0.525129 -0.110071 0.843875
0.909474 0.415760 0.000000
0.463023 0.321839 0.825851
0.727710 -0.525908 0.440295
0.955473 -0.122105 -0.268631
0.525129 -0.110071 0.843875
-0.489120 0.122280 0.863603
-0.719885 0.134216 0.680993
-0.561935 0.171024 0.809308
-0.372492 0.170980 0.912149
-0.489120 0.122280 0.863603
-0.561935 0.171024 0.809308
-0.443450 0.318061 0.837968
-0.901029 0.006109 0.433716
-0.564839 0.106861 0.818253
-0.907273 -0.237474 -0.347077
-0.537734 0.174152 0.824932
-0.564839 0.106861 0.818253
-0.018297 -0.463530 0.885892
0.628657 -0.534510 0.564880
0.000000 -0.316684 0.948531
-0.170879 -0.048823 0.984082
-0.018297 -0.463530 0.885892
0.000000 -0.316684 0.948531
-0.899137 0.195731 0.391461
-0.741754 0.255358 0.620155
-0.639804 0.194988 0.743391
-0.741754 0.255358 0.620155
-0.899137 0.195731 0.391461
-0.724704 0.304498 0.618130
0.480583 -0.857749 0.182500
0.054335 -0.622283 -0.780904
-0.595613 -0.798723 -0.085360
-0.213446 -0.257054 0.942531
0.480583 -0.857749 0.182500
-0.595613 -0.798723 -0.085360
0.786439 -0.463329 -0.408461
0.613389 -0.476063 -0.630173
0.836423 -0.409054 -0.364790
0.836423 -0.409054 -0.364790
0.613389 -0.476063 -0.630173
0.781156 -0.396681 -0.482120
-0.943406 -0.060865 -0.326008
-0.061039 -0.183116 -0.981195
0.158728 -0.268617 -0.950079
0.158728 -0.268617 -0.950079
-0.195141 -0.170749 -0.965797
-0.885297 0.341908 -0.315196
0.166346 0.231968 -0.958394
0.152623 0.137360 -0.978692
-0.012207 -0.241081 -0.970428
0.207459 0.643732 -0.736593
0.152623 0.137360 -0.978692
0.166346 0.231968 -0.958394
0.014494 0.213595 0.976815
-0.243222 0.622159 0.744151
-0.063827 0.898932 0.433414
0.126676 0.366293 0.921837
0.014494 0.213595 0.976815
0.073509 0.847071 0.526372
-0.982635 0.149531 0.109860
-0.941491 0.210918 0.262884
-0.604770 0.363473 0.708619
-0.944468 0.313807 0.097493
-0.935447 0.229276 0.269018
-0.941491 0.210918 0.262884
0.592971 0.024390 0.804855
0.600891 0.134380 0.787954
0.711024 -0.042722 0.701869
0.592971 0.024390 0.804855
0.415371 0.194753 0.888560
0.600891 0.134380 0.787954
-0.289289 -0.925724 -0.243612
-0.284521 -0.930046 -0.232512
-0.329704 -0.744886 -0.580034
-0.306426 -0.723165 -0.618980
-0.284521 -0.930046 -0.232512
-0.289289 -0.925724 -0.243612
0.420409 0.219344 0.880423
0.417829 0.146392 0.896654
0.714611 -0.067186 0.696288
0.420409 0.219344 0.880423
0.714611 -0.067186 0.696288
0.628212 0.073190 0.774592
-0.131331 0.097735 -0.986509
0.230263 0.304984 -0.924102
-0.260447 -0.012220 -0.965411
0.230263 0.304984 -0.924102
-0.131331 0.097735 -0.986509
0.750490 0.134302 -0.647092
-0.987819 0.088416 0.128051
-0.796345 0.191840 0.573613
-0.982062 0.178418 -0.060998
-0.982062 0.178418 -0.060998
-0.796345 0.191840 0.573613
-0.966997 0.147948 0.207432
-0.082484 -0.989808 -0.116089
-0.024430 -0.659604 -0.751216
0.058052 -0.873834 -0.482747
0.058052 -0.873834 -0.482747
-0.024430 -0.659604 -0.751216
0.165185 -0.599559 -0.783098
-0.158583 0.294674 0.942347
-0.019053 0.244643 0.969426
-0.012209 0.336505 0.941603
-0.012209 0.336505 0.941603
-0.019053 0.244643 0.969426
0.083993 0.349715 0.933083
-0.175888 -0.980709 -0.085279
0.440481 -0.164894 0.882489
-0.403452 -0.628440 0.665048
-0.175888 -0.980709 -0.085279
-0.207629 -0.409151 -0.888530
0.643646 -0.683302 0.344701
-0.749820 0.158499 0.642377
-0.811495 0.219653 0.541505
-0.895941 0.249888 0.367214
-0.775175 0.189216 0.602744
-0.873703 0.226063 0.430742
-0.895941 0.249888 0.367214
0.810972 -0.579266 -0.082317
0.363053 -0.605978 -0.707801
0.485238 -0.192264 -0.852982
0.810972 -0.579266 -0.082317
0.524334 -0.041154 0.850518
0.363053 -0.605978 -0.707801
0.952441 0.024422 0.303743
0.806848 -0.048807 0.588740
0.503829 -0.316605 -0.803690
0.535689 -0.244887 0.808126
0.806848 -0.048807 0.588740
0.952441 0.024422 0.303743
0.045933 0.116363 0.992144
0.129219 0.036701 0.990937
0.300179 0.140900 0.943419
0.339232 0.160087 0.926981
0.045933 0.116363 0.992144
0.300179 0.140900 0.943419
-0.305383 -0.201553 -0.930654
-0.420691 -0.695056 -0.583024
0.311123 -0.170813 -0.934893
0.311123 -0.170813 -0.934893
0.274520 0.000000 -0.961581
-0.305383 -0.201553 -0.930654
-0.812260 0.177109 0.555757
-0.496504 0.258913 0.828522
-0.592538 -0.135154 -0.794123
-0.666678 -0.263384 -0.697259
-0.542684 0.218655 0.810977
-0.812260 0.177109 0.555757
-0.158841 -0.085530 -0.983592
-0.275262 -0.159040 -0.948123
-0.700985 0.000000 -0.713176
-0.275447 0.024484 -0.961004
-0.158841 -0.085530 -0.983592
-0.700985 0.000000 -0.713176
0.146470 -0.512644 -0.846016
0.724493 -0.687964 0.042617
0.262496 -0.524992 -0.809617
0.262496 -0.524992 -0.809617
0.786856 0.408677 -0.462430
0.146470 -0.512644 -0.846016
0.283852 0.396782 0.872921
0.410278 0.603978 0.683288
0.391520 0.727982 0.562810
0.396667 0.822265 0.408087
0.410278 0.603978 0.683288
0.274939 0.427534 0.861176
0.817729 -0.036666 0.574435
0.583035 0.048781 0.810981
0.750550 -0.024458 0.660361
0.817729 -0.036666 0.574435
0.750550 -0.024458 0.660361
0.948519 -0.085397 0.304990
-0.509654 0.332648 0.793472
-0.463792 0.460741 0.756713
-0.710510 0.314088 0.629701
-0.155618 0.219696 0.963077
-0.710510 0.314088 0.629701
-0.463792 0.460741 0.756713
0.736217 0.066581 0.673462
0.202329 0.166444 0.965070
0.435154 0.170708 0.884025
0.736217 0.066581 0.673462
0.435154 0.170708 0.884025
0.463572 0.163658 0.870814
-0.989295 0.097708 -0.108395
-0.823813 -0.360037 -0.437841
-0.018315 0.390719 0.920328
-0.972511 0.167674 -0.161577
-0.018315 0.390719 0.920328
-0.823813 -0.360037 -0.437841
-0.611209 0.097794 -0.785404
0.122235 -0.372817 -0.919819
0.039694 -0.354191 -0.934331
-0.806484 -0.232170 -0.543766
-0.611209 0.097794 -0.785404
0.039694 -0.354191 -0.934331
-0.394464 -0.217108 0.892895
-0.105234 -0.509394 0.854074
-0.215743 -0.315200 0.924178
-0.204150 -0.176727 0.962856
-0.215743 -0.315200 0.924178
-0.105234 -0.509394 0.854074
0.960399 0.128257 -0.247352
0.163108 0.182925 -0.969502
0.562745 -0.411765 -0.716776
0.562745 -0.411765 -0.716776
0.678088 -0.307806 0.667422
0.960399 0.128257 -0.247352
-0.885297 0.341908 -0.315196
-0.299231 0.000000 -0.954181
0.366072 -0.146429 -0.918994
0.585506 0.073188 -0.807358
0.366072 -0.146429 -0.918994
-0.299231 0.000000 -0.954181
-0.731571 -0.055097 -0.679535
-0.992067 0.109891 -0.061050
-0.736779 -0.192602 -0.648121
-0.912154 0.076267 -0.402690
-0.736779 -0.192602 -0.648121
-0.992067 0.109891 -0.061050
-0.286703 0.555105 0.780807
-0.919939 0.201714 0.336190
0.311282 -0.195314 0.930030
-0.919939 0.201714 0.336190
0.120509 -0.073221 0.990008
0.311282 -0.195314 0.930030
-0.833305 0.402917 0.378498
-0.917298 0.391381 -0.073384
-0.873023 0.402934 0.274728
-0.815187 0.439652 0.377062
-0.833305 0.402917 0.378498
-0.634931 0.433463 0.639510
-0.061147 -0.379114 -0.923327
0.033499 -0.535983 -0.843564
-0.237924 -0.439245 -0.866289
-0.061147 -0.379114 -0.923327
-0.237924 -0.439245 -0.866289
-0.274466 -0.158580 -0.948431
-0.125079 -0.518619 -0.845807
-0.111327 -0.667960 -0.735823
-0.102165 -0.643485 -0.758610
-0.111327 -0.667960 -0.735823
-0.125079 -0.518619 -0.845807
-0.018304 -0.372183 -0.927979
-0.237642 -0.389976 0.889632
-0.231893 -0.781112 0.579732
-0.139867 -0.462171 0.875692
-0.299020 -0.341737 0.890956
-0.231893 -0.781112 0.579732
-0.237642 -0.389976 0.889632
0.505735 -0.336138 -0.794508
0.892282 -0.146426 -0.427075
0.686162 -0.006113 0.727423
0.892282 -0.146426 -0.427075
0.505735 -0.336138 -0.794508
0.268964 -0.275076 -0.923034
0.494424 0.097664 0.863717
0.454486 0.207416 0.866268
0.796465 -0.585905 0.149528
0.494424 0.097664 0.863717
0.592971 0.024390 0.804855
0.454486 0.207416 0.866268
-0.801137 0.220160 0.556515
-0.731694 0.249995 0.634135
-0.695665 0.201377 0.689563
-0.961856 0.200894 0.185675
-0.801137 0.220160 0.556515
-0.950015 0.219234 0.222279
-0.067419 -0.894830 -0.441286
-0.165753 -0.969964 0.178031
-0.250443 -0.171034 0.952904
0.165185 0.599559 0.783098
-0.067419 -0.894830 -0.441286
-0.250443 -0.171034 0.952904
-0.543520 0.244279 0.803066
-0.597358 0.292584 0.746698
-0.463456 0.286611 0.838489
-0.775584 0.170995 0.607643
-0.543520 0.244279 0.803066
-0.463456 0.286611 0.838489
0.845097 -0.207461 0.492719
0.401039 -0.045746 0.914918
0.442907 -0.010691 0.896504
0.401039 -0.045746 0.914918
0.845097 -0.207461 0.492719
0.558368 -0.067126 0.826873
-0.484925 0.158592 0.860056
-0.308596 0.042776 0.950231
-0.210756 0.134395 0.968256
-0.484925 0.158592 0.860056
-0.531616 0.079437 0.843252
-0.308596 0.042776 0.950231
0.278692 -0.379235 -0.882333
0.910397 -0.207567 0.357901
0.921238 -0.268885 0.281107
0.468843 0.195161 0.861451
0.921238 -0.268885 0.281107
0.910397 -0.207567 0.357901
0.901853 -0.244570 -0.356155
0.706421 -0.243593 -0.664554
0.891820 -0.256551 -0.372610
0.706421 -0.243593 -0.664554
0.901853 -0.244570 -0.356155
0.057999 -0.146523 -0.987506
0.035123 -0.235598 -0.971216
0.051731 -0.033473 -0.998100
0.251812 -0.079359 -0.964517
0.035123 -0.235598 -0.971216
-0.210309 -0.167638 -0.963155
0.051731 -0.033473 -0.998100
0.673540 0.048763 0.737541
0.427177 0.085435 0.900123
0.713924 0.000000 0.700224
0.599078 0.097809 0.794695
0.673540 0.048763 0.737541
0.713924 0.000000 0.700224
-0.155701 -0.957218 -0.243907
0.267643 -0.783116 -0.561335
-0.135507 -0.816086 -0.561820
-0.231405 -0.858191 -0.458213
-0.155701 -0.957218 -0.243907
-0.135507 -0.816086 -0.561820
-0.658962 0.222705 0.718451
-0.436512 0.271484 0.857761
-0.693209 0.254991 0.674123
-0.585065 0.166073 0.793800
-0.658962 0.222705 0.718451
-0.693209 0.254991 0.674123
0.321125 0.831867 0.452633
-0.238538 -0.422028 0.874638
-0.158666 -0.146461 0.976409
-0.176682 -0.511767 0.840760
0.088409 -0.975551 -0.201207
-0.158666 -0.146461 0.976409
-0.189076 -0.442194 -0.876764
-0.511525 0.764243 -0.392778
-0.036619 -0.347876 -0.936825
-0.189076 -0.442194 -0.876764
0.170906 -0.540184 -0.824010
-0.067236 -0.378966 -0.922965
-0.755757 -0.231603 -0.612529
-0.412709 -0.158675 -0.896936
-0.695801 -0.061035 -0.715637
-0.589022 -0.219739 -0.777669
-0.755757 -0.231603 -0.612529
-0.305289 -0.268654 -0.913577
0.638451 -0.195273 -0.744479
0.564875 -0.217377 -0.796030
0.932764 -0.067171 -0.354175
0.638451 -0.195273 -0.744479
0.930770 -0.219363 -0.292484
0.564875 -0.217377 -0.796030
0.103833 0.207667 -0.972673
-0.215849 0.972841 -0.083604
0.441406 0.796983 -0.412285
0.441406 0.796983 -0.412285
0.753125 0.563313 -0.339825
0.091670 -0.647800 -0.756275
0.962004 -0.219887 0.161861
0.958757 -0.219842 0.180149
0.943843 -0.311560 -0.109962
0.962004 -0.219887 0.161861
0.568364 -0.427801 -0.702815
0.769535 -0.482486 -0.418358
-0.724704 0.304498 0.618130
-0.579988 0.293047 0.760090
-0.483352 0.330393 0.810686
-0.579988 0.293047 0.760090
-0.623856 0.232417 0.746181
-0.483352 0.330393 0.810686
-0.648000 0.270761 -0.711888
-0.478458 0.027428 -0.877682
-0.302526 -0.238354 -0.922857
-0.478458 0.027428 -0.877682
-0.648000 0.270761 -0.711888
-0.021374 0.464129 -0.885510
0.345050 0.293140 0.891633
0.558587 -0.061048 0.827197
0.591584 -0.146371 0.792845
0.174178 0.268907 0.947286
0.591584 -0.146371 0.792845
0.326825 0.048871 0.943821
-0.184286 0.606163 0.773696
-0.305308 0.686944 0.659466
-0.354516 0.482876 0.800718
-0.354516 0.482876 0.800718
-0.159605 0.456013 0.875545
-0.184286 0.606163 0.773696
-0.299030 -0.816231 -0.494316
-0.079391 -0.491610 -0.867189
-0.097556 -0.832278 -0.545706
-0.030541 -0.871943 -0.488654
-0.299030 -0.816231 -0.494316
-0.097556 -0.832278 -0.545706
0.558368 -0.067126 0.826873
0.845097 -0.207461 0.492719
0.473201 -0.018317 0.880764
0.367822 -0.122099 0.921845
0.558368 -0.067126 0.826873
0.473201 -0.018317 0.880764
-0.585616 0.463613 0.664919
-0.751549 0.488812 0.442986
-0.945341 0.280553 0.166197
-0.858200 0.427573 0.284031
-0.751549 0.488812 0.442986
-0.585616 0.463613 0.664919
-0.016813 0.081532 0.996529
0.030157 0.248887 0.968063
-0.107783 0.279777 0.953995
-0.107783 0.279777 0.953995
0.030157 0.248887 0.968063
-0.142033 0.429188 0.891978
-0.659604 0.024430 0.751216
-0.433269 0.045768 0.900102
-0.686675 0.292981 0.665312
-0.433600 0.356690 0.827504
-0.686675 0.292981 0.665312
-0.387074 0.190489 0.902157
-0.085597 0.330159 0.940036
-0.287238 0.207789 0.935050
-0.275183 0.256837 0.926450
-0.275183 0.256837 0.926450
-0.287238 0.207789 0.935050
-0.030553 0.207762 0.977702
-0.109245 -0.679747 -0.725265
-0.247522 -0.917642 0.310912
-0.042268 -0.869504 -0.492115
-0.207301 -0.048777 0.977060
-0.202116 -0.808462 0.552755
-0.042268 -0.869504 -0.492115
0.863090 -0.304979 -0.402572
0.908372 -0.366402 -0.201521
0.622064 -0.365920 -0.692199
0.863090 -0.304979 -0.402572
0.517821 -0.255865 -0.816330
0.908372 -0.366402 -0.201521
-0.223161 -0.791764 -0.568603
-0.222522 -0.801688 -0.554780
-0.240507 -0.968118 -0.070021
-0.223161 -0.791764 -0.568603
-0.403001 -0.806003 -0.433532
-0.222522 -0.801688 -0.554780
0.445960 0.128290 -0.885811
0.411704 0.881352 0.231774
0.412582 0.018337 -0.910736
0.412582 0.018337 -0.910736
0.391187 -0.027505 -0.919900
0.445960 0.128290 -0.885811
0.000000 0.225974 -0.974133
0.039721 0.806642 -0.589704
0.247866 0.912147 0.326421
0.000000 0.225974 -0.974133
0.409344 0.907792 0.091388
-0.300604 -0.116043 -0.946663
-0.878589 0.205919 -0.430905
-0.986022 0.140424 0.089673
-0.048828 -0.100707 -0.993717
-0.048828 -0.100707 -0.993717
-0.965127 0.101552 -0.241282
-0.878589 0.205919 -0.430905
-0.372745 0.430796 -0.821873
0.115916 0.555177 -0.823615
-0.332389 0.327815 -0.884339
-0.332389 0.327815 -0.884339
-0.035130 0.412396 -0.910327
-0.372745 0.430796 -0.821873
0.210765 -0.305456 0.928587
0.124941 -0.451008 0.883732
0.027481 -0.659552 0.751156
0.124941 -0.451008 0.883732
0.503056 -0.487812 0.713425
-0.109181 -0.909843 -0.400331
0.910853 -0.213243 -0.353375
0.955112 -0.094596 -0.280736
0.412576 0.252256 0.875299
0.412576 0.252256 0.875299
0.951001 -0.097774 -0.293321
0.198969 0.291619 0.935612
-0.506342 -0.549046 -0.664956
-0.208130 -0.734577 -0.645816
0.127807 -0.401678 -0.906819
0.127807 -0.401678 -0.906819
-0.085321 -0.134077 -0.987291
-0.649342 -0.759608 -0.036755
0.164282 -0.493989 -0.853807
0.215183 -0.363217 -0.906515
0.074422 -0.864897 -0.496402
0.164282 -0.493989 -0.853807
0.288415 -0.289941 -0.912552
0.215183 -0.363217 -0.906515
-0.952777 0.182933 0.242387
-0.771478 0.256143 0.582420
-0.810661 0.377902 0.447235
-0.771478 0.256143 0.582420
-0.952777 0.182933 0.242387
-0.963161 0.268647 -0.012211
-0.530857 0.446957 0.720013
-0.568117 0.418452 0.708619
-0.262191 0.407006 0.874987
-0.530857 0.446957 0.720013
-0.262191 0.407006 0.874987
-0.726184 0.161713 0.668211
0.220151 0.892836 0.392909
0.168317 0.979296 0.112466
0.131434 0.758038 0.638830
0.168317 0.979296 0.112466
0.153190 0.943649 0.293358
0.131434 0.758038 0.638830
-0.368371 0.371035 -0.852429
0.082376 0.996527 0.012204
0.082353 0.067103 -0.994342
0.509719 0.860341 0.000000
0.082353 0.067103 -0.994342
0.082376 0.996527 0.012204
0.006082 -0.717657 -0.696370
-0.091489 -0.744106 -0.661767
0.024350 -0.974000 -0.225237
-0.170226 -0.948403 -0.267498
-0.091489 -0.744106 -0.661767
0.006082 -0.717657 -0.696370
0.184697 0.943330 0.275710
0.071775 0.644447 0.761273
0.272820 0.962050 -0.005345
0.184697 0.943330 0.275710
0.272820 0.962050 -0.005345
0.120544 0.317382 -0.940605
0.712479 -0.677389 0.183078
0.636790 -0.262028 -0.725148
0.713282 -0.630804 0.305474
0.712479 -0.677389 0.183078
0.713282 -0.630804 0.305474
0.562601 -0.557257 0.610693
-0.010680 -0.115949 0.993198
0.219639 0.018303 0.975410
-0.428665 0.439343 0.789445
-0.010680 -0.115949 0.993198
-0.251887 0.409125 0.877023
0.120509 -0.073221 0.990008
-0.277534 -0.457474 -0.844803
-0.182832 -0.719138 -0.670383
-0.146293 -0.835086 -0.530310
-0.277534 -0.457474 -0.844803
0.059628 -0.996866 0.051984
-0.182832 -0.719138 -0.670383
0.199326 0.979892 0.008939
0.254266 0.879621 0.402014
0.017560 0.335922 -0.941726
0.254266 0.879621 0.402014
0.110601 0.183063 -0.976860
0.017560 0.335922 -0.941726
-0.545704 0.472537 0.692038
-0.501227 0.400370 0.767122
-0.751282 0.479476 0.453518
-0.695364 0.420878 0.582520
-0.545704 0.472537 0.692038
-0.751282 0.479476 0.453518
0.144836 -0.329311 -0.933047
0.385488 -0.365680 -0.847159
0.253392 -0.311397 -0.915874
0.253392 -0.311397 -0.915874
0.737724 -0.317695 -0.595678
0.144836 -0.329311 -0.933047
-0.758038 -0.131434 -0.638830
-0.683677 -0.500549 -0.531071
-0.378538 -0.186216 -0.906660
-0.683677 -0.500549 -0.531071
-0.758038 -0.131434 -0.638830
-0.430432 -0.141951 -0.891391
-0.550088 -0.036673 -0.834301
-0.299059 -0.164787 -0.939898
0.414941 -0.366124 -0.832933
-0.593317 -0.103983 -0.798225
-0.550088 -0.036673 -0.834301
0.414941 -0.366124 -0.832933
0.225859 0.705045 0.672235
0.100691 0.674326 0.731537
0.390774 0.897559 -0.204164
0.100691 0.674326 0.731537
0.225859 0.705045 0.672235
0.448529 0.508028 0.735343
0.411704 0.881352 0.231774
0.445960 0.128290 -0.885811
-0.036632 0.894437 0.445692
-0.180252 0.721008 0.669071
0.411704 0.881352 0.231774
-0.036632 0.894437 0.445692
-0.364173 0.832395 -0.417728
0.199326 0.979892 0.008939
-0.262360 0.048811 -0.963735
0.017560 0.335922 -0.941726
-0.262360 0.048811 -0.963735
0.199326 0.979892 0.008939
-0.737788 0.490842 0.463404
-0.645562 0.408044 0.645562
-0.879731 0.387937 0.274916
-0.737788 0.490842 0.463404
-0.879731 0.387937 0.274916
-0.827752 0.281008 0.485655
-0.676565 0.243807 0.694851
-0.904831 0.360710 0.226208
-0.954459 0.195161 0.225655
-0.954459 0.195161 0.225655
-0.904831 0.360710 0.226208
-0.740585 0.295625 0.603440
0.574140 0.268033 0.773642
0.704816 0.103739 0.701764
0.579708 0.186117 0.793284
0.945135 -0.305375 -0.116042
0.574140 0.268033 0.773642
0.579708 0.186117 0.793284
0.234543 0.365225 -0.900889
0.202114 0.287587 -0.936186
0.216113 0.421908 -0.880505
0.216113 0.421908 -0.880505
0.202114 0.287587 -0.936186
0.255967 0.482898 -0.837431
-0.110634 -0.061039 -0.991985
-0.431570 -0.097599 -0.896784
-0.014496 0.024414 -0.999597
-0.589022 -0.219739 -0.777669
-0.431570 -0.097599 -0.896784
-0.110634 -0.061039 -0.991985
0.274939 0.427534 0.861176
0.468487 0.591853 0.655919
0.240879 0.493955 0.835455
0.468487 0.591853 0.655919
0.274939 0.427534 0.861176
0.526292 0.134340 0.839625
0.463015 -0.719188 0.518059
0.266171 -0.428630 0.863383
0.085069 -0.862843 0.498262
-0.053812 -0.940377 -0.335849
0.463015 -0.719188 0.518059
0.085069 -0.862843 0.498262
-0.864212 0.357289 -0.354235
-0.850906 0.115894 -0.512374
-0.307412 -0.267844 -0.913103
-0.307412 -0.267844 -0.913103
-0.850906 0.115894 -0.512374
-0.902305 0.180461 0.391509
-0.089357 -0.452133 -0.887463
-0.006106 -0.415175 -0.909721
-0.312402 -0.268209 -0.911301
-0.287159 -0.293269 -0.911884
-0.312402 -0.268209 -0.911301
-0.006106 -0.415175 -0.909721
0.213217 0.487352 -0.846774
0.213522 0.012201 -0.976862
-0.016792 -0.109913 -0.993799
0.242128 0.962420 -0.122967
0.213217 0.487352 -0.846774
-0.016792 -0.109913 -0.993799
-0.592113 0.012209 -0.805762
-0.146505 -0.024417 -0.988909
-0.127984 -0.121889 -0.984258
-0.592113 0.012209 -0.805762
-0.207834 -0.134481 -0.968875
-0.146505 -0.024417 -0.988909
-0.173099 0.914461 0.365784
0.397825 0.914540 0.073163
0.234543 0.365225 -0.900889
-0.100609 0.975605 -0.195121
-0.173099 0.914461 0.365784
0.234543 0.365225 -0.900889
0.265380 0.390444 -0.881548
0.124985 0.121937 -0.984637
0.146292 0.097528 -0.984422
0.277545 0.152497 -0.948532
0.289734 0.128093 -0.948497
0.124985 0.121937 -0.984637
0.402099 0.000000 -0.915596
0.169689 0.044333 -0.984500
0.248815 0.226265 -0.941751
0.248815 0.226265 -0.941751
0.169689 0.044333 -0.984500
0.297336 0.414745 -0.859987
0.207467 -0.482055 -0.851223
0.413047 -0.659044 -0.628533
0.443201 -0.848261 -0.289873
0.443201 -0.848261 -0.289873
0.413047 -0.659044 -0.628533
0.644170 -0.741865 -0.186229
0.923848 -0.009147 0.382650
0.720596 -0.209156 0.661056
-0.064078 0.286827 0.955837
0.204432 -0.660590 -0.722377
0.720596 -0.209156 0.661056
0.923848 -0.009147 0.382650
0.685640 0.062469 0.725255
0.714998 -0.562221 -0.415554
0.507048 0.106908 0.855262
0.714998 -0.562221 -0.415554
0.727516 -0.660267 -0.186464
0.507048 0.106908 0.855262
0.411974 -0.604228 -0.682045
0.904340 -0.268858 0.331489
0.732780 -0.528212 -0.428982
0.732780 -0.528212 -0.428982
0.616705 -0.430473 -0.659066
0.881196 -0.432975 -0.189808
-0.352375 0.021264 0.935617
-0.346705 0.158146 0.924546
-0.524739 0.125083 0.842023
-0.352375 0.021264 0.935617
-0.192355 0.091598 0.977041
-0.346705 0.158146 0.924546
-0.589217 -0.785623 0.188734
-0.250156 -0.903001 -0.349303
-0.170879 -0.048823 0.984082
-0.250156 -0.903001 -0.349303
-0.589217 -0.785623 0.188734
-0.109245 -0.679747 -0.725265
-0.801147 0.041124 -0.597053
-0.617010 -0.088581 -0.781954
0.085371 -0.275932 -0.957378
-0.617010 -0.088581 -0.781954
-0.801147 0.041124 -0.597053
-0.832229 0.239685 -0.499947
0.267305 0.091647 0.959244
0.178723 -0.079433 0.980688
0.308235 0.146488 0.939964
0.128249 0.323675 0.937436
0.308235 0.146488 0.939964
0.178723 -0.079433 0.980688
-0.188989 0.219471 0.957139
-0.059151 0.317505 0.946410
-0.308114 0.317266 0.896888
-0.188989 0.219471 0.957139
-0.308114 0.317266 0.896888
-0.362319 0.109609 0.925587
-0.661149 0.033514 -0.749506
-0.832229 0.239685 -0.499947
-0.741260 -0.012583 -0.671100
-0.741260 -0.012583 -0.671100
-0.832229 0.239685 -0.499947
-0.207313 -0.169966 -0.963396
0.711169 -0.328935 -0.621321
0.385488 -0.365680 -0.847159
0.144836 -0.329311 -0.933047
0.385488 -0.365680 -0.847159
0.711169 -0.328935 -0.621321
0.734132 -0.042735 0.677660
0.070140 -0.137230 -0.988053
0.097798 -0.227686 -0.968811
-0.030477 -0.189720 -0.981365
-0.030477 -0.189720 -0.981365
0.097798 -0.227686 -0.968811
-0.000382 -0.304180 -0.952614
-0.286049 -0.413858 0.864232
-0.295835 -0.567271 0.768561
0.024318 -0.656587 0.753859
-0.286049 -0.413858 0.864232
0.024318 -0.656587 0.753859
-0.278397 -0.434421 0.856606
0.412651 -0.000287 0.910889
0.676876 -0.140254 0.722611
0.641416 -0.074259 0.763591
0.641416 -0.074259 0.763591
0.676876 -0.140254 0.722611
0.763798 -0.113042 0.635480
0.783802 -0.183167 -0.593384
0.688851 -0.207494 -0.694572
0.884785 -0.268255 -0.381044
0.783802 -0.183167 -0.593384
0.534443 -0.146590 -0.832395
0.688851 -0.207494 -0.694572
0.240633 0.901614 -0.359427
0.409344 0.907792 0.091388
0.440782 0.543441 0.714411
0.240633 0.901614 -0.359427
0.440782 0.543441 0.714411
0.151790 0.555294 0.817685
-0.030541 -0.871943 -0.488654
-0.116031 -0.859546 -0.497712
-0.128208 -0.987510 -0.091577
-0.238074 -0.950768 0.198395
-0.116031 -0.859546 -0.497712
-0.295945 -0.951906 -0.079325
0.283667 0.250115 0.925730
0.904340 -0.268858 0.331489
0.396404 0.277483 0.875138
0.283667 0.250115 0.925730
0.396404 0.277483 0.875138
0.589264 0.204563 0.781615
-0.311109 0.463613 0.829623
0.149855 0.611655 0.776802
-0.464435 0.849426 -0.250550
-0.261986 0.359469 0.895626
-0.171483 0.649184 0.741049
-0.311109 0.463613 0.829623
0.691839 -0.146292 0.707077
0.742311 -0.097753 0.662887
0.448484 -0.146444 0.881712
0.742311 -0.097753 0.662887
0.804068 -0.170560 0.569548
0.567334 -0.122007 0.814399
-0.121813 0.401983 0.907508
-0.238542 0.366988 0.899120
-0.979239 0.097924 -0.177487
-0.389715 0.438430 0.809877
-0.238542 0.366988 0.899120
-0.121813 0.401983 0.907508
-0.007644 0.336327 0.941714
-0.131068 0.318525 0.938810
0.091798 0.237910 0.966939
-0.007644 0.336327 0.941714
-0.159605 0.456013 0.875545
-0.131068 0.318525 0.938810
-0.063803 -0.164064 0.984384
0.129219 0.036701 0.990937
-0.162856 -0.027396 0.986269
-0.063803 -0.164064 0.984384
-0.162856 -0.027396 0.986269
-0.247392 -0.232121 0.940700
-0.445707 -0.668560 -0.595293
0.149598 -0.731199 -0.665559
-0.091663 -0.821908 -0.562197
0.149598 -0.731199 -0.665559
-0.189020 -0.954246 -0.231702
-0.091663 -0.821908 -0.562197
0.178528 0.195312 0.964355
0.151790 0.555294 0.817685
0.526292 0.134340 0.839625
0.178528 0.195312 0.964355
0.526292 0.134340 0.839625
0.325289 0.122174 0.937689
-0.035006 -0.925367 -0.377452
0.205339 -0.766598 -0.608411
0.070049 -0.877132 -0.475113
0.205339 -0.766598 -0.608411
0.097805 -0.971936 -0.213948
0.070049 -0.877132 -0.475113
0.634568 -0.256268 -0.729143
0.522299 0.219915 -0.823918
0.711302 -0.134323 -0.689932
0.745177 0.207672 -0.633706
0.711302 -0.134323 -0.689932
0.522299 0.219915 -0.823918
-0.257903 0.097667 -0.961222
-0.155516 -0.158565 -0.975024
-0.822670 -0.402194 -0.401813
-0.257903 0.097667 -0.961222
-0.196806 0.170871 -0.965438
-0.155516 -0.158565 -0.975024
0.153034 0.979418 0.131609
0.085454 0.927791 0.363181
-0.088668 0.917255 0.388305
-0.032060 0.842725 0.537390
0.085454 0.927791 0.363181
0.153034 0.979418 0.131609
0.827251 0.036564 0.560642
0.666060 0.232204 0.708834
0.693752 0.097583 0.713573
0.666060 0.232204 0.708834
0.495468 0.237824 0.835435
0.693752 0.097583 0.713573
-0.697744 0.514127 0.498826
-0.705820 0.413756 -0.575000
-0.488595 0.219868 0.844354
0.481696 -0.353650 -0.801811
-0.705820 0.413756 -0.575000
-0.697744 0.514127 0.498826
0.795793 0.012231 -0.605445
0.228024 -0.231837 -0.945651
0.731625 0.110088 -0.672759
0.731625 0.110088 -0.672759
0.932555 -0.024420 0.360201
0.795793 0.012231 -0.605445
-0.051835 0.634211 0.771420
0.411704 0.881352 0.231774
-0.180252 0.721008 0.669071
-0.051835 0.634211 0.771420
-0.180252 0.721008 0.669071
-0.051848 0.902771 0.426986
0.207459 0.643732 -0.736593
0.124272 0.244064 -0.961764
0.152623 0.137360 -0.978692
0.207459 0.643732 -0.736593
0.157239 0.503775 -0.849404
0.124272 0.244064 -0.961764
-0.943406 -0.060865 -0.326008
-0.500574 0.231973 0.834035
-0.868487 0.452592 0.202214
-0.164839 -0.122103 -0.978733
-0.943406 -0.060865 -0.326008
-0.868487 0.452592 0.202214
-0.445707 -0.668560 -0.595293
-0.091663 -0.821908 -0.562197
0.347574 -0.359769 -0.865886
0.347574 -0.359769 -0.865886
-0.140494 -0.299314 -0.943755
-0.445707 -0.668560 -0.595293
-0.033586 0.372497 0.927426
-0.697908 0.475431 0.535621
-0.314271 0.347834 0.883315
-0.697908 0.475431 0.535621
-0.299305 0.439795 0.846757
-0.314271 0.347834 0.883315
-0.244207 -0.598307 0.763146
-0.324154 -0.721702 0.611612
-0.237390 -0.231303 0.943475
-0.244207 -0.598307 0.763146
-0.161492 -0.463146 0.871445
-0.324154 -0.721702 0.611612
-0.333255 -0.264464 -0.904986
-0.530764 -0.244792 -0.811398
-0.926708 0.156992 0.341419
-0.333255 -0.264464 -0.904986
-0.530556 0.525982 -0.664720
-0.213672 -0.473131 -0.854688
-0.698295 0.268341 -0.663609
-0.671266 0.244097 0.699871
-0.822670 -0.402194 -0.401813
-0.210925 -0.379053 -0.901016
-0.698295 0.268341 -0.663609
-0.822670 -0.402194 -0.401813
-0.556544 -0.318025 0.767541
-0.865978 -0.195150 0.460432
-0.616815 0.262604 0.742010
-0.549534 0.183178 0.815143
-0.616815 0.262604 0.742010
-0.865978 -0.195150 0.460432
0.835992 -0.525262 -0.158800
0.565564 -0.329277 -0.756118
0.772772 -0.329228 -0.542617
0.772772 -0.329228 -0.542617
0.565564 -0.329277 -0.756118
0.940635 -0.293185 -0.171024
0.750550 -0.024458 0.660361
0.583035 0.048781 0.810981
0.451487 0.000000 0.892278
0.369223 0.133986 0.919632
0.451487 0.000000 0.892278
0.583035 0.048781 0.810981
0.476172 0.256246 -0.841189
0.391108 0.256414 -0.883904
0.235431 0.920627 0.311479
0.686425 0.134384 -0.714676
0.016403 0.952154 0.305178
0.391108 0.256414 -0.883904
-0.202116 -0.808462 0.552755
-0.109318 -0.534444 0.838105
0.030499 -0.341584 0.939356
-0.109318 -0.534444 0.838105
-0.255089 -0.801710 0.540547
0.030499 -0.341584 0.939356
-0.521660 -0.256254 -0.813759
-0.803409 -0.012219 -0.595302
-0.527423 -0.265236 -0.807140
-0.521660 -0.256254 -0.813759
-0.671805 -0.122146 -0.730588
-0.803409 -0.012219 -0.595302
-0.103865 0.097756 0.989776
0.238279 0.354364 0.904239
-0.030645 0.392254 0.919346
0.238279 0.354364 0.904239
-0.103865 0.097756 0.989776
-0.378923 0.195573 0.904527
-0.235166 -0.250437 -0.939137
-0.519038 -0.167924 -0.838094
-0.057937 -0.338474 -0.939190
-0.519038 -0.167924 -0.838094
0.286832 -0.424145 -0.858970
-0.057937 -0.338474 -0.939190
0.405426 0.310928 0.859624
0.131253 0.421231 0.897406
0.363681 0.256716 0.895451
0.223033 0.519392 0.824917
0.131253 0.421231 0.897406
0.405426 0.310928 0.859624
-0.195366 0.134314 -0.971489
-0.238155 0.140451 -0.961018
0.067133 0.036618 -0.997072
-0.195366 0.134314 -0.971489
0.067133 0.036618 -0.997072
0.061054 -0.036632 -0.997462
0.694430 -0.308296 0.650170
0.460370 -0.030488 -0.887203
0.960399 0.128257 -0.247352
0.694430 -0.308296 0.650170
0.692908 -0.653226 0.305246
0.460370 -0.030488 -0.887203
-0.481736 0.219525 -0.848374
-0.024413 0.024413 -0.999404
-0.420915 0.146405 -0.895207
0.171032 -0.024433 -0.984962
-0.024413 0.024413 -0.999404
-0.481736 0.219525 -0.848374
-0.113306 0.636965 0.762520
0.039656 0.561284 0.826673
-0.032060 0.842725 0.537390
0.039656 0.561284 0.826673
-0.113306 0.636965 0.762520
-0.098134 0.476541 0.873658
0.181575 -0.048827 -0.982164
0.254866 -0.061046 -0.965048
0.534443 -0.146590 -0.832395
0.366276 -0.122092 -0.922462
0.534443 -0.146590 -0.832395
0.706421 -0.243593 -0.664554
-0.012137 -0.509765 -0.860228
-0.036670 -0.220019 -0.974806
-0.268559 -0.756849 -0.595866
0.171032 -0.024433 -0.984962
-0.268559 -0.756849 -0.595866
-0.036670 -0.220019 -0.974806
0.932717 -0.353723 -0.070135
0.658341 -0.316979 -0.682724
0.735683 -0.317473 -0.598315
0.658341 -0.316979 -0.682724
0.932717 -0.353723 -0.070135
0.704287 -0.305216 -0.640955
0.281200 -0.672434 -0.684660
-0.097641 -0.915383 -0.390564
0.244769 -0.666994 -0.703710
0.088409 -0.975551 -0.201207
0.281200 -0.672434 -0.684660
0.244769 -0.666994 -0.703710
0.097805 -0.971936 -0.213948
0.152272 -0.773542 -0.615179
0.240272 -0.855658 -0.458388
0.240272 -0.855658 -0.458388
0.070049 -0.877132 -0.475113
0.097805 -0.971936 -0.213948
-0.164790 -0.238030 -0.957176
0.000000 -0.329467 -0.944167
-0.112938 -0.604371 -0.788658
-0.036576 -0.731516 -0.680843
-0.112938 -0.604371 -0.788658
0.000000 -0.329467 -0.944167
-0.008161 -0.643740 0.765201
-0.212209 -0.633959 0.743683
-0.149970 -0.504203 0.850463
-0.149970 -0.504203 0.850463
-0.595613 -0.798723 -0.085360
0.098898 -0.502925 0.858653
-0.140324 -0.146425 -0.979218
-0.372415 -0.012210 -0.927986
-0.103714 0.018303 -0.994439
-0.372415 -0.012210 -0.927986
-0.463574 0.012199 -0.885975
-0.103714 0.018303 -0.994439
0.880734 -0.440367 -0.174312
0.964163 -0.134251 0.228836
0.479225 0.256400 0.839406
0.964163 -0.134251 0.228836
0.880734 -0.440367 -0.174312
0.793184 -0.372187 -0.482012
0.923848 -0.009147 0.382650
0.485238 -0.192264 -0.852982
0.457727 -0.161730 -0.874259
0.485238 -0.192264 -0.852982
0.582461 0.192120 -0.789829
0.457727 -0.161730 -0.874259
-0.030564 -0.360654 -0.932199
-0.766395 -0.262590 -0.586247
0.366363 -0.360257 -0.857900
-0.766295 0.097695 -0.635018
0.371984 -0.487848 -0.789704
0.366363 -0.360257 -0.857900
0.431135 -0.618634 -0.656822
0.183752 -0.745682 -0.640463
0.443201 -0.848261 -0.289873
0.183752 -0.745682 -0.640463
0.431135 -0.618634 -0.656822
-0.080814 -0.230244 -0.969771
-0.453105 -0.158663 -0.877224
-0.512376 -0.097595 -0.853198
-0.669864 -0.036621 -0.741580
-0.595450 -0.177108 -0.783627
-0.453105 -0.158663 -0.877224
-0.669864 -0.036621 -0.741580
-0.500635 0.225896 0.835664
-0.393427 0.161641 0.905035
-0.783842 0.275260 0.556619
-0.393427 0.161641 0.905035
-0.500635 0.225896 0.835664
-0.268556 0.105286 0.957493
0.385856 -0.073206 -0.919650
0.706303 -0.262385 -0.657488
0.752510 0.030528 -0.657873
0.706303 -0.262385 -0.657488
0.701285 -0.048838 0.711206
0.748989 -0.103730 0.654412
-0.434050 -0.281215 -0.855873
-0.967669 0.220482 -0.122490
-0.460192 0.674948 0.576774
0.238279 0.354364 0.904239
-0.460192 0.674948 0.576774
-0.030645 0.392254 0.919346
-0.034331 0.331107 -0.942968
-0.160258 0.280832 -0.946283
-0.186415 0.210862 -0.959576
-0.040087 0.412319 -0.910157
-0.160258 0.280832 -0.946283
-0.034331 0.331107 -0.942968
-0.121272 0.973226 0.195255
0.872263 0.337305 0.354094
0.243649 0.523845 -0.816224
0.000190 0.312114 -0.950045
0.243649 0.523845 -0.816224
0.872263 0.337305 0.354094
0.689832 -0.254872 -0.677623
0.576184 -0.278946 -0.768245
0.981263 -0.125138 -0.146503
0.689832 -0.254872 -0.677623
0.903902 -0.421414 -0.073289
0.576184 -0.278946 -0.768245
0.807655 -0.109771 0.579347
0.909128 0.036609 0.414904
0.977900 -0.024428 0.207642
0.909128 0.036609 0.414904
0.853563 0.122047 0.506493
0.977900 -0.024428 0.207642
0.737724 -0.317695 -0.595678
0.669393 -0.365955 -0.646521
0.478871 -0.244400 -0.843179
0.478871 -0.244400 -0.843179
0.593302 -0.372148 -0.713792
0.737724 -0.317695 -0.595678
-0.128001 0.301716 0.944766
0.051992 0.513800 0.856333
-0.267771 0.164314 0.949368
-0.128001 0.301716 0.944766
-0.140626 0.372965 0.917127
-0.056563 0.348550 0.935582
-0.781633 0.311432 -0.540426
0.488220 -0.228853 -0.842180
-0.727190 0.329985 -0.601918
-0.494105 0.567305 0.658806
-0.781633 0.311432 -0.540426
-0.727190 0.329985 -0.601918
0.213538 -0.176169 -0.960920
0.760214 -0.122123 -0.638091
0.180098 -0.233898 -0.955435
0.242623 0.105289 -0.964390
0.180098 -0.233898 -0.955435
0.760214 -0.122123 -0.638091
0.119050 -0.805879 -0.579988
0.399247 -0.560775 -0.725350
0.544539 -0.770920 -0.330394
0.119050 -0.805879 -0.579988
0.189176 -0.524810 -0.829932
0.399247 -0.560775 -0.725350
0.299497 0.929052 -0.217174
0.269074 0.562609 -0.781710
-0.265343 -0.170795 -0.948906
0.680617 0.708085 0.188085
0.299497 0.929052 -0.217174
-0.265343 -0.170795 -0.948906
0.783587 -0.608021 0.127684
0.878142 -0.329017 0.347296
0.589221 -0.771845 0.238904
0.783587 -0.608021 0.127684
0.854788 -0.219803 0.470133
0.878142 -0.329017 0.347296
-0.597888 -0.105240 -0.794641
-0.174004 -0.232006 -0.957024
-0.018302 -0.260039 -0.965425
-0.174004 -0.232006 -0.957024
0.229039 -0.272557 -0.934481
-0.018302 -0.260039 -0.965425
0.036511 0.225154 0.973639
0.394243 0.626510 0.672352
-0.992858 -0.119143 0.006110
-0.816739 0.298658 0.493701
0.036511 0.225154 0.973639
-0.992858 -0.119143 0.006110
-0.403498 0.368344 -0.837563
-0.680380 0.721569 -0.128143
0.060961 -0.094489 -0.993658
0.487527 -0.139075 -0.861960
-0.680380 0.721569 -0.128143
-0.403498 0.368344 -0.837563
0.441679 -0.305132 -0.843691
0.375388 -0.584190 0.719588
-0.086470 -0.783586 -0.615237
0.441679 -0.305132 -0.843691
-0.086470 -0.783586 -0.615237
-0.349972 0.170792 -0.921059
0.799814 -0.365978 0.475771
0.738610 -0.286750 -0.610106
0.411482 -0.371858 -0.832108
0.411482 -0.371858 -0.832108
0.942783 -0.164758 0.289852
0.799814 -0.365978 0.475771
-0.604544 0.256473 0.754154
-0.888330 0.243378 0.389405
-0.852944 0.219329 0.473689
-0.561935 0.171024 0.809308
-0.852944 0.219329 0.473689
-0.888330 0.243378 0.389405
0.469641 0.012218 0.882773
0.469852 0.305595 0.828161
0.390498 0.372193 0.842011
0.267305 0.091647 0.959244
0.390498 0.372193 0.842011
0.469852 0.305595 0.828161
0.271539 -0.141872 -0.951913
0.833420 -0.526516 -0.167905
0.281000 -0.447272 -0.849110
0.833420 -0.526516 -0.167905
0.360150 -0.344889 -0.866801
0.281000 -0.447272 -0.849110
-0.640897 0.219736 0.735505
-0.829932 0.280712 -0.482093
-0.653295 0.207589 0.728088
0.201377 -0.134251 -0.970270
-0.941286 0.317837 -0.113841
-0.829932 0.280712 -0.482093
0.244645 0.134555 0.960231
0.228649 0.207308 0.951180
0.018281 0.158439 0.987199
0.443450 0.195730 0.874667
0.228649 0.207308 0.951180
0.244645 0.134555 0.960231
0.447771 -0.313287 -0.837468
0.715330 -0.645170 -0.268439
0.316787 -0.598460 -0.735861
0.760214 -0.122123 -0.638091
0.715330 -0.645170 -0.268439
0.447771 -0.313287 -0.837468
0.739812 0.125470 0.661011
0.430691 0.161176 0.887991
0.657252 0.121925 0.743743
0.739812 0.125470 0.661011
0.578025 0.192167 0.793069
0.432002 0.258593 0.864005
-0.244521 -0.647982 0.721338
-0.756491 -0.097612 0.646678
-0.335658 -0.720138 -0.607235
-0.304877 -0.231706 0.923776
-0.756491 -0.097612 0.646678
-0.244521 -0.647982 0.721338
0.157225 -0.369402 -0.915873
0.161974 -0.446191 -0.880158
0.061052 -0.317469 -0.946301
0.061052 -0.317469 -0.946301
0.006112 -0.385042 -0.922879
-0.262643 -0.186294 -0.946738
0.469937 -0.674074 -0.569899
-0.099057 -0.390509 -0.915254
0.377287 -0.748171 -0.545797
0.377287 -0.748171 -0.545797
-0.001528 -0.207859 -0.978158
0.469937 -0.674074 -0.569899
0.955187 -0.293728 0.036621
0.671553 -0.250020 -0.697500
0.988374 0.017731 0.151002
0.988374 0.017731 0.151002
0.479328 -0.071747 0.874698
0.955187 -0.293728 0.036621
-0.860172 0.061005 0.506342
-0.837150 0.009166 0.546897
-0.561116 0.283608 0.777634
-0.837150 0.009166 0.546897
-0.494185 0.216587 -0.841945
-0.561116 0.283608 0.777634
-0.189076 -0.442194 -0.876764
-0.067236 -0.378966 -0.922965
-0.317581 -0.250400 -0.914572
-0.317581 -0.250400 -0.914572
-0.067236 -0.378966 -0.922965
-0.311671 -0.244448 -0.918208
0.680669 0.726454 0.094622
0.667710 0.714968 0.207325
0.456608 0.864348 0.210742
0.551101 0.819781 0.155713
0.581184 0.335592 0.741353
0.667710 0.714968 0.207325
0.146339 -0.121949 -0.981689
0.743184 0.121834 -0.657901
-0.878702 -0.036613 -0.475964
0.146339 -0.121949 -0.981689
0.214124 -0.446602 -0.868733
0.743184 0.121834 -0.657901
-0.018297 -0.463530 0.885892
-0.391965 -0.826469 -0.404119
0.095551 -0.937014 -0.335969
-0.391965 -0.826469 -0.404119
-0.091548 -0.341778 -0.935311
0.095551 -0.937014 -0.335969
-0.146491 0.152595 0.977372
-0.396460 0.207379 0.894323
-0.238056 0.085456 0.967485
-0.396460 0.207379 0.894323
-0.146491 0.152595 0.977372
-0.549534 0.183178 0.815143
0.048841 -0.085472 -0.995143
-0.275447 0.024484 -0.961004
-0.372187 -0.280665 -0.884706
-0.275447 0.024484 -0.961004
0.048841 -0.085472 -0.995143
-0.158841 -0.085530 -0.983592
0.000190 0.312114 -0.950045
-0.034331 0.331107 -0.942968
0.046607 0.382026 -0.922976
0.243649 0.523845 -0.816224
0.000190 0.312114 -0.950045
-0.111529 0.248181 -0.962272
0.286832 -0.424145 -0.858970
-0.598780 -0.090122 -0.795827
-0.057937 -0.338474 -0.939190
0.286832 -0.424145 -0.858970
-0.821570 0.048103 -0.568074
-0.598780 -0.090122 -0.795827
-0.028274 -0.220079 -0.975072
-0.318294 -0.188844 -0.928992
-0.262092 -0.146284 -0.953892
-0.318294 -0.188844 -0.928992
-0.526026 -0.103982 -0.844088
-0.262092 -0.146284 -0.953892
0.802224 -0.158766 0.575525
0.741647 -0.207539 0.637877
0.701285 -0.048838 0.711206
0.748989 -0.103730 0.654412
0.701285 -0.048838 0.711206
0.741647 -0.207539 0.637877
0.228024 -0.231837 -0.945651
0.164524 -0.269360 -0.948882
0.731625 0.110088 -0.672759
0.164524 -0.269360 -0.948882
0.228024 -0.231837 -0.945651
0.673117 -0.342921 -0.655224
-0.189020 -0.954246 -0.231702
-0.128208 -0.987510 -0.091577
-0.323771 -0.306972 0.894953
-0.189020 -0.954246 -0.231702
-0.323771 -0.306972 0.894953
-0.042750 -0.778663 0.625984
-0.158685 0.103755 -0.981863
-0.749425 -0.213251 -0.626806
-0.238155 0.140451 -0.961018
-0.712659 0.304555 -0.631952
-0.158685 0.103755 -0.981863
-0.238155 0.140451 -0.961018
-0.027498 0.999095 0.032463
-0.585954 0.088504 -0.805497
-0.869298 0.430074 0.243632
-0.027498 0.999095 0.032463
0.009160 0.503816 -0.863763
-0.585954 0.088504 -0.805497
0.593653 -0.660974 -0.459010
0.853706 -0.489581 -0.177473
0.865592 -0.390126 -0.313930
0.593653 -0.660974 -0.459010
0.861500 0.061099 0.504069
0.853706 -0.489581 -0.177473
-0.587318 -0.256284 -0.767708
-0.210925 -0.379053 -0.901016
-0.439364 -0.073227 -0.895319
-0.210925 -0.379053 -0.901016
-0.587318 -0.256284 -0.767708
0.211760 -0.414379 -0.885126
0.067132 -0.256322 -0.964257
-0.302526 -0.238354 -0.922857
0.136978 -0.301351 -0.943623
-0.302526 -0.238354 -0.922857
0.194987 -0.216314 -0.956655
0.136978 -0.301351 -0.943623
0.562627 -0.806153 -0.183217
0.771588 -0.492535 -0.402568
0.086275 0.116051 -0.989489
0.233326 -0.497152 -0.835703
0.086275 0.116051 -0.989489
-0.452354 0.604156 -0.656027
0.069383 0.731950 0.677816
0.096519 0.882459 0.460380
0.333507 0.832238 -0.442891
0.244390 0.959346 0.141170
0.342926 0.926664 0.153936
0.069383 0.731950 0.677816
-0.094426 0.724946 0.682302
-0.029454 0.960876 0.275410
0.074036 0.958654 0.274774
-0.159729 0.688825 0.707112
-0.029454 0.960876 0.275410
-0.094426 0.724946 0.682302
-0.519038 -0.167924 -0.838094
-0.753992 0.027473 -0.656309
-0.912854 0.177075 -0.367889
-0.912854 0.177075 -0.367889
-0.753992 0.027473 -0.656309
-0.527423 -0.265236 -0.807140
0.890227 -0.213411 -0.402431
0.716860 -0.585690 -0.378258
0.841589 -0.060985 0.536665
0.384882 -0.354336 -0.852239
0.716860 -0.585690 -0.378258
0.890227 -0.213411 -0.402431
0.488316 -0.452576 -0.746139
0.152595 -0.305190 -0.939986
0.259777 -0.298958 -0.918227
0.673117 -0.342921 -0.655224
0.152595 -0.305190 -0.939986
0.488316 -0.452576 -0.746139
0.223133 -0.764154 -0.605210
0.182815 -0.761728 -0.621570
0.128600 -0.875704 -0.465409
0.223133 -0.764154 -0.605210
0.128600 -0.875704 -0.465409
-0.371193 -0.444215 0.815407
-0.964224 0.195286 -0.179266
-0.482365 0.122118 -0.867417
-0.986304 0.164893 0.003817
-0.964224 0.195286 -0.179266
-0.919939 0.201714 0.336190
-0.482365 0.122118 -0.867417
-0.676562 0.195045 0.710085
-0.422384 0.183645 0.887618
-0.287238 0.207789 0.935050
-0.422384 0.183645 0.887618
-0.676562 0.195045 0.710085
-0.728033 0.171302 0.663795
-0.726184 0.161713 0.668211
-0.579397 0.318668 -0.750167
-0.745979 0.241526 0.620630
-0.579397 0.318668 -0.750167
-0.947800 0.180388 0.262938
-0.745979 0.241526 0.620630
0.473323 -0.479430 -0.738994
0.775779 -0.421486 -0.469591
0.372150 -0.539922 -0.754976
0.727516 -0.660267 -0.186464
0.473323 -0.479430 -0.738994
0.372150 -0.539922 -0.754976
0.729456 -0.158710 -0.665361
0.658261 0.439859 -0.610915
-0.284537 0.391620 -0.875027
0.729456 -0.158710 -0.665361
-0.284537 0.391620 -0.875027
0.461670 -0.232364 -0.856077
-0.007820 -0.073244 -0.997283
0.110601 0.183063 -0.976860
0.055704 -0.018314 -0.998279
0.055704 -0.018314 -0.998279
0.110601 0.183063 -0.976860
0.148083 0.140450 -0.978951
0.061056 0.122112 -0.990637
-0.219560 0.182967 -0.958288
0.061054 -0.036632 -0.997462
-0.329444 0.054907 -0.942577
-0.219560 0.182967 -0.958288
0.061056 0.122112 -0.990637
0.849737 -0.434213 -0.299010
0.977132 -0.047256 -0.207317
0.323959 0.094743 0.941315
0.690220 -0.298968 -0.658950
0.977132 -0.047256 -0.207317
0.849737 -0.434213 -0.299010
0.549885 -0.170838 0.817582
0.528624 -0.115779 0.840923
0.208060 0.039703 0.977310
0.208060 0.039703 0.977310
0.598307 0.048841 0.799777
0.549885 -0.170838 0.817582
-0.208015 -0.170679 -0.963119
-0.210639 -0.036633 -0.976877
-0.091656 -0.060977 -0.993922
-0.210639 -0.036633 -0.976877
-0.178706 0.174124 -0.968372
-0.091656 -0.060977 -0.993922
0.739882 -0.195268 0.643774
0.447407 -0.085511 0.890233
0.405663 -0.109803 0.907403
0.705044 -0.170920 0.688258
0.405663 -0.109803 0.907403
0.447407 -0.085511 0.890233
0.082406 -0.512746 -0.854577
0.336582 -0.403898 -0.850634
0.244920 -0.875589 -0.416364
0.082406 -0.512746 -0.854577
0.244920 -0.875589 -0.416364
0.333315 0.042811 -0.941843
0.716756 0.127030 0.685656
0.736217 0.066581 0.673462
0.555622 0.159836 0.815927
0.675508 -0.071855 0.733843
0.716756 0.127030 0.685656
0.555622 0.159836 0.815927
0.444972 0.257333 0.857776
0.541179 0.361297 0.759335
0.463023 0.321839 0.825851
0.541179 0.361297 0.759335
0.444972 0.257333 0.857776
0.578025 0.192167 0.793069
0.845531 -0.415134 -0.335770
0.745177 0.207672 -0.633706
0.544207 -0.684845 -0.484589
0.544207 -0.684845 -0.484589
0.341337 -0.646101 -0.682673
0.845531 -0.415134 -0.335770
0.048076 -0.506701 -0.860781
-0.209560 -0.219867 -0.952756
0.307964 -0.530552 -0.789730
0.307964 -0.530552 -0.789730
-0.209560 -0.219867 -0.952756
0.742675 0.556242 -0.372866
-0.277407 0.877947 0.390199
-0.171483 0.649184 0.741049
-0.610563 0.714358 0.341915
-0.610563 0.714358 0.341915
-0.391432 0.801212 0.452593
-0.277407 0.877947 0.390199
0.883085 -0.146545 0.445741
0.959281 -0.219962 0.177192
0.897996 -0.012218 0.439835
0.897996 -0.012218 0.439835
0.556838 -0.596395 -0.578138
0.883085 -0.146545 0.445741
0.271566 0.277669 -0.921494
-0.015245 0.307947 -0.951281
0.163108 0.182925 -0.969502
0.816106 0.180001 -0.549155
0.163108 0.182925 -0.969502
-0.015245 0.307947 -0.951281
0.448484 -0.146444 0.881712
0.535689 -0.244887 0.808126
0.691839 -0.146292 0.707077
0.691839 -0.146292 0.707077
0.535689 -0.244887 0.808126
0.952441 0.024422 0.303743
0.225902 -0.097687 -0.969240
0.945805 0.275032 -0.172659
0.263844 0.036603 -0.963871
0.778351 -0.341195 0.527025
0.263844 0.036603 -0.963871
0.945805 0.275032 -0.172659
-0.174045 -0.983203 -0.054962
-0.033557 -0.875529 -0.481999
-0.214536 -0.202364 0.955522
-0.311517 -0.884159 -0.348166
-0.204150 -0.176727 0.962856
-0.214536 -0.202364 0.955522
-0.125139 0.158712 -0.979362
-0.485055 0.268458 -0.832257
-0.256442 0.045793 -0.965474
-0.125139 0.158712 -0.979362
-0.256442 0.045793 -0.965474
-0.006103 0.006103 -0.999963
0.067149 -0.048835 -0.996547
0.067673 0.936781 -0.343309
-0.276436 -0.450827 -0.848727
0.067673 0.936781 -0.343309
0.109583 0.649265 -0.752627
-0.276436 -0.450827 -0.848727
-0.562520 -0.131459 0.816266
-0.445230 -0.884360 0.140278
-0.281126 -0.018334 0.959496
-0.281126 -0.018334 0.959496
-0.708091 0.076303 0.701987
-0.562520 -0.131459 0.816266
0.238219 0.421464 0.874997
0.724493 -0.687964 0.042617
0.967884 0.164358 0.190229
0.967884 0.164358 0.190229
0.036676 0.739632 0.672011
0.238219 0.421464 0.874997
0.518661 -0.318059 -0.793618
0.674191 0.036615 -0.737649
0.278692 -0.379235 -0.882333
0.674191 0.036615 -0.737649
0.518661 -0.318059 -0.793618
0.321407 0.012208 -0.946863
-0.347533 0.021340 -0.937425
-0.390789 0.091591 -0.915912
-0.329444 0.054907 -0.942577
-0.721425 0.012228 -0.692385
-0.390789 0.091591 -0.915912
-0.347533 0.021340 -0.937425
-0.970577 0.207545 -0.122085
-0.439736 -0.274835 -0.855043
-0.965860 0.244521 -0.085583
-0.970577 0.207545 -0.122085
-0.965860 0.244521 -0.085583
-0.901351 0.024361 -0.432405
-0.173766 -0.341435 -0.923703
0.039694 -0.354191 -0.934331
0.256589 -0.262698 -0.930135
-0.109730 -0.359669 -0.926605
-0.173766 -0.341435 -0.923703
0.256589 -0.262698 -0.930135
-0.124301 -0.222591 -0.966955
0.180226 -0.372671 -0.910294
-0.062097 -0.164576 -0.984408
-0.064067 -0.376013 -0.924397
0.180226 -0.372671 -0.910294
-0.124301 -0.222591 -0.966955
0.073139 0.993466 0.087614
-0.305038 0.262333 -0.915496
0.012206 -0.042722 -0.999012
0.012206 -0.042722 -0.999012
-0.305038 0.262333 -0.915496
-0.164839 -0.122103 -0.978733
-0.019839 -0.653173 -0.756949
0.383996 -0.682660 0.621709
-0.339530 -0.570226 -0.748039
-0.339530 -0.570226 -0.748039
-0.038081 0.006093 -0.999256
-0.019839 -0.653173 -0.756949
0.184721 -0.253419 0.949556
0.079263 -0.307907 0.948109
0.126732 -0.296218 0.946675
0.212097 -0.036621 0.976562
0.184721 -0.253419 0.949556
0.126732 -0.296218 0.946675
-0.523913 0.456901 0.718858
-0.740585 0.295625 0.603440
-0.467154 0.363342 0.806070
-0.523913 0.456901 0.718858
-0.717863 0.470429 0.513195
-0.740585 0.295625 0.603440
-0.424094 -0.085429 -0.901580
-0.079351 -0.180067 -0.980449
-0.360203 -0.219785 -0.906614
-0.424094 -0.085429 -0.901580
-0.360203 -0.219785 -0.906614
-0.803409 -0.012219 -0.595302
0.396114 -0.032117 0.917639
0.981263 -0.125138 -0.146503
0.966997 -0.254714 0.006101
0.837689 -0.201779 -0.507505
0.966997 -0.254714 0.006101
0.981263 -0.125138 -0.146503
0.578173 -0.273068 -0.768863
0.229108 -0.125246 -0.965310
0.859258 0.509755 0.042734
0.229108 -0.125246 -0.965310
0.578173 -0.273068 -0.768863
0.574169 -0.642886 -0.506979
0.955112 -0.094596 -0.280736
0.732417 -0.162249 -0.661242
0.738232 -0.223382 -0.636486
0.967201 -0.116034 -0.225960
0.738232 -0.223382 -0.636486
0.732417 -0.162249 -0.661242
0.006078 -0.461960 -0.886880
-0.042846 -0.244832 -0.968618
0.103623 -0.146291 -0.983799
-0.042846 -0.244832 -0.968618
0.006078 -0.461960 -0.886880
-0.195708 -0.342490 -0.918912
-0.527721 -0.048807 -0.848014
-0.737096 0.426419 -0.524267
-0.286703 0.555105 0.780807
-0.527721 -0.048807 -0.848014
-0.428943 0.109907 -0.896621
-0.737096 0.426419 -0.524267
0.229414 -0.287532 -0.929890
-0.592538 -0.135154 -0.794123
-0.833903 -0.203130 -0.513171
-0.833903 -0.203130 -0.513171
-0.962324 0.073088 -0.261898
0.229414 -0.287532 -0.929890
-0.088329 0.079191 -0.992938
-0.021374 0.464129 -0.885510
0.377935 0.435844 -0.816826
-0.478458 0.027428 -0.877682
-0.021374 0.464129 -0.885510
-0.088329 0.079191 -0.992938
0.523913 0.718858 0.456901
0.253567 0.867626 0.427703
0.141006 0.895083 0.423018
0.441406 0.796983 -0.412285
0.141006 0.895083 0.423018
0.253567 0.867626 0.427703
-0.538470 0.122380 0.833711
-0.649001 -0.048981 0.759209
-0.256589 -0.073311 0.963736
-0.538470 0.122380 0.833711
-0.401335 -0.486467 -0.776067
-0.649001 -0.048981 0.759209
0.642763 -0.064124 0.763377
0.598307 0.048841 0.799777
0.837875 -0.430384 -0.335761
0.837875 -0.430384 -0.335761
0.557796 -0.088636 -0.825232
0.746050 0.030513 -0.665190
-0.623192 0.464339 0.629302
-0.334856 0.438357 0.834095
-0.225921 0.378570 0.897577
-0.225921 0.378570 0.897577
-0.334856 0.438357 0.834095
-0.915298 0.402731 -0.006102
-0.140469 -0.732880 0.665699
-0.181393 -0.639489 0.747095
-0.211230 -0.342865 0.915328
-0.181393 -0.639489 0.747095
-0.140469 -0.732880 0.665699
0.151761 -0.461352 0.874141
-0.121272 0.973226 0.195255
0.028917 0.162849 -0.986227
0.509719 0.860341 0.000000
-0.121272 0.973226 0.195255
0.307253 0.253751 0.917173
0.286703 0.555105 0.780807
0.947306 -0.207462 -0.244072
0.452061 -0.207704 -0.867468
0.883648 -0.097674 -0.457849
0.594021 -0.317625 -0.739090
0.452061 -0.207704 -0.867468
0.947306 -0.207462 -0.244072
-0.512376 -0.097595 -0.853198
-0.742159 0.042758 -0.668859
-0.683250 0.091507 -0.724428
-0.742159 0.042758 -0.668859
-0.311178 -0.207452 -0.927433
-0.683250 0.091507 -0.724428
-0.025175 -0.024412 0.999385
-0.177997 -0.756203 0.629661
-0.169300 -0.097614 0.980719
0.407863 -0.501515 0.762975
-0.177997 -0.756203 0.629661
-0.025175 -0.024412 0.999385
-0.677254 0.509466 0.530821
-0.751942 0.464615 0.467671
-0.494105 0.567305 0.658806
-0.737788 0.490842 0.463404
-0.677254 0.509466 0.530821
-0.494105 0.567305 0.658806
-0.201354 0.364573 0.909144
-0.041221 0.425950 0.903807
-0.097610 0.524655 0.845701
-0.041221 0.425950 0.903807
0.045786 0.499066 0.865353
-0.097610 0.524655 0.845701
-0.063827 0.898932 0.433414
0.093785 0.992258 0.081420
0.114322 0.841409 0.528167
0.093785 0.992258 0.081420
0.175541 0.799858 0.573944
0.114322 0.841409 0.528167
-0.173766 -0.341435 -0.923703
-0.109730 -0.359669 -0.926605
-0.790379 0.030517 -0.611857
-0.109730 -0.359669 -0.926605
-0.742159 0.042758 -0.668859
-0.790379 0.030517 -0.611857
0.000000 -0.013718 -0.999906
-0.758038 -0.131434 -0.638830
-0.378538 -0.186216 -0.906660
-0.378538 -0.186216 -0.906660
0.378962 -0.100853 -0.919900
0.000000 -0.013718 -0.999906
0.278692 -0.379235 -0.882333
-0.228869 -0.684126 -0.692525
0.217779 -0.596988 -0.772125
0.269729 0.378996 -0.885216
0.217779 -0.596988 -0.772125
-0.228869 -0.684126 -0.692525
-0.237390 -0.231303 0.943475
-0.235778 -0.208220 0.949238
-0.229259 -0.427951 0.874242
-0.237390 -0.231303 0.943475
-0.229259 -0.427951 0.874242
-0.167979 -0.500883 0.849058
0.358976 0.592693 -0.721007
0.324378 0.286306 -0.901559
0.190039 0.656774 -0.729749
0.358976 0.592693 -0.721007
0.190039 0.656774 -0.729749
0.297336 0.414745 -0.859987
-0.498264 0.366820 0.785606
-0.499927 0.435912 0.748367
-0.866933 0.311363 0.389204
-0.498264 0.366820 0.785606
-0.866933 0.311363 0.389204
-0.598780 -0.090122 -0.795827
-0.018268 0.998646 0.048714
-0.215849 0.972841 -0.083604
0.390832 0.073281 -0.917540
0.262668 0.073303 -0.962098
-0.018268 0.998646 0.048714
0.390832 0.073281 -0.917540
-0.659069 -0.067127 -0.749081
-0.475563 -0.091454 -0.874915
-0.849010 -0.006108 -0.528341
-0.849010 -0.006108 -0.528341
-0.475563 -0.091454 -0.874915
-0.678419 -0.262811 -0.686059
0.326121 -0.030479 -0.944837
0.088606 0.006111 -0.996048
0.411704 0.881352 0.231774
0.149445 -0.158595 -0.975968
0.088606 0.006111 -0.996048
0.326121 -0.030479 -0.944837
-0.299241 -0.207637 -0.931312
-0.335852 -0.177085 -0.925119
-0.305375 0.116042 -0.945135
0.042700 -0.213502 -0.976009
-0.335852 -0.177085 -0.925119
-0.299241 -0.207637 -0.931312
-0.439353 -0.102592 -0.892437
-0.823411 0.208902 -0.527593
-0.225920 -0.314456 -0.921997
-0.427003 -0.051088 -0.902806
-0.225920 -0.314456 -0.921997
-0.823411 0.208902 -0.527593
0.096221 -0.287135 0.953045
0.059628 -0.996866 0.051984
0.212097 -0.036621 0.976562
0.096221 -0.287135 0.953045
-0.240507 -0.968118 -0.070021
0.059628 -0.996866 0.051984
0.763798 -0.113042 0.635480
0.628706 -0.347162 -0.695850
0.842497 -0.120575 0.525034
0.628706 -0.347162 -0.695850
0.310923 -0.524588 -0.792549
0.842497 -0.120575 0.525034
-0.500612 -0.402932 0.766181
-0.420691 -0.695056 -0.583024
-0.085356 -0.585300 0.806312
-0.635688 -0.507328 -0.581823
-0.420691 -0.695056 -0.583024
-0.500612 -0.402932 0.766181
0.130480 0.971013 0.200271
0.137702 0.636491 0.758893
0.153190 0.943649 0.293358
0.137702 0.636491 0.758893
0.131434 0.758038 0.638830
0.153190 0.943649 0.293358
-0.208015 -0.170679 -0.963119
-0.234894 -0.146427 -0.960929
-0.210639 -0.036633 -0.976877
-0.208015 -0.170679 -0.963119
-0.262092 -0.146284 -0.953892
-0.234894 -0.146427 -0.960929
-0.981525 0.176796 -0.073157
-0.983372 0.122158 -0.134374
-0.790542 -0.048837 -0.610457
-0.981525 0.176796 -0.073157
-0.912154 0.076267 -0.402690
-0.983372 0.122158 -0.134374
0.628356 -0.738614 -0.244170
0.783929 -0.603374 -0.146272
-0.038081 0.006093 -0.999256
0.628356 -0.738614 -0.244170
0.557695 -0.232884 -0.796707
0.783929 -0.603374 -0.146272
0.339710 -0.368654 -0.865270
0.403266 -0.060870 -0.913056
0.720313 -0.686739 0.097670
0.789232 -0.457968 -0.409118
0.339710 -0.368654 -0.865270
0.750209 -0.524537 0.402551
0.695857 -0.189224 0.692804
0.637447 -0.161649 0.753347
0.823718 -0.152540 0.546095
0.695857 -0.189224 0.692804
0.823718 -0.152540 0.546095
0.816106 0.180001 -0.549155
0.135723 0.414794 -0.899736
-0.027415 0.365533 -0.930395
0.014514 -0.317769 -0.948057
0.135723 0.414794 -0.899736
0.070109 0.560874 -0.824927
-0.027415 0.365533 -0.930395
-0.208946 -0.024402 0.977623
-0.038219 0.366898 0.929476
-0.169300 -0.097614 0.980719
-0.316764 -0.743177 0.589363
-0.208946 -0.024402 0.977623
-0.169300 -0.097614 0.980719
-0.694812 0.000000 -0.719191
-0.275262 -0.159040 -0.948123
-0.716230 0.000000 -0.697865
-0.694812 0.000000 -0.719191
-0.752438 0.073409 -0.654560
-0.275262 -0.159040 -0.948123
-0.860172 0.061005 0.506342
-0.556104 0.004583 0.831100
-0.853036 -0.063978 0.517915
-0.556104 0.004583 0.831100
-0.860172 0.061005 0.506342
-0.561116 0.283608 0.777634
-0.007243 -0.243964 -0.969757
-0.209560 -0.219867 -0.952756
0.048076 -0.506701 -0.860781
-0.007243 -0.243964 -0.969757
0.048076 -0.506701 -0.860781
0.746866 0.152646 -0.647217
0.420732 0.231707 -0.877096
-0.057897 0.481461 -0.874553
-0.280809 -0.494467 -0.822586
0.420732 0.231707 -0.877096
-0.018310 0.073241 -0.997146
-0.057897 0.481461 -0.874553
-0.904538 0.426382 -0.003046
-0.930895 0.360150 0.061042
-0.891883 0.409289 0.192427
-0.904538 0.426382 -0.003046
-0.831715 0.421973 0.360817
-0.930895 0.360150 0.061042
-0.206099 0.867142 0.453418
0.044212 0.991118 0.125419
0.264208 0.923540 0.277973
0.009196 0.870555 0.491986
0.264208 0.923540 0.277973
0.044212 0.991118 0.125419
0.742675 0.556242 -0.372866
0.151790 0.555294 0.817685
-0.066459 0.574448 0.815839
-0.066459 0.574448 0.815839
0.151790 0.555294 0.817685
0.178528 0.195312 0.964355
-0.953349 0.158891 0.256671
-0.816739 0.298658 0.493701
-0.486928 -0.073039 -0.870383
-0.317540 0.287007 0.903767
-0.816739 0.298658 0.493701
-0.953349 0.158891 0.256671
-0.524739 0.125083 0.842023
-0.346705 0.158146 0.924546
-0.574539 0.196352 0.794576
-0.524739 0.125083 0.842023
-0.574539 0.196352 0.794576
-0.615908 0.106717 0.780557
0.421567 0.253551 0.870628
0.561476 0.115957 0.819328
0.692133 -0.073177 0.718050
0.725859 0.012199 0.687736
0.692133 -0.073177 0.718050
0.561476 0.115957 0.819328
0.596060 -0.537982 -0.596060
0.643143 -0.451115 -0.618759
0.924770 -0.378454 0.039677
0.643143 -0.451115 -0.618759
0.979146 -0.152515 -0.134213
0.924770 -0.378454 0.039677
0.608752 -0.195289 -0.768950
0.549559 -0.426251 -0.718537
0.909128 0.036609 0.414904
0.087439 -0.182481 -0.979314
0.549559 -0.426251 -0.718537
0.608752 -0.195289 -0.768950
0.321642 -0.256094 -0.911572
0.643646 -0.683302 0.344701
-0.207629 -0.409151 -0.888530
0.321642 -0.256094 -0.911572
-0.207629 -0.409151 -0.888530
-0.638914 0.275130 -0.718396
0.981250 0.036625 0.189230
0.932615 -0.097528 0.347445
0.948519 -0.085397 0.304990
0.897996 -0.012218 0.439835
0.959281 -0.219962 0.177192
0.981250 0.036625 0.189230
-0.719885 0.134216 0.680993
-0.591446 0.219506 0.775892
-0.641854 0.134484 0.754942
-0.640897 0.219736 0.735505
-0.641854 0.134484 0.754942
-0.591446 0.219506 0.775892
0.402952 0.911221 0.085475
0.489768 0.529437 0.692693
0.336169 0.215454 0.916826
0.489768 0.529437 0.692693
0.392365 0.522135 0.757248
0.336169 0.215454 0.916826
-0.039656 0.561284 0.826673
0.131253 0.421231 0.897406
0.223033 0.519392 0.824917
0.091745 0.758424 0.645272
-0.039656 0.561284 0.826673
0.223033 0.519392 0.824917
0.353014 -0.085394 0.931713
0.282775 -0.146539 0.947926
0.707673 -0.171002 0.685534
0.282775 -0.146539 0.947926
0.353014 -0.085394 0.931713
0.337298 -0.146353 0.929952
-0.290400 -0.201752 -0.935395
-0.693736 -0.085571 -0.715128
-0.048924 -0.275200 -0.960141
-0.909721 0.006106 -0.415175
-0.247332 -0.256492 -0.934365
-0.290400 -0.201752 -0.935395
0.375087 -0.509265 -0.774570
0.311436 -0.580126 -0.752637
0.170837 -0.341675 -0.924161
0.564405 -0.478981 -0.672328
0.375087 -0.509265 -0.774570
0.170837 -0.341675 -0.924161
-0.066459 0.574448 0.815839
0.942783 -0.164758 0.289852
0.966408 -0.177098 0.186259
0.966408 -0.177098 0.186259
0.942783 -0.164758 0.289852
0.048076 -0.506701 -0.860781
-0.639804 0.194988 0.743391
-0.746181 0.232417 0.623856
-0.841589 0.231742 0.487877
-0.556515 0.220160 0.801137
-0.746181 0.232417 0.623856
-0.639804 0.194988 0.743391
0.589442 0.283641 0.756377
0.521649 0.071919 0.850123
0.665186 -0.004973 0.746661
0.521649 0.071919 0.850123
0.752988 0.016845 0.657818
0.665186 -0.004973 0.746661
0.365472 0.548208 -0.752263
0.000000 0.097690 -0.995217
0.277545 0.152497 -0.948532
0.170852 0.390519 -0.904602
0.000000 0.097690 -0.995217
0.365472 0.548208 -0.752263
0.115791 0.865387 0.487542
0.932909 0.317067 -0.170729
-0.007615 0.731034 -0.682298
-0.007615 0.731034 -0.682298
0.226360 0.874851 0.428249
0.115791 0.865387 0.487542
-0.042750 -0.778663 0.625984
-0.432765 0.205716 0.877721
-0.836131 -0.202930 0.509613
-0.042750 -0.778663 0.625984
-0.836131 -0.202930 0.509613
-0.115984 -0.680644 -0.723375
-0.115491 -0.923931 -0.364710
0.544539 -0.770920 -0.330394
0.198792 -0.403700 -0.893033
0.198792 -0.403700 -0.893033
0.544539 -0.770920 -0.330394
0.602154 -0.709135 -0.366794
-0.457827 0.442566 -0.771057
-0.986022 0.140424 0.089673
-0.750325 0.420914 0.509748
-0.457827 0.442566 -0.771057
-0.750325 0.420914 0.509748
-0.341824 0.097664 -0.934675
-0.523214 0.575230 0.628775
-0.717444 0.439626 0.540373
-0.810661 0.377902 0.447235
-0.769879 0.462536 0.439713
-0.717444 0.439626 0.540373
-0.523214 0.575230 0.628775
-0.183817 -0.796542 -0.575961
0.604183 -0.692229 -0.394692
0.115791 -0.865387 0.487542
0.604183 -0.692229 -0.394692
0.200917 -0.560133 0.803669
0.115791 -0.865387 0.487542
-0.555933 0.201602 0.806409
-0.531645 0.238324 0.812745
-0.715506 0.348580 0.605428
-0.531645 0.238324 0.812745
-0.555933 0.201602 0.806409
-0.622809 0.103801 0.775458
-0.122935 -0.696378 0.707068
0.375388 -0.584190 0.719588
0.577646 -0.366275 0.729498
0.375388 -0.584190 0.719588
0.441679 -0.305132 -0.843691
0.577646 -0.366275 0.729498
-0.237938 -0.585693 0.774822
-0.255089 -0.801710 0.540547
-0.213745 -0.659555 0.720625
-0.255089 -0.801710 0.540547
-0.237938 -0.585693 0.774822
0.030499 -0.341584 0.939356
0.628356 -0.738614 -0.244170
0.054335 -0.622283 -0.780904
0.067502 -0.960704 -0.269242
0.067502 -0.960704 -0.269242
0.054335 -0.622283 -0.780904
0.117434 -0.671049 -0.732054
-0.373131 0.272202 0.886950
-0.183169 0.451816 0.873104
-0.165148 0.489326 0.856321
-0.183169 0.451816 0.873104
-0.373131 0.272202 0.886950
-0.568789 0.287452 0.770617
-0.996498 0.025982 0.079475
-0.640094 0.214889 0.737633
-0.865589 0.214103 0.452676
-0.871397 0.289450 0.396089
-0.865589 0.214103 0.452676
-0.640094 0.214889 0.737633
0.481696 -0.353650 -0.801811
-0.926160 -0.048745 -0.373967
0.378300 -0.048813 -0.924395
-0.926160 -0.048745 -0.373967
-0.317602 0.000000 -0.948224
0.378300 -0.048813 -0.924395
0.311517 0.916227 -0.251962
0.219724 0.854481 0.470727
0.128084 0.719713 0.682355
0.183131 0.244175 0.952282
0.128084 0.719713 0.682355
0.219724 0.854481 0.470727
0.897121 -0.366172 -0.247166
0.385856 -0.073206 -0.919650
0.700634 -0.391194 -0.596723
0.897121 -0.366172 -0.247166
0.925287 -0.244300 -0.290106
0.385856 -0.073206 -0.919650
0.706933 0.061008 0.704645
0.934974 -0.195351 -0.296078
0.670622 -0.439202 -0.597803
0.706933 0.061008 0.704645
0.670622 -0.439202 -0.597803
0.921238 -0.268885 0.281107
-0.122361 -0.636276 -0.761696
-0.045881 -0.758565 -0.649980
-0.171871 -0.515613 -0.839406
-0.291956 -0.948858 0.120128
-0.122361 -0.636276 -0.761696
-0.171871 -0.515613 -0.839406
0.910470 0.265363 -0.317216
0.537478 0.234480 -0.810023
0.503590 0.634828 -0.585995
0.860724 -0.057889 -0.505770
0.537478 0.234480 -0.810023
0.910470 0.265363 -0.317216
-0.359402 0.391519 -0.847079
-0.295104 0.827509 0.477643
0.484030 0.870028 0.093628
-0.875434 0.450658 0.174706
-0.295104 0.827509 0.477643
-0.359402 0.391519 -0.847079
0.253567 0.867626 0.427703
0.067350 0.563292 0.823508
-0.152665 0.818283 0.554173
-0.073516 0.735159 0.673896
-0.152665 0.818283 0.554173
0.067350 0.563292 0.823508
-0.034384 0.077937 -0.996365
-0.564646 0.541755 -0.622637
0.302331 -0.932951 -0.195446
0.302331 -0.932951 -0.195446
-0.564646 0.541755 -0.622637
-0.439919 -0.761663 -0.475753
-0.592538 -0.135154 -0.794123
-0.106955 -0.236828 -0.965647
-0.219992 -0.176452 -0.959410
-0.736263 -0.078667 -0.672107
-0.219992 -0.176452 -0.959410
-0.106955 -0.236828 -0.965647
-0.201319 -0.484995 -0.851029
-0.508993 -0.682721 -0.524232
0.814649 0.253243 -0.521742
0.814649 0.253243 -0.521742
-0.508993 -0.682721 -0.524232
-0.680095 -0.333948 -0.652648
-0.783583 0.280283 -0.554472
0.353221 0.219714 -0.909373
0.487761 -0.693975 -0.529612
0.681244 -0.403248 -0.610981
0.487761 -0.693975 -0.529612
0.353221 0.219714 -0.909373
-0.155447 0.024384 0.987543
-0.428682 0.244961 0.869612
-0.511246 -0.231278 0.827731
-0.428682 0.244961 0.869612
-0.155447 0.024384 0.987543
-0.442137 0.341513 0.829388
-0.926708 0.156992 0.341419
-0.296014 0.950179 0.097654
-0.530123 -0.039988 -0.846978
-0.368371 0.371035 -0.852429
-0.530123 -0.039988 -0.846978
-0.296014 0.950179 0.097654
0.105382 0.367211 0.924148
-0.170497 0.578473 0.797684
0.139696 0.334967 0.931817
0.105382 0.367211 0.924148
0.139696 0.334967 0.931817
0.495468 0.237824 0.835435
-0.703196 0.317967 0.635934
-0.548893 0.414719 0.725758
-0.384590 0.390694 0.836330
-0.548893 0.414719 0.725758
-0.829141 -0.036580 -0.557841
-0.384590 0.390694 0.836330
0.649612 0.077008 0.756356
0.696316 0.007635 0.717694
0.859159 -0.102044 0.501431
0.649612 0.077008 0.756356
0.859159 -0.102044 0.501431
0.759121 -0.045349 0.649368
-0.388015 -0.122209 -0.913515
0.372555 -0.374845 -0.848937
-0.821570 0.048103 -0.568074
-0.388015 -0.122209 -0.913515
-0.225920 -0.314456 -0.921997
0.372555 -0.374845 -0.848937
-0.568117 0.418452 0.708619
-0.683189 0.327489 0.652690
-0.512813 -0.130111 -0.848583
-0.568117 0.418452 0.708619
-0.512813 -0.130111 -0.848583
-0.797695 0.386669 -0.462785
-0.243222 0.622159 0.744151
0.014494 0.213595 0.976815
-0.557822 0.715234 0.421041
-0.557822 0.715234 0.421041
-0.428990 0.457996 0.778593
-0.243222 0.622159 0.744151
0.738610 -0.286750 -0.610106
0.840599 0.109743 0.530424
0.847965 -0.244348 -0.470371
0.847965 -0.244348 -0.470371
0.981698 -0.177034 -0.070203
0.738610 -0.286750 -0.610106
0.631512 -0.393455 0.668121
0.628015 -0.355926 -0.692036
0.778981 0.069497 0.623185
0.628015 -0.355926 -0.692036
0.685640 0.062469 0.725255
0.778981 0.069497 0.623185
0.183662 0.210335 -0.960223
0.161358 -0.091550 -0.982641
0.431135 -0.618634 -0.656822
0.161358 -0.091550 -0.982641
0.183662 0.210335 -0.960223
0.725957 -0.216567 -0.652752
0.195372 0.087002 -0.976862
-0.051870 -0.294440 -0.954261
0.582461 0.192120 -0.789829
-0.051870 -0.294440 -0.954261
0.195372 0.087002 -0.976862
-0.012207 -0.241081 -0.970428
0.303090 -0.018323 0.952786
0.499173 -0.065641 0.864012
0.343689 0.047353 0.937889
0.579748 -0.012587 0.814699
0.343689 0.047353 0.937889
0.499173 -0.065641 0.864012
0.295910 0.902983 0.311544
0.245712 0.885174 0.395085
0.223058 0.751676 0.620667
0.245712 0.885174 0.395085
0.295910 0.902983 0.311544
0.148083 0.140450 -0.978951
0.932909 0.317067 -0.170729
-0.009131 0.742658 0.669609
-0.244248 0.573982 0.781593
-0.244248 0.573982 0.781593
-0.009131 0.742658 0.669609
0.206357 0.189543 0.959943
0.396404 0.277483 0.875138
0.818786 -0.091655 0.566735
0.589264 0.204563 0.781615
0.842682 -0.033585 0.537363
0.589264 0.204563 0.781615
0.818786 -0.091655 0.566735
0.564526 -0.646916 -0.512650
0.642169 -0.523474 0.559995
0.593653 -0.660974 -0.459010
0.830365 -0.317492 0.457922
0.642169 -0.523474 0.559995
0.564526 -0.646916 -0.512650
0.389793 0.548146 -0.739998
0.342004 -0.036643 -0.938984
0.290085 -0.048856 -0.955753
0.290085 -0.048856 -0.955753
0.249902 -0.182855 -0.950848
0.389793 0.548146 -0.739998
-0.820900 0.255391 0.510782
-0.931797 0.182705 0.313644
-0.900166 0.255453 0.352768
-0.931797 0.182705 0.313644
-0.841589 0.231742 0.487877
-0.900166 0.255453 0.352768
-0.274600 -0.012204 0.961481
-0.235307 0.415606 0.878580
0.122034 -0.097627 0.987713
-0.875434 0.450658 0.174706
-0.274600 -0.012204 0.961481
0.122034 -0.097627 0.987713
-0.311467 0.793935 0.522165
-0.463490 0.811108 0.356765
-0.152577 0.942924 0.295999
-0.152577 0.942924 0.295999
-0.180252 0.721008 0.669071
-0.311467 0.793935 0.522165
0.829687 -0.524173 -0.191994
0.960685 0.000000 0.277641
0.173772 0.012195 0.984710
0.427177 0.085435 0.900123
0.829687 -0.524173 -0.191994
0.173772 0.012195 0.984710
0.307474 -0.121772 0.943733
0.139068 0.000000 0.990283
0.175319 -0.170746 0.969592
0.288261 -0.293614 0.911426
0.307474 -0.121772 0.943733
0.175319 -0.170746 0.969592
0.268772 0.623064 0.734543
0.036676 0.739632 0.672011
0.420583 0.786307 0.452584
0.238219 0.421464 0.874997
0.036676 0.739632 0.672011
0.268772 0.623064 0.734543
0.910470 0.265363 -0.317216
0.789084 0.447859 -0.420439
0.566703 -0.476580 -0.672100
0.789084 0.447859 -0.420439
0.296160 -0.482405 -0.824363
0.566703 -0.476580 -0.672100
0.339494 0.360904 0.868615
0.060190 0.424290 0.903524
0.105382 0.367211 0.924148
0.339494 0.360904 0.868615
0.356523 0.540879 0.761801
0.060190 0.424290 0.903524
0.589921 -0.201213 -0.781989
0.942178 -0.298814 -0.151694
0.917867 -0.277956 -0.283302
0.942178 -0.298814 -0.151694
0.890839 -0.286777 -0.352370
0.917867 -0.277956 -0.283302
0.158417 -0.463064 -0.872053
-0.045881 -0.758565 -0.649980
-0.140851 -0.783868 -0.604742
0.158417 -0.463064 -0.872053
0.421657 -0.659985 -0.621792
-0.045881 -0.758565 -0.649980
-0.225087 -0.267671 -0.936850
-0.351347 -0.158870 -0.922668
-0.201290 -0.219589 -0.954601
-0.225087 -0.267671 -0.936850
-0.201290 -0.219589 -0.954601
0.152595 -0.305190 -0.939986
-0.277369 -0.035052 0.960124
-0.390229 -0.359743 0.847530
-0.513145 -0.332933 0.791099
-0.513145 -0.332933 0.791099
-0.390229 -0.359743 0.847530
-0.544709 -0.015301 0.838485
-0.177298 0.366824 0.913239
-0.183169 0.793731 0.580034
0.183131 0.244175 0.952282
0.183131 0.244175 0.952282
-0.868487 0.452592 0.202214
-0.177298 0.366824 0.913239
-0.421437 0.164910 0.891737
-0.983079 0.109909 -0.146546
-0.907273 -0.237474 -0.347077
-0.907273 -0.237474 -0.347077
-0.983079 0.109909 -0.146546
-0.146944 -0.367359 -0.918398
0.296160 -0.482405 -0.824363
0.789084 0.447859 -0.420439
0.303815 -0.186259 -0.934347
0.303815 -0.186259 -0.934347
-0.199745 -0.859971 -0.469630
0.296160 -0.482405 -0.824363
0.733863 0.191840 -0.651646
0.881192 -0.469562 0.054884
0.403266 -0.060870 -0.913056
0.557796 -0.088636 -0.825232
0.733863 0.191840 -0.651646
0.403266 -0.060870 -0.913056
-0.235215 0.323802 0.916421
-0.048719 0.267954 0.962199
-0.120714 0.470633 0.874032
-0.009159 0.183175 0.983038
-0.048719 0.267954 0.962199
-0.235215 0.323802 0.916421
0.686397 -0.124314 -0.716523
0.747275 -0.373256 -0.549781
0.671553 -0.250020 -0.697500
0.747275 -0.373256 -0.549781
0.686397 -0.124314 -0.716523
0.381364 0.070171 -0.921758
0.846731 -0.012227 -0.531881
0.854788 -0.219803 0.470133
0.681244 -0.403248 -0.610981
0.681244 -0.403248 -0.610981
-0.001528 -0.207859 -0.978158
0.846731 -0.012227 -0.531881
0.139276 -0.048842 0.989048
0.123638 0.018317 0.992158
-0.015278 0.036668 0.999211
0.139276 -0.048842 0.989048
0.304782 -0.024413 0.952109
0.123638 0.018317 0.992158
0.059501 -0.207490 -0.976426
0.085358 -0.170716 -0.981616
-0.125003 -0.405497 -0.905509
-0.058099 -0.057908 -0.996630
0.085358 -0.170716 -0.981616
0.059501 -0.207490 -0.976426
-0.513265 -0.293294 0.806559
-0.480732 0.194727 0.854973
-0.389981 -0.170617 0.904878
-0.304877 -0.231706 0.923776
-0.513265 -0.293294 0.806559
-0.389981 -0.170617 0.904878
0.091670 -0.647800 -0.756275
0.753125 0.563313 -0.339825
0.597339 -0.755817 -0.268193
0.798198 -0.255911 0.545334
0.597339 -0.755817 -0.268193
0.753125 0.563313 -0.339825
-0.067236 -0.378966 -0.922965
0.128303 0.299373 -0.945470
-0.311671 -0.244448 -0.918208
0.128303 0.299373 -0.945470
-0.115866 -0.201241 -0.972665
-0.311671 -0.244448 -0.918208
0.636068 -0.305435 -0.708609
0.803471 -0.280795 -0.524965
0.829687 -0.524173 -0.191994
0.636068 -0.305435 -0.708609
0.855736 -0.292611 -0.426725
0.803471 -0.280795 -0.524965
0.491700 0.479484 0.726861
-0.296014 0.950179 0.097654
0.235332 0.304480 0.922990
0.073156 0.621068 0.780335
0.491700 0.479484 0.726861
0.235332 0.304480 0.922990
0.103701 -0.780807 0.616106
-0.061097 -0.977556 -0.201621
-0.176682 -0.511767 0.840760
-0.061097 -0.977556 -0.201621
0.103701 -0.780807 0.616106
0.268964 -0.275076 -0.923034
-0.000382 -0.304180 -0.952614
-0.064067 -0.376013 -0.924397
-0.124301 -0.222591 -0.966955
0.019069 -0.405782 -0.913771
-0.064067 -0.376013 -0.924397
-0.000382 -0.304180 -0.952614
0.146542 -0.256448 -0.955385
-0.063733 -0.177077 -0.982131
0.251649 -0.183018 -0.950357
0.271476 -0.396538 -0.876960
0.146542 -0.256448 -0.955385
0.251649 -0.183018 -0.950357
-0.867435 0.445935 -0.220677
-0.146491 0.152595 0.977372
-0.238056 0.085456 0.967485
-0.238056 0.085456 0.967485
-0.950616 0.152342 -0.270408
-0.867435 0.445935 -0.220677
-0.262234 -0.853785 0.449762
-0.286831 -0.433298 0.854389
-0.289374 -0.791972 0.537627
-0.265127 -0.463210 0.845662
-0.262234 -0.853785 0.449762
-0.289374 -0.791972 0.537627
-0.526825 -0.820866 -0.220531
-0.611519 0.742341 -0.273814
-0.503550 0.146487 -0.851457
0.774276 -0.489661 -0.400910
-0.526825 -0.820866 -0.220531
-0.503550 0.146487 -0.851457
-0.332444 -0.321818 0.886518
-0.312841 -0.213128 0.925584
-0.191013 -0.458430 0.867961
-0.332444 -0.321818 0.886518
-0.383045 -0.422881 0.821248
-0.312841 -0.213128 0.925584
0.122205 -0.195527 -0.973055
0.297427 -0.207436 -0.931938
0.438084 -0.268651 -0.857851
0.438084 -0.268651 -0.857851
0.297427 -0.207436 -0.931938
0.548820 -0.170981 -0.818268
-0.601035 -0.248270 -0.759684
-0.378162 0.041266 -0.924819
0.210521 -0.119753 -0.970227
-0.378162 0.041266 -0.924819
-0.393666 0.035857 -0.918554
0.210521 -0.119753 -0.970227
0.003053 -0.964900 -0.262599
-0.082484 -0.989808 -0.116089
0.204245 -0.621879 -0.756010
0.003053 -0.964900 -0.262599
0.204245 -0.621879 -0.756010
0.244769 -0.666994 -0.703710
0.304680 0.183266 -0.934657
0.746866 0.152646 -0.647217
0.627423 0.030513 -0.778081
0.411482 -0.371858 -0.832108
0.627423 0.030513 -0.778081
0.194290 -0.347437 -0.917354
-0.036634 -0.781535 -0.622785
-0.216910 -0.916523 0.336058
-0.061084 -0.842965 -0.534489
-0.061084 -0.842965 -0.534489
-0.216910 -0.916523 0.336058
-0.253123 -0.182980 0.949972
-0.231667 0.713292 0.661472
0.009160 0.458001 0.888904
-0.222610 0.512307 0.829450
0.009160 0.458001 0.888904
-0.027498 0.999095 0.032463
-0.222610 0.512307 0.829450
0.523320 -0.036617 -0.851349
0.228783 0.061009 -0.971564
0.234882 0.359949 -0.902922
0.167479 0.274057 -0.947018
0.523320 -0.036617 -0.851349
0.234882 0.359949 -0.902922
-0.009157 -0.274710 0.961484
0.103627 -0.161537 0.981411
-0.042631 -0.024361 0.998794
-0.042631 -0.024361 0.998794
0.103627 -0.161537 0.981411
0.079263 -0.307907 0.948109
0.718241 0.024399 0.695367
0.734132 -0.042735 0.677660
0.686969 0.006106 0.726661
0.857724 -0.036629 0.512803
0.734132 -0.042735 0.677660
0.718241 0.024399 0.695367
0.420583 0.786307 0.452584
0.954761 0.195848 -0.223772
0.269074 0.562609 -0.781710
0.420583 0.786307 0.452584
0.269074 0.562609 -0.781710
0.449746 0.795470 0.406148
0.012202 0.719900 0.693971
-0.183169 0.793731 0.580034
-0.415197 0.714384 0.563264
-0.183169 0.793731 0.580034
0.012202 0.719900 0.693971
0.128084 0.719713 0.682355
-0.544709 -0.015301 0.838485
-0.578698 0.194930 0.791903
-0.827752 0.281008 0.485655
-0.356812 -0.042695 0.933200
-0.578698 0.194930 0.791903
-0.544709 -0.015301 0.838485
-0.513265 -0.293294 0.806559
-0.304877 -0.231706 0.923776
-0.342946 -0.722636 0.600155
-0.304877 -0.231706 0.923776
-0.201287 -0.256183 0.945438
-0.342946 -0.722636 0.600155
-0.967669 0.220482 -0.122490
-0.434050 -0.281215 -0.855873
-0.578473 -0.097427 -0.809862
-0.434050 -0.281215 -0.855873
-0.525162 -0.061065 -0.848808
-0.578473 -0.097427 -0.809862
-0.463574 0.012199 -0.885975
-0.629513 0.238359 -0.739525
-0.299059 -0.164787 -0.939898
-0.372415 -0.012210 -0.927986
-0.629513 0.238359 -0.739525
-0.463574 0.012199 -0.885975
-0.028274 -0.220079 -0.975072
-0.023490 -0.177222 -0.983890
0.152595 -0.305190 -0.939986
-0.262092 -0.146284 -0.953892
-0.023490 -0.177222 -0.983890
-0.028274 -0.220079 -0.975072
0.482940 -0.134065 0.865330
0.371606 -0.194941 0.907693
0.642763 -0.064124 0.763377
0.371606 -0.194941 0.907693
0.482940 -0.134065 0.865330
0.528624 -0.115779 0.840923
0.432067 0.154200 0.888561
0.363681 0.256716 0.895451
0.187895 0.236778 0.953222
0.676822 0.080792 0.731700
0.363681 0.256716 0.895451
0.432067 0.154200 0.888561
-0.170751 -0.506155 0.845370
-0.085603 -0.752082 0.653486
-0.140576 -0.537857 0.831233
-0.165049 -0.904711 0.392755
-0.085603 -0.752082 0.653486
-0.170751 -0.506155 0.845370
-0.139001 0.206973 0.968422
-0.283999 0.186279 0.940556
-0.210756 0.134395 0.968256
-0.139001 0.206973 0.968422
-0.158583 0.294674 0.942347
-0.283999 0.186279 0.940556
-0.396577 0.048809 0.916703
-0.926160 -0.048745 -0.373967
-0.604265 0.122074 0.787376
-0.653295 0.207589 0.728088
-0.396577 0.048809 0.916703
-0.604265 0.122074 0.787376
-0.198535 0.232134 -0.952207
0.213217 0.487352 -0.846774
0.125130 0.817921 -0.561558
0.125130 0.817921 -0.561558
0.164477 0.980768 0.105082
-0.198535 0.232134 -0.952207
0.353014 -0.085394 0.931713
0.739882 -0.195268 0.643774
0.337298 -0.146353 0.929952
0.337298 -0.146353 0.929952
0.739882 -0.195268 0.643774
0.509471 -0.475202 -0.717372
-0.175888 -0.980709 -0.085279
-0.403452 -0.628440 0.665048
-0.493607 -0.493607 -0.716034
-0.051948 -0.605041 -0.794498
-0.493607 -0.493607 -0.716034
-0.403452 -0.628440 0.665048
0.606101 -0.685257 -0.403812
0.019276 -0.885547 -0.464149
0.240272 -0.855658 -0.458388
0.067502 -0.960704 -0.269242
0.019276 -0.885547 -0.464149
0.606101 -0.685257 -0.403812
0.932416 -0.219751 0.286897
0.827251 0.036564 0.560642
0.954100 -0.021338 0.298728
0.954100 -0.021338 0.298728
0.827251 0.036564 0.560642
0.893820 -0.115922 0.433183
-0.115984 -0.680644 -0.723375
-0.836131 -0.202930 0.509613
-0.494185 0.216587 -0.841945
-0.115984 -0.680644 -0.723375
-0.494185 0.216587 -0.841945
0.861713 -0.012223 -0.507249
0.512402 0.463602 0.722853
0.671169 0.610153 0.421006
0.772624 0.448916 0.448916
0.512402 0.463602 0.722853
0.772624 0.448916 0.448916
0.707389 0.143307 0.692144
0.332648 0.280767 -0.900286
0.354146 0.042742 -0.934213
0.539672 0.024392 -0.841522
0.256054 0.188992 -0.948008
0.412582 0.018337 -0.910736
0.332648 0.280767 -0.900286
0.676822 0.080792 0.731700
0.696316 0.007635 0.717694
0.784718 0.004580 0.619836
0.649612 0.077008 0.756356
0.784718 0.004580 0.619836
0.696316 0.007635 0.717694
0.042700 -0.213502 -0.976009
-0.655210 -0.257185 -0.710321
-0.974790 0.054832 -0.216282
0.042700 -0.213502 -0.976009
-0.974790 0.054832 -0.216282
-0.115866 -0.201241 -0.972665
-0.341457 0.335360 0.878032
-0.438878 0.262107 0.859469
-0.122258 0.275081 0.953616
-0.438878 0.262107 0.859469
-0.341457 0.335360 0.878032
-0.646750 0.298970 0.701663
-0.604265 0.122074 0.787376
-0.648697 0.244791 0.720604
-0.879780 0.256603 0.400178
-0.785622 0.219243 0.578559
-0.879780 0.256603 0.400178
-0.648697 0.244791 0.720604
-0.006104 0.946196 0.323538
0.354126 0.189274 -0.915844
0.595451 -0.073286 -0.800042
0.354126 0.189274 -0.915844
-0.006104 0.946196 0.323538
0.274830 0.592411 -0.757309
-0.818108 0.036632 -0.573897
-0.609711 0.634099 0.475574
-0.658497 0.518261 0.545699
-0.658497 0.518261 0.545699
-0.609711 0.634099 0.475574
-0.838941 0.402692 0.366083
0.126676 0.366293 0.921837
0.106129 0.403136 0.908965
-0.021393 0.702922 0.710945
0.126676 0.366293 0.921837
-0.021393 0.702922 0.710945
0.251627 0.213501 0.943982
-0.286915 -0.225869 0.930947
-0.237791 -0.097555 0.966405
-0.366481 -0.061080 0.928419
-0.286915 -0.225869 0.930947
-0.366481 -0.061080 0.928419
-0.676150 0.079189 0.732496
-0.958368 0.244170 -0.148028
-0.329727 0.335833 0.882325
-0.511525 0.764243 -0.392778
-0.329727 0.335833 0.882325
-0.958368 0.244170 -0.148028
-0.974790 0.054832 -0.216282
-0.260447 -0.012220 -0.965411
-0.148194 -0.213888 -0.965552
-0.562758 -0.262316 -0.783896
-0.260447 -0.012220 -0.965411
0.281168 0.262831 -0.922965
-0.148194 -0.213888 -0.965552
-0.076408 -0.586816 -0.806107
-0.179927 -0.817296 -0.547406
-0.243586 -0.864729 -0.439215
-0.076408 -0.586816 -0.806107
-0.024425 -0.427434 -0.903717
-0.179927 -0.817296 -0.547406
0.051759 -0.389714 0.919481
-0.870811 -0.281104 0.403323
-0.377432 -0.840090 -0.389607
-0.377432 -0.840090 -0.389607
0.098396 -0.549189 0.829885
0.051759 -0.389714 0.919481
0.581046 0.183007 0.793029
0.818015 -0.403656 -0.409772
0.616484 0.097661 0.781287
0.818015 -0.403656 -0.409772
0.581046 0.183007 0.793029
0.951855 0.281126 -0.122229
0.360645 -0.207829 -0.909254
0.604367 -0.207560 -0.769194
0.891058 -0.256332 -0.374580
0.604367 -0.207560 -0.769194
0.360645 -0.207829 -0.909254
0.893658 -0.158737 -0.419737
-0.790542 -0.048837 -0.610457
-0.247332 -0.256492 -0.934365
-0.277438 -0.274389 -0.920727
-0.785845 -0.030578 -0.617668
-0.790542 -0.048837 -0.610457
-0.277438 -0.274389 -0.920727
-0.364636 -0.546953 -0.753580
-0.329704 -0.744886 -0.580034
-0.538672 -0.685583 -0.489702
-0.123998 -0.575593 -0.808280
-0.329704 -0.744886 -0.580034
-0.364636 -0.546953 -0.753580
0.288415 -0.289941 -0.912552
-0.142060 -0.006110 -0.989839
0.215183 -0.363217 -0.906515
0.288415 -0.289941 -0.912552
0.960399 0.128257 -0.247352
-0.142060 -0.006110 -0.989839
0.083763 0.079465 0.993312
0.208633 -0.152844 0.965977
-0.166952 0.097805 0.981102
0.208633 -0.152844 0.965977
0.267305 0.091647 0.959244
-0.166952 0.097805 0.981102
0.853706 -0.489581 -0.177473
0.702825 -0.696714 -0.143621
0.865592 -0.390126 -0.313930
0.865592 -0.390126 -0.313930
0.702825 -0.696714 -0.143621
0.730832 -0.403640 -0.550417
0.144836 -0.329311 -0.933047
0.634370 -0.518476 -0.573373
0.232430 -0.385345 -0.893021
0.232430 -0.385345 -0.893021
0.634370 -0.518476 -0.573373
0.719646 -0.433007 -0.542784
-0.270867 0.480865 0.833906
-0.120714 0.470633 0.874032
-0.170497 0.578473 0.797684
-0.120714 0.470633 0.874032
0.139696 0.334967 0.931817
-0.170497 0.578473 0.797684
-0.939023 0.243902 0.242378
-0.885297 0.341908 -0.315196
-0.635521 0.293317 0.714197
-0.635521 0.293317 0.714197
-0.500574 0.231973 0.834035
-0.939023 0.243902 0.242378
-0.439353 -0.102592 -0.892437
-0.597888 -0.105240 -0.794641
-0.018302 -0.260039 -0.965425
-0.439353 -0.102592 -0.892437
-0.894833 0.021378 -0.445889
-0.597888 -0.105240 -0.794641
0.559463 0.024457 0.828494
0.345050 0.293140 0.891633
0.591584 -0.146371 0.792845
0.559463 0.024457 0.828494
0.458039 0.354217 0.815310
0.345050 0.293140 0.891633
0.121942 -0.438992 0.890178
0.027481 -0.659552 0.751156
-0.034982 -0.669227 0.742234
0.121942 -0.438992 0.890178
0.073104 -0.462993 0.883342
0.027481 -0.659552 0.751156
0.228649 0.207308 0.951180
0.599078 0.097809 0.794695
0.407983 0.146143 0.901217
0.599078 0.097809 0.794695
0.551791 0.171193 0.816223
0.407983 0.146143 0.901217
0.954100 -0.021338 0.298728
0.893820 -0.115922 0.433183
0.830350 -0.470124 0.299170
0.686969 0.006106 0.726661
0.830350 -0.470124 0.299170
0.893820 -0.115922 0.433183
0.184254 0.268006 0.945634
0.171024 0.561935 0.809308
0.024391 0.426845 0.903996
0.143965 0.869918 0.471716
0.024391 0.426845 0.903996
0.171024 0.561935 0.809308
0.175628 0.088578 -0.980464
-0.035130 0.412396 -0.910327
0.198383 0.451703 -0.869833
0.175628 0.088578 -0.980464
0.198383 0.451703 -0.869833
-0.067109 -0.390453 -0.918174
0.097680 -0.317461 0.943227
0.151761 -0.461352 0.874141
0.535689 -0.244887 0.808126
0.097680 -0.317461 0.943227
-0.181393 -0.639489 0.747095
0.151761 -0.461352 0.874141
0.622181 -0.434612 -0.651155
0.734753 -0.472940 -0.486278
0.180226 -0.372671 -0.910294
0.734753 -0.472940 -0.486278
0.622181 -0.434612 -0.651155
0.935932 -0.344496 -0.073167
-0.076549 -0.526654 -0.846626
-0.201557 -0.329821 -0.922276
-0.123728 -0.537683 -0.834020
-0.695801 -0.061035 -0.715637
-0.123728 -0.537683 -0.834020
-0.201557 -0.329821 -0.922276
-0.723434 -0.145903 0.674800
-0.743336 0.231531 0.627571
-0.820370 0.440796 0.364269
-0.820370 0.440796 0.364269
-0.743336 0.231531 0.627571
-0.548893 0.414719 0.725758
-0.706946 0.021330 -0.706946
-0.219992 -0.176452 -0.959410
-0.736263 -0.078667 -0.672107
-0.706946 0.021330 -0.706946
-0.736263 -0.078667 -0.672107
-0.496974 -0.185984 -0.847600
-0.292800 0.857050 0.423950
-0.042724 0.888050 -0.457758
0.457918 0.460970 -0.760143
0.445644 -0.439539 -0.779876
0.457918 0.460970 -0.760143
-0.042724 0.888050 -0.457758
0.206357 0.189543 0.959943
0.597017 -0.127932 0.791962
0.143728 0.183483 0.972459
0.206357 0.189543 0.959943
0.143728 0.183483 0.972459
-0.420902 -0.832654 0.359902
0.920053 -0.122063 0.372293
0.751216 0.024430 0.659604
0.867872 -0.054861 0.493750
0.867872 -0.054861 0.493750
0.751216 0.024430 0.659604
0.817729 -0.036666 0.574435
-0.511774 0.073111 -0.856003
-0.189133 -0.073213 -0.979218
-0.805582 0.122058 -0.579775
-0.189133 -0.073213 -0.979218
-0.511774 0.073111 -0.856003
0.243992 -0.170794 -0.954619
0.675508 -0.071855 0.733843
0.555622 0.159836 0.815927
0.508406 0.112810 0.853696
0.675508 -0.071855 0.733843
0.508406 0.112810 0.853696
0.703843 0.070080 0.706890
-0.136599 0.616603 -0.775333
0.115916 0.555177 -0.823615
-0.329070 0.289459 -0.898847
-0.332389 0.327815 -0.884339
0.115916 0.555177 -0.823615
-0.136599 0.616603 -0.775333
-0.165148 0.489326 0.856321
-0.140626 0.372965 0.917127
-0.171024 0.329833 0.928419
-0.171024 0.329833 0.928419
-0.393435 0.271440 0.878367
-0.165148 0.489326 0.856321
-0.879768 0.354351 0.316930
-0.819940 0.489516 0.296769
-0.637431 0.766743 0.076066
-0.879768 0.354351 0.316930
-0.637431 0.766743 0.076066
-0.298715 0.341389 0.891192
-0.109181 -0.909843 -0.400331
-0.870811 -0.281104 0.403323
0.051921 -0.317633 0.946791
-0.384952 -0.693826 -0.608619
-0.870811 -0.281104 0.403323
-0.109181 -0.909843 -0.400331
0.223033 0.519392 0.824917
0.261957 0.670122 0.694490
0.091745 0.758424 0.645272
0.091745 0.758424 0.645272
0.261957 0.670122 0.694490
0.259611 0.879623 0.398579
0.369794 -0.009168 0.929069
0.208060 0.039703 0.977310
-0.193831 -0.188880 0.962681
-0.193831 -0.188880 0.962681
-0.151321 -0.326275 0.933085
0.369794 -0.009168 0.929069
0.976882 -0.006106 0.213693
0.943139 -0.238074 0.231969
0.857724 -0.036629 0.512803
0.943139 -0.238074 0.231969
0.976882 -0.006106 0.213693
0.920053 -0.122063 0.372293
-0.720101 0.439384 0.537025
-0.644261 0.329764 0.690061
-0.592146 0.384590 0.708134
-0.644261 0.329764 0.690061
-0.456681 0.274009 0.846382
-0.592146 0.384590 0.708134
-0.707669 0.433142 0.558204
-0.769879 0.462536 0.439713
-0.582032 0.475377 0.659738
-0.769879 0.462536 0.439713
-0.523214 0.575230 0.628775
-0.582032 0.475377 0.659738
-0.412159 -0.116015 -0.903696
0.073299 -0.348170 -0.934561
-0.027428 -0.390090 -0.920368
-0.412159 -0.116015 -0.903696
-0.027428 -0.390090 -0.920368
-0.021374 0.464129 -0.885510
0.000000 -0.536974 -0.843599
-0.145547 -0.921795 -0.359318
-0.116346 -0.538864 -0.834320
-0.116346 -0.538864 -0.834320
-0.042268 -0.869504 -0.492115
0.030531 0.073275 -0.996844
-0.317602 0.000000 -0.948224
-0.777110 0.195807 -0.598130
-0.803526 0.206969 -0.558131
-0.777110 0.195807 -0.598130
-0.280942 0.085504 -0.955908
-0.803526 0.206969 -0.558131
0.783303 -0.353210 -0.511545
0.268964 -0.275076 -0.923034
0.240291 -0.305131 -0.921496
0.783303 -0.353210 -0.511545
0.240291 -0.305131 -0.921496
0.634570 -0.316145 -0.705247
0.928224 0.103815 0.357244
0.242623 0.105289 -0.964390
0.271539 -0.141872 -0.951913
0.242623 0.105289 -0.964390
-0.120474 0.144873 -0.982089
0.271539 -0.141872 -0.951913
0.027468 -0.589038 -0.807638
-0.018304 -0.372183 -0.927979
0.170837 -0.341675 -0.924161
-0.018304 -0.372183 -0.927979
0.027468 -0.589038 -0.807638
-0.111327 -0.667960 -0.735823
-0.154835 0.134241 -0.978778
-0.126701 -0.323622 -0.937665
0.017560 0.335922 -0.941726
-0.428943 0.109907 -0.896621
-0.126701 -0.323622 -0.937665
-0.154835 0.134241 -0.978778
-0.317540 0.287007 0.903767
-0.149209 0.274058 0.950068
0.036511 0.225154 0.973639
-0.317540 0.287007 0.903767
-0.568789 0.287452 0.770617
-0.149209 0.274058 0.950068
0.593887 -0.729068 0.340232
0.774276 -0.489661 -0.400910
0.626588 -0.622014 0.469560
0.593887 -0.729068 0.340232
0.626588 -0.622014 0.469560
0.416999 -0.706160 0.572233
-0.296181 0.100763 -0.949802
-0.485055 0.268458 -0.832257
-0.823320 0.103677 -0.558028
-0.296181 0.100763 -0.949802
-0.256442 0.045793 -0.965474
-0.485055 0.268458 -0.832257
0.201621 0.745387 0.635412
0.345050 0.293140 0.891633
0.458039 0.354217 0.815310
0.523913 0.718858 0.456901
0.201621 0.745387 0.635412
0.458039 0.354217 0.815310
-0.843787 0.024369 -0.536125
-0.731571 -0.055097 -0.679535
-0.461213 -0.116067 -0.879665
-0.843787 0.024369 -0.536125
-0.461213 -0.116067 -0.879665
-0.902305 0.180461 0.391509
0.041181 0.183027 0.982245
0.184254 0.268006 0.945634
0.024391 0.426845 0.903996
0.184254 0.268006 0.945634
0.041181 0.183027 0.982245
0.042704 0.183015 0.982182
0.324378 0.286306 -0.901559
0.274830 0.592411 -0.757309
0.334205 0.268585 -0.903421
0.324378 0.286306 -0.901559
0.354126 0.189274 -0.915844
0.274830 0.592411 -0.757309
-0.799621 0.442538 -0.405914
-0.831863 0.553556 0.039758
0.170940 -0.515872 -0.839437
-0.645562 0.408044 0.645562
-0.831863 0.553556 0.039758
-0.799621 0.442538 -0.405914
-0.818146 0.377782 0.433495
-0.683059 0.382696 0.622072
-0.662506 0.377048 0.647241
-0.818146 0.377782 0.433495
-0.720410 0.415152 0.555570
-0.683059 0.382696 0.622072
0.004577 0.396699 -0.917938
-0.192297 0.115989 -0.974458
-0.073240 0.054930 -0.995800
0.004577 0.396699 -0.917938
-0.073240 0.054930 -0.995800
0.071717 0.125124 -0.989546
0.000000 -0.316684 0.948531
-0.211230 -0.342865 0.915328
-0.170879 -0.048823 0.984082
-0.589217 -0.785623 0.188734
-0.170879 -0.048823 0.984082
-0.211230 -0.342865 0.915328
-0.303773 -0.753358 -0.583245
-0.504963 -0.803074 -0.316362
0.176682 -0.950425 -0.255884
-0.538672 -0.685583 -0.489702
-0.303773 -0.753358 -0.583245
0.176682 -0.950425 -0.255884
-0.080814 -0.230244 -0.969771
0.254260 -0.861652 -0.439214
0.039637 -0.978741 -0.201236
0.183752 -0.745682 -0.640463
-0.080814 -0.230244 -0.969771
0.039637 -0.978741 -0.201236
-0.207834 -0.134481 -0.968875
0.518823 -0.024415 -0.854533
-0.857317 0.340495 -0.386097
0.127807 -0.401678 -0.906819
0.518823 -0.024415 -0.854533
-0.207834 -0.134481 -0.968875
-0.593317 -0.103983 -0.798225
-0.219492 -0.109746 -0.969422
-0.806966 0.256762 -0.531864
-0.647595 0.207719 0.733126
-0.593317 -0.103983 -0.798225
-0.806966 0.256762 -0.531864
-0.030553 0.207762 0.977702
0.003048 0.207238 0.978286
-0.275183 0.256837 0.926450
-0.030553 0.207762 0.977702
0.024391 0.426845 0.903996
0.003048 0.207238 0.978286
-0.087060 0.769792 -0.632329
0.392365 0.522135 0.757248
0.022900 0.885480 -0.464113
0.872263 0.337305 0.354094
0.392365 0.522135 0.757248
-0.087060 0.769792 -0.632329
0.213415 0.972563 -0.092607
-0.012207 -0.241081 -0.970428
0.145028 0.900702 -0.409514
0.213415 0.972563 -0.092607
0.390774 0.897559 -0.204164
-0.012207 -0.241081 -0.970428
-0.058099 -0.057908 -0.996630
0.297770 -0.634227 -0.713505
0.038907 -0.122063 -0.991759
-0.058099 -0.057908 -0.996630
0.038907 -0.122063 -0.991759
0.085358 -0.170716 -0.981616
-0.267895 0.267895 0.925454
-0.537734 0.174152 0.824932
-0.800909 -0.418796 -0.427967
-0.962324 0.073088 -0.261898
-0.267895 0.267895 0.925454
-0.800909 -0.418796 -0.427967
0.243845 0.402345 -0.882416
0.158953 0.825331 -0.541814
0.152432 0.987758 -0.033154
0.158953 0.825331 -0.541814
0.243845 0.402345 -0.882416
0.854648 -0.488370 0.176271
0.165185 -0.599559 -0.783098
0.152272 -0.773542 -0.615179
0.058052 -0.873834 -0.482747
0.161974 -0.446191 -0.880158
0.152272 -0.773542 -0.615179
0.165185 -0.599559 -0.783098
-0.670679 0.289611 0.682873
-0.518310 0.362817 0.774415
-0.793377 0.262425 0.549261
-0.518310 0.362817 0.774415
-0.670679 0.289611 0.682873
-0.604770 0.363473 0.708619
-0.986022 0.140424 0.089673
0.024410 0.277660 0.960369
-0.750325 0.420914 0.509748
-0.986022 0.140424 0.089673
-0.268556 0.105286 0.957493
0.024410 0.277660 0.960369
-0.018310 0.073241 -0.997146
0.180111 0.085476 -0.979925
0.680617 0.708085 0.188085
0.180111 0.085476 -0.979925
-0.018310 0.073241 -0.997146
0.420732 0.231707 -0.877096
0.278151 0.085585 -0.956717
0.088606 0.006111 -0.996048
0.149445 -0.158595 -0.975968
0.146292 0.097528 -0.984422
0.278151 0.085585 -0.956717
0.149445 -0.158595 -0.975968
-0.783876 0.159225 0.600155
-0.941491 0.210918 0.262884
-0.935447 0.229276 0.269018
-0.861134 0.140469 0.488587
-0.783876 0.159225 0.600155
-0.935447 0.229276 0.269018
0.584836 -0.232102 -0.777236
0.500614 -0.146521 -0.853181
0.925287 -0.244300 -0.290106
0.500614 -0.146521 -0.853181
0.584836 -0.232102 -0.777236
0.800403 -0.421586 -0.426169
0.165185 0.599559 0.783098
-0.042641 0.012183 0.999016
0.024350 -0.974000 -0.225237
-0.152513 -0.719860 0.677157
0.024350 -0.974000 -0.225237
-0.042641 0.012183 0.999016
-0.979239 0.097924 -0.177487
-0.950566 0.085307 -0.298575
-0.121813 0.401983 0.907508
-0.048924 -0.275200 -0.960141
-0.950566 0.085307 -0.298575
-0.979239 0.097924 -0.177487
-0.329070 0.289459 -0.898847
0.025961 -0.042760 -0.998748
-0.115389 0.332351 -0.936071
0.025961 -0.042760 -0.998748
-0.329070 0.289459 -0.898847
-0.372745 0.430796 -0.821873
-0.067419 -0.894830 -0.441286
0.024542 -0.662639 -0.748537
0.042871 -0.759423 -0.649184
-0.110398 -0.969052 -0.220797
0.042871 -0.759423 -0.649184
0.024542 -0.662639 -0.748537
-0.010692 -0.992820 -0.119138
-0.243049 -0.256001 -0.935623
-0.146293 -0.835086 -0.530310
-0.064081 -0.628607 -0.775079
-0.010692 -0.992820 -0.119138
-0.146293 -0.835086 -0.530310
0.257831 0.920717 0.292921
0.074715 0.748676 0.658713
0.138204 0.625916 0.767547
0.257831 0.920717 0.292921
0.006112 0.796118 0.605111
0.074715 0.748676 0.658713
-0.189139 -0.048884 -0.980733
0.233326 -0.497152 -0.835703
-0.452354 0.604156 -0.656027
-0.189139 -0.048884 -0.980733
-0.452354 0.604156 -0.656027
-0.416047 0.454771 -0.787457
0.479225 0.256400 0.839406
0.528420 0.201594 0.824701
0.493188 0.225283 0.840246
0.528420 0.201594 0.824701
0.855186 -0.513112 -0.073302
0.493188 0.225283 0.840246
0.268964 -0.275076 -0.923034
-0.012211 -0.989130 -0.146538
0.214124 -0.446602 -0.868733
0.268964 -0.275076 -0.923034
0.214124 -0.446602 -0.868733
0.030548 -0.745373 -0.665948
-0.038926 -0.564803 -0.824307
-0.243049 -0.256001 -0.935623
0.055757 -0.216916 -0.974597
-0.243049 -0.256001 -0.935623
-0.038926 -0.564803 -0.824307
-0.169500 -0.115858 -0.978697
0.096796 -0.330021 -0.938998
0.103868 -0.417758 -0.902602
-0.365633 -0.850539 -0.378017
0.003051 -0.907015 -0.421087
0.096796 -0.330021 -0.938998
-0.365633 -0.850539 -0.378017
0.093107 0.650224 0.754016
0.143556 0.565060 0.812465
0.161725 0.787266 0.595027
0.093107 0.650224 0.754016
0.045786 0.499066 0.865353
0.143556 0.565060 0.812465
0.551791 0.171193 0.816223
0.404822 0.171095 0.898246
0.407983 0.146143 0.901217
0.404822 0.171095 0.898246
0.551791 0.171193 0.816223
0.565624 0.085377 0.820232
-0.165753 -0.969964 0.178031
-0.100235 -0.753285 -0.650012
-0.247535 -0.929021 -0.275039
-0.235778 -0.208220 0.949238
-0.165753 -0.969964 0.178031
-0.247535 -0.929021 -0.275039
-0.025175 -0.024412 0.999385
0.042572 -0.024398 0.998796
-0.122935 -0.696378 0.707068
-0.122935 -0.696378 0.707068
0.042572 -0.024398 0.998796
0.375388 -0.584190 0.719588
-0.746441 -0.348847 -0.566686
-0.591403 -0.131084 -0.795650
-0.283777 0.085438 -0.955077
-0.591403 -0.131084 -0.795650
0.198383 0.451703 -0.869833
-0.283777 0.085438 -0.955077
0.902605 -0.279015 -0.327804
0.979454 -0.195281 0.050346
0.170825 -0.003050 0.985297
0.913004 -0.351155 -0.207640
0.902605 -0.279015 -0.327804
0.170825 -0.003050 0.985297
0.088605 -0.256649 -0.962435
-0.036574 -0.073149 -0.996650
0.456431 -0.311411 -0.833483
-0.036574 -0.073149 -0.996650
0.025961 -0.042760 -0.998748
0.456431 -0.311411 -0.833483
0.122107 0.137371 0.982964
0.045714 0.324570 0.944757
-0.036528 0.270917 0.961909
0.122107 0.137371 0.982964
-0.353394 0.289418 0.889579
0.045714 0.324570 0.944757
0.431135 -0.618634 -0.656822
0.485209 -0.739076 0.467267
0.458223 -0.708129 -0.537201
0.458223 -0.708129 -0.537201
0.485209 -0.739076 0.467267
0.507558 -0.710276 0.487743
0.240879 0.493955 0.835455
0.180279 0.501114 0.846395
0.396667 0.822265 0.408087
0.240879 0.493955 0.835455
0.409344 0.907792 0.091388
0.180279 0.501114 0.846395
0.324378 0.286306 -0.901559
0.377935 0.435844 -0.816826
0.284430 0.623912 -0.727897
-0.021374 0.464129 -0.885510
0.284430 0.623912 -0.727897
0.377935 0.435844 -0.816826
0.091616 -0.580237 0.809278
0.181808 -0.390296 0.902560
0.344140 -0.616552 0.708119
0.163704 -0.030527 0.986037
0.181808 -0.390296 0.902560
0.091616 -0.580237 0.809278
-0.857317 0.340495 -0.386097
-0.591882 0.805447 -0.030509
-0.146505 -0.024417 -0.988909
-0.857317 0.340495 -0.386097
-0.691432 0.024475 0.722027
-0.591882 0.805447 -0.030509
-0.244374 -0.268812 -0.931677
0.177004 -0.054932 -0.982676
-0.721025 -0.058049 -0.690473
-0.632812 -0.036685 -0.773436
-0.721025 -0.058049 -0.690473
0.177004 -0.054932 -0.982676
0.482681 -0.079429 -0.872187
0.530673 0.158592 -0.832607
0.539672 0.024392 -0.841522
0.189230 -0.036625 -0.981250
0.530673 0.158592 -0.832607
0.482681 -0.079429 -0.872187
-0.271593 -0.176993 -0.945997
0.048686 -0.310370 -0.949368
-0.262643 -0.186294 -0.946738
-0.727044 -0.140521 -0.672057
-0.271593 -0.176993 -0.945997
-0.262643 -0.186294 -0.946738
0.113054 0.896790 0.427770
-0.353394 0.289418 0.889579
-0.448135 0.705736 0.548737
0.113054 0.896790 0.427770
-0.448135 0.705736 0.548737
-0.985063 0.158586 0.067094
-0.726184 0.161713 0.668211
-0.829114 0.237761 0.506003
-0.530857 0.446957 0.720013
-0.726184 0.161713 0.668211
-0.659604 0.024430 0.751216
-0.829114 0.237761 0.506003
-0.844137 0.112660 -0.524157
-0.683189 0.327489 0.652690
-0.960002 0.217143 0.176762
-0.960002 0.217143 0.176762
-0.683189 0.327489 0.652690
-0.662506 0.377048 0.647241
0.401429 -0.012211 0.915809
0.042704 0.183015 0.982182
0.082402 0.146493 0.985774
0.042704 0.183015 0.982182
0.401429 -0.012211 0.915809
0.184254 0.268006 0.945634
0.626588 -0.622014 0.469560
0.697463 -0.280817 0.659308
0.416999 -0.706160 0.572233
0.459259 -0.232691 0.857284
0.416999 -0.706160 0.572233
0.697463 -0.280817 0.659308
-0.192355 0.091598 0.977041
0.045933 0.116363 0.992144
-0.085939 0.167274 0.982158
-0.085939 0.167274 0.982158
-0.346705 0.158146 0.924546
-0.192355 0.091598 0.977041
0.604680 -0.338987 0.720729
0.029748 -0.356979 0.933639
-0.009157 -0.357123 0.934013
-0.009157 -0.357123 0.934013
0.285090 -0.219534 0.933021
0.604680 -0.338987 0.720729
-0.396576 -0.103720 -0.912124
0.262624 -0.201549 -0.943614
-0.890675 0.091508 -0.445337
-0.396576 -0.103720 -0.912124
-0.164863 -0.244242 -0.955597
0.262624 -0.201549 -0.943614
-0.420915 0.146405 -0.895207
-0.372733 0.244415 -0.895171
-0.860358 0.219666 -0.459925
-0.803526 0.206969 -0.558131
-0.860358 0.219666 -0.459925
-0.372733 0.244415 -0.895171
-0.027508 0.941386 0.336209
-0.159729 0.688825 0.707112
-0.240687 0.651988 0.719015
-0.173099 0.914461 0.365784
-0.240687 0.651988 0.719015
-0.159729 0.688825 0.707112
-0.299305 0.439795 0.846757
-0.557822 0.715234 0.421041
-0.428665 0.439343 0.789445
-0.428665 0.439343 0.789445
0.219639 0.018303 0.975410
-0.299305 0.439795 0.846757
-0.871397 0.289450 0.396089
-0.604770 0.363473 0.708619
-0.960410 0.258454 0.103993
-0.960410 0.258454 0.103993
-0.865589 0.214103 0.452676
-0.871397 0.289450 0.396089
-0.183817 -0.796542 -0.575961
-0.167916 -0.830423 -0.531227
-0.118521 -0.559178 -0.820532
-0.167916 -0.830423 -0.531227
-0.183817 -0.796542 -0.575961
-0.229259 -0.427951 0.874242
-0.770171 -0.488997 -0.409535
-0.504963 -0.803074 -0.316362
-0.461829 -0.753511 -0.467906
-0.504963 -0.803074 -0.316362
-0.770171 -0.488997 -0.409535
-0.892570 -0.097816 -0.440171
0.609901 -0.268860 -0.745477
0.349888 -0.476573 -0.806509
0.627519 -0.073242 -0.775148
0.609901 -0.268860 -0.745477
-0.001528 -0.207859 -0.978158
0.349888 -0.476573 -0.806509
-0.393666 0.035857 -0.918554
-0.762448 0.153252 -0.628639
-0.320514 -0.042735 -0.946279
-0.393666 0.035857 -0.918554
-0.378162 0.041266 -0.924819
-0.762448 0.153252 -0.628639
-0.204150 -0.176727 0.962856
-0.360706 -0.200222 0.910935
-0.280558 -0.126556 0.951457
-0.360706 -0.200222 0.910935
-0.204150 -0.176727 0.962856
-0.311517 -0.884159 -0.348166
-0.164866 -0.018318 0.986146
0.006098 0.173782 0.984765
-0.048889 -0.106945 0.993062
-0.109809 -0.518543 0.847971
-0.164866 -0.018318 0.986146
-0.048889 -0.106945 0.993062
0.265514 0.048830 -0.962870
0.276218 0.862044 -0.424951
0.262668 0.073303 -0.962098
0.390832 0.073281 -0.917540
0.265514 0.048830 -0.962870
0.262668 0.073303 -0.962098
-0.844289 0.024472 -0.535328
0.274520 0.000000 -0.961581
-0.684941 0.464781 -0.561101
-0.684941 0.464781 -0.561101
-0.726796 -0.213764 0.652742
-0.844289 0.024472 -0.535328
0.441679 -0.305132 -0.843691
-0.349972 0.170792 -0.921059
-0.462831 0.268396 -0.844838
-0.349972 0.170792 -0.921059
0.433330 -0.085445 -0.897176
-0.462831 0.268396 -0.844838
-0.584844 -0.438633 -0.682318
-0.449281 -0.342309 -0.825210
-0.364636 -0.546953 -0.753580
-0.578003 -0.183493 -0.795137
-0.449281 -0.342309 -0.825210
-0.584844 -0.438633 -0.682318
0.971737 -0.220016 0.085562
0.930060 -0.347629 0.118926
0.943843 -0.311560 -0.109962
0.971737 -0.220016 0.085562
0.943843 -0.311560 -0.109962
0.958757 -0.219842 0.180149
0.033505 -0.207123 -0.977741
-0.030552 -0.158870 -0.986827
-0.140324 -0.146425 -0.979218
0.033505 -0.207123 -0.977741
-0.048704 -0.206993 -0.977129
-0.030552 -0.158870 -0.986827
0.183019 -0.536855 0.823584
0.146538 -0.989130 0.012211
0.615739 -0.658414 0.432846
-0.382650 -0.759177 -0.526526
0.615739 -0.658414 0.432846
0.146538 -0.989130 0.012211
0.947228 -0.244249 -0.207612
0.840599 0.109743 0.530424
0.041603 0.036641 0.998462
0.928859 -0.359730 0.088408
0.947228 -0.244249 -0.207612
0.041603 0.036641 0.998462
0.334205 0.268585 -0.903421
0.281421 0.299774 -0.911558
0.301230 0.571153 -0.763574
0.334205 0.268585 -0.903421
0.233531 0.122108 -0.964652
0.281421 0.299774 -0.911558
-0.486928 -0.073039 -0.870383
-0.785845 -0.030578 -0.617668
-0.277438 -0.274389 -0.920727
-0.785845 -0.030578 -0.617668
-0.486928 -0.073039 -0.870383
-0.736779 -0.192602 -0.648121
-0.097641 -0.915383 -0.390564
0.030548 -0.745373 -0.665948
0.214124 -0.446602 -0.868733
-0.097641 -0.915383 -0.390564
0.281200 -0.672434 -0.684660
0.030548 -0.745373 -0.665948
-0.170763 0.219552 0.960540
0.082402 0.146493 0.985774
-0.109768 0.231732 0.966567
-0.422384 0.183645 0.887618
-0.170763 0.219552 0.960540
-0.109768 0.231732 0.966567
0.714023 -0.171243 -0.678857
0.228024 -0.231837 -0.945651
0.087439 -0.182481 -0.979314
0.627519 -0.073242 -0.775148
0.714023 -0.171243 -0.678857
0.087439 -0.182481 -0.979314
-0.210943 -0.898700 -0.384503
0.079359 -0.973679 0.213660
0.254260 -0.861652 -0.439214
0.060958 -0.507475 -0.859508
-0.210943 -0.898700 -0.384503
0.254260 -0.861652 -0.439214
-0.797695 0.386669 -0.462785
0.357295 -0.368746 -0.858118
-0.018328 -0.195496 -0.980533
-0.797695 0.386669 -0.462785
-0.018328 -0.195496 -0.980533
-0.935662 0.165117 -0.311887
0.561820 0.140455 0.815249
0.725859 0.012199 0.687736
0.561476 0.115957 0.819328
0.715894 0.526213 0.458907
0.725859 0.012199 0.687736
0.561820 0.140455 0.815249
-0.155618 0.219696 0.963077
-0.250225 0.463832 0.849851
0.024410 0.277660 0.960369
-0.155618 0.219696 0.963077
-0.463792 0.460741 0.756713
-0.250225 0.463832 0.849851
-0.155475 -0.365823 -0.917606
-0.775064 -0.244115 -0.582824
-0.287159 -0.293269 -0.911884
-0.287159 -0.293269 -0.911884
0.123549 -0.414880 -0.901449
-0.155475 -0.365823 -0.917606
0.409344 0.907792 0.091388
0.247866 0.912147 0.326421
0.180279 0.501114 0.846395
0.247866 0.912147 0.326421
0.409344 0.907792 0.091388
0.000000 0.225974 -0.974133
-0.846292 0.225321 0.482722
-0.836751 0.221403 0.500829
-0.980260 0.188045 0.061075
-0.980260 0.188045 0.061075
-0.966997 0.147948 0.207432
-0.846292 0.225321 0.482722
-0.564436 -0.308152 -0.765803
-0.537152 -0.228900 -0.811833
0.097735 -0.171036 -0.980405
-0.537152 -0.228900 -0.811833
-0.564436 -0.308152 -0.765803
-0.299030 -0.816231 -0.494316
-0.354386 0.354386 -0.865344
-0.390789 0.091591 -0.915912
-0.721425 0.012228 -0.692385
-0.354386 0.354386 -0.865344
-0.721425 0.012228 -0.692385
-0.125139 0.158712 -0.979362
0.775700 -0.558870 -0.293178
0.564405 -0.478981 -0.672328
0.741039 -0.628206 -0.237102
0.426986 -0.500184 -0.753325
0.775700 -0.558870 -0.293178
0.741039 -0.628206 -0.237102
-0.146732 -0.097821 0.984328
-0.342785 -0.073454 0.936538
-0.225087 -0.267671 0.936850
-0.079478 -0.269004 0.959854
-0.146732 -0.097821 0.984328
-0.225087 -0.267671 0.936850
-0.803812 -0.210886 -0.556250
-0.799669 -0.155661 -0.579913
-0.474039 -0.204907 -0.856329
0.045691 -0.325932 -0.944288
-0.152726 -0.238253 -0.959120
-0.799669 -0.155661 -0.579913
-0.364173 0.832395 -0.417728
-0.951728 0.274537 0.137269
0.279376 0.543485 0.791564
0.279376 0.543485 0.791564
0.315545 0.249997 0.915386
-0.364173 0.832395 -0.417728
0.317423 -0.298729 -0.900002
-0.393755 -0.060284 -0.917236
-0.601035 -0.248270 -0.759684
-0.393755 -0.060284 -0.917236
0.317423 -0.298729 -0.900002
-0.965127 0.101552 -0.241282
-0.038219 0.366898 0.929476
0.616828 0.219860 0.755767
-0.391051 -0.867645 0.307036
-0.038219 0.366898 0.929476
-0.391051 -0.867645 0.307036
0.017162 -0.036611 0.999182
-0.021363 0.009156 -0.999730
0.250297 -0.022893 -0.967898
-0.010681 0.009155 -0.999901
-0.030518 0.015259 -0.999418
-0.021363 0.009156 -0.999730
-0.010681 0.009155 -0.999901
0.189322 -0.430555 -0.882485
-0.800639 -0.547002 0.244470
-0.597792 0.469693 -0.649641
0.189322 -0.430555 -0.882485
-0.597792 0.469693 -0.649641
0.775700 0.485576 -0.403120
0.543652 0.064139 -0.836857
0.775700 0.485576 -0.403120
-0.597792 0.469693 -0.649641
0.775700 0.485576 -0.403120
0.543652 0.064139 -0.836857
0.274651 -0.329581 -0.903296
-0.761187 0.000000 -0.648532
-0.329549 -0.048822 -0.942875
-0.659069 -0.067127 -0.749081
-0.659069 -0.067127 -0.749081
-0.329549 -0.048822 -0.942875
-0.475563 -0.091454 -0.874915
-0.909721 0.006106 -0.415175
-0.024410 0.305128 0.951999
-0.588161 0.220560 0.778087
-0.024410 0.305128 0.951999
-0.231716 0.347574 0.908570
-0.588161 0.220560 0.778087
-0.428990 0.457996 0.778593
-0.320717 0.452058 0.832337
-0.084706 0.542119 0.836021
-0.428990 0.457996 0.778593
-0.695364 0.420878 0.582520
-0.320717 0.452058 0.832337
-0.693736 -0.085571 -0.715128
-0.716633 -0.054891 -0.695287
-0.048924 -0.275200 -0.960141
-0.716633 -0.054891 -0.695287
-0.091893 -0.318563 -0.943437
-0.048924 -0.275200 -0.960141
0.445742 0.167916 0.879272
0.995212 0.076320 -0.061056
0.232105 0.195457 0.952851
0.445742 0.167916 0.879272
0.232105 0.195457 0.952851
0.202329 0.166444 0.965070
-0.501227 0.400370 0.767122
-0.499927 0.435912 0.748367
-0.720410 0.415152 0.555570
-0.499927 0.435912 0.748367
-0.501227 0.400370 0.767122
-0.207771 0.394155 0.895250
-0.052061 0.961595 0.269491
-0.137527 0.904624 0.403413
-0.126582 0.634435 0.762542
-0.222461 0.719188 0.658240
-0.052061 0.961595 0.269491
-0.126582 0.634435 0.762542
0.777411 -0.256591 -0.574276
0.835992 -0.525262 -0.158800
0.515977 0.085235 0.852351
0.678852 -0.195265 -0.707836
0.777411 -0.256591 -0.574276
0.515977 0.085235 0.852351
0.583061 0.182682 0.791623
0.525129 -0.110071 0.843875
0.463023 0.321839 0.825851
0.583061 0.182682 0.791623
0.463023 0.321839 0.825851
0.435443 0.110152 0.893452
0.057794 0.000000 -0.998329
-0.105659 -0.030515 -0.993934
-0.007820 -0.073244 -0.997283
-0.079351 -0.180067 -0.980449
0.057794 0.000000 -0.998329
-0.007820 -0.073244 -0.997283
-0.006104 0.946196 0.323538
0.595451 -0.073286 -0.800042
-0.054970 0.971138 -0.232096
0.595451 -0.073286 -0.800042
0.336582 -0.403898 -0.850634
-0.054970 0.971138 -0.232096
0.878142 -0.329017 0.347296
0.854788 -0.219803 0.470133
0.865918 -0.012196 0.500037
0.846731 -0.012227 -0.531881
0.865918 -0.012196 0.500037
0.854788 -0.219803 0.470133
0.402432 0.213411 0.890227
0.670279 0.177112 0.720664
0.600891 0.134380 0.787954
0.600891 0.134380 0.787954
0.670279 0.177112 0.720664
0.543431 0.158755 0.824305
-0.260773 0.963794 0.055662
0.151398 0.988473 0.000763
-0.230110 0.721673 0.652869
0.076981 0.819092 0.568474
-0.230110 0.721673 0.652869
0.151398 0.988473 0.000763
0.801759 -0.365127 0.473144
0.628657 -0.534510 0.564880
0.006088 -0.462662 -0.886514
0.628657 -0.534510 0.564880
0.801759 -0.365127 0.473144
0.345862 -0.538687 0.768242
0.566252 -0.229850 0.791535
0.579440 0.051981 0.813356
0.678722 -0.057958 0.732105
0.579440 0.051981 0.813356
0.369794 -0.009168 0.929069
0.678722 -0.057958 0.732105
0.045691 -0.325932 -0.944288
-0.686164 -0.250069 -0.683114
-0.801192 -0.126424 -0.584900
-0.686164 -0.250069 -0.683114
-0.106955 -0.236828 -0.965647
-0.801192 -0.126424 -0.584900
-0.513145 -0.332933 0.791099
-0.314359 0.015260 0.949181
-0.277369 -0.035052 0.960124
-0.277369 -0.035052 0.960124
-0.314359 0.015260 0.949181
0.070008 0.185674 0.980114
0.855186 -0.513112 -0.073302
0.844448 -0.372596 -0.384812
0.639880 -0.458148 -0.616972
0.639880 -0.458148 -0.616972
0.844448 -0.372596 -0.384812
0.841080 -0.476256 -0.256446
-0.726085 0.334060 0.601003
-0.530857 0.446957 0.720013
-0.860896 0.373971 0.344969
-0.530857 0.446957 0.720013
-0.686675 0.292981 0.665312
-0.860896 0.373971 0.344969
0.115791 -0.865387 0.487542
0.200917 -0.560133 0.803669
-0.167979 -0.500883 0.849058
-0.167979 -0.500883 0.849058
0.200917 -0.560133 0.803669
-0.067051 -0.658316 0.749749
-0.507541 0.256828 0.822461
-0.669625 0.280025 0.687887
-0.968612 0.073103 0.237584
-0.820900 0.255391 0.510782
-0.669625 0.280025 0.687887
-0.507541 0.256828 0.822461
-0.806484 -0.232170 -0.543766
-0.775064 -0.244115 -0.582824
-0.155475 -0.365823 -0.917606
0.039694 -0.354191 -0.934331
-0.775064 -0.244115 -0.582824
-0.806484 -0.232170 -0.543766
-0.414626 -0.658524 0.628037
-0.451287 -0.329317 0.829392
-0.286729 -0.109811 0.951697
-0.286729 -0.109811 0.951697
-0.413132 -0.473886 0.777659
-0.414626 -0.658524 0.628037
-0.048704 -0.206993 -0.977129
-0.061147 -0.379114 -0.923327
-0.274466 -0.158580 -0.948431
-0.048704 -0.206993 -0.977129
-0.274466 -0.158580 -0.948431
-0.232026 -0.097695 -0.967791
0.280612 -0.146406 -0.948590
-0.420915 0.146405 -0.895207
-0.024413 0.024413 -0.999404
0.280612 -0.146406 -0.948590
-0.372733 0.244415 -0.895171
-0.420915 0.146405 -0.895207
0.714558 -0.390869 0.580197
0.751090 -0.030532 -0.659494
0.763798 -0.113042 0.635480
0.343713 -0.578965 -0.739365
0.751090 -0.030532 -0.659494
0.714558 -0.390869 0.580197
-0.063733 -0.177077 -0.982131
0.018419 -0.433650 -0.900893
-0.191473 -0.292930 -0.936766
-0.063733 -0.177077 -0.982131
-0.191473 -0.292930 -0.936766
-0.412709 -0.158675 -0.896936
-0.822342 0.335028 0.459902
-0.904455 0.281114 0.320837
-0.757136 0.317509 0.570905
-0.561286 0.549084 0.619245
-0.822342 0.335028 0.459902
-0.757136 0.317509 0.570905
-0.749820 0.158499 0.642377
-0.555757 0.225967 0.800046
-0.402849 0.164802 0.900307
-0.555757 0.225967 0.800046
-0.836935 -0.024436 -0.546757
-0.402849 0.164802 0.900307
-0.862486 -0.067286 -0.501588
-0.678419 -0.262811 -0.686059
-0.299059 -0.164787 -0.939898
-0.849010 -0.006108 -0.528341
-0.678419 -0.262811 -0.686059
-0.862486 -0.067286 -0.501588
0.388056 0.186023 -0.902668
0.360381 0.426892 -0.829391
0.376680 0.457622 -0.805415
0.376680 0.457622 -0.805415
0.360381 0.426892 -0.829391
0.301230 0.571153 -0.763574
-0.280558 -0.126556 0.951457
-0.303035 -0.445010 0.842696
-0.223881 -0.187329 0.956444
-0.360706 -0.200222 0.910935
-0.303035 -0.445010 0.842696
-0.280558 -0.126556 0.951457
0.460071 0.842319 -0.280773
-0.071492 0.821400 0.565854
-0.138620 0.828674 0.542294
-0.138620 0.828674 0.542294
-0.071492 0.821400 0.565854
-0.103662 0.859788 0.500019
0.507558 -0.710276 0.487743
0.720313 -0.686739 0.097670
0.881192 -0.469562 0.054884
0.507558 -0.710276 0.487743
0.881192 -0.469562 0.054884
0.458223 -0.708129 -0.537201
-0.393435 0.271440 0.878367
-0.100898 0.180394 0.978406
-0.015266 0.283951 0.958717
-0.015266 0.283951 0.958717
-0.100898 0.180394 0.978406
-0.808675 0.225819 0.543185
0.381364 0.070171 -0.921758
0.686397 -0.124314 -0.716523
0.250297 -0.022893 -0.967898
0.250297 -0.022893 -0.967898
0.192297 0.318969 -0.928052
0.381364 0.070171 -0.921758
0.568364 -0.427801 -0.702815
0.112666 -0.353222 -0.928731
0.769535 -0.482486 -0.418358
0.568364 -0.427801 -0.702815
0.643143 -0.451115 -0.618759
0.112666 -0.353222 -0.928731
0.262767 -0.238324 -0.934963
0.457845 -0.132775 -0.879062
0.085371 -0.275932 -0.957378
0.085371 -0.275932 -0.957378
0.457845 -0.132775 -0.879062
0.421006 -0.268467 -0.866418
-0.299231 0.000000 -0.954181
-0.756621 0.134239 -0.639925
-0.762523 0.073202 -0.642807
-0.536579 -0.060975 -0.841644
-0.762523 0.073202 -0.642807
-0.756621 0.134239 -0.639925
0.777381 -0.348218 -0.523854
0.741899 -0.409113 -0.531236
0.367822 -0.122099 0.921845
0.473201 -0.018317 0.880764
0.777381 -0.348218 -0.523854
0.367822 -0.122099 0.921845
-0.118521 -0.559178 -0.820532
-0.076270 -0.366097 -0.927446
-0.183817 -0.796542 -0.575961
-0.118521 -0.559178 -0.820532
-0.115491 -0.923931 -0.364710
-0.076270 -0.366097 -0.927446
0.424424 -0.599277 0.678772
0.463015 -0.719188 0.518059
0.589221 -0.771845 0.238904
0.878142 -0.329017 0.347296
0.424424 -0.599277 0.678772
0.589221 -0.771845 0.238904
0.052135 -0.267908 0.962033
-0.191013 -0.458430 0.867961
-0.212209 -0.633959 0.743683
-0.212209 -0.633959 0.743683
-0.191013 -0.458430 0.867961
-0.312841 -0.213128 0.925584
-0.110026 -0.657099 -0.745731
-0.333255 -0.264464 -0.904986
-0.411840 -0.426331 -0.805376
-0.530123 -0.039988 -0.846978
-0.110026 -0.657099 -0.745731
-0.411840 -0.426331 -0.805376
-0.213570 -0.219672 -0.951910
-0.219552 -0.170763 -0.960540
-0.268561 -0.061037 -0.961327
-0.219552 -0.170763 -0.960540
-0.818230 0.122124 -0.561770
-0.268561 -0.061037 -0.961327
-0.116031 -0.859546 -0.497712
-0.174045 -0.983203 -0.054962
-0.128208 -0.987510 -0.091577
-0.174045 -0.983203 -0.054962
0.070008 0.185674 0.980114
-0.128208 -0.987510 -0.091577
0.251627 0.213501 0.943982
-0.251887 0.409125 0.877023
0.126676 0.366293 0.921837
-0.251887 0.409125 0.877023
0.251627 0.213501 0.943982
0.120509 -0.073221 0.990008
0.164477 0.980768 0.105082
0.167475 0.962220 -0.214673
0.131434 0.758038 0.638830
0.167475 0.962220 -0.214673
0.164477 0.980768 0.105082
0.158953 0.825331 -0.541814
-0.030363 0.085017 0.995917
0.139068 0.000000 0.990283
-0.009159 0.183175 0.983038
-0.228700 0.256144 0.939195
-0.030363 0.085017 0.995917
-0.009159 0.183175 0.983038
0.739812 0.125470 0.661011
0.657252 0.121925 0.743743
0.578025 0.192167 0.793069
0.578025 0.192167 0.793069
0.657252 0.121925 0.743743
0.435443 0.110152 0.893452
-0.412709 -0.158675 -0.896936
-0.755757 -0.231603 -0.612529
-0.589022 -0.219739 -0.777669
-0.063733 -0.177077 -0.982131
-0.412709 -0.158675 -0.896936
-0.589022 -0.219739 -0.777669
0.751384 -0.012218 0.659752
0.943139 -0.238074 0.231969
0.977119 -0.134354 0.164889
0.968760 -0.042751 0.244289
0.751384 -0.012218 0.659752
0.977119 -0.134354 0.164889
0.376229 0.128086 0.917631
0.323959 0.094743 0.941315
0.275625 0.097459 0.956312
0.275625 0.097459 0.956312
0.672777 -0.030546 0.739215
0.376229 0.128086 0.917631
0.524334 -0.041154 0.850518
0.914765 -0.381057 -0.134166
0.363053 -0.605978 -0.707801
0.914765 -0.381057 -0.134166
0.399500 -0.323640 -0.857704
0.363053 -0.605978 -0.707801
0.234963 0.300018 -0.924544
0.106693 0.158515 -0.981575
0.307144 0.725561 -0.615812
0.234963 0.300018 -0.924544
0.307144 0.725561 -0.615812
0.255967 0.482898 -0.837431
0.836239 -0.193213 -0.513199
0.732781 -0.258078 -0.629626
0.999573 -0.016024 0.024417
0.732781 -0.258078 -0.629626
0.836239 -0.193213 -0.513199
0.987457 0.154910 0.030524
0.786856 0.408677 -0.462430
0.262496 -0.524992 -0.809617
0.793899 0.006107 -0.608019
0.420732 0.231707 -0.877096
0.786856 0.408677 -0.462430
0.793899 0.006107 -0.608019
0.989130 -0.146538 -0.012211
0.926060 0.229893 -0.299271
0.987457 0.154910 0.030524
0.836239 -0.193213 -0.513199
0.989130 -0.146538 -0.012211
0.987457 0.154910 0.030524
-0.717863 0.470429 0.513195
-0.564839 0.106861 0.818253
-0.901029 0.006109 0.433716
-0.443450 0.318061 0.837968
-0.717863 0.470429 0.513195
-0.901029 0.006109 0.433716
0.321125 0.831867 0.452633
-0.158666 -0.146461 0.976409
0.088409 -0.975551 -0.201207
0.223133 -0.764154 -0.605210
0.321125 0.831867 0.452633
0.088409 -0.975551 -0.201207
0.189176 -0.524810 -0.829932
0.033499 -0.535983 -0.843564
0.222809 -0.366261 -0.903443
0.399247 -0.560775 -0.725350
0.189176 -0.524810 -0.829932
0.222809 -0.366261 -0.903443
0.735683 -0.317473 -0.598315
0.965315 -0.207398 -0.158598
0.861966 -0.499735 -0.085321
0.861966 -0.499735 -0.085321
0.965315 -0.207398 -0.158598
0.065313 0.097778 0.993063
0.009142 0.158459 0.987323
0.861500 0.061099 0.504069
0.295923 0.134233 0.945733
0.849300 -0.317724 0.421595
0.861500 0.061099 0.504069
0.009142 0.158459 0.987323
-0.716207 0.304769 -0.627824
-0.598293 0.546400 -0.586083
-0.265423 0.556777 -0.787115
-0.265423 0.556777 -0.787115
-0.598293 0.546400 -0.586083
-0.530556 0.525982 -0.664720
-0.480732 0.194727 0.854973
-0.591882 0.805447 -0.030509
-0.691432 0.024475 0.722027
-0.756491 -0.097612 0.646678
-0.480732 0.194727 0.854973
-0.691432 0.024475 0.722027
-0.006090 -0.998794 0.048722
-0.018295 -0.243930 -0.969620
0.503829 -0.316605 -0.803690
-0.006090 -0.998794 0.048722
0.503829 -0.316605 -0.803690
0.806848 -0.048807 0.588740
-0.188873 0.079526 0.978776
-0.151914 -0.054826 0.986872
0.213407 0.195115 0.957281
-0.188873 0.079526 0.978776
-0.269326 -0.165268 0.948762
-0.151914 -0.054826 0.986872
-0.034384 0.077937 -0.996365
0.103868 -0.417758 -0.902602
0.574169 -0.642886 -0.506979
-0.034384 0.077937 -0.996365
0.302331 -0.932951 -0.195446
0.103868 -0.417758 -0.902602
-0.413132 -0.473886 0.777659
-0.295835 -0.567271 0.768561
-0.414142 -0.243613 0.877006
-0.414142 -0.243613 0.877006
-0.295835 -0.567271 0.768561
-0.286049 -0.413858 0.864232
-0.268660 0.170965 -0.947941
-0.524143 0.060947 -0.849447
-0.725986 0.122014 -0.676799
-0.524143 0.060947 -0.849447
-0.268660 0.170965 -0.947941
-0.745731 0.110026 -0.657099
-0.280809 -0.494467 -0.822586
-0.568195 -0.720936 -0.396744
0.146470 -0.512644 -0.846016
-0.568195 -0.720936 -0.396744
-0.280809 -0.494467 -0.822586
-0.103795 -0.598346 -0.794487
0.845347 -0.293502 -0.446368
0.940753 -0.198536 -0.274895
0.482940 -0.134065 0.865330
0.339710 -0.368654 -0.865270
0.940753 -0.198536 -0.274895
0.845347 -0.293502 -0.446368
-0.902305 0.180461 0.391509
0.244333 0.143546 0.959008
-0.821184 0.314431 0.476225
-0.253363 -0.416675 -0.873034
-0.902305 0.180461 0.391509
-0.821184 0.314431 0.476225
-0.445230 -0.884360 0.140278
-0.268937 -0.602053 0.751802
-0.281126 -0.018334 0.959496
-0.445230 -0.884360 0.140278
-0.158771 -0.980108 -0.119079
-0.268937 -0.602053 0.751802
-0.601035 -0.248270 -0.759684
-0.198454 0.128422 0.971660
-0.965127 0.101552 -0.241282
-0.601035 -0.248270 -0.759684
-0.965127 0.101552 -0.241282
0.317423 -0.298729 -0.900002
0.061446 0.132814 0.989235
0.075926 0.064098 0.995051
0.192246 0.059505 0.979541
0.134382 0.180957 0.974267
0.061446 0.132814 0.989235
0.192246 0.059505 0.979541
0.807655 -0.109771 0.579347
0.864103 0.146303 0.481581
0.935355 0.256136 0.243939
0.909128 0.036609 0.414904
0.935355 0.256136 0.243939
0.864103 0.146303 0.481581
-0.027508 0.941386 0.336209
-0.103662 0.859788 0.500019
0.012902 0.757035 0.653248
-0.240687 0.651988 0.719015
-0.103662 0.859788 0.500019
-0.027508 0.941386 0.336209
-0.840371 0.006090 -0.541978
-0.518310 0.362817 0.774415
-0.810656 0.021333 -0.585135
-0.840371 0.006090 -0.541978
-0.810656 0.021333 -0.585135
0.201601 -0.198547 -0.959133
0.589257 -0.219542 -0.777545
0.446296 -0.097651 -0.889541
0.884785 -0.268255 -0.381044
0.446296 -0.097651 -0.889541
0.589257 -0.219542 -0.777545
0.934974 -0.195351 -0.296078
-0.600745 0.214988 -0.769991
-0.739063 0.007635 -0.673593
-0.564165 0.000000 -0.825662
-0.564165 0.000000 -0.825662
-0.739063 0.007635 -0.673593
-0.393755 -0.060284 -0.917236
-0.372016 0.097578 -0.923083
-0.830209 0.183134 -0.526511
-0.725986 0.122014 -0.676799
-0.725986 0.122014 -0.676799
-0.830209 0.183134 -0.526511
-0.268660 0.170965 -0.947941
-0.254676 -0.253151 0.933303
-0.279408 -0.262972 0.923459
-0.193831 -0.188880 0.962681
-0.279408 -0.262972 0.923459
-0.254676 -0.253151 0.933303
-0.346678 -0.438871 0.828979
0.174296 0.287435 0.941808
0.420409 0.219344 0.880423
0.494424 0.097664 0.863717
0.992437 0.012215 0.122146
0.420409 0.219344 0.880423
0.174296 0.287435 0.941808
-0.012209 0.412047 0.911081
-0.033586 0.372497 0.927426
-0.018315 0.390719 0.920328
-0.012209 0.412047 0.911081
-0.695364 0.420878 0.582520
-0.033586 0.372497 0.927426
-0.777851 0.250133 -0.576525
-0.558412 -0.042720 -0.828463
-0.945341 0.280553 0.166197
-0.585616 0.463613 0.664919
-0.945341 0.280553 0.166197
-0.558412 -0.042720 -0.828463
-0.378923 0.195573 0.904527
0.079042 -0.243207 0.966748
-0.511246 -0.231278 0.827731
-0.378923 0.195573 0.904527
-0.511246 -0.231278 0.827731
-0.225921 0.378570 0.897577
-0.849195 0.227572 0.476527
-0.972495 -0.015291 0.232420
-0.987819 0.088416 0.128051
-0.972495 -0.015291 0.232420
-0.664795 0.176872 0.725785
-0.987819 0.088416 0.128051
0.761995 -0.012216 0.647467
0.673540 0.048763 0.737541
0.505028 0.122061 0.854428
0.761995 -0.012216 0.647467
0.505028 0.122061 0.854428
0.427177 0.085435 0.900123
0.256286 -0.149500 -0.954970
0.223084 -0.187941 -0.956510
0.094572 -0.044235 -0.994535
0.223084 -0.187941 -0.956510
0.256286 -0.149500 -0.954970
0.229039 -0.272557 -0.934481
0.058027 0.073297 0.995621
0.401039 -0.045746 0.914918
0.320514 -0.042735 0.946279
0.401039 -0.045746 0.914918
0.058027 0.073297 0.995621
0.442907 -0.010691 0.896504
0.091928 -0.353980 0.930724
0.310661 -0.242728 0.919007
0.079263 -0.307907 0.948109
0.091928 -0.353980 0.930724
0.079263 -0.307907 0.948109
0.184721 -0.253419 0.949556
-0.019861 0.208731 0.977771
0.091798 0.237910 0.966939
-0.131068 0.318525 0.938810
0.091798 0.237910 0.966939
-0.019861 0.208731 0.977771
0.339232 0.160087 0.926981
0.204432 -0.660590 -0.722377
-0.051870 -0.294440 -0.954261
0.179998 -0.417961 -0.890455
0.204432 -0.660590 -0.722377
0.179998 -0.417961 -0.890455
0.925533 0.360439 -0.116073
-0.158715 -0.207551 0.965263
-0.165049 -0.904711 0.392755
-0.323776 -0.543699 0.774313
-0.323776 -0.543699 0.774313
-0.165049 -0.904711 0.392755
-0.170751 -0.506155 0.845370
0.230263 0.304984 -0.924102
0.750490 0.134302 -0.647092
0.175016 0.146499 -0.973605
0.750490 0.134302 -0.647092
0.462808 -0.018337 -0.886269
0.175016 0.146499 -0.973605
0.152641 0.885316 -0.439223
0.213522 0.012201 -0.976862
-0.198535 0.232134 -0.952207
0.091835 0.930599 0.354332
0.213522 0.012201 -0.976862
0.152641 0.885316 -0.439223
0.187480 0.085357 0.978553
0.410278 0.603978 0.683288
0.283852 0.396782 0.872921
0.187480 0.085357 0.978553
0.283852 0.396782 0.872921
0.178723 -0.079433 0.980688
-0.451077 0.359642 0.816815
-0.644321 0.342009 0.684018
-0.665687 0.360326 0.653472
-0.644321 0.342009 0.684018
-0.451077 0.359642 0.816815
-0.524966 0.433403 0.732511
0.073156 0.621068 0.780335
-0.278131 0.755690 0.592938
-0.317444 0.882127 0.347967
0.491700 0.479484 0.726861
0.073156 0.621068 0.780335
-0.317444 0.882127 0.347967
0.070176 -0.244091 -0.967210
0.122205 -0.195527 -0.973055
0.341127 -0.353311 -0.871093
0.222809 -0.366261 -0.903443
0.070176 -0.244091 -0.967210
0.341127 -0.353311 -0.871093
-0.623856 0.232417 0.746181
-0.769923 0.122210 -0.626326
-0.755954 0.121928 -0.643170
-0.769923 0.122210 -0.626326
-0.623856 0.232417 0.746181
-0.507541 0.256828 0.822461
-0.727735 0.488016 -0.481916
-0.823816 -0.427359 -0.372413
-0.053812 -0.940377 -0.335849
-0.053812 -0.940377 -0.335849
-0.823816 -0.427359 -0.372413
0.427189 -0.892189 -0.146661
0.123059 -0.597389 -0.792454
-0.147387 -0.838737 -0.524211
-0.036576 -0.731516 -0.680843
-0.036576 -0.731516 -0.680843
0.000000 -0.329467 -0.944167
0.123059 -0.597389 -0.792454
0.102173 0.707587 0.699200
0.156450 0.780534 0.605219
0.161725 0.787266 0.595027
0.161725 0.787266 0.595027
0.225859 0.705045 0.672235
0.102173 0.707587 0.699200
-0.102165 -0.643485 -0.758610
-0.024428 -0.482449 -0.875584
-0.527423 -0.265236 -0.807140
-0.125079 -0.518619 -0.845807
-0.102165 -0.643485 -0.758610
-0.527423 -0.265236 -0.807140
-0.496504 0.258913 0.828522
-0.664795 0.176872 0.725785
-0.676565 0.243807 0.694851
-0.796345 0.191840 0.573613
-0.664795 0.176872 0.725785
-0.496504 0.258913 0.828522
0.733475 -0.134331 -0.666310
0.832898 -0.036611 -0.552214
0.768624 0.219716 -0.600785
0.753373 -0.329869 -0.568872
0.832898 -0.036611 -0.552214
0.733475 -0.134331 -0.666310
0.841589 -0.060985 0.536665
0.780211 -0.103825 0.616840
0.932416 -0.219751 0.286897
0.932416 -0.219751 0.286897
0.780211 -0.103825 0.616840
0.892403 -0.213932 0.397303
0.152917 0.082575 0.984783
0.122107 0.137371 0.982964
0.244333 0.143546 0.959008
-0.100898 0.180394 0.978406
0.152917 0.082575 0.984783
0.244333 0.143546 0.959008
-0.817130 0.025726 -0.575879
0.146461 0.534734 -0.832232
-0.222857 0.319785 -0.920908
0.146461 0.534734 -0.832232
-0.021363 0.009156 -0.999730
-0.222857 0.319785 -0.920908
-0.494694 0.415299 0.763417
-0.302999 0.421299 0.854809
-0.362742 0.499914 0.786450
-0.362742 0.499914 0.786450
-0.302999 0.421299 0.854809
-0.098134 0.476541 0.873658
-0.329727 0.335833 0.882325
0.054924 0.790292 0.610264
-0.511525 0.764243 -0.392778
0.054924 0.790292 0.610264
-0.115984 0.680644 0.723375
-0.511525 0.764243 -0.392778
0.866731 -0.128136 -0.482036
0.828097 -0.219720 -0.515731
0.704287 -0.305216 -0.640955
0.828097 -0.219720 -0.515731
0.928859 -0.359730 0.088408
0.704287 -0.305216 -0.640955
-0.012217 -0.091631 0.995718
-0.015278 0.036668 0.999211
-0.128085 -0.085390 0.988081
-0.128085 -0.085390 0.988081
-0.024444 -0.177218 0.983868
-0.012217 -0.091631 0.995718
-0.616815 0.262604 0.742010
-0.580505 0.262755 0.770697
-0.518210 -0.103642 0.848950
-0.580505 0.262755 0.770697
-0.726796 -0.213764 0.652742
-0.518210 -0.103642 0.848950
-0.165753 -0.969964 0.178031
-0.073115 -0.658035 -0.749429
-0.100235 -0.753285 -0.650012
-0.100235 -0.753285 -0.650012
-0.073115 -0.658035 -0.749429
-0.051779 -0.840643 -0.539108
-0.198454 0.128422 0.971660
-0.436512 0.271484 0.857761
-0.965127 0.101552 -0.241282
-0.198454 0.128422 0.971660
-0.693209 0.254991 0.674123
-0.436512 0.271484 0.857761
-0.009157 -0.357123 0.934013
0.029748 -0.356979 0.933639
0.310661 -0.242728 0.919007
0.310661 -0.242728 0.919007
0.029748 -0.356979 0.933639
0.260813 -0.413336 0.872428
0.085371 -0.275932 -0.957378
0.421006 -0.268467 -0.866418
-0.207313 -0.169966 -0.963396
-0.168083 -0.250214 -0.953489
-0.207313 -0.169966 -0.963396
0.421006 -0.268467 -0.866418
0.687535 -0.445391 -0.573518
0.930770 -0.219363 -0.292484
0.925222 -0.317568 -0.207641
0.930770 -0.219363 -0.292484
0.638451 -0.195273 -0.744479
0.925222 -0.317568 -0.207641
-0.305038 0.262333 -0.915496
-0.481727 0.121956 -0.867794
-0.299270 -0.109936 -0.947814
-0.299270 -0.109936 -0.947814
-0.481727 0.121956 -0.867794
-0.061039 -0.183116 -0.981195
-0.297368 -0.262294 -0.918028
-0.434370 0.073286 -0.897748
-0.155383 0.359514 -0.920112
0.215183 -0.363217 -0.906515
-0.155383 0.359514 -0.920112
-0.434370 0.073286 -0.897748
0.096796 -0.330021 -0.938998
0.167174 -0.863078 -0.476602
0.128414 -0.618219 -0.775445
0.574169 -0.642886 -0.506979
0.128414 -0.618219 -0.775445
0.167174 -0.863078 -0.476602
0.891820 -0.256551 -0.372610
0.796246 -0.207849 -0.568147
0.891058 -0.256332 -0.374580
0.891820 -0.256551 -0.372610
0.891058 -0.256332 -0.374580
0.604367 -0.207560 -0.769194
-0.128256 -0.940543 -0.314532
0.036486 -0.766212 -0.641551
-0.208130 -0.734577 -0.645816
0.036486 -0.766212 -0.641551
-0.128256 -0.940543 -0.314532
0.006082 -0.717657 -0.696370
-0.200025 0.151164 -0.968060
-0.015245 0.307947 -0.951281
0.528691 -0.290322 -0.797621
0.277951 -0.297804 -0.913267
-0.200025 0.151164 -0.968060
0.528691 -0.290322 -0.797621
0.751283 0.329246 -0.571989
0.345082 0.378674 -0.858792
0.476172 0.256246 -0.841189
0.476172 0.256246 -0.841189
0.232991 0.916685 -0.324659
0.751283 0.329246 -0.571989
0.022858 -0.999664 -0.012191
-0.082484 -0.989808 -0.116089
0.058052 -0.873834 -0.482747
-0.082484 -0.989808 -0.116089
0.022858 -0.999664 -0.012191
0.182815 -0.761728 -0.621570
0.440863 0.109828 0.890830
0.468843 0.195161 0.861451
0.749951 -0.036609 0.660479
0.749951 -0.036609 0.660479
0.468843 0.195161 0.861451
0.575921 0.402963 0.711291
-0.235307 0.415606 0.878580
-0.445958 0.888871 0.105021
-0.260773 0.963794 0.055662
-0.445958 0.888871 0.105021
-0.235307 0.415606 0.878580
-0.298715 0.341389 0.891192
0.589442 0.283641 0.756377
0.335123 0.206819 0.919195
0.521649 0.071919 0.850123
0.335123 0.206819 0.919195
0.589442 0.283641 0.756377
0.672777 -0.030546 0.739215
-0.671805 -0.122146 -0.730588
-0.210765 -0.329894 -0.920189
-0.989295 0.097708 -0.108395
-0.671805 -0.122146 -0.730588
-0.521660 -0.256254 -0.813759
-0.210765 -0.329894 -0.920189
0.721573 0.299795 0.624063
0.199967 0.303398 0.931645
0.703843 0.070080 0.706890
0.508406 0.112810 0.853696
0.721573 0.299795 0.624063
0.703843 0.070080 0.706890
0.422883 -0.340741 0.839682
0.807655 -0.109771 0.579347
0.503879 -0.085345 0.859547
0.422883 -0.340741 0.839682
0.503879 -0.085345 0.859547
0.307474 -0.121772 0.943733
0.223217 -0.500616 0.836396
-0.056221 -0.741514 0.668578
0.131363 -0.329936 0.934819
-0.056221 -0.741514 0.668578
0.051921 -0.317633 0.946791
0.131363 -0.329936 0.934819
-0.800455 0.219972 0.557569
-0.573811 0.146505 0.805777
-0.728033 0.171302 0.663795
-0.422384 0.183645 0.887618
-0.728033 0.171302 0.663795
-0.573811 0.146505 0.805777
0.223058 0.751676 0.620667
0.259611 0.879623 0.398579
0.161958 0.708949 0.686412
0.295910 0.902983 0.311544
0.223058 0.751676 0.620667
0.161958 0.708949 0.686412
-0.891883 0.409289 0.192427
-0.812336 0.403114 0.421437
-0.931064 0.360215 0.058001
-0.930895 0.360150 0.061042
-0.812336 0.403114 0.421437
-0.891883 0.409289 0.192427
0.103701 -0.780807 0.616106
-0.761997 -0.158495 0.627885
-0.012211 -0.989130 -0.146538
-0.761997 -0.158495 0.627885
0.054771 -0.693769 -0.718112
-0.012211 -0.989130 -0.146538
-0.489120 0.122280 0.863603
-0.745731 0.110026 -0.657099
-0.895833 0.121882 -0.427349
-0.895833 0.121882 -0.427349
-0.745731 0.110026 -0.657099
0.506518 -0.219694 -0.833771
-0.449071 0.727068 0.519334
-0.137527 0.904624 0.403413
-0.341705 0.909179 0.237973
-0.341705 0.909179 0.237973
-0.610563 0.714358 0.341915
-0.449071 0.727068 0.519334
0.315651 -0.287198 -0.904368
0.588088 -0.335832 -0.735778
0.259777 -0.298958 -0.918227
0.315651 -0.287198 -0.904368
0.259777 -0.298958 -0.918227
-0.023490 -0.177222 -0.983890
0.085326 0.865452 0.493673
0.118998 0.955036 0.271560
0.137383 0.952522 0.271713
0.085326 0.865452 0.493673
-0.051835 0.634211 0.771420
0.118998 0.955036 0.271560
-0.986304 0.164893 0.003817
-0.671805 -0.122146 -0.730588
-0.989295 0.097708 -0.108395
-0.986304 0.164893 0.003817
-0.989295 0.097708 -0.108395
-0.018315 0.390719 0.920328
-0.750028 -0.207325 -0.628072
-0.584844 -0.438633 -0.682318
-0.851508 -0.036493 -0.523070
-0.851508 -0.036493 -0.523070
-0.968900 0.194999 -0.152343
-0.750028 -0.207325 -0.628072
0.210765 -0.305456 0.928587
0.503056 -0.487812 0.713425
0.124941 -0.451008 0.883732
0.210765 -0.305456 0.928587
0.079283 -0.524488 0.847719
0.503056 -0.487812 0.713425
-0.061039 -0.183116 -0.981195
-0.641730 0.110011 -0.758999
-0.195141 -0.170749 -0.965797
0.158728 -0.268617 -0.950079
-0.061039 -0.183116 -0.981195
-0.195141 -0.170749 -0.965797
-0.076187 -0.246847 0.966055
0.006098 0.173782 0.984765
-0.158771 -0.980108 -0.119079
-0.076187 -0.246847 0.966055
-0.048889 -0.106945 0.993062
0.006098 0.173782 0.984765
-0.858200 0.427573 0.284031
-0.929459 0.365689 -0.048759
-0.751549 0.488812 0.442986
-0.815187 0.439652 0.377062
-0.751549 0.488812 0.442986
-0.929459 0.365689 -0.048759
0.266334 -0.440829 0.857167
-0.480975 -0.876713 -0.006088
0.079283 -0.524488 0.847719
0.173802 -0.768389 0.615931
0.266334 -0.440829 0.857167
0.079283 -0.524488 0.847719
0.789490 0.183070 0.585825
0.853563 0.122047 0.506493
0.909128 0.036609 0.414904
0.795793 0.012231 -0.605445
0.853563 0.122047 0.506493
0.789490 0.183070 0.585825
-0.317602 0.000000 -0.948224
-0.926160 -0.048745 -0.373967
0.201377 -0.134251 -0.970270
0.201377 -0.134251 -0.970270
-0.250413 0.012215 -0.968062
-0.317602 0.000000 -0.948224
-0.944960 0.118882 -0.304826
-0.972511 0.167674 -0.161577
-0.235166 -0.250437 -0.939137
-0.972511 0.167674 -0.161577
-0.944960 0.118882 -0.304826
-0.244174 0.463930 0.851556
0.686162 -0.006113 0.727423
0.751384 -0.012218 0.659752
0.797011 -0.024383 0.603473
0.797011 -0.024383 0.603473
0.465684 -0.305366 -0.830596
0.686162 -0.006113 0.727423
0.859258 0.509755 0.042734
0.667900 -0.539810 0.512362
0.487527 -0.139075 -0.861960
0.667900 -0.539810 0.512362
0.636790 -0.262028 -0.725148
0.487527 -0.139075 -0.861960
-0.739689 0.512445 0.436188
-0.719873 0.476859 0.504370
-0.562371 0.512078 0.649242
-0.719873 0.476859 0.504370
-0.720101 0.439384 0.537025
-0.562371 0.512078 0.649242
0.088385 -0.365730 -0.926515
-0.091863 -0.918629 -0.384293
0.544207 -0.684845 -0.484589
0.249902 -0.182855 -0.950848
-0.091863 -0.918629 -0.384293
0.088385 -0.365730 -0.926515
-0.724882 0.255841 -0.639602
-0.853750 0.134161 -0.503103
-0.573616 -0.085432 -0.814657
-0.724882 0.255841 -0.639602
-0.573616 -0.085432 -0.814657
-0.127984 -0.121889 -0.984258
0.894741 -0.347531 -0.280464
0.566703 -0.476580 -0.672100
0.699620 -0.277409 -0.658465
0.699620 -0.277409 -0.658465
0.916822 -0.250181 -0.311201
0.894741 -0.347531 -0.280464
-0.216910 -0.916523 0.336058
-0.036634 -0.781535 -0.622785
-0.207452 -0.927433 -0.311178
-0.036634 -0.781535 -0.622785
-0.204954 -0.917704 -0.340315
-0.207452 -0.927433 -0.311178
0.551791 0.171193 0.816223
0.362776 0.097553 0.926756
-0.001524 0.219512 0.975609
0.362776 0.097553 0.926756
0.065313 0.097778 0.993063
-0.001524 0.219512 0.975609
-0.155499 -0.969580 0.189038
-0.116031 -0.859546 -0.497712
-0.238074 -0.950768 0.198395
-0.238074 -0.950768 0.198395
0.025931 -0.999100 0.033558
-0.155499 -0.969580 0.189038
-0.597358 0.292584 0.746698
-0.708477 0.280948 0.647401
-0.556606 0.269128 0.785977
-0.463456 0.286611 0.838489
-0.597358 0.292584 0.746698
-0.556606 0.269128 0.785977
-0.042683 -0.579266 -0.814021
0.192077 -0.506485 -0.840582
0.207467 -0.482055 -0.851223
-0.042683 -0.579266 -0.814021
0.207467 -0.482055 -0.851223
-0.076213 -0.417646 -0.905408
-0.099057 -0.390509 -0.915254
0.469937 -0.674074 -0.569899
-0.388267 -0.012205 -0.921466
-0.727735 0.488016 -0.481916
-0.099057 -0.390509 -0.915254
-0.388267 -0.012205 -0.921466
-0.648697 0.244791 0.720604
-0.678826 0.097849 0.727751
-0.785622 0.219243 0.578559
-0.573811 0.146505 0.805777
-0.785622 0.219243 0.578559
-0.678826 0.097849 0.727751
0.003049 -0.109762 0.993953
0.168256 0.036710 0.985060
0.015214 0.060856 0.998031
0.015214 0.060856 0.998031
0.168256 0.036710 0.985060
0.244645 0.134555 0.960231
0.211760 -0.414379 -0.885126
-0.305289 -0.268654 -0.913577
-0.914209 -0.085326 -0.396157
-0.914209 -0.085326 -0.396157
-0.623197 -0.292552 -0.725285
0.211760 -0.414379 -0.885126
0.400073 0.022905 0.916197
0.448529 0.508028 0.735343
0.506328 0.265365 0.820496
0.448529 0.508028 0.735343
0.143556 0.565060 0.812465
0.506328 0.265365 0.820496
0.854648 -0.488370 0.176271
0.311517 0.916227 -0.251962
-0.128278 0.500895 0.855949
-0.128278 0.500895 0.855949
0.167475 0.962220 -0.214673
0.854648 -0.488370 0.176271
0.299489 0.125297 -0.945837
0.445644 -0.439539 -0.779876
0.391187 -0.027505 -0.919900
0.391187 -0.027505 -0.919900
0.128303 0.299373 -0.945470
0.299489 0.125297 -0.945837
-0.123998 -0.575593 -0.808280
-0.271988 -0.415622 -0.867917
-0.086968 -0.378386 -0.921553
-0.271988 -0.415622 -0.867917
-0.225087 -0.267671 -0.936850
-0.086968 -0.378386 -0.921553
-0.003038 0.947764 0.318959
0.114947 0.993140 0.021457
-0.051922 0.989568 0.134386
-0.032060 0.842725 0.537390
-0.051922 0.989568 0.134386
0.114947 0.993140 0.021457
-0.766395 -0.262590 -0.586247
-0.519160 0.067185 -0.852033
-0.751942 0.464615 0.467671
-0.494105 0.567305 0.658806
-0.751942 0.464615 0.467671
-0.519160 0.067185 -0.852033
0.073299 -0.348170 -0.934561
0.067132 -0.256322 -0.964257
-0.907273 -0.237474 -0.347077
-0.412159 -0.116015 -0.903696
0.067132 -0.256322 -0.964257
0.073299 -0.348170 -0.934561
-0.059151 0.317505 0.946410
0.067248 0.213213 0.974689
0.174357 0.293011 0.940077
0.067248 0.213213 0.974689
-0.059151 0.317505 0.946410
-0.188989 0.219471 0.957139
0.301594 0.796591 0.523912
0.310323 0.865097 0.394091
0.190530 0.876209 0.442668
0.265670 0.635165 0.725248
0.310323 0.865097 0.394091
0.301594 0.796591 0.523912
0.262624 -0.201549 -0.943614
-0.806059 -0.054959 -0.589278
-0.890675 0.091508 -0.445337
-0.775584 0.170995 0.607643
-0.890675 0.091508 -0.445337
-0.806059 -0.054959 -0.589278
0.839050 -0.500379 -0.213576
0.730832 -0.403640 -0.550417
0.525150 -0.244256 -0.815204
0.730832 -0.403640 -0.550417
0.861500 0.061099 0.504069
0.525150 -0.244256 -0.815204
0.421567 0.253551 0.870628
0.583248 0.140468 0.800057
0.904340 -0.268858 0.331489
0.735848 0.085493 0.671728
0.583248 0.140468 0.800057
0.421567 0.253551 0.870628
0.326121 -0.030479 -0.944837
0.250583 0.959549 0.128347
0.374810 0.883699 0.280346
0.250583 0.959549 0.128347
0.079449 0.818933 0.568364
0.374810 0.883699 0.280346
-0.967669 0.220482 -0.122490
-0.586665 -0.122222 -0.800553
0.085176 -0.146016 -0.985609
-0.394985 -0.425369 -0.814278
0.085176 -0.146016 -0.985609
-0.586665 -0.122222 -0.800553
0.057999 -0.146523 -0.987506
-0.018295 -0.243930 -0.969620
0.872255 -0.146392 -0.466626
0.672453 -0.292106 -0.680060
0.872255 -0.146392 -0.466626
-0.018295 -0.243930 -0.969620
0.597822 -0.167756 0.783879
0.772329 -0.018316 0.634958
0.833317 0.018315 0.552492
0.772329 -0.018316 0.634958
0.597822 -0.167756 0.783879
0.576294 -0.434507 0.692162
-0.259881 0.409694 -0.874422
-0.241446 0.317853 -0.916883
-0.047322 0.300721 -0.952537
-0.716207 0.304769 -0.627824
-0.241446 0.317853 -0.916883
-0.259881 0.409694 -0.874422
0.712284 0.195649 -0.674072
0.006088 -0.462662 -0.886514
-0.079510 0.244645 -0.966347
0.801759 -0.365127 0.473144
0.006088 -0.462662 -0.886514
0.712284 0.195649 -0.674072
0.112913 -0.491322 -0.863628
0.271299 -0.438955 -0.856572
0.695665 -0.347833 -0.628540
0.695665 -0.347833 -0.628540
0.271299 -0.438955 -0.856572
0.552750 -0.418380 -0.720712
-0.322925 0.194973 0.926124
-0.207221 0.134084 0.969062
-0.067321 0.220325 0.973101
-0.207221 0.134084 0.969062
-0.322925 0.194973 0.926124
-0.378436 0.085453 0.921674
0.378569 -0.085483 -0.921617
0.311517 0.916227 -0.251962
0.854648 -0.488370 0.176271
0.311517 0.916227 -0.251962
0.378569 -0.085483 -0.921617
0.134263 0.091543 -0.986708
-0.468209 0.512438 -0.719853
-0.284537 0.391620 -0.875027
-0.611519 0.742341 -0.273814
-0.526825 -0.820866 -0.220531
-0.468209 0.512438 -0.719853
-0.611519 0.742341 -0.273814
0.341337 -0.646101 -0.682673
-0.091863 -0.918629 -0.384293
0.830365 -0.317492 0.457922
0.341337 -0.646101 -0.682673
0.830365 -0.317492 0.457922
0.564526 -0.646916 -0.512650
0.171024 0.561935 0.809308
0.329542 0.813983 0.478367
0.228053 0.881599 0.413250
0.123468 0.817025 0.563229
0.228053 0.881599 0.413250
0.329542 0.813983 0.478367
0.883648 -0.097674 -0.457849
0.742653 -0.500185 -0.445287
0.622064 -0.365920 -0.692199
0.622064 -0.365920 -0.692199
0.947306 -0.207462 -0.244072
0.883648 -0.097674 -0.457849
0.198969 0.291619 0.935612
0.199967 0.303398 0.931645
0.432002 0.258593 0.864005
0.633298 0.202074 0.747061
0.432002 0.258593 0.864005
0.199967 0.303398 0.931645
-0.122111 0.012211 -0.992441
-0.360240 0.158750 -0.919253
-0.682934 0.109757 -0.722187
-0.360240 0.158750 -0.919253
-0.122111 0.012211 -0.992441
-0.134298 0.024418 -0.990640
-0.531616 0.079437 0.843252
-0.531864 0.073361 0.843646
-0.366481 -0.061080 0.928419
-0.531616 0.079437 0.843252
-0.811495 0.219653 0.541505
-0.531864 0.073361 0.843646
0.148083 0.140450 -0.978951
0.295910 0.902983 0.311544
0.164710 0.231815 -0.958714
0.148083 0.140450 -0.978951
0.164710 0.231815 -0.958714
0.055704 -0.018314 -0.998279
0.054771 -0.693769 -0.718112
-0.592953 0.403453 -0.696873
0.743184 0.121834 -0.657901
0.054771 -0.693769 -0.718112
-0.761997 -0.158495 0.627885
-0.592953 0.403453 -0.696873
0.335583 -0.390496 -0.857261
0.140241 -0.463404 -0.874980
-0.445230 -0.884360 0.140278
-0.409151 -0.586247 -0.699221
0.140241 -0.463404 -0.874980
0.335583 -0.390496 -0.857261
0.060958 -0.507475 -0.859508
0.003051 -0.907015 -0.421087
-0.083941 -0.757761 -0.647111
-0.303035 -0.445010 0.842696
-0.083941 -0.757761 -0.647111
0.003051 -0.907015 -0.421087
-0.006103 0.006103 -0.999963
-0.103803 0.152652 -0.982814
-0.125139 0.158712 -0.979362
-0.103803 0.152652 -0.982814
-0.342237 0.446131 -0.826947
-0.125139 0.158712 -0.979362
-0.836935 -0.024436 -0.546757
0.415181 -0.161799 -0.895235
-0.329444 0.054907 -0.942577
-0.836935 -0.024436 -0.546757
0.682315 -0.003046 -0.731052
0.415181 -0.161799 -0.895235
0.067149 -0.048835 -0.996547
0.216667 0.927700 -0.304020
0.242128 0.962420 -0.122967
0.358888 0.932495 0.040643
0.242128 0.962420 -0.122967
0.216667 0.927700 -0.304020
0.261214 0.779833 0.568882
0.190530 0.876209 0.442668
0.109583 0.649265 -0.752627
0.261214 0.779833 0.568882
0.297973 0.608108 0.735810
0.190530 0.876209 0.442668
0.144599 -0.255713 -0.955878
0.164524 -0.269360 -0.948882
0.768077 -0.341029 -0.541993
0.768077 -0.341029 -0.541993
0.240291 -0.305131 -0.921496
0.144599 -0.255713 -0.955878
0.689932 -0.134323 0.711302
0.417829 0.146392 0.896654
0.326825 0.048871 0.943821
0.689932 -0.134323 0.711302
0.513627 -0.244584 0.822415
0.417829 0.146392 0.896654
0.742311 -0.097753 0.662887
0.799761 -0.024420 0.599821
0.809066 0.000000 0.587718
0.799761 -0.024420 0.599821
0.825159 -0.146695 -0.545522
0.809066 0.000000 0.587718
-0.526026 -0.103982 -0.844088
-0.382118 -0.085594 -0.920141
-0.234894 -0.146427 -0.960929
-0.382118 -0.085594 -0.920141
-0.526026 -0.103982 -0.844088
-0.684823 0.039744 -0.727625
0.731554 -0.680444 0.042718
-0.403498 0.368344 -0.837563
0.060961 -0.094489 -0.993658
0.574169 -0.642886 -0.506979
0.731554 -0.680444 0.042718
0.060961 -0.094489 -0.993658
0.540628 -0.085523 0.836904
0.756491 -0.158619 0.634477
0.499173 -0.065641 0.864012
0.802224 -0.158766 0.575525
0.756491 -0.158619 0.634477
0.540628 -0.085523 0.836904
0.678088 -0.307806 0.667422
0.344140 -0.616552 0.708119
0.694430 -0.308296 0.650170
0.678088 -0.307806 0.667422
0.694430 -0.308296 0.650170
0.960399 0.128257 -0.247352
-0.233536 -0.009158 -0.972305
0.741899 -0.409113 -0.531236
0.589921 -0.201213 -0.781989
0.232074 -0.109930 -0.966466
0.741899 -0.409113 -0.531236
-0.233536 -0.009158 -0.972305
-0.634931 0.433463 0.639510
-0.833305 0.402917 0.378498
-0.707669 0.433142 0.558204
-0.634931 0.433463 0.639510
-0.707669 0.433142 0.558204
-0.641162 -0.079382 -0.763288
-0.774584 0.219567 0.593136
-0.819537 0.204884 -0.535146
-0.604772 0.158829 0.780400
-0.774584 0.219567 0.593136
-0.604772 0.158829 0.780400
-0.745053 0.186263 0.640471
-0.207834 -0.134481 -0.968875
-0.409656 -0.599198 -0.687855
-0.506342 -0.549046 -0.664956
-0.409656 -0.599198 -0.687855
-0.128256 -0.940543 -0.314532
-0.506342 -0.549046 -0.664956
0.073139 0.993466 0.087614
0.183001 0.567304 -0.802918
0.152432 0.987758 -0.033154
-0.012201 0.799162 -0.600992
0.073139 0.993466 0.087614
0.152432 0.987758 -0.033154
-0.966997 0.147948 0.207432
-0.887677 0.212005 0.408758
-0.849195 0.227572 0.476527
-0.980260 0.188045 0.061075
-0.887677 0.212005 0.408758
-0.966997 0.147948 0.207432
-0.184066 -0.981687 -0.049084
-0.407983 -0.657645 -0.633287
0.598307 0.048841 -0.799777
-0.506342 -0.061005 0.860172
-0.407983 -0.657645 -0.633287
-0.184066 -0.981687 -0.049084
0.271566 0.277669 -0.921494
0.331148 0.030521 -0.943085
0.170140 -0.170903 -0.970487
0.331148 0.030521 -0.943085
0.288415 -0.289941 -0.912552
0.170140 -0.170903 -0.970487
0.796246 -0.207849 -0.568147
0.892030 -0.268372 -0.363674
0.912212 -0.293129 -0.286259
0.912212 -0.293129 -0.286259
0.892030 -0.268372 -0.363674
0.446296 -0.097651 -0.889541
0.262767 -0.238324 -0.934963
-0.810656 0.021333 -0.585135
-0.917469 0.013762 -0.397570
-0.917469 0.013762 -0.397570
0.457845 -0.132775 -0.879062
0.262767 -0.238324 -0.934963
-0.323911 -0.562260 0.760885
-0.177469 -0.342698 0.922531
-0.164411 -0.341001 0.925574
0.024391 -0.048782 0.998512
-0.164411 -0.341001 0.925574
-0.177469 -0.342698 0.922531
0.861713 -0.012223 -0.507249
0.347574 -0.359769 -0.865886
0.798079 -0.196474 -0.569621
0.347574 -0.359769 -0.865886
0.861713 -0.012223 -0.507249
-0.799621 0.442538 -0.405914
-0.084706 0.542119 0.836021
-0.154092 0.543136 0.825384
0.105154 0.841236 0.530344
-0.154092 0.543136 0.825384
-0.084706 0.542119 0.836021
-0.320717 0.452058 0.832337
-0.463490 0.811108 0.356765
-0.219299 0.365499 0.904610
-0.804381 0.335159 0.490551
-0.500932 0.281011 0.818596
-0.804381 0.335159 0.490551
-0.219299 0.365499 0.904610
0.433330 -0.085445 -0.897176
0.471437 -0.122154 -0.873399
-0.462831 0.268396 -0.844838
0.433330 -0.085445 -0.897176
0.201910 -0.403437 -0.892452
0.471437 -0.122154 -0.873399
-0.574539 0.196352 0.794576
-0.592411 0.274830 0.757309
-0.746774 0.229159 0.624352
-0.592411 0.274830 0.757309
-0.740585 0.295625 0.603440
-0.746774 0.229159 0.624352
-0.560309 0.389780 0.730838
-0.820370 0.440796 0.364269
-0.703196 0.317967 0.635934
-0.560309 0.389780 0.730838
-0.703196 0.317967 0.635934
-0.884064 -0.060970 -0.463372
0.022900 0.885480 -0.464113
0.551101 0.819781 0.155713
0.064086 0.903304 -0.424187
0.022900 0.885480 -0.464113
0.392365 0.522135 0.757248
0.551101 0.819781 0.155713
0.704816 0.103739 0.701764
0.574140 0.268033 0.773642
0.644321 0.342009 0.684018
0.528624 -0.115779 0.840923
0.704816 0.103739 0.701764
0.644321 0.342009 0.684018
-0.714728 0.158828 0.681130
-0.390225 0.158529 0.906969
-0.885297 0.341908 -0.315196
-0.390225 0.158529 0.906969
-0.635521 0.293317 0.714197
-0.885297 0.341908 -0.315196
0.252315 0.880807 0.400645
0.079449 0.818933 0.568364
0.137383 0.952522 0.271713
0.070230 0.702301 0.708408
0.252315 0.880807 0.400645
0.137383 0.952522 0.271713
0.128090 -0.327086 -0.936273
0.019069 -0.405782 -0.913771
-0.000382 -0.304180 -0.952614
0.019069 -0.405782 -0.913771
0.128090 -0.327086 -0.936273
-0.024428 -0.482449 -0.875584
0.295910 0.902983 0.311544
0.680617 0.708085 0.188085
0.411853 -0.079320 -0.907792
0.680617 0.708085 0.188085
0.180111 0.085476 -0.979925
0.411853 -0.079320 -0.907792
-0.073516 0.735159 0.673896
0.067350 0.563292 0.823508
0.798198 -0.255911 0.545334
0.753125 0.563313 -0.339825
-0.073516 0.735159 0.673896
0.798198 -0.255911 0.545334
0.662515 -0.438115 0.607560
0.714558 -0.390869 0.580197
0.664011 -0.210652 0.717437
0.664011 -0.210652 0.717437
0.676876 -0.140254 0.722611
0.662515 -0.438115 0.607560
0.103833 0.207667 -0.972673
0.441406 0.796983 -0.412285
0.091670 -0.647800 -0.756275
0.091670 -0.647800 -0.756275
0.249902 -0.182855 -0.950848
0.103833 0.207667 -0.972673
0.116283 0.667958 0.735058
0.071775 0.644447 0.761273
0.156450 0.780534 0.605219
0.102173 0.707587 0.699200
0.116283 0.667958 0.735058
0.156450 0.780534 0.605219
0.574239 0.012218 0.818596
0.981263 -0.125138 -0.146503
0.396114 -0.032117 0.917639
0.617476 0.036546 0.785740
0.574239 0.012218 0.818596
0.396114 -0.032117 0.917639
0.897690 -0.170989 0.406098
-0.042681 -0.487787 -0.871919
0.724493 -0.687964 0.042617
0.897690 -0.170989 0.406098
0.774523 -0.631205 0.041166
-0.042681 -0.487787 -0.871919
0.440863 0.109828 0.890830
0.550190 0.109962 0.827767
0.796901 -0.158694 0.582894
0.514118 -0.024409 0.857372
0.796901 -0.158694 0.582894
0.550190 0.109962 0.827767
-0.562758 -0.262316 -0.783896
0.304680 0.183266 -0.934657
0.176085 -0.280897 -0.943446
-0.131331 0.097735 -0.986509
-0.562758 -0.262316 -0.783896
0.176085 -0.280897 -0.943446
0.839050 -0.500379 -0.213576
0.849300 -0.317724 0.421595
0.180256 0.323850 0.928778
0.992437 0.012215 0.122146
0.839050 -0.500379 -0.213576
0.180256 0.323850 0.928778
-0.572223 -0.004590 -0.820085
-0.307412 -0.267844 -0.913103
-0.253363 -0.416675 -0.873034
-0.307412 -0.267844 -0.913103
-0.902305 0.180461 0.391509
-0.253363 -0.416675 -0.873034
-0.207771 0.394155 0.895250
-0.501227 0.400370 0.767122
-0.244174 0.463930 0.851556
-0.207771 0.394155 0.895250
-0.244174 0.463930 0.851556
-0.944960 0.118882 -0.304826
0.134163 -0.524454 -0.840803
0.354265 -0.513073 -0.781826
0.148937 -0.549923 -0.821829
-0.089357 -0.452133 -0.887463
0.134163 -0.524454 -0.840803
0.148937 -0.549923 -0.821829
-0.036619 -0.347876 -0.936825
0.457918 0.460970 -0.760143
0.170906 -0.540184 -0.824010
-0.189076 -0.442194 -0.876764
-0.036619 -0.347876 -0.936825
0.170906 -0.540184 -0.824010
-0.650354 -0.036640 -0.758747
-0.076549 -0.526654 -0.846626
-0.113088 -0.378999 -0.918461
-0.650354 -0.036640 -0.758747
-0.523214 0.575230 0.628775
-0.076549 -0.526654 -0.846626
0.003049 -0.109762 0.993953
0.198111 -0.097532 0.975315
0.168256 0.036710 0.985060
0.003049 -0.109762 0.993953
-0.079478 -0.269004 0.959854
0.198111 -0.097532 0.975315
0.424729 0.256671 -0.868174
0.239666 0.464067 -0.852761
0.363866 0.587079 -0.723146
0.363866 0.587079 -0.723146
0.522299 0.219915 -0.823918
0.424729 0.256671 -0.868174
-0.383278 -0.803059 0.456283
-0.213745 -0.659555 0.720625
-0.294345 -0.490575 0.820181
-0.383278 -0.803059 0.456283
-0.294345 -0.490575 0.820181
-0.211230 -0.342865 0.915328
-0.561116 0.283608 0.777634
-0.432765 0.205716 0.877721
-0.556104 0.004583 0.831100
-0.432765 0.205716 0.877721
-0.561116 0.283608 0.777634
-0.836131 -0.202930 0.509613
-0.299059 -0.164787 -0.939898
-0.219492 -0.109746 -0.969422
0.414941 -0.366124 -0.832933
-0.299059 -0.164787 -0.939898
-0.629513 0.238359 -0.739525
-0.219492 -0.109746 -0.969422
-0.178706 0.174124 -0.968372
-0.115389 0.332351 -0.936071
0.025961 -0.042760 -0.998748
-0.210639 -0.036633 -0.976877
-0.115389 0.332351 -0.936071
-0.178706 0.174124 -0.968372
-0.800971 0.110057 -0.588500
-0.744277 0.146415 -0.651624
-0.628730 0.122083 -0.767981
-0.800971 0.110057 -0.588500
-0.762523 0.073202 -0.642807
-0.744277 0.146415 -0.651624
0.737724 0.595678 -0.317695
0.503590 0.634828 -0.585995
0.106693 0.158515 -0.981575
0.910470 0.265363 -0.317216
0.503590 0.634828 -0.585995
0.737724 0.595678 -0.317695
-0.189495 -0.855784 -0.481379
-0.195228 -0.567382 -0.799978
-0.024425 -0.427434 -0.903717
-0.402279 -0.700941 -0.588943
-0.024425 -0.427434 -0.903717
-0.195228 -0.567382 -0.799978
-0.108362 -0.851635 -0.512812
-0.064081 -0.628607 -0.775079
0.085358 -0.170716 -0.981616
-0.010692 -0.992820 -0.119138
-0.064081 -0.628607 -0.775079
-0.108362 -0.851635 -0.512812
0.064086 0.903304 -0.424187
0.671169 0.610153 0.421006
0.689338 0.192161 -0.698489
0.667710 0.714968 0.207325
0.671169 0.610153 0.421006
0.064086 0.903304 -0.424187
0.987253 -0.134279 -0.085450
0.913744 -0.365803 -0.176805
0.983013 -0.176927 0.048807
0.967201 -0.116034 -0.225960
0.983013 -0.176927 0.048807
0.913744 -0.365803 -0.176805
0.818015 -0.403656 -0.409772
0.678852 -0.195265 -0.707836
0.636285 0.061035 0.769036
0.678852 -0.195265 -0.707836
0.515977 0.085235 0.852351
0.636285 0.061035 0.769036
0.091749 -0.795155 0.599425
-0.506342 -0.061005 0.860172
-0.184066 -0.981687 -0.049084
0.091749 -0.795155 0.599425
-0.103865 0.097756 0.989776
-0.506342 -0.061005 0.860172
-0.841720 0.292772 0.453644
-0.676150 0.079189 0.732496
-0.396460 0.207379 0.894323
-0.549534 0.183178 0.815143
-0.841720 0.292772 0.453644
-0.396460 0.207379 0.894323
-0.140324 -0.146425 -0.979218
-0.030552 -0.158870 -0.986827
-0.232026 -0.097695 -0.967791
-0.543216 0.024414 -0.839238
-0.140324 -0.146425 -0.979218
-0.232026 -0.097695 -0.967791
-0.494445 -0.158711 -0.854596
-0.461829 -0.753511 -0.467906
-0.530508 -0.817104 0.225618
-0.394985 -0.425369 -0.814278
-0.461829 -0.753511 -0.467906
-0.494445 -0.158711 -0.854596
0.525129 -0.110071 0.843875
0.955473 -0.122105 -0.268631
0.909474 0.415760 0.000000
0.955473 -0.122105 -0.268631
0.557695 -0.232884 -0.796707
0.909474 0.415760 0.000000
-0.114405 -0.427111 0.896933
-0.133010 -0.318001 0.938714
-0.265127 -0.463210 0.845662
-0.133010 -0.318001 0.938714
-0.114405 -0.427111 0.896933
0.229562 -0.476298 0.848788
0.605559 -0.463703 -0.646744
0.752510 0.030528 -0.657873
0.748989 -0.103730 0.654412
0.752510 0.030528 -0.657873
0.706303 -0.262385 -0.657488
0.748989 -0.103730 0.654412
0.259611 0.879623 0.398579
0.298672 0.932588 0.202670
0.091745 0.758424 0.645272
0.298672 0.932588 0.202670
0.259611 0.879623 0.398579
0.223058 0.751676 0.620667
-0.497370 0.314289 -0.808607
-0.638914 0.275130 -0.718396
-0.297368 -0.262294 -0.918028
-0.297368 -0.262294 -0.918028
-0.638914 0.275130 -0.718396
-0.493607 -0.493607 -0.716034
-0.818230 0.122124 -0.561770
-0.189133 -0.073213 -0.979218
-0.853179 0.024377 -0.521048
-0.818230 0.122124 -0.561770
-0.853179 0.024377 -0.521048
-0.268561 -0.061037 -0.961327
0.576184 -0.278946 -0.768245
0.903902 -0.421414 -0.073289
0.866999 -0.494556 -0.061056
0.865688 -0.215277 -0.451929
0.866999 -0.494556 -0.061056
0.903902 -0.421414 -0.073289
-0.359402 0.391519 -0.847079
0.484030 0.870028 0.093628
0.686425 0.134384 -0.714676
0.686425 0.134384 -0.714676
0.484030 0.870028 0.093628
0.094349 0.596532 0.797024
0.670279 0.177112 0.720664
0.402432 0.213411 0.890227
0.465432 0.146497 0.872876
0.465432 0.146497 0.872876
0.402432 0.213411 0.890227
0.067248 0.213213 0.974689
-0.008161 -0.643740 0.765201
0.098898 -0.502925 0.858653
0.436788 -0.501809 0.746594
0.098898 -0.502925 0.858653
-0.008161 -0.643740 0.765201
-0.149970 -0.504203 0.850463
-0.420902 -0.832654 0.359902
0.840579 0.207475 0.500381
0.566703 -0.476580 -0.672100
0.840579 0.207475 0.500381
-0.420902 -0.832654 0.359902
0.143728 0.183483 0.972459
-0.340693 -0.427776 -0.837219
-0.117545 -0.806024 -0.580093
-0.333193 -0.898634 -0.285377
-0.333193 -0.898634 -0.285377
-0.505094 -0.292985 -0.811813
-0.340693 -0.427776 -0.837219
-0.908212 0.179814 -0.377914
-0.684823 0.039744 -0.727625
-0.912154 0.076267 -0.402690
-0.912154 0.076267 -0.402690
-0.684823 0.039744 -0.727625
-0.851176 0.012203 -0.524739
-0.012207 -0.241081 -0.970428
0.390774 0.897559 -0.204164
-0.091535 0.109842 -0.989725
-0.091535 0.109842 -0.989725
0.390774 0.897559 -0.204164
0.179998 -0.417961 -0.890455
0.542786 -0.207648 0.813797
0.577646 -0.366275 0.729498
0.778351 -0.341195 0.527025
0.778351 -0.341195 0.527025
0.945805 0.275032 -0.172659
0.542786 -0.207648 0.813797
-0.727454 0.244523 0.641107
-0.756118 0.329277 0.565564
-0.391259 0.476847 0.787104
-0.635521 0.293317 0.714197
-0.756118 0.329277 0.565564
-0.727454 0.244523 0.641107
-0.726245 -0.073235 -0.683524
-0.915315 0.000000 -0.402739
-0.968900 0.194999 -0.152343
-0.915315 0.000000 -0.402739
-0.750028 -0.207325 -0.628072
-0.968900 0.194999 -0.152343
0.909662 -0.231800 -0.344650
0.829687 -0.524173 -0.191994
0.315401 0.097751 0.943911
0.835992 -0.525262 -0.158800
0.909662 -0.231800 -0.344650
0.315401 0.097751 0.943911
-0.689563 0.201377 0.695665
-0.635349 0.268802 0.723932
-0.873703 0.226063 0.430742
-0.635349 0.268802 0.723932
-0.689563 0.201377 0.695665
-0.585065 0.166073 0.793800
0.175541 0.799858 0.573944
0.245712 0.885174 0.395085
0.048793 0.402540 0.914101
0.129538 0.323797 0.937217
0.175541 0.799858 0.573944
0.048793 0.402540 0.914101
-0.439919 -0.761663 -0.475753
-0.703705 0.293083 -0.647226
0.636790 -0.262028 -0.725148
-0.680380 0.721569 -0.128143
-0.703705 0.293083 -0.647226
-0.439919 -0.761663 -0.475753
-0.091821 0.624386 0.775700
0.686425 0.134384 -0.714676
0.094349 0.596532 0.797024
-0.260773 0.963794 0.055662
-0.091821 0.624386 0.775700
0.094349 0.596532 0.797024
0.057999 -0.146523 -0.987506
0.901853 -0.244570 -0.356155
0.299142 0.024420 -0.953896
0.057999 -0.146523 -0.987506
0.299142 0.024420 -0.953896
0.045830 -0.122212 -0.991445
0.986146 -0.164866 -0.018318
0.992511 -0.097724 -0.073293
0.836423 -0.409054 -0.364790
0.992511 -0.097724 -0.073293
0.986146 -0.164866 -0.018318
0.568364 -0.427801 -0.702815
0.890227 -0.213411 -0.402431
0.686969 0.006106 0.726661
0.272357 0.383430 0.882498
0.272357 0.383430 0.882498
0.686969 0.006106 0.726661
0.734132 -0.042735 0.677660
0.057779 -0.729834 0.681178
0.073104 -0.462993 0.883342
-0.042726 -0.439466 0.897243
-0.042726 -0.439466 0.897243
0.079042 -0.243207 0.966748
0.057779 -0.729834 0.681178
0.134263 0.091543 -0.986708
0.219724 0.854481 0.470727
0.311517 0.916227 -0.251962
0.134263 0.091543 -0.986708
-0.329811 0.940572 0.080926
0.219724 0.854481 0.470727
0.076286 0.720138 0.689624
0.024391 0.426845 0.903996
0.143965 0.869918 0.471716
0.143965 0.869918 0.471716
0.168317 0.979296 0.112466
0.076286 0.720138 0.689624
-0.762449 0.243984 0.599285
-0.421969 0.244619 0.872986
-0.256589 -0.073311 0.963736
-0.762449 0.243984 0.599285
-0.256589 -0.073311 0.963736
-0.584747 -0.146187 0.797935
0.161974 -0.446191 -0.880158
0.006112 -0.385042 -0.922879
0.061052 -0.317469 -0.946301
0.006112 -0.385042 -0.922879
0.161974 -0.446191 -0.880158
0.165185 -0.599559 -0.783098
0.415371 0.194753 0.888560
0.149008 0.354562 0.923083
0.174357 0.293011 0.940077
0.149008 0.354562 0.923083
-0.080718 0.383793 0.919885
0.174357 0.293011 0.940077
-0.228869 -0.684126 -0.692525
0.278692 -0.379235 -0.882333
-0.098139 -0.281052 -0.954661
0.278692 -0.379235 -0.882333
0.674191 0.036615 -0.737649
-0.098139 -0.281052 -0.954661
0.141006 0.895083 0.423018
0.271091 0.962524 -0.007615
0.142918 0.960895 0.237183
0.271091 0.962524 -0.007615
-0.164280 0.851823 0.497404
0.142918 0.960895 0.237183
-0.737873 0.213434 0.640303
-0.715506 0.348580 0.605428
-0.840901 -0.073122 0.536227
-0.830845 0.164947 -0.531497
-0.715506 0.348580 0.605428
-0.737873 0.213434 0.640303
-0.202116 -0.808462 0.552755
0.024391 -0.048782 0.998512
-0.152388 -0.975282 -0.160007
-0.202116 -0.808462 0.552755
0.030499 -0.341584 0.939356
0.024391 -0.048782 0.998512
0.120544 0.317382 -0.940605
0.009160 0.503816 -0.863763
0.161600 0.853736 0.494995
-0.027498 0.999095 0.032463
0.161600 0.853736 0.494995
0.009160 0.503816 -0.863763
0.303090 -0.018323 0.952786
0.304782 -0.024413 0.952109
0.499173 -0.065641 0.864012
0.123638 0.018317 0.992158
0.304782 -0.024413 0.952109
0.303090 -0.018323 0.952786
0.257992 0.158764 -0.953013
0.768624 0.219716 -0.600785
0.453917 -0.061031 -0.888952
0.453917 -0.061031 -0.888952
0.768624 0.219716 -0.600785
0.832898 -0.036611 -0.552214
-0.838941 0.402692 0.366083
-0.831715 0.421973 0.360817
-0.904538 0.426382 -0.003046
-0.751942 0.464615 0.467671
-0.831715 0.421973 0.360817
-0.838941 0.402692 0.366083
-0.286681 0.457470 0.841745
-0.561286 0.549084 0.619245
-0.500540 0.408978 0.763018
-0.286681 0.457470 0.841745
-0.500540 0.408978 0.763018
-0.341457 0.335360 0.878032
0.584087 0.678886 0.444922
0.584087 0.678886 0.444922
0.000000 0.707583 -0.706630
-0.584087 -0.678886 -0.444922
-0.584087 -0.678886 -0.444922
0.000000 0.707583 -0.706630
-0.750325 0.420914 0.509748
0.228785 0.277592 0.933060
-0.869298 0.430074 0.243632
0.228785 0.277592 0.933060
-0.027498 0.999095 0.032463
-0.869298 0.430074 0.243632
-0.067321 0.220325 0.973101
0.201321 0.231824 0.951697
-0.122258 0.275081 0.953616
-0.322925 0.194973 0.926124
-0.067321 0.220325 0.973101
-0.122258 0.275081 0.953616
0.431196 0.801445 0.414435
0.356523 0.540879 0.761801
0.551381 0.502505 0.665934
0.431196 0.801445 0.414435
0.551381 0.502505 0.665934
0.593003 0.716799 0.366806
0.281168 0.262831 -0.922965
0.265380 0.390444 -0.881548
0.238110 -0.030527 -0.970758
0.238110 -0.030527 -0.970758
0.039721 0.806642 -0.589704
0.281168 0.262831 -0.922965
-0.067051 -0.658316 0.749749
0.459259 -0.232691 0.857284
0.113086 -0.317864 0.941368
0.537305 -0.036634 0.842592
0.113086 -0.317864 0.941368
0.459259 -0.232691 0.857284
0.535651 -0.225537 0.813763
0.264183 -0.121878 0.956741
0.077377 -0.231750 0.969693
0.264183 -0.121878 0.956741
0.139276 -0.048842 0.989048
0.077377 -0.231750 0.969693
-0.757136 0.317509 0.570905
-0.904455 0.281114 0.320837
-0.926950 0.262229 0.268328
-0.904455 0.281114 0.320837
-0.543520 0.244279 0.803066
-0.926950 0.262229 0.268328
-0.716633 -0.054891 -0.695287
-0.439736 -0.274835 -0.855043
-0.091893 -0.318563 -0.943437
-0.439736 -0.274835 -0.855043
-0.956021 0.024357 -0.292287
-0.091893 -0.318563 -0.943437
-0.695665 0.201377 0.689563
-0.647595 0.207719 0.733126
-0.801137 0.220160 0.556515
-0.593317 -0.103983 -0.798225
-0.647595 0.207719 0.733126
-0.695665 0.201377 0.689563
0.667710 -0.207326 -0.714968
0.930590 -0.300535 -0.209001
0.686450 -0.276105 -0.672721
0.637748 -0.260897 -0.724714
0.686450 -0.276105 -0.672721
0.930590 -0.300535 -0.209001
0.326825 0.048871 0.943821
0.591584 -0.146371 0.792845
0.558587 -0.061048 0.827197
0.513627 -0.244584 0.822415
0.326825 0.048871 0.943821
0.558587 -0.061048 0.827197
-0.347948 -0.030522 -0.937017
0.134263 0.091543 -0.986708
0.085506 -0.757338 -0.647401
0.085506 -0.757338 -0.647401
-0.164839 -0.122103 -0.978733
-0.347948 -0.030522 -0.937017
0.383996 -0.682660 0.621709
0.874052 -0.475923 0.097625
0.098898 -0.502925 0.858653
0.874052 -0.475923 0.097625
0.383996 -0.682660 0.621709
-0.019839 -0.653173 -0.756949
-0.815187 0.439652 0.377062
-0.929459 0.365689 -0.048759
-0.917298 0.391381 -0.073384
-0.833305 0.402917 0.378498
-0.815187 0.439652 0.377062
-0.917298 0.391381 -0.073384
0.110645 -0.085464 -0.990179
0.191558 -0.274745 -0.942242
0.000000 -0.329467 -0.944167
0.371557 -0.140383 -0.917735
0.191558 -0.274745 -0.942242
0.110645 -0.085464 -0.990179
-0.383045 -0.422881 0.821248
-0.035006 -0.925367 -0.377452
-0.025092 -0.930680 -0.364973
-0.035006 -0.925367 -0.377452
-0.383045 -0.422881 0.821248
0.128600 -0.875704 -0.465409
-0.354386 0.354386 -0.865344
-0.125139 0.158712 -0.979362
-0.342237 0.446131 -0.826947
-0.354386 0.354386 -0.865344
-0.342237 0.446131 -0.826947
-0.390789 0.091591 -0.915912
-0.623197 -0.292552 -0.725285
-0.914209 -0.085326 -0.396157
-0.458073 0.476396 0.750477
-0.458073 0.476396 0.750477
-0.698295 0.268341 -0.663609
-0.623197 -0.292552 -0.725285
0.073104 -0.462993 0.883342
0.079283 -0.524488 0.847719
-0.185775 -0.670007 0.718734
-0.185775 -0.670007 0.718734
0.027481 -0.659552 0.751156
0.073104 -0.462993 0.883342
-0.836076 -0.071707 -0.543907
0.682315 -0.003046 -0.731052
-0.819537 0.204884 -0.535146
-0.836935 -0.024436 -0.546757
-0.819537 0.204884 -0.535146
0.682315 -0.003046 -0.731052
0.113086 -0.317864 0.941368
-0.079478 -0.269004 0.959854
-0.161492 -0.463146 0.871445
-0.232170 -0.586534 0.775935
-0.161492 -0.463146 0.871445
-0.079478 -0.269004 0.959854
-0.335414 -0.122108 0.934124
-0.367583 -0.556528 0.745090
-0.222641 -0.322873 0.919883
-0.222641 -0.322873 0.919883
-0.367583 -0.556528 0.745090
0.116646 -0.748666 0.652605
-0.939264 0.231767 0.253113
-0.811549 0.244075 0.530863
-0.950015 0.219234 0.222279
-0.801137 0.220160 0.556515
-0.939264 0.231767 0.253113
-0.950015 0.219234 0.222279
-0.750754 -0.384533 0.537125
-0.611275 -0.357596 0.706023
-0.688050 0.039578 0.724583
-0.708091 0.076303 0.701987
-0.750754 -0.384533 0.537125
-0.688050 0.039578 0.724583
0.488220 -0.228853 -0.842180
-0.519160 0.067185 -0.852033
0.177004 -0.054932 -0.982676
-0.244374 -0.268812 -0.931677
0.488220 -0.228853 -0.842180
0.177004 -0.054932 -0.982676
-0.233536 -0.009158 -0.972305
0.667710 -0.207326 -0.714968
0.232074 -0.109930 -0.966466
0.667710 -0.207326 -0.714968
0.913004 -0.351155 -0.207640
0.232074 -0.109930 -0.966466
-0.811549 0.244075 0.530863
-0.871093 0.243663 0.426409
-0.950015 0.219234 0.222279
-0.811549 0.244075 0.530863
-0.646750 0.298970 0.701663
-0.871093 0.243663 0.426409
-0.579397 0.318668 -0.750167
-0.097588 -0.045744 -0.994175
-0.947800 0.180388 0.262938
-0.097588 -0.045744 -0.994175
-0.597792 0.469693 -0.649641
-0.947800 0.180388 0.262938
-0.448744 -0.232547 -0.862873
-0.497217 -0.634486 -0.591780
-0.505094 -0.292985 -0.811813
-0.505094 -0.292985 -0.811813
-0.405679 -0.869530 -0.281679
-0.448744 -0.232547 -0.862873
0.542786 -0.207648 0.813797
0.229562 -0.476298 0.848788
0.407863 -0.501515 0.762975
0.407863 -0.501515 0.762975
0.229562 -0.476298 0.848788
-0.177997 -0.756203 0.629661
0.333507 0.832238 -0.442891
0.276218 0.862044 -0.424951
0.261372 -0.440206 -0.859013
0.333507 0.832238 -0.442891
0.261372 -0.440206 -0.859013
0.564376 0.732163 0.381335
0.130109 0.042671 0.990581
0.043477 0.122040 0.991573
-0.096128 0.158687 0.982638
-0.096128 0.158687 0.982638
0.043477 0.122040 0.991573
0.065313 0.097778 0.993063
-0.236646 -0.631056 -0.738760
-0.067259 -0.880482 -0.469285
-0.268559 -0.756849 -0.595866
-0.236646 -0.631056 -0.738760
-0.145547 -0.921795 -0.359318
-0.067259 -0.880482 -0.469285
0.771474 -0.046382 -0.634569
0.540449 -0.148433 -0.828180
0.840959 -0.438396 -0.317170
0.540449 -0.148433 -0.828180
0.771474 -0.046382 -0.634569
0.472292 -0.264993 -0.840666
0.260813 -0.413336 0.872428
0.637447 -0.161649 0.753347
0.833317 0.018315 0.552492
0.637447 -0.161649 0.753347
0.695857 -0.189224 0.692804
0.833317 0.018315 0.552492
0.625847 -0.128222 0.769334
0.585639 0.213792 0.781870
0.528420 0.201594 0.824701
0.213407 0.195115 0.957281
0.585639 0.213792 0.781870
0.625847 -0.128222 0.769334
-0.291843 -0.707590 -0.643541
-0.160374 -0.956494 0.243722
-0.135507 -0.816086 -0.561820
-0.291843 -0.707590 -0.643541
-0.349972 0.170792 -0.921059
-0.160374 -0.956494 0.243722
-0.427003 -0.051088 -0.902806
-0.018328 -0.195496 -0.980533
0.357295 -0.368746 -0.858118
-0.427003 -0.051088 -0.902806
0.357295 -0.368746 -0.858118
-0.225920 -0.314456 -0.921997
-0.878702 -0.036613 -0.475964
-0.555933 0.201602 0.806409
-0.856129 0.330221 -0.397488
-0.856129 0.330221 -0.397488
0.048841 -0.085472 -0.995143
-0.878702 -0.036613 -0.475964
-0.158613 0.573447 0.803741
-0.064078 0.286827 0.955837
0.720596 -0.209156 0.661056
0.100691 0.674326 0.731537
-0.064078 0.286827 0.955837
-0.158613 0.573447 0.803741
-0.372187 -0.280665 -0.884706
-0.275447 0.024484 -0.961004
-0.329704 -0.580034 -0.744886
-0.372187 -0.280665 -0.884706
-0.329704 -0.580034 -0.744886
-0.097641 -0.915383 -0.390564
0.391187 -0.027505 -0.919900
0.499738 0.149312 -0.853211
0.445960 0.128290 -0.885811
0.499738 0.149312 -0.853211
-0.036632 0.894437 0.445692
0.445960 0.128290 -0.885811
0.711024 -0.042722 0.701869
0.600891 0.134380 0.787954
0.543431 0.158755 0.824305
0.454486 0.207416 0.866268
0.711024 -0.042722 0.701869
0.543431 0.158755 0.824305
0.585506 0.073188 -0.807358
-0.335950 -0.061082 -0.939897
0.366072 -0.146429 -0.918994
-0.335950 -0.061082 -0.939897
0.585506 0.073188 -0.807358
-0.800971 0.110057 -0.588500
0.537478 0.234480 -0.810023
0.860724 -0.057889 -0.505770
0.610596 -0.015227 -0.791796
0.865688 -0.215277 -0.451929
0.610596 -0.015227 -0.791796
0.860724 -0.057889 -0.505770
0.656308 -0.276260 -0.702097
0.045691 -0.325932 -0.944288
-0.106955 -0.236828 -0.965647
0.656308 -0.276260 -0.702097
0.229414 -0.287532 -0.929890
0.045691 -0.325932 -0.944288
-0.201354 0.364573 0.909144
-0.509654 0.332648 0.793472
-0.311041 0.273304 0.910252
-0.475910 0.227277 0.849621
-0.311041 0.273304 0.910252
-0.509654 0.332648 0.793472
0.671806 -0.213757 -0.709214
0.890839 -0.286777 -0.352370
0.693307 -0.244069 -0.678053
0.777407 -0.268413 -0.568853
0.693307 -0.244069 -0.678053
0.890839 -0.286777 -0.352370
-0.235166 -0.250437 -0.939137
0.180178 -0.320656 -0.929901
-0.944960 0.118882 -0.304826
-0.235166 -0.250437 -0.939137
-0.057937 -0.338474 -0.939190
0.180178 -0.320656 -0.929901
0.774523 -0.631205 0.041166
0.904340 -0.268858 0.331489
0.411974 -0.604228 -0.682045
0.561476 0.115957 0.819328
0.904340 -0.268858 0.331489
0.774523 -0.631205 0.041166
-0.655506 -0.070124 -0.751927
-0.823320 0.103677 -0.558028
-0.896390 0.048783 -0.440573
-0.823320 0.103677 -0.558028
-0.320514 -0.042735 -0.946279
-0.896390 0.048783 -0.440573
0.353889 -0.219655 0.909128
0.741899 -0.409113 -0.531236
0.320514 -0.042735 0.946279
0.320514 -0.042735 0.946279
0.558368 -0.067126 0.826873
0.353889 -0.219655 0.909128
0.122235 -0.372817 -0.919819
-0.030564 -0.360654 -0.932199
0.366363 -0.360257 -0.857900
-0.030564 -0.360654 -0.932199
0.122235 -0.372817 -0.919819
-0.611209 0.097794 -0.785404
0.456431 -0.311411 -0.833483
0.719646 -0.433007 -0.542784
0.482039 -0.408818 -0.774923
0.482039 -0.408818 -0.774923
0.719646 -0.433007 -0.542784
0.634370 -0.518476 -0.573373
0.009196 0.870555 0.491986
0.232991 0.916685 -0.324659
0.076981 0.819092 0.568474
0.009196 0.870555 0.491986
0.076981 0.819092 0.568474
0.264208 0.923540 0.277973
0.995212 0.076320 -0.061056
0.092131 -0.204060 -0.974614
0.756347 -0.157223 -0.634996
0.995212 0.076320 -0.061056
0.951001 -0.097774 -0.293321
0.092131 -0.204060 -0.974614
0.061054 -0.036632 -0.997462
-0.950616 0.152342 -0.270408
0.061056 0.122112 -0.990637
-0.950616 0.152342 -0.270408
0.061054 -0.036632 -0.997462
-0.867435 0.445935 -0.220677
0.977900 -0.024428 0.207642
0.939424 -0.024420 0.341886
0.785476 -0.060978 0.615880
0.785476 -0.060978 0.615880
0.939424 -0.024420 0.341886
0.750550 -0.024458 0.660361
0.796246 -0.207849 -0.568147
0.534443 -0.146590 -0.832395
0.783802 -0.183167 -0.593384
0.783802 -0.183167 -0.593384
0.892030 -0.268372 -0.363674
0.796246 -0.207849 -0.568147
0.662479 0.103799 0.741854
0.796573 -0.122080 0.592088
0.735848 0.085493 0.671728
0.662479 0.103799 0.741854
0.818786 -0.091655 0.566735
0.796573 -0.122080 0.592088
-0.564165 0.000000 -0.825662
-0.225782 -0.056446 -0.972541
-0.600745 0.214988 -0.769991
-0.600745 0.214988 -0.769991
-0.225782 -0.056446 -0.972541
-0.302009 0.140327 -0.942920
-0.024444 -0.177218 0.983868
-0.155707 -0.238140 0.958668
-0.133010 -0.318001 0.938714
-0.128085 -0.085390 0.988081
-0.155707 -0.238140 0.958668
-0.024444 -0.177218 0.983868
0.391520 0.727982 0.562810
0.396667 0.822265 0.408087
0.180279 0.501114 0.846395
0.396667 0.822265 0.408087
0.391520 0.727982 0.562810
0.410278 0.603978 0.683288
-0.311041 0.273304 0.910252
-0.158583 0.294674 0.942347
-0.201354 0.364573 0.909144
-0.201354 0.364573 0.909144
-0.158583 0.294674 0.942347
-0.041221 0.425950 0.903807
-0.403906 -0.440625 0.801692
-0.177469 -0.342698 0.922531
-0.623949 -0.513840 0.588775
-0.403906 -0.440625 0.801692
-0.623949 -0.513840 0.588775
-0.256589 -0.073311 0.963736
-0.207506 0.036619 -0.977548
-0.652935 0.134248 -0.745421
-0.372016 0.097578 -0.923083
-0.372016 0.097578 -0.923083
-0.134298 0.024418 -0.990640
-0.207506 0.036619 -0.977548
-0.850906 0.115894 -0.512374
-0.716207 0.304769 -0.627824
-0.908212 0.179814 -0.377914
-0.908212 0.179814 -0.377914
-0.716207 0.304769 -0.627824
-0.441954 0.134110 -0.886956
-0.790542 -0.048837 -0.610457
-0.693736 -0.085571 -0.715128
-0.247332 -0.256492 -0.934365
-0.290400 -0.201752 -0.935395
-0.247332 -0.256492 -0.934365
-0.693736 -0.085571 -0.715128
0.270359 0.173366 -0.947022
0.028917 0.162849 -0.986227
-0.047322 0.300721 -0.952537
0.270359 0.173366 -0.947022
-0.105273 -0.153333 -0.982551
0.028917 0.162849 -0.986227
0.639880 -0.458148 -0.616972
0.841080 -0.476256 -0.256446
0.930060 -0.347629 0.118926
0.930060 -0.347629 0.118926
0.841080 -0.476256 -0.256446
0.786439 -0.463329 -0.408461
0.336582 -0.403898 -0.850634
-0.302396 0.586465 -0.751409
-0.054970 0.971138 -0.232096
-0.302396 0.586465 -0.751409
0.336582 -0.403898 -0.850634
0.082406 -0.512746 -0.854577
-0.296175 -0.619831 0.726698
-0.277369 -0.035052 0.960124
-0.330277 -0.305812 0.892971
-0.296175 -0.619831 0.726698
-0.330277 -0.305812 0.892971
-0.240735 -0.326059 0.914184
0.181575 -0.048827 -0.982164
0.366276 -0.122092 -0.922462
0.103623 -0.146291 -0.983799
0.181575 -0.048827 -0.982164
0.534443 -0.146590 -0.832395
0.366276 -0.122092 -0.922462
-0.243049 -0.256001 -0.935623
-0.169500 -0.115858 -0.978697
-0.380802 0.085364 -0.920708
-0.169500 -0.115858 -0.978697
-0.416047 0.454771 -0.787457
-0.380802 0.085364 -0.920708
-0.831867 0.122333 -0.541325
-0.829141 -0.036580 -0.557841
0.231587 -0.255964 -0.938536
-0.831867 0.122333 -0.541325
0.231587 -0.255964 -0.938536
-0.884064 -0.060970 -0.463372
0.958757 -0.219842 0.180149
0.769535 -0.482486 -0.418358
0.793184 -0.372187 -0.482012
0.962004 -0.219887 0.161861
0.769535 -0.482486 -0.418358
0.958757 -0.219842 0.180149
0.400073 0.022905 0.916197
0.733050 -0.105376 0.671962
0.524334 -0.041154 0.850518
0.479328 -0.071747 0.874698
0.524334 -0.041154 0.850518
0.733050 -0.105376 0.671962
-0.666678 -0.263384 -0.697259
-0.592538 -0.135154 -0.794123
-0.219992 -0.176452 -0.959410
-0.666678 -0.263384 -0.697259
-0.812260 0.177109 0.555757
-0.592538 -0.135154 -0.794123
-0.030222 0.997501 0.063864
0.044212 0.991118 0.125419
-0.206099 0.867142 0.453418
-0.030222 0.997501 0.063864
0.009196 0.870555 0.491986
0.044212 0.991118 0.125419
-0.133668 -0.814157 0.565049
-0.201287 -0.256183 0.945438
-0.139867 -0.462171 0.875692
-0.133668 -0.814157 0.565049
-0.139867 -0.462171 0.875692
-0.220098 -0.635839 0.739774
-0.402874 0.311312 0.860685
-0.575077 0.373188 0.728023
-0.762337 0.030493 -0.646462
-0.840371 0.006090 -0.541978
-0.762337 0.030493 -0.646462
-0.575077 0.373188 0.728023
0.069383 0.731950 0.677816
0.342926 0.926664 0.153936
0.096519 0.882459 0.460380
0.342926 0.926664 0.153936
0.244390 0.959346 0.141170
0.096519 0.882459 0.460380
0.033499 -0.535983 -0.843564
-0.051779 -0.840643 -0.539108
-0.030593 -0.832131 -0.553734
-0.030593 -0.832131 -0.553734
-0.051779 -0.840643 -0.539108
-0.073115 -0.658035 -0.749429
-0.708477 0.280948 0.647401
-0.500932 0.281011 0.818596
-0.556606 0.269128 0.785977
-0.708477 0.280948 0.647401
-0.804381 0.335159 0.490551
-0.500932 0.281011 0.818596
0.269729 0.378996 -0.885216
-0.276436 -0.450827 -0.848727
0.109583 0.649265 -0.752627
0.269729 0.378996 -0.885216
0.109583 0.649265 -0.752627
0.310323 0.865097 0.394091
0.397825 0.914540 0.073163
0.178488 0.707849 0.683441
0.226360 0.874851 0.428249
0.074036 0.958654 0.274774
0.226360 0.874851 0.428249
0.178488 0.707849 0.683441
0.271138 0.962521 -0.006102
0.341106 0.512946 0.787739
0.352999 0.852700 0.385090
0.341106 0.512946 0.787739
0.271138 0.962521 -0.006102
0.402952 0.911221 0.085475
0.737044 0.287478 0.611655
0.871185 0.042795 0.489086
0.915716 0.271662 0.296081
0.871185 0.042795 0.489086
0.737044 0.287478 0.611655
0.892403 -0.213932 0.397303
0.759428 -0.317509 -0.567853
0.588088 -0.335832 -0.735778
0.669393 -0.365955 -0.646521
0.634570 -0.316145 -0.705247
0.588088 -0.335832 -0.735778
0.759428 -0.317509 -0.567853
-0.550088 -0.036673 -0.834301
-0.868213 0.189540 0.458563
-0.718698 0.225354 0.657791
-0.868213 0.189540 0.458563
-0.731694 0.249995 0.634135
-0.718698 0.225354 0.657791
0.420439 -0.360404 -0.832670
0.191558 -0.274745 -0.942242
0.474909 -0.231924 -0.848924
0.777407 -0.268413 -0.568853
0.420439 -0.360404 -0.832670
0.474909 -0.231924 -0.848924
0.219639 0.018303 0.975410
-0.010680 -0.115949 0.993198
0.120509 -0.073221 0.990008
0.120509 -0.073221 0.990008
-0.919939 0.201714 0.336190
0.219639 0.018303 0.975410
0.777411 -0.256591 -0.574276
0.594021 -0.317625 -0.739090
0.517821 -0.255865 -0.816330
0.517821 -0.255865 -0.816330
0.594021 -0.317625 -0.739090
0.947306 -0.207462 -0.244072
-0.305327 -0.280901 -0.909874
-0.108395 -0.732811 -0.671743
-0.199745 -0.859971 -0.469630
0.604052 0.719981 -0.341686
-0.199745 -0.859971 -0.469630
-0.108395 -0.732811 -0.671743
-0.311517 -0.884159 -0.348166
-0.033557 -0.875529 -0.481999
0.073073 -0.339485 -0.937769
-0.311517 -0.884159 -0.348166
-0.214536 -0.202364 0.955522
-0.033557 -0.875529 -0.481999
0.951855 0.281126 -0.122229
0.614575 0.000000 0.788858
0.545328 -0.109982 0.830976
0.697463 -0.280817 0.659308
0.545328 -0.109982 0.830976
0.614575 0.000000 0.788858
0.117434 -0.671049 -0.732054
0.480583 -0.857749 0.182500
-0.025092 -0.930680 -0.364973
-0.025092 -0.930680 -0.364973
0.480583 -0.857749 0.182500
-0.213446 -0.257054 0.942531
-0.353434 0.012187 0.935380
-0.274523 0.085407 0.957780
-0.422384 0.183645 0.887618
-0.274523 0.085407 0.957780
-0.353434 0.012187 0.935380
-0.195237 -0.122023 0.973136
0.036692 -0.195690 -0.979979
-0.012137 -0.509765 -0.860228
-0.018303 -0.536884 -0.843457
-0.067259 -0.880482 -0.469285
-0.018303 -0.536884 -0.843457
-0.012137 -0.509765 -0.860228
-0.244474 -0.256507 -0.935113
-0.661149 0.033514 -0.749506
-0.509190 -0.206811 -0.835437
-0.661149 0.033514 -0.749506
-0.741260 -0.012583 -0.671100
-0.509190 -0.206811 -0.835437
0.149755 -0.525670 -0.837404
-0.155499 -0.969580 0.189038
0.059527 -0.833382 -0.549483
0.149755 -0.525670 -0.837404
0.059527 -0.833382 -0.549483
-0.033557 -0.875529 -0.481999
-0.640094 0.214889 0.737633
-0.996498 0.025982 0.079475
-0.561770 -0.122124 -0.818230
-0.854780 0.004102 -0.518974
-0.561770 -0.122124 -0.818230
-0.996498 0.025982 0.079475
0.778981 0.069497 0.623185
0.759121 -0.045349 0.649368
0.631512 -0.393455 0.668121
0.759121 -0.045349 0.649368
0.310923 -0.524588 -0.792549
0.631512 -0.393455 0.668121
0.149855 0.611655 0.776802
-0.171483 0.649184 0.741049
-0.277407 0.877947 0.390199
-0.171483 0.649184 0.741049
0.149855 0.611655 0.776802
-0.311109 0.463613 0.829623
-0.426726 0.457207 0.780299
-0.524966 0.433403 0.732511
-0.270867 0.480865 0.833906
-0.270867 0.480865 0.833906
-0.524966 0.433403 0.732511
-0.451077 0.359642 0.816815
0.332585 0.688055 -0.644956
0.207459 0.643732 -0.736593
0.166346 0.231968 -0.958394
0.332585 0.688055 -0.644956
0.166346 0.231968 -0.958394
0.195372 0.087002 -0.976862
-0.421437 0.164910 0.891737
-0.245024 0.309343 0.918842
-0.261986 0.359469 0.895626
-0.564839 0.106861 0.818253
-0.245024 0.309343 0.918842
-0.421437 0.164910 0.891737
-0.001528 -0.207859 -0.978158
0.609901 -0.268860 -0.745477
-0.179266 -0.195286 -0.964224
-0.001528 -0.207859 -0.978158
-0.179266 -0.195286 -0.964224
0.846731 -0.012227 -0.531881
0.557695 -0.232884 -0.796707
0.925222 -0.317568 -0.207641
0.196617 -0.353606 -0.914497
0.557695 -0.232884 -0.796707
0.196617 -0.353606 -0.914497
0.909474 0.415760 0.000000
0.586002 -0.422288 -0.691574
0.385488 -0.365680 -0.847159
0.734132 -0.042735 0.677660
0.385488 -0.365680 -0.847159
0.586002 -0.422288 -0.691574
0.304510 -0.361128 -0.881397
0.039694 -0.354191 -0.934331
0.371984 -0.487848 -0.789704
0.256589 -0.262698 -0.930135
0.039694 -0.354191 -0.934331
0.366363 -0.360257 -0.857900
0.371984 -0.487848 -0.789704
0.462368 -0.406284 -0.788130
0.582202 -0.296158 -0.757187
0.689354 -0.314175 -0.652752
0.462368 -0.406284 -0.788130
0.689354 -0.314175 -0.652752
0.785638 -0.336102 -0.519430
-0.442137 0.341513 0.829388
-0.155447 0.024384 0.987543
-0.228700 0.256144 0.939195
-0.228700 0.256144 0.939195
-0.235215 0.323802 0.916421
-0.442137 0.341513 0.829388
-0.684941 0.464781 -0.561101
0.714749 -0.201596 -0.669696
-0.635688 -0.507328 -0.581823
0.714749 -0.201596 -0.669696
-0.420691 -0.695056 -0.583024
-0.635688 -0.507328 -0.581823
-0.453105 -0.158663 -0.877224
-0.355128 -0.396280 -0.846668
-0.089357 -0.452133 -0.887463
-0.355128 -0.396280 -0.846668
0.018419 -0.433650 -0.900893
-0.089357 -0.452133 -0.887463
-0.766395 -0.262590 -0.586247
-0.609711 0.634099 0.475574
-0.766295 0.097695 -0.635018
-0.766395 -0.262590 -0.586247
-0.766295 0.097695 -0.635018
0.366363 -0.360257 -0.857900
-0.288402 0.018311 -0.957334
-0.424094 -0.085429 -0.901580
-0.597436 0.243852 -0.763941
-0.288402 0.018311 -0.957334
-0.597436 0.243852 -0.763941
-0.175354 0.298864 -0.938047
0.116040 -0.418356 -0.900840
0.372150 -0.539922 -0.754976
0.426986 -0.500184 -0.753325
0.426986 -0.500184 -0.753325
0.904340 -0.268858 0.331489
0.116040 -0.418356 -0.900840
0.507558 -0.710276 0.487743
0.750209 -0.524537 0.402551
0.720313 -0.686739 0.097670
0.339710 -0.368654 -0.865270
0.720313 -0.686739 0.097670
0.750209 -0.524537 0.402551
0.671553 -0.250020 -0.697500
0.966791 -0.029164 -0.253897
0.686397 -0.124314 -0.716523
0.637748 -0.260897 -0.724714
0.966791 -0.029164 -0.253897
0.671553 -0.250020 -0.697500
0.802224 -0.158766 0.575525
0.639494 -0.152533 0.753512
0.741647 -0.207539 0.637877
0.540628 -0.085523 0.836904
0.639494 -0.152533 0.753512
0.802224 -0.158766 0.575525
0.636790 -0.262028 -0.725148
-0.703705 0.293083 -0.647226
-0.019841 0.847059 -0.531129
0.487527 -0.139075 -0.861960
0.636790 -0.262028 -0.725148
-0.019841 0.847059 -0.531129
-0.443450 0.318061 0.837968
-0.564839 0.106861 0.818253
-0.537734 0.174152 0.824932
-0.443450 0.318061 0.837968
-0.537734 0.174152 0.824932
-0.267895 0.267895 0.925454
-0.962086 0.243952 0.121976
-0.717444 0.439626 0.540373
-0.977483 0.195497 0.079421
-0.962086 0.243952 0.121976
-0.977483 0.195497 0.079421
-0.870441 0.403860 0.281478
-0.122111 0.012211 -0.992441
-0.682934 0.109757 -0.722187
-0.536579 -0.060975 -0.841644
-0.682934 0.109757 -0.722187
-0.762523 0.073202 -0.642807
-0.536579 -0.060975 -0.841644
-0.103927 -0.721379 0.684698
0.121942 -0.438992 0.890178
-0.034982 -0.669227 0.742234
0.051921 -0.317633 0.946791
-0.103927 -0.721379 0.684698
-0.034982 -0.669227 0.742234
0.207459 0.643732 -0.736593
0.074761 0.253272 -0.964502
0.157239 0.503775 -0.849404
0.157239 0.503775 -0.849404
0.074761 0.253272 -0.964502
0.250297 -0.022893 -0.967898
-0.265688 -0.519160 -0.812332
0.074422 -0.864897 -0.496402
-0.051948 -0.605041 -0.794498
0.215183 -0.363217 -0.906515
-0.051948 -0.605041 -0.794498
0.074422 -0.864897 -0.496402
-0.967669 0.220482 -0.122490
0.598307 0.048841 -0.799777
-0.814052 0.461701 -0.352351
-0.407983 -0.657645 -0.633287
-0.814052 0.461701 -0.352351
0.598307 0.048841 -0.799777
0.086275 0.116051 -0.989489
0.233326 -0.497152 -0.835703
0.562627 -0.806153 -0.183217
0.233326 -0.497152 -0.835703
0.297770 -0.634227 -0.713505
0.562627 -0.806153 -0.183217
-0.637120 -0.079259 -0.766678
-0.742159 0.042758 -0.668859
-0.512376 -0.097595 -0.853198
-0.775064 -0.244115 -0.582824
-0.637120 -0.079259 -0.766678
-0.512376 -0.097595 -0.853198
-0.985063 0.158586 0.067094
-0.530764 -0.244792 -0.811398
-0.213672 -0.473131 -0.854688
-0.333255 -0.264464 -0.904986
-0.213672 -0.473131 -0.854688
-0.530764 -0.244792 -0.811398
-0.578473 -0.097427 -0.809862
-0.525162 -0.061065 -0.848808
-0.872763 0.329575 -0.360091
-0.872763 0.329575 -0.360091
-0.525162 -0.061065 -0.848808
-0.908790 0.329360 -0.256169
0.785638 -0.336102 -0.519430
0.687535 -0.445391 -0.573518
0.462368 -0.406284 -0.788130
0.930770 -0.219363 -0.292484
0.687535 -0.445391 -0.573518
0.785638 -0.336102 -0.519430
-0.302526 -0.238354 -0.922857
-0.403270 -0.271902 -0.873752
0.194987 -0.216314 -0.956655
0.194987 -0.216314 -0.956655
-0.403270 -0.271902 -0.873752
-0.474039 -0.204907 -0.856329
0.609130 -0.048853 -0.791564
0.564376 0.732163 0.381335
0.417921 0.170829 -0.892277
0.422779 0.183154 -0.887532
0.609130 -0.048853 -0.791564
0.417921 0.170829 -0.892277
-0.726245 -0.073235 -0.683524
-0.066997 -0.304533 -0.950143
-0.956021 0.024357 -0.292287
-0.726245 -0.073235 -0.683524
-0.402671 -0.183032 -0.896859
-0.066997 -0.304533 -0.950143
-0.211091 0.166129 -0.963245
0.271539 -0.141872 -0.951913
-0.120474 0.144873 -0.982089
-0.079271 -0.076222 -0.993935
-0.211091 0.166129 -0.963245
-0.120474 0.144873 -0.982089
0.830365 -0.317492 0.457922
0.328778 0.292247 0.898052
0.082368 0.305068 0.948762
0.328778 0.292247 0.898052
0.458039 0.354217 0.815310
0.082368 0.305068 0.948762
-0.138620 0.828674 0.542294
-0.100609 0.975605 -0.195121
0.460071 0.842319 -0.280773
0.281421 0.299774 -0.911558
0.460071 0.842319 -0.280773
-0.100609 0.975605 -0.195121
-0.048813 0.048813 0.997614
-0.649001 -0.048981 0.759209
-0.477808 -0.367545 0.797879
-0.477808 -0.367545 0.797879
-0.102944 -0.993109 -0.056014
-0.048813 0.048813 0.997614
0.274520 0.000000 -0.961581
0.311123 -0.170813 -0.934893
0.874184 0.452375 -0.176518
0.874184 0.452375 -0.176518
0.311123 -0.170813 -0.934893
-0.420691 -0.695056 -0.583024
-0.328000 -0.256297 0.909246
-0.394464 -0.217108 0.892895
-0.215743 -0.315200 0.924178
-0.328000 -0.256297 0.909246
-0.269326 -0.165268 0.948762
-0.394464 -0.217108 0.892895
0.000000 -0.536974 -0.843599
0.030531 0.073275 -0.996844
0.036692 -0.195690 -0.979979
0.000000 -0.536974 -0.843599
-0.116346 -0.538864 -0.834320
0.030531 0.073275 -0.996844
0.440481 -0.164894 0.882489
-0.175888 -0.980709 -0.085279
0.643646 -0.683302 0.344701
0.440481 -0.164894 0.882489
0.643646 -0.683302 0.344701
0.429135 -0.432946 0.792718
0.727710 -0.525908 0.440295
0.436788 -0.501809 0.746594
0.771403 -0.519875 0.366971
0.727710 -0.525908 0.440295
0.771403 -0.519875 0.366971
0.631600 0.219422 -0.743596
-0.550533 0.397608 0.734045
-0.402874 0.311312 0.860685
-0.737873 0.213434 0.640303
-0.402874 0.311312 0.860685
-0.550533 0.397608 0.734045
-0.575077 0.373188 0.728023
0.281421 0.299774 -0.911558
0.200955 0.622311 -0.756535
0.301230 0.571153 -0.763574
0.376680 0.457622 -0.805415
0.301230 0.571153 -0.763574
0.200955 0.622311 -0.756535
0.881196 -0.432975 -0.189808
0.411974 -0.604228 -0.682045
0.732780 -0.528212 -0.428982
0.411974 -0.604228 -0.682045
0.881196 -0.432975 -0.189808
0.793899 0.006107 -0.608019
-0.885297 0.341908 -0.315196
-0.861515 0.109981 -0.495677
-0.714728 0.158828 0.681130
-0.861515 0.109981 -0.495677
-0.813490 0.024466 -0.581064
-0.714728 0.158828 0.681130
-0.109181 -0.909843 -0.400331
-0.306426 -0.723165 -0.618980
-0.384952 -0.693826 -0.608619
-0.384952 -0.693826 -0.608619
-0.306426 -0.723165 -0.618980
-0.289289 -0.925724 -0.243612
-0.674213 -0.240627 -0.698238
0.146461 0.534734 -0.832232
-0.817130 0.025726 -0.575879
-0.817130 0.025726 -0.575879
-0.393755 -0.060284 -0.917236
-0.674213 -0.240627 -0.698238
-0.296181 0.100763 -0.949802
-0.823320 0.103677 -0.558028
-0.655506 -0.070124 -0.751927
-0.296181 0.100763 -0.949802
-0.655506 -0.070124 -0.751927
-0.030518 0.015259 -0.999418
-0.670679 0.289611 0.682873
-0.944468 0.313807 0.097493
-0.982635 0.149531 0.109860
-0.982635 0.149531 0.109860
-0.944468 0.313807 0.097493
-0.941491 0.210918 0.262884
-0.063827 0.898932 0.433414
0.073509 0.847071 0.526372
0.014494 0.213595 0.976815
0.073509 0.847071 0.526372
-0.063827 0.898932 0.433414
0.114322 0.841409 0.528167
-0.992858 -0.119143 0.006110
-0.314097 -0.375087 -0.872154
-0.736779 -0.192602 -0.648121
-0.992858 -0.119143 0.006110
-0.461213 -0.116067 -0.879665
-0.314097 -0.375087 -0.872154
0.310075 -0.184089 0.932719
0.562041 -0.092012 0.821975
0.583061 0.182682 0.791623
0.436788 -0.501809 0.746594
0.562041 -0.092012 0.821975
0.310075 -0.184089 0.932719
0.091928 -0.353980 0.930724
0.373784 -0.232135 0.897997
0.285090 -0.219534 0.933021
0.285090 -0.219534 0.933021
0.373784 -0.232135 0.897997
0.163704 -0.030527 0.986037
-0.067109 -0.390453 -0.918174
-0.201319 -0.484995 -0.851029
0.112913 -0.491322 -0.863628
-0.508993 -0.682721 -0.524232
-0.201319 -0.484995 -0.851029
-0.067109 -0.390453 -0.918174
0.562627 -0.806153 -0.183217
0.297770 -0.634227 -0.713505
0.316787 -0.598460 -0.735861
0.297770 -0.634227 -0.713505
-0.058099 -0.057908 -0.996630
0.316787 -0.598460 -0.735861
0.359513 -0.109915 -0.926644
0.385856 -0.073206 -0.919650
0.605559 -0.463703 -0.646744
0.385856 -0.073206 -0.919650
0.359513 -0.109915 -0.926644
0.700634 -0.391194 -0.596723
0.030531 0.073275 -0.996844
-0.152388 -0.975282 -0.160007
0.036692 -0.195690 -0.979979
-0.012137 -0.509765 -0.860228
0.036692 -0.195690 -0.979979
-0.152388 -0.975282 -0.160007
0.955112 -0.094596 -0.280736
0.738232 -0.223382 -0.636486
0.951001 -0.097774 -0.293321
0.955112 -0.094596 -0.280736
0.951001 -0.097774 -0.293321
0.412576 0.252256 0.875299
0.194290 -0.347437 -0.917354
0.746866 0.152646 -0.647217
0.048076 -0.506701 -0.860781
0.627423 0.030513 -0.778081
0.746866 0.152646 -0.647217
0.194290 -0.347437 -0.917354
-0.244474 -0.256507 -0.935113
-0.496974 -0.185984 -0.847600
-0.210309 -0.167638 -0.963155
-0.496974 -0.185984 -0.847600
-0.393371 -0.091482 -0.914817
-0.210309 -0.167638 -0.963155
0.378569 -0.085483 -0.921617
0.183001 0.567304 -0.802918
-0.012198 -0.426940 -0.904198
-0.012198 -0.426940 -0.904198
0.183001 0.567304 -0.802918
0.012206 -0.042722 -0.999012
-0.294345 -0.490575 0.820181
-0.207301 -0.048777 0.977060
-0.247522 -0.917642 0.310912
-0.207301 -0.048777 0.977060
-0.042268 -0.869504 -0.492115
-0.247522 -0.917642 0.310912
0.751090 -0.030532 -0.659494
0.277951 -0.297804 -0.913267
0.213538 -0.176169 -0.960920
0.213538 -0.176169 -0.960920
0.277951 -0.297804 -0.913267
0.760214 -0.122123 -0.638091
-0.268660 0.170965 -0.947941
0.207447 -0.183042 -0.960969
0.506518 -0.219694 -0.833771
0.506518 -0.219694 -0.833771
0.207447 -0.183042 -0.960969
-0.250413 0.012215 -0.968062
0.169689 0.044333 -0.984500
0.062479 0.094480 -0.993564
0.683204 0.253718 -0.684733
0.169689 0.044333 -0.984500
0.683204 0.253718 -0.684733
0.297336 0.414745 -0.859987
-0.292009 -0.118629 -0.949030
-0.727044 -0.140521 -0.672057
-0.641315 -0.076347 -0.763470
-0.727044 -0.140521 -0.672057
-0.262643 -0.186294 -0.946738
-0.641315 -0.076347 -0.763470
0.582202 -0.296158 -0.757187
0.472292 -0.264993 -0.840666
0.771474 -0.046382 -0.634569
0.582202 -0.296158 -0.757187
0.253516 -0.334976 -0.907480
0.472292 -0.264993 -0.840666
0.692908 -0.653226 0.305246
0.601823 -0.365665 0.709999
0.321642 -0.256094 -0.911572
0.692908 -0.653226 0.305246
0.694430 -0.308296 0.650170
0.601823 -0.365665 0.709999
0.331962 0.785744 0.521926
0.449746 0.795470 0.406148
0.299497 0.929052 -0.217174
0.396212 0.828998 0.394688
0.449746 0.795470 0.406148
0.331962 0.785744 0.521926
-0.707874 0.385402 0.591929
-0.433600 0.356690 0.827504
-0.423920 0.437644 0.792944
-0.433600 0.356690 0.827504
-0.217862 0.414395 0.883636
-0.423920 0.437644 0.792944
0.456608 0.864348 0.210742
0.667710 0.714968 0.207325
0.581184 0.335592 0.741353
0.581184 0.335592 0.741353
0.489768 0.529437 0.692693
0.456608 0.864348 0.210742
-0.814052 0.461701 -0.352351
-0.030645 0.392254 0.919346
-0.967669 0.220482 -0.122490
-0.967669 0.220482 -0.122490
-0.030645 0.392254 0.919346
-0.460192 0.674948 0.576774
-0.332389 0.327815 -0.884339
-0.136599 0.616603 -0.775333
-0.155504 0.536643 -0.829357
-0.136599 0.616603 -0.775333
-0.040087 0.412319 -0.910157
-0.155504 0.536643 -0.829357
-0.179927 -0.817296 -0.547406
-0.402279 -0.700941 -0.588943
-0.225966 -0.696220 -0.681334
-0.493533 -0.170604 -0.852830
-0.225966 -0.696220 -0.681334
-0.402279 -0.700941 -0.588943
0.951855 0.281126 -0.122229
0.572777 -0.463096 0.676364
0.729456 -0.158710 -0.665361
0.729456 -0.158710 -0.665361
0.572777 -0.463096 0.676364
0.658261 0.439859 -0.610915
-0.558412 -0.042720 -0.828463
-0.777851 0.250133 -0.576525
0.277988 -0.446003 -0.850766
0.277988 -0.446003 -0.850766
-0.777851 0.250133 -0.576525
-0.311178 -0.207452 -0.927433
0.302028 0.826000 0.475923
0.307253 0.253751 0.917173
0.509719 0.860341 0.000000
0.307253 0.253751 0.917173
-0.121272 0.973226 0.195255
0.509719 0.860341 0.000000
-0.252861 0.235796 0.938329
-0.438402 0.245412 0.864625
-0.346705 0.158146 0.924546
-0.347529 0.329238 0.877967
-0.438402 0.245412 0.864625
-0.252861 0.235796 0.938329
-0.068648 0.109836 0.991576
-0.210756 0.134395 0.968256
-0.155820 0.042774 0.986859
-0.068648 0.109836 0.991576
-0.155820 0.042774 0.986859
-0.015278 0.036668 0.999211
-0.038188 0.659888 -0.750393
0.001527 -0.171019 -0.985267
-0.016792 -0.109913 -0.993799
-0.038188 0.659888 -0.750393
0.067673 0.936781 -0.343309
0.001527 -0.171019 -0.985267
0.859258 -0.292838 -0.419429
0.589257 -0.219542 -0.777545
0.849254 -0.292873 -0.439309
0.753373 -0.329869 -0.568872
0.859258 -0.292838 -0.419429
0.849254 -0.292873 -0.439309
0.157225 -0.369402 -0.915873
0.061052 -0.317469 -0.946301
0.048777 -0.304855 -0.951149
0.157225 -0.369402 -0.915873
0.048777 -0.304855 -0.951149
0.048686 -0.310370 -0.949368
0.051992 0.513800 0.856333
-0.056563 0.348550 0.935582
-0.232326 0.340846 0.910960
-0.128001 0.301716 0.944766
-0.056563 0.348550 0.935582
0.051992 0.513800 0.856333
0.202329 0.166444 0.965070
0.169300 0.080837 0.982244
0.435154 0.170708 0.884025
0.169300 0.080837 0.982244
0.202329 0.166444 0.965070
0.232105 0.195457 0.952851
-0.176704 -0.231544 0.956641
-0.269326 -0.165268 0.948762
-0.356812 -0.042695 0.933200
-0.356812 -0.042695 0.933200
-0.240735 -0.326059 0.914184
-0.176704 -0.231544 0.956641
-0.372733 0.244415 -0.895171
0.481696 -0.353650 -0.801811
0.378300 -0.048813 -0.924395
-0.372733 0.244415 -0.895171
0.280612 -0.146406 -0.948590
0.481696 -0.353650 -0.801811
-0.333255 -0.264464 -0.904986
-0.100767 -0.151914 -0.983244
-0.530556 0.525982 -0.664720
-0.105273 -0.153333 -0.982551
-0.530556 0.525982 -0.664720
-0.100767 -0.151914 -0.983244
0.167418 0.152198 0.974067
0.267386 0.036566 0.962895
0.369223 0.133986 0.919632
0.139068 0.000000 0.990283
0.267386 0.036566 0.962895
0.167418 0.152198 0.974067
0.323093 -0.243844 -0.914413
-0.806966 0.256762 -0.531864
-0.371751 -0.060943 -0.926330
-0.371751 -0.060943 -0.926330
-0.219552 -0.170763 -0.960540
0.323093 -0.243844 -0.914413
-0.085356 -0.585300 0.806312
-0.262632 -0.861189 -0.435175
-0.189495 -0.855784 -0.481379
-0.262632 -0.861189 -0.435175
-0.085356 -0.585300 0.806312
-0.420691 -0.695056 -0.583024
-0.750325 0.420914 0.509748
0.024410 0.277660 0.960369
0.293021 0.167876 0.941253
0.293021 0.167876 0.941253
-0.109894 0.238103 0.965003
-0.750325 0.420914 0.509748
0.461670 -0.232364 -0.856077
-0.284537 0.391620 -0.875027
0.602154 -0.709135 -0.366794
0.544539 -0.770920 -0.330394
0.461670 -0.232364 -0.856077
0.602154 -0.709135 -0.366794
-0.966997 0.147948 0.207432
-0.849195 0.227572 0.476527
-0.921778 0.323538 0.213657
-0.987819 0.088416 0.128051
-0.921778 0.323538 0.213657
-0.849195 0.227572 0.476527
0.935050 -0.287238 0.207789
0.871185 0.042795 0.489086
0.892403 -0.213932 0.397303
0.713849 -0.048810 0.698596
0.935050 -0.287238 0.207789
0.892403 -0.213932 0.397303
0.363681 0.256716 0.895451
0.053469 0.366641 0.928825
0.187895 0.236778 0.953222
0.053469 0.366641 0.928825
0.030157 0.248887 0.968063
0.187895 0.236778 0.953222
0.244390 0.959346 0.141170
0.095824 0.919914 0.380231
0.114947 0.993140 0.021457
-0.030222 0.997501 0.063864
0.095824 0.919914 0.380231
0.244390 0.959346 0.141170
0.465684 -0.305366 -0.830596
0.268964 -0.275076 -0.923034
0.505735 -0.336138 -0.794508
0.465684 -0.305366 -0.830596
0.505735 -0.336138 -0.794508
0.686162 -0.006113 0.727423
0.129538 0.323797 0.937217
0.114322 0.841409 0.528167
0.175541 0.799858 0.573944
0.073509 0.847071 0.526372
0.114322 0.841409 0.528167
0.129538 0.323797 0.937217
0.131363 -0.329936 0.934819
0.266171 -0.428630 0.863383
0.035599 -0.706659 0.706659
0.035599 -0.706659 0.706659
0.266171 -0.428630 0.863383
0.424424 -0.599277 0.678772
-0.807920 0.195489 0.555922
-0.807920 0.195489 0.555922
-0.696678 -0.171114 0.696678
0.807920 -0.195489 -0.555922
0.807920 -0.195489 -0.555922
-0.696678 -0.171114 0.696678
-0.775175 0.189216 0.602744
-0.895941 0.249888 0.367214
-0.811495 0.219653 0.541505
-0.775175 0.189216 0.602744
-0.811495 0.219653 0.541505
-0.531616 0.079437 0.843252
-0.015266 0.283951 0.958717
-0.808675 0.225819 0.543185
0.394243 0.626510 0.672352
-0.808675 0.225819 0.543185
-0.992858 -0.119143 0.006110
0.394243 0.626510 0.672352
0.535651 -0.225537 0.813763
0.699217 -0.152501 0.698455
0.741647 -0.207539 0.637877
0.741647 -0.207539 0.637877
0.699217 -0.152501 0.698455
0.748989 -0.103730 0.654412
-0.149549 -0.207538 -0.966728
-0.173905 -0.152548 -0.972875
-0.341824 0.097664 -0.934675
-0.149549 -0.207538 -0.966728
-0.341824 0.097664 -0.934675
-0.585954 0.088504 -0.805497
0.128198 -0.930965 -0.341862
-0.800639 -0.547002 0.244470
0.189322 -0.430555 -0.882485
-0.800639 -0.547002 0.244470
0.128198 -0.930965 -0.341862
-0.562520 -0.131459 0.816266
-0.680872 0.222886 0.697664
-0.728919 0.268388 0.629798
-0.860266 0.340141 0.379798
-0.728919 0.268388 0.629798
-0.658962 0.222705 0.718451
-0.860266 0.340141 0.379798
0.576184 -0.278946 -0.768245
0.966538 -0.256522 0.000000
0.837689 -0.201779 -0.507505
0.966538 -0.256522 0.000000
0.970446 -0.204465 -0.128172
0.837689 -0.201779 -0.507505
-0.189495 -0.855784 -0.481379
-0.009133 -0.681910 -0.731379
-0.140576 -0.537857 0.831233
-0.313840 -0.731277 0.605589
-0.140576 -0.537857 0.831233
-0.009133 -0.681910 -0.731379
0.268172 -0.338262 -0.902032
-0.799621 0.442538 -0.405914
0.170940 -0.515872 -0.839437
0.170940 -0.515872 -0.839437
0.097735 -0.171036 -0.980405
0.268172 -0.338262 -0.902032
-0.693736 -0.085571 -0.715128
-0.983703 0.177189 0.030550
-0.989609 0.140500 -0.030544
-0.983372 0.122158 -0.134374
-0.989609 0.140500 -0.030544
-0.983703 0.177189 0.030550
-0.439353 -0.102592 -0.892437
-0.491793 -0.016037 -0.870565
-0.823411 0.208902 -0.527593
0.256286 -0.149500 -0.954970
-0.491793 -0.016037 -0.870565
-0.439353 -0.102592 -0.892437
0.798079 -0.196474 -0.569621
-0.091663 -0.821908 -0.562197
0.189072 -0.544343 -0.817277
-0.189020 -0.954246 -0.231702
0.189072 -0.544343 -0.817277
-0.091663 -0.821908 -0.562197
0.143190 -0.624553 0.767743
0.712479 -0.677389 0.183078
0.562601 -0.557257 0.610693
0.422689 -0.306164 0.852994
0.143190 -0.624553 0.767743
0.562601 -0.557257 0.610693
-0.436512 0.271484 0.857761
-0.393427 0.161641 0.905035
-0.375528 0.136625 0.916686
-0.393427 0.161641 0.905035
-0.268556 0.105286 0.957493
-0.375528 0.136625 0.916686
-0.854780 0.004102 -0.518974
-0.846292 0.225321 0.482722
-0.542684 0.218655 0.810977
-0.846292 0.225321 0.482722
-0.796345 0.191840 0.573613
-0.542684 0.218655 0.810977
-0.235135 0.473323 0.848927
-0.142033 0.429188 0.891978
-0.227727 0.497830 0.836843
-0.227727 0.497830 0.836843
-0.186065 0.463637 0.866268
-0.235135 0.473323 0.848927
0.252400 -0.378218 -0.890643
0.586791 -0.170495 -0.791585
0.627519 -0.073242 -0.775148
0.586791 -0.170495 -0.791585
0.714023 -0.171243 -0.678857
0.627519 -0.073242 -0.775148
0.999573 -0.016024 0.024417
0.849737 -0.434213 -0.299010
0.134142 0.298009 0.945091
0.169300 0.080837 0.982244
0.999573 -0.016024 0.024417
0.134142 0.298009 0.945091
0.332648 0.280767 -0.900286
0.539672 0.024392 -0.841522
0.256054 0.188992 -0.948008
0.530673 0.158592 -0.832607
0.256054 0.188992 -0.948008
0.539672 0.024392 -0.841522
-0.042810 0.504549 -0.862321
-0.034331 0.331107 -0.942968
-0.239893 0.614248 -0.751766
-0.081006 0.431011 -0.898703
-0.042810 0.504549 -0.862321
-0.239893 0.614248 -0.751766
-0.464435 0.849426 -0.250550
-0.605123 -0.385078 -0.696808
-0.146944 -0.367359 -0.918398
-0.146944 -0.367359 -0.918398
-0.605123 -0.385078 -0.696808
0.082406 -0.512746 -0.854577
-0.402671 -0.183032 -0.896859
-0.176682 -0.255884 -0.950425
-0.066997 -0.304533 -0.950143
-0.402671 -0.183032 -0.896859
-0.525162 -0.061065 -0.848808
-0.176682 -0.255884 -0.950425
-0.627871 0.219450 -0.746740
-0.755954 0.121928 -0.643170
0.243992 -0.170794 -0.954619
-0.627871 0.219450 -0.746740
-0.483352 0.330393 0.810686
-0.755954 0.121928 -0.643170
0.046607 0.382026 -0.922976
-0.111529 0.248181 -0.962272
0.000190 0.312114 -0.950045
-0.042810 0.504549 -0.862321
-0.111529 0.248181 -0.962272
0.046607 0.382026 -0.922976
0.448484 -0.146444 0.881712
0.567334 -0.122007 0.814399
0.198758 -0.122313 0.972386
0.567334 -0.122007 0.814399
0.448484 -0.146444 0.881712
0.742311 -0.097753 0.662887
-0.653295 0.207589 0.728088
-0.941286 0.317837 -0.113841
-0.396577 0.048809 0.916703
-0.829932 0.280712 -0.482093
-0.941286 0.317837 -0.113841
-0.653295 0.207589 0.728088
-0.235135 0.473323 0.848927
-0.186065 0.463637 0.866268
-0.250254 0.460833 0.851473
-0.250254 0.460833 0.851473
-0.186065 0.463637 0.866268
-0.320717 0.452058 0.832337
0.278151 0.085585 -0.956717
0.146292 0.097528 -0.984422
0.289734 0.128093 -0.948497
0.289734 0.128093 -0.948497
0.146292 0.097528 -0.984422
0.124985 0.121937 -0.984637
-0.538470 0.122380 0.833711
-0.421969 0.244619 0.872986
-0.488595 0.219868 0.844354
-0.421969 0.244619 0.872986
-0.648697 0.244791 0.720604
-0.488595 0.219868 0.844354
-0.085321 -0.134077 -0.987291
-0.208130 -0.734577 -0.645816
-0.649342 -0.759608 -0.036755
0.127807 -0.401678 -0.906819
-0.208130 -0.734577 -0.645816
-0.085321 -0.134077 -0.987291
-0.062097 -0.164576 -0.984408
-0.079271 -0.076222 -0.993935
-0.030477 -0.189720 -0.981365
-0.211091 0.166129 -0.963245
-0.079271 -0.076222 -0.993935
-0.062097 -0.164576 -0.984408
-0.223881 -0.187329 0.956444
-0.303035 -0.445010 0.842696
-0.335414 -0.122108 0.934124
-0.223881 -0.187329 0.956444
-0.335414 -0.122108 0.934124
-0.279408 -0.262972 0.923459
0.986954 -0.143391 -0.073221
0.690220 -0.298968 -0.658950
0.875171 -0.477262 -0.079353
0.986954 -0.143391 -0.073221
0.875171 -0.477262 -0.079353
0.865688 -0.215277 -0.451929
0.449922 0.693123 -0.563162
0.451688 0.134286 -0.882012
0.363866 0.587079 -0.723146
0.449922 0.693123 -0.563162
0.417921 0.170829 -0.892277
0.451688 0.134286 -0.882012
-0.474039 -0.204907 -0.856329
-0.152726 -0.238253 -0.959120
0.229414 -0.287532 -0.929890
-0.474039 -0.204907 -0.856329
-0.799669 -0.155661 -0.579913
-0.152726 -0.238253 -0.959120
-0.810704 0.018287 0.585170
-0.676565 0.243807 0.694851
-0.962324 0.073088 -0.261898
-0.496504 0.258913 0.828522
-0.676565 0.243807 0.694851
-0.810704 0.018287 0.585170
0.149788 -0.562470 -0.813136
0.003051 -0.907015 -0.421087
0.060958 -0.507475 -0.859508
0.149788 -0.562470 -0.813136
0.060958 -0.507475 -0.859508
0.254260 -0.861652 -0.439214
-0.003038 0.947764 0.318959
-0.088668 0.917255 0.388305
0.276218 0.862044 -0.424951
-0.088668 0.917255 0.388305
-0.003038 0.947764 0.318959
0.153034 0.979418 0.131609
-0.968612 0.073103 0.237584
-0.806966 0.256762 -0.531864
-0.213570 -0.219672 -0.951910
-0.507541 0.256828 0.822461
-0.968612 0.073103 0.237584
-0.213570 -0.219672 -0.951910
0.883085 -0.146545 0.445741
0.932615 -0.097528 0.347445
0.959281 -0.219962 0.177192
0.932615 -0.097528 0.347445
0.981250 0.036625 0.189230
0.959281 -0.219962 0.177192
0.922014 0.290037 0.256454
-0.378538 -0.186216 -0.906660
-0.409151 -0.586247 -0.699221
0.030500 -0.201301 -0.979054
0.922014 0.290037 0.256454
-0.409151 -0.586247 -0.699221
-0.801137 0.220160 0.556515
-0.961856 0.200894 0.185675
-0.731694 0.249995 0.634135
-0.731694 0.249995 0.634135
-0.961856 0.200894 0.185675
-0.871093 0.243663 0.426409
-0.230110 0.721673 0.652869
0.235431 0.920627 0.311479
0.016403 0.952154 0.305178
0.391108 0.256414 -0.883904
0.016403 0.952154 0.305178
0.235431 0.920627 0.311479
-0.237924 -0.439245 -0.866289
-0.091379 -0.731028 -0.676201
-0.128696 -0.784435 -0.606712
-0.170226 -0.948403 -0.267498
-0.128696 -0.784435 -0.606712
-0.091379 -0.731028 -0.676201
0.746050 0.030513 -0.665190
0.845347 -0.293502 -0.446368
0.642763 -0.064124 0.763377
0.837875 -0.430384 -0.335761
0.746050 0.030513 -0.665190
0.642763 -0.064124 0.763377
-0.387074 0.190489 0.902157
-0.433269 0.045768 0.900102
-0.152758 -0.053465 0.986816
-0.433269 0.045768 0.900102
-0.387074 0.190489 0.902157
-0.686675 0.292981 0.665312
0.824932 -0.317752 -0.467462
0.604367 -0.207560 -0.769194
0.893658 -0.158737 -0.419737
0.824932 -0.317752 -0.467462
0.893658 -0.158737 -0.419737
0.405663 -0.109803 0.907403
0.228318 -0.103504 -0.968069
0.204245 -0.621879 -0.756010
0.223133 -0.764154 -0.605210
0.204245 -0.621879 -0.756010
0.228318 -0.103504 -0.968069
0.244769 -0.666994 -0.703710
0.572777 -0.463096 0.676364
0.774276 -0.489661 -0.400910
0.658261 0.439859 -0.610915
-0.503550 0.146487 -0.851457
0.658261 0.439859 -0.610915
0.774276 -0.489661 -0.400910
-0.372492 0.170980 0.912149
-0.714728 0.158828 0.681130
-0.813490 0.024466 -0.581064
-0.813490 0.024466 -0.581064
-0.489120 0.122280 0.863603
-0.372492 0.170980 0.912149
-0.146293 -0.835086 -0.530310
-0.182832 -0.719138 -0.670383
-0.100866 -0.962812 -0.250637
-0.182832 -0.719138 -0.670383
-0.222522 -0.801688 -0.554780
-0.100866 -0.962812 -0.250637
0.004577 0.396699 -0.917938
-0.302009 0.140327 -0.942920
-0.192297 0.115989 -0.974458
-0.192297 0.115989 -0.974458
-0.302009 0.140327 -0.942920
-0.311200 -0.210517 -0.926735
0.789232 -0.457968 -0.409118
0.985650 -0.164784 0.036619
0.596386 -0.428175 -0.678963
0.985650 -0.164784 0.036619
0.844448 -0.372596 -0.384812
0.596386 -0.428175 -0.678963
0.579748 -0.012587 0.814699
0.244208 0.296102 0.923410
0.257720 0.167556 0.951581
0.257720 0.167556 0.951581
0.244208 0.296102 0.923410
0.083993 0.349715 0.933083
0.680669 0.726454 0.094622
0.593003 0.716799 0.366806
0.915716 0.271662 0.296081
0.456608 0.864348 0.210742
0.593003 0.716799 0.366806
0.680669 0.726454 0.094622
-0.097556 -0.832278 -0.545706
-0.295945 -0.951906 -0.079325
-0.030541 -0.871943 -0.488654
-0.116031 -0.859546 -0.497712
-0.030541 -0.871943 -0.488654
-0.295945 -0.951906 -0.079325
-0.275262 -0.159040 -0.948123
-0.390148 -0.021336 -0.920505
-0.716230 0.000000 -0.697865
-0.716230 0.000000 -0.697865
-0.390148 -0.021336 -0.920505
-0.292009 -0.118629 -0.949030
</float_array>
          <technique_common>
            <accessor source="#s1-6k-Normal0-array" count="18096" stride="3">
              <param name="X" type="float"/>
              <param name="Y" type="float"/>
              <param name="Z" type="float"/>
            </accessor>
          </technique_common>
        </source>
        <source id="s1-6k-UV0">
          <float_array id="s1-6k-UV0-array" count="6902">
0.780688 0.352523
0.810857 0.342929
0.838111 0.353628
0.411186 0.284651
0.415637 0.266472
0.436314 0.278585
0.141585 0.332793
0.155902 0.291182
0.185264 0.342018
0.139183 0.099265
0.154149 0.080388
0.184240 0.086105
0.051098 0.443679
0.081188 0.439958
0.089065 0.457691
0.764529 0.861838
0.751531 0.889805
0.741547 0.864687
0.581744 0.473661
0.510004 0.480852
0.574399 0.462924
0.744808 0.518218
0.782145 0.519730
0.762767 0.533975
0.919875 0.491492
0.941163 0.466413
0.958433 0.465444
0.421663 0.553685
0.421801 0.531223
0.444605 0.524866
0.381825 0.738083
0.396771 0.708488
0.404235 0.727307
0.859557 0.651586
0.885768 0.646062
0.905736 0.657497
0.794945 0.730815
0.796777 0.706570
0.847091 0.740312
0.607797 0.705407
0.545195 0.659920
0.590665 0.681433
0.514139 0.276860
0.511894 0.260153
0.550571 0.263080
0.937047 0.329828
0.908335 0.275251
0.931651 0.279437
0.901147 0.043990
0.869856 0.061685
0.844512 0.051394
0.160116 0.848543
0.123429 0.917888
0.046943 0.842554
0.794492 0.119789
0.792326 0.133898
0.757687 0.120060
0.187430 0.940621
0.080105 0.713992
0.093496 0.693565
0.124099 0.701201
0.604962 0.147077
0.509630 0.153143
0.590113 0.065697
0.180183 0.351418
0.127289 0.350410
0.291171 0.162524
0.269686 0.160314
0.269253 0.141030
0.188454 0.651663
0.142728 0.659028
0.246626 0.636372
0.485624 0.051801
0.820987 0.838736
0.867560 0.839627
0.836978 0.854279
0.087746 0.488565
0.016045 0.533471
0.027152 0.477421
0.481528 0.762290
0.461599 0.766592
0.458311 0.749634
0.642929 0.681762
0.640920 0.668234
0.653858 0.666781
0.401537 0.493023
0.384306 0.483565
0.400986 0.459397
0.476684 0.402068
0.485605 0.410984
0.464868 0.410635
0.506617 0.361845
0.506262 0.386168
0.481371 0.364791
0.594721 0.256297
0.599960 0.273119
0.560456 0.274747
0.156867 0.240811
0.183531 0.249358
0.121361 0.254010
0.222562 0.052537
0.225653 0.031257
0.252258 0.052460
0.836142 0.430810
0.832420 0.463234
0.817533 0.449048
0.697880 0.450501
0.685868 0.461199
0.685671 0.446916
0.834713 0.977116
0.771539 0.969538
0.799582 0.965041
0.241959 0.555100
0.291013 0.536126
0.268091 0.559945
0.026502 0.263235
0.037392 0.281666
0.014864 0.277557
0.060255 0.238641
0.080341 0.211042
0.093378 0.229086
0.534561 0.640461
0.548345 0.612921
0.553268 0.629065
0.374952 0.685600
0.175319 0.175218
0.146843 0.157640
0.192196 0.151089
0.034674 0.141631
0.068487 0.128820
0.053579 0.148046
0.802507 0.230016
0.821845 0.212108
0.828206 0.235230
0.777261 0.251800
0.764244 0.263061
0.744512 0.248079
0.242215 0.467091
0.242589 0.503062
0.216260 0.484689
0.731031 0.842457
0.765100 0.845907
0.874346 0.173474
0.848371 0.186362
0.817336 0.172486
0.976807 0.146806
0.961230 0.155585
0.948528 0.105195
0.922956 0.882324
0.934673 0.910814
0.891172 0.871916
0.759940 0.951223
0.765316 0.924051
0.083295 0.030152
0.067758 0.014415
0.082134 0.016334
0.035935 0.120274
0.014568 0.117599
0.013131 0.094555
0.776395 0.561457
0.812176 0.547270
0.798588 0.570508
0.938032 0.500814
0.960087 0.493236
0.949591 0.525563
0.627608 0.313722
0.582610 0.330971
0.587750 0.297636
0.693883 0.279651
0.716411 0.249087
0.729073 0.282422
0.954121 0.686181
0.962096 0.682499
0.963160 0.732017
0.861644 0.756243
0.804929 0.743432
0.632846 0.480464
0.641137 0.499981
0.629420 0.513276
0.519791 0.578027
0.527294 0.588202
0.499803 0.586788
0.612149 0.783105
0.623256 0.758433
0.629637 0.776457
0.751109 0.723508
0.724800 0.687053
0.753866 0.685057
0.731417 0.047401
0.722437 0.067364
0.703709 0.030908
0.786970 0.028040
0.782184 0.011333
0.825390 0.021082
0.312557 0.715853
0.296921 0.695406
0.309898 0.694902
0.251923 0.765836
0.284534 0.762076
0.265964 0.772678
0.317815 0.076356
0.317401 0.088799
0.299973 0.093586
0.218761 0.068449
0.251372 0.073798
0.416444 0.354771
0.466030 0.337696
0.472549 0.351476
0.947622 0.339654
0.948685 0.307016
0.962766 0.343956
0.172227 0.759382
0.211022 0.752464
0.516227 0.163357
0.557916 0.165644
0.529992 0.187622
0.953865 0.645326
0.931336 0.662090
0.931435 0.642632
0.376114 0.631410
0.385409 0.613367
0.393837 0.609297
0.363885 0.234532
0.377630 0.233446
0.374932 0.257285
0.874543 0.237962
0.896264 0.245249
0.859694 0.251161
0.938406 0.586807
0.923833 0.586458
0.936850 0.560488
0.428417 0.574384
0.413648 0.576051
0.251963 0.927326
0.262735 0.865113
0.284672 0.885444
0.760444 0.168900
0.761743 0.186169
0.741578 0.186731
0.457385 0.714206
0.464199 0.699631
0.499153 0.713954
0.547735 0.747037
0.504923 0.755816
0.022839 0.354907
0.032193 0.328238
0.056060 0.360217
0.251392 0.185510
0.266397 0.186401
0.075438 0.577058
0.052023 0.575527
0.088317 0.564442
0.141428 0.443001
0.169017 0.473681
0.149403 0.530486
0.933699 0.430810
0.922219 0.461393
0.919914 0.441567
0.422825 0.416914
0.430544 0.429260
0.411856 0.429919
0.815682 0.519768
0.798864 0.505155
0.840258 0.510737
0.780353 0.462963
0.640152 0.561844
0.622764 0.545274
0.652913 0.539014
0.724249 0.528858
0.727340 0.545720
0.673037 0.933605
0.658228 0.937230
0.663860 0.906084
0.741823 0.985275
0.731110 0.964557
0.758562 0.975022
0.305763 0.332095
0.297275 0.343317
0.308047 0.310427
0.153578 0.358221
0.717927 0.652826
0.766036 0.633697
0.773795 0.602087
0.798608 0.602087
0.787029 0.608618
0.733110 0.364442
0.721275 0.372233
0.708357 0.364268
0.796954 0.386226
0.786930 0.372291
0.819659 0.385916
0.044265 0.690832
0.037884 0.658931
0.059645 0.686685
0.205232 0.624608
0.146489 0.629337
0.151511 0.612747
0.349135 0.295969
0.370560 0.285601
0.375425 0.299807
0.414140 0.368764
0.434246 0.385451
0.412250 0.387874
0.187135 0.210364
0.203578 0.235075
0.175575 0.232109
0.140562 0.026257
0.138356 0.047479
0.128254 0.025908
0.185441 0.463196
0.229178 0.469553
0.127820 0.411720
0.128805 0.402068
0.151274 0.412243
0.439229 0.476181
0.409709 0.454125
0.438657 0.462323
0.533123 0.453602
0.560181 0.457905
0.524301 0.465405
0.810305 0.103703
0.861368 0.101241
0.812216 0.129305
0.958197 0.168183
0.924188 0.163842
0.932912 0.148395
0.063032 0.721241
0.046017 0.713043
0.613311 0.101920
0.370698 0.769577
0.390371 0.776961
0.375031 0.785605
0.958414 0.749634
0.971430 0.761786
0.946618 0.761204
0.288000 0.853756
0.273979 0.859803
0.170927 0.824491
0.175693 0.838717
0.115650 0.831546
0.734509 0.416778
0.750558 0.417224
0.731614 0.438931
0.537258 0.437632
0.584855 0.440733
0.895791 0.355721
0.868143 0.369888
0.816784 0.366147
0.915622 0.384676
0.900931 0.371187
0.923203 0.357368
0.293829 0.370954
0.304010 0.358860
0.301332 0.383823
0.045328 0.174928
0.033020 0.168784
0.060806 0.160043
0.976196 0.166439
0.079219 0.969945
0.039479 0.971321
0.179297 0.102947
0.152830 0.137212
0.107951 0.151380
0.105528 0.137503
0.737955 0.231470
0.759085 0.235249
0.621917 0.243215
0.623492 0.264204
0.459650 0.652904
0.417035 0.647574
0.451084 0.639861
0.430859 0.687712
0.433144 0.708915
0.135441 0.275678
0.110530 0.293547
0.100645 0.273119
0.102771 0.330622
0.084378 0.346282
0.263581 0.212166
0.277996 0.208542
0.279434 0.228214
0.280773 0.279205
0.294322 0.304555
0.273349 0.341282
0.112913 0.820750
0.930883 0.043990
0.904791 0.062480
0.628967 0.740641
0.640093 0.770236
0.705127 0.702887
0.714678 0.723819
0.755324 0.156710
0.729447 0.164869
0.743882 0.139402
0.685651 0.108490
0.684470 0.078023
0.700421 0.070135
0.406775 0.211488
0.397480 0.241858
0.397913 0.222361
0.510536 0.240327
0.483576 0.220674
0.498937 0.226101
0.721914 0.852690
0.690484 0.875598
0.680874 0.833677
0.285519 0.430558
0.283707 0.417961
0.299540 0.440927
0.167324 0.430190
0.183925 0.421876
0.212991 0.436876
0.242057 0.402068
0.248694 0.412050
0.234456 0.410150
0.373081 0.458583
0.383597 0.444125
0.951600 0.436818
0.970406 0.439202
0.688270 0.280077
0.706644 0.296202
0.688369 0.294962
0.652460 0.354635
0.636371 0.372466
0.639168 0.340778
0.291249 0.643834
0.269154 0.649144
0.274629 0.631352
0.451812 0.008717
0.484975 0.010519
0.470264 0.020132
0.803905 0.762173
0.822397 0.772639
0.806249 0.787679
0.720586 0.767464
0.746639 0.772310
0.739038 0.789113
0.635426 0.032459
0.620361 0.056045
0.596198 0.049960
0.061653 0.608618
0.074788 0.610479
0.060669 0.633852
0.143575 0.557445
0.159092 0.566283
0.149128 0.571574
0.193417 0.567852
0.207260 0.575469
0.044127 0.761127
0.027427 0.769519
0.035954 0.750661
0.048262 0.787969
0.041153 0.778783
0.061220 0.758762
0.103401 0.081105
0.119589 0.057693
0.125516 0.087229
0.113130 0.029939
0.093063 0.047421
0.434581 0.193262
0.456460 0.197836
0.434601 0.197836
0.379639 0.059980
0.412821 0.152853
0.377453 0.159462
0.253676 0.835751
0.282624 0.833581
0.279257 0.846372
0.752429 0.012283
0.754063 0.025656
0.038593 0.431023
0.055174 0.418213
0.057715 0.432961
0.893752 0.834588
0.870376 0.850365
0.624575 0.579714
0.608644 0.560623
0.634481 0.563492
0.776257 0.545739
0.549468 0.528897
0.575049 0.534731
0.549291 0.545913
0.550256 0.560507
0.581449 0.555139
0.577235 0.571845
0.970623 0.326669
0.956228 0.301532
0.393522 0.350682
0.365598 0.370295
0.371348 0.349984
0.028826 0.377408
0.048085 0.377544
0.300544 0.157194
0.280320 0.134363
0.301293 0.135507
0.767454 0.323723
0.783130 0.309633
0.788565 0.338065
0.826591 0.261394
0.908808 0.257653
0.233767 0.565876
0.259210 0.573492
0.683415 0.990450
0.670870 0.986593
0.671855 0.971030
0.928343 0.229086
0.952978 0.237730
0.927851 0.250095
0.987539 0.273836
0.989429 0.285407
0.964321 0.263584
0.894216 0.637244
0.837540 0.635597
0.868143 0.629279
0.411738 0.633193
0.422057 0.612960
0.432868 0.629860
0.400434 0.556534
0.385921 0.568434
0.956149 0.557096
0.928776 0.534440
0.168013 0.739265
0.152200 0.745099
0.610613 0.720582
0.585013 0.718411
0.533832 0.722210
0.512288 0.703817
0.306452 0.264165
0.320670 0.282500
0.308638 0.277732
0.020476 0.030017
0.033394 0.036819
0.018743 0.042750
0.732500 0.467091
0.729900 0.489108
0.713772 0.448137
0.783169 0.474921
0.838466 0.486317
0.802783 0.486763
0.742661 0.619123
0.740377 0.610789
0.755560 0.612165
0.634579 0.660152
0.624083 0.632186
0.638301 0.628503
0.095564 0.543181
0.060885 0.569674
0.016045 0.548530
0.848715 0.950273
0.833413 0.911240
0.893240 0.909224
0.534620 0.348104
0.768715 0.374442
0.767691 0.386362
0.742070 0.368861
0.327326 0.885114
0.317697 0.887033
0.317086 0.866218
0.705560 0.165547
0.702666 0.154190
0.712138 0.135739
0.067226 0.280368
0.082134 0.296241
0.051492 0.247614
0.074099 0.260677
0.139675 0.371691
0.126127 0.365353
0.227623 0.186072
0.202692 0.185258
0.221557 0.167854
0.973026 0.688952
0.989233 0.707810
0.976393 0.731920
0.368059 0.657982
0.361502 0.641275
0.377610 0.643679
0.726325 0.823289
0.724513 0.813386
0.745191 0.829007
0.842669 0.826623
0.819176 0.811390
0.382317 0.001953
0.395058 0.006837
0.396456 0.018679
0.363569 0.082849
0.350789 0.111571
0.350080 0.090427
0.173369 0.039029
0.188848 0.011779
0.197197 0.039630
0.119274 0.229939
0.105272 0.242943
0.113799 0.209182
0.508094 0.188262
0.497578 0.186343
0.502934 0.173358
0.201510 0.769906
0.164626 0.769654
0.663939 0.953335
0.695624 0.942463
0.690071 0.960700
0.723883 0.938780
0.721343 0.923023
0.327346 0.512035
0.318031 0.501744
0.327346 0.483701
0.279395 0.449435
0.873066 0.746882
0.918044 0.759460
0.434975 0.785876
0.415755 0.787078
0.420422 0.767852
0.123035 0.441412
0.115749 0.495988
0.107025 0.462711
0.919698 0.171710
0.871687 0.185703
0.886536 0.165954
0.054524 0.977833
0.610456 0.467518
0.608625 0.446257
0.625934 0.441373
0.706860 0.421255
0.697191 0.408794
0.708455 0.409045
0.551280 0.030269
0.587809 0.041083
0.466444 0.036509
0.631744 0.019842
0.616344 0.032342
0.612169 0.017845
0.546258 0.242168
0.589286 0.248447
0.592437 0.229144
0.143575 0.987194
0.165729 0.979267
0.178391 0.987562
0.249245 0.955428
0.273979 0.965119
0.238532 0.969286
0.653051 0.055948
0.653209 0.084070
0.630385 0.074147
0.642653 0.129906
0.654213 0.119944
0.653445 0.139344
0.889568 0.460579
0.888485 0.431799
0.901384 0.436779
0.437279 0.402068
0.461836 0.402068
0.448858 0.409976
0.740081 0.066472
0.837599 0.077054
0.392321 0.332948
0.453447 0.303121
0.433518 0.324692
0.416661 0.311222
0.967315 0.087927
0.982970 0.101765
0.951009 0.039048
0.943368 0.029552
0.964400 0.028757
0.854574 0.524323
0.897544 0.519652
0.890651 0.545080
0.912530 0.559964
0.897032 0.568337
0.283707 0.350585
0.275751 0.359306
0.248320 0.358085
0.079455 0.170470
0.021421 0.245870
0.030440 0.233640
0.044580 0.257363
0.291820 0.043041
0.289891 0.061549
0.274334 0.060561
0.653780 0.295194
0.654705 0.315486
0.634441 0.296008
0.637888 0.241780
0.651594 0.260929
0.631232 0.268681
0.720113 0.029280
0.702331 0.012070
0.305842 0.895987
0.293396 0.871587
0.304325 0.859648
0.641511 0.519110
0.641570 0.537696
0.711448 0.462963
0.712709 0.482441
0.687581 0.473913
0.292805 0.722346
0.304621 0.730951
0.292726 0.754344
0.416917 0.169346
0.395275 0.176575
0.778668 0.877420
0.799640 0.863214
0.857301 0.876141
0.950112 0.896200
0.941546 0.876606
0.951136 0.869997
0.908541 0.821158
0.920770 0.822223
0.915650 0.839666
0.783780 0.781651
0.796028 0.785915
0.773559 0.787020
0.556656 0.764829
0.529047 0.760662
0.583772 0.756320
0.447677 0.561573
0.863653 0.563104
0.864815 0.586361
0.845851 0.586478
0.327326 0.981108
0.318603 0.961475
0.327326 0.960254
0.231660 0.985837
0.268544 0.977871
0.923853 0.236896
0.910876 0.241005
0.908256 0.212786
0.434896 0.213969
0.447972 0.229202
0.433537 0.234667
0.730255 0.558957
0.740081 0.585257
0.728305 0.585780
0.709676 0.567775
0.699712 0.569849
0.709263 0.545720
0.788387 0.721667
0.775548 0.736126
0.785453 0.675114
0.350100 0.256374
0.359670 0.244125
0.965818 0.246955
0.968811 0.233582
0.980331 0.245405
0.397086 0.373047
0.387319 0.384734
0.961643 0.368725
0.948114 0.377059
0.944905 0.358492
0.718695 0.606777
0.705639 0.613270
0.707018 0.602087
0.676789 0.650288
0.689924 0.635539
0.686222 0.653447
0.465380 0.323432
0.477137 0.304865
0.511304 0.338200
0.544308 0.294322
0.722870 0.349712
0.741992 0.323335
0.749317 0.349906
0.246567 0.238059
0.262183 0.255890
0.238887 0.237109
0.197493 0.257479
0.259899 0.266317
0.197138 0.296667
0.989233 0.441741
0.988799 0.452846
0.978914 0.446858
0.988090 0.502500
0.966921 0.513102
0.919450 0.977193
0.936563 0.964925
0.932369 0.977871
0.059231 0.586807
0.273329 0.094729
0.232565 0.105718
0.203932 0.109323
0.217087 0.087423
0.947287 0.262382
0.304640 0.669513
0.354905 0.036626
0.357347 0.021160
0.370757 0.035230
0.363865 0.785857
0.835256 0.161594
0.787029 0.163667
0.379658 0.668060
0.446003 0.670269
0.421899 0.670676
0.132271 0.975836
0.118270 0.967386
0.171125 0.963433
0.090227 0.986845
0.102417 0.978937
0.106375 0.985294
0.728561 0.785508
0.714265 0.786845
0.685651 0.756223
0.684548 0.739420
0.703650 0.760138
0.464731 0.472964
0.502954 0.474243
0.478161 0.491918
0.478673 0.536494
0.471052 0.516629
0.499783 0.513974
0.621720 0.369578
0.714127 0.383183
0.729191 0.393029
0.713300 0.397874
0.351262 0.540332
0.343601 0.538742
0.349115 0.523141
0.988760 0.559674
0.998016 0.562445
0.986239 0.573163
0.428988 0.050541
0.434660 0.037052
0.397598 0.031606
0.424380 0.025288
0.660591 0.984868
0.657263 0.966844
0.302868 0.542735
0.295976 0.560216
0.496062 0.613328
0.512387 0.612727
0.487318 0.635791
0.839135 0.612456
0.825095 0.611235
0.831593 0.602087
0.302750 0.418096
0.291033 0.414336
0.306373 0.408212
0.676483 0.822010
0.699819 0.828251
0.706002 0.842961
0.900891 0.479786
0.211041 0.127270
0.246803 0.123530
0.250368 0.146748
0.126462 0.581942
0.104268 0.586594
0.125438 0.564596
0.792827 0.986476
0.761122 0.986632
0.068487 0.046549
0.082094 0.092811
0.056691 0.065716
0.091172 0.067674
0.605749 0.185723
0.608526 0.161012
0.634717 0.169947
0.621720 0.138705
0.618372 0.425112
0.585742 0.426527
0.570303 0.411604
0.586943 0.410577
0.726060 0.217341
0.709499 0.231005
0.710483 0.213155
0.679625 0.233272
0.675332 0.253234
0.672654 0.223620
0.025616 0.622650
0.045072 0.631953
0.040188 0.640868
0.158954 0.669164
0.112933 0.678021
0.099975 0.387215
0.118073 0.388339
0.104859 0.397893
0.068920 0.397893
0.054623 0.397893
0.059349 0.389211
0.244381 0.533820
0.218288 0.510388
0.184338 0.525505
0.780274 0.233970
0.582295 0.227671
0.578160 0.236547
0.565281 0.212806
0.898883 0.027730
0.080282 0.825305
0.068585 0.820208
0.090621 0.810227
0.057222 0.832786
0.096726 0.838775
0.034280 0.810130
0.027408 0.802184
0.039479 0.802184
0.433144 0.447846
0.495234 0.430306
0.508054 0.418348
0.506400 0.446315
0.028865 0.642341
0.662681 0.063836
0.021185 0.125991
0.317834 0.338220
0.319823 0.351767
0.686399 0.719671
0.692071 0.728935
0.652913 0.701996
0.654055 0.684165
0.662681 0.697228
0.014745 0.320602
0.014174 0.337231
0.319292 0.112870
0.295286 0.124111
0.293435 0.108509
0.202810 0.427167
0.185658 0.411197
0.198182 0.412243
0.786368 0.834995
0.770712 0.827127
0.790385 0.816351
0.819935 0.675192
0.863279 0.700329
0.216713 0.713333
0.277780 0.747521
0.720054 0.012361
0.245011 0.802184
0.262439 0.811293
0.231482 0.810595
0.694670 0.558240
0.685986 0.501395
0.707825 0.506900
0.683249 0.518489
0.528732 0.411255
0.514238 0.402068
0.536175 0.402068
0.572390 0.402068
0.585151 0.402068
0.349844 0.631953
0.347146 0.614627
0.357209 0.622437
0.979524 0.645132
0.989272 0.664319
0.967689 0.646314
0.998016 0.576012
0.992147 0.584365
0.875015 0.594307
0.853787 0.591885
0.808828 0.590548
0.824307 0.597912
0.804732 0.597912
0.166063 0.115235
0.135717 0.128007
0.117817 0.117463
0.100664 0.108509
0.075241 0.141980
0.055115 0.411642
0.041055 0.413135
0.005628 0.476336
0.006238 0.455560
0.013800 0.475677
0.252790 0.025113
0.257319 0.013097
0.266417 0.037129
0.306078 0.026237
0.307299 0.010675
0.319134 0.026140
0.147749 0.422321
0.144638 0.430268
0.116458 0.430190
0.095938 0.447924
0.256512 0.316746
0.243968 0.346631
0.934940 0.067228
0.899690 0.102695
0.876827 0.121184
0.365224 0.439919
0.355673 0.448079
0.349135 0.491104
0.341730 0.506182
0.337319 0.497267
0.078451 0.777775
0.103973 0.762677
0.100330 0.785837
0.595903 0.517830
0.543540 0.497267
0.599625 0.540060
0.677794 0.390296
0.672654 0.375702
0.684214 0.373086
0.672654 0.322851
0.676848 0.294574
0.682402 0.306958
0.349194 0.747773
0.342557 0.732637
0.348938 0.720078
0.337319 0.778802
0.337319 0.766631
0.351340 0.768530
0.745773 0.458331
0.710995 0.432341
0.716234 0.420538
0.304640 0.230714
0.067600 0.034707
0.038495 0.024357
0.052398 0.022012
0.605907 0.578221
0.586982 0.576865
0.754910 0.585819
0.748864 0.562096
0.095780 0.172699
0.106670 0.160314
0.107143 0.185858
0.130794 0.197836
0.139931 0.191343
0.149876 0.197836
0.687463 0.168493
0.685553 0.185103
0.677164 0.178106
0.741145 0.197836
0.725548 0.197836
0.735395 0.192855
0.637748 0.921434
0.638378 0.896937
0.647220 0.904282
0.652261 0.844376
0.665632 0.864513
0.487101 0.736028
0.395531 0.759906
0.396082 0.748684
0.315038 0.733587
0.316062 0.755157
0.304404 0.753336
0.361088 0.122909
0.368552 0.089148
0.366760 0.144713
0.966586 0.422922
0.992265 0.420248
0.385763 0.416158
0.374814 0.430771
0.374775 0.413406
0.122149 0.202011
0.131188 0.205616
0.057793 0.209376
0.050231 0.202011
0.069451 0.202011
0.957232 0.631139
0.969520 0.634492
0.944412 0.173145
0.082232 0.975739
0.821294 0.294264
0.862156 0.317540
0.770507 0.610014
0.771767 0.627573
0.752370 0.626817
0.824268 0.629453
0.282683 0.567756
0.266870 0.585237
0.720516 0.986321
0.710157 0.975778
0.833070 0.202011
0.812688 0.202011
0.879328 0.210519
0.871510 0.202011
0.895358 0.202011
0.697900 0.215461
0.689688 0.224105
0.683899 0.212496
0.923814 0.786555
0.930864 0.793338
0.915051 0.797951
0.962785 0.775759
0.889096 0.377447
0.826197 0.393106
0.849592 0.397874
0.822397 0.397874
0.308461 0.966127
0.319705 0.973123
0.294085 0.909457
0.088475 0.358608
0.105922 0.373977
0.595844 0.733587
0.564001 0.732792
0.860876 0.782155
0.876217 0.787291
0.852704 0.789500
0.838111 0.787175
0.818990 0.786555
0.244480 0.821041
0.148045 0.811680
0.117580 0.611002
0.120652 0.632360
0.501890 0.029978
0.363668 0.539983
0.135914 0.263487
0.571563 0.397893
0.589857 0.392932
0.584284 0.397893
0.492576 0.393455
0.014411 0.511473
0.940974 0.929923
0.966251 0.202011
0.969540 0.209434
0.957547 0.212438
0.162322 0.202011
0.151392 0.211372
0.139675 0.202011
0.179395 0.202011
0.165709 0.210887
0.296685 0.775410
0.282585 0.790838
0.376271 0.179133
0.382337 0.187370
0.369595 0.191052
0.457641 0.188010
0.445964 0.180180
0.462171 0.167795
0.459571 0.147736
0.117127 0.724070
0.140207 0.725195
0.530917 0.546185
0.507582 0.541708
0.528180 0.514710
0.490961 0.560817
0.519968 0.559402
0.494722 0.576380
0.272738 0.494283
0.262833 0.469630
0.229572 0.435423
0.215374 0.429395
0.213365 0.420558
0.576841 0.626255
0.566049 0.613134
0.579283 0.612514
0.617270 0.650946
0.593422 0.655307
0.611322 0.623658
0.981867 0.048157
0.965503 0.044766
0.977712 0.025520
0.014489 0.830906
0.011575 0.814839
0.021815 0.816138
0.989784 0.307016
0.967118 0.302036
0.384424 0.320913
0.360813 0.346108
0.361443 0.326572
0.888277 0.974770
0.888238 0.967076
0.909132 0.964751
0.868762 0.973201
0.327346 0.627108
0.327346 0.647671
0.314625 0.641682
0.297177 0.624821
0.284298 0.621681
0.935964 0.611022
0.931415 0.629938
0.880647 0.610305
0.896559 0.609103
0.890060 0.409782
0.855992 0.430364
0.854181 0.452207
0.022859 0.096222
0.306334 0.249203
0.321064 0.248525
0.317598 0.258913
0.283097 0.174598
0.327346 0.174579
0.318307 0.162912
0.327346 0.156981
0.116497 0.397893
0.135146 0.397893
0.184653 0.393843
0.093122 0.028408
0.088770 0.012186
0.107261 0.020307
0.222168 0.213019
0.237075 0.222884
0.637848 0.433213
0.654154 0.463893
0.637770 0.450307
0.645568 0.445540
0.029180 0.973394
0.030125 0.985682
0.013032 0.983627
0.001985 0.871257
0.005884 0.913507
0.001985 0.911298
0.938848 0.825964
0.950525 0.834085
0.935638 0.846139
0.027880 0.411953
0.037412 0.424356
0.028117 0.436721
0.848903 0.535913
0.921451 0.541223
0.643638 0.757910
0.638951 0.733315
0.652834 0.739711
0.640881 0.696550
0.068880 0.402068
0.100723 0.402068
0.086761 0.405596
0.872996 0.827011
0.883255 0.812824
0.351793 0.366593
0.352817 0.381051
0.337319 0.378687
0.957153 0.385916
0.974522 0.369675
0.972001 0.384443
0.013071 0.217593
0.029377 0.208116
0.027683 0.215829
0.040602 0.228737
0.045308 0.208639
0.182664 0.967813
0.240738 0.955021
0.223723 0.967154
0.709519 0.584326
0.679015 0.632341
0.672654 0.625247
0.679448 0.618580
0.651692 0.642787
0.639660 0.656741
0.461895 0.271743
0.951226 0.020927
0.891912 0.012244
0.927595 0.012264
0.283038 0.802184
0.272837 0.809199
0.267933 0.802184
0.327326 0.829220
0.317342 0.813773
0.327208 0.809180
0.622193 0.381362
0.630542 0.392622
0.615359 0.388629
0.601712 0.386982
0.589326 0.386342
0.600373 0.371574
0.183354 0.975216
0.778837 0.179812
0.785040 0.186731
0.964538 0.593939
0.952703 0.597912
0.950517 0.586555
0.694336 0.122735
0.327326 0.933043
0.319686 0.927714
0.327326 0.913798
0.581114 0.597951
0.568274 0.597951
0.562170 0.592679
0.520205 0.593648
0.907173 0.131592
0.904495 0.150004
0.860541 0.137639
0.807292 0.149093
0.866036 0.154558
0.337319 0.660133
0.342065 0.670947
0.337319 0.676452
0.340450 0.723140
0.342124 0.698546
0.013800 0.705542
0.014214 0.686065
0.013209 0.724555
0.036978 0.728044
0.015710 0.737095
0.479205 0.385955
0.425739 0.397893
0.435861 0.391498
0.446377 0.397893
0.550413 0.798009
0.555139 0.791632
0.570204 0.798009
0.491020 0.793144
0.513548 0.786496
0.514060 0.793997
0.258619 0.992892
0.304444 0.988221
0.286602 0.987194
0.296035 0.965700
0.503899 0.591420
0.458488 0.588319
0.459945 0.597951
0.449961 0.592699
0.741086 0.757774
0.773027 0.747928
0.751759 0.762483
0.785237 0.763918
0.794768 0.748665
0.677439 0.015248
0.676750 0.061181
0.001985 0.243428
0.004820 0.234687
0.011319 0.247711
0.004860 0.259262
0.013071 0.258351
0.282860 0.103742
0.250781 0.092656
0.259308 0.110738
0.721610 0.793706
0.602421 0.785275
0.584639 0.787039
0.603918 0.762619
0.179612 0.067906
0.188848 0.054553
0.684233 0.324169
0.704517 0.344577
0.684923 0.336223
0.702744 0.336107
0.926177 0.516590
0.876295 0.505291
0.236681 0.387932
0.256000 0.386827
0.249501 0.397893
0.288886 0.393242
0.290659 0.397893
0.275909 0.397893
0.205429 0.387389
0.187962 0.385451
0.210923 0.362872
0.243455 0.381051
0.264113 0.372078
0.036388 0.187738
0.307220 0.372815
0.972415 0.784345
0.987677 0.779907
0.406066 0.044436
0.369024 0.054456
0.715249 0.797951
0.699456 0.797951
0.701582 0.791070
0.683465 0.768046
0.672654 0.761805
0.676652 0.748878
0.788053 0.453195
0.769542 0.434590
0.808533 0.406526
0.857548 0.344887
0.917039 0.339208
0.989863 0.518296
0.998016 0.516125
0.998016 0.447226
0.998016 0.472130
0.649425 0.826371
0.634794 0.833038
0.639441 0.825770
0.684636 0.813773
0.675223 0.810091
0.269292 0.602126
0.273231 0.612514
0.239359 0.608056
0.159959 0.602126
0.186229 0.602126
0.183885 0.609219
0.652480 0.527056
0.652480 0.503547
0.662681 0.511202
0.662681 0.474708
0.662681 0.461684
0.282270 0.498953
0.276027 0.479631
0.286543 0.480794
0.309564 0.508838
0.298240 0.518761
0.313817 0.211217
0.318937 0.220694
0.307456 0.218814
0.317244 0.238214
0.327346 0.225442
0.327346 0.249184
0.099975 0.202011
0.208009 0.025152
0.219726 0.013117
0.933010 0.412767
0.929426 0.402049
0.948587 0.410596
0.900754 0.413678
0.803866 0.210790
0.803334 0.202011
0.792011 0.202011
0.785473 0.210228
0.770152 0.210248
0.705324 0.632515
0.707470 0.644764
0.722811 0.628290
0.714698 0.616875
0.729369 0.611816
0.351616 0.440501
0.360754 0.423349
0.364987 0.433834
0.454156 0.495833
0.431509 0.509555
0.810117 0.993202
0.824552 0.997989
0.787490 0.993434
0.883314 0.986670
0.859782 0.991690
0.864981 0.985779
0.700814 0.103897
0.739786 0.094148
0.730570 0.133666
0.918584 0.856954
0.899581 0.858814
0.940147 0.950137
0.950171 0.936997
0.952239 0.959711
0.960155 0.977484
0.943574 0.970293
0.550807 0.607843
0.487535 0.602126
0.475443 0.612650
0.466326 0.606293
0.447677 0.611797
0.001985 0.285465
0.001985 0.265192
0.005726 0.274301
0.001985 0.326572
0.684548 0.433465
0.680019 0.416972
0.696088 0.423252
0.651909 0.440733
0.662681 0.450734
0.698243 0.890715
0.727585 0.876781
0.036309 0.218388
0.297019 0.013698
0.281167 0.186634
0.291781 0.184599
0.302120 0.197836
0.043792 0.388048
0.043182 0.397893
0.792011 0.254029
0.793665 0.240928
0.833011 0.248699
0.287547 0.581884
0.296330 0.572310
0.305999 0.576400
0.303853 0.564984
0.320532 0.566845
0.969993 0.538801
0.987894 0.541456
0.976551 0.560837
0.987283 0.529188
0.318287 0.520524
0.653760 0.104381
0.629656 0.107734
0.630464 0.671335
0.633240 0.700426
0.865898 0.477673
0.883739 0.448912
0.862294 0.440733
0.296685 0.836740
0.321596 0.830441
0.311592 0.824220
0.318957 0.327153
0.315255 0.306978
0.319292 0.309303
0.317125 0.295737
0.303144 0.295368
0.300761 0.277247
0.029357 0.858388
0.021559 0.855985
0.028826 0.827573
0.021382 0.882285
0.428654 0.254862
0.412683 0.226140
0.412939 0.247672
0.184929 0.587040
0.203873 0.586226
0.199442 0.597951
0.175477 0.597951
0.152476 0.593261
0.733051 0.237342
0.695813 0.254611
0.701267 0.237206
0.042000 0.608405
0.794796 0.891626
0.819550 0.869086
0.479854 0.786341
0.435448 0.791749
0.700302 0.673932
0.672654 0.723916
0.676908 0.696065
0.262833 0.422050
0.259603 0.436179
0.252770 0.452497
0.232881 0.446780
0.645036 0.292384
0.615674 0.286046
0.051964 0.086493
0.064253 0.115157
0.347343 0.140662
0.356086 0.140391
0.355968 0.164617
0.349115 0.185277
0.356913 0.174443
0.043063 0.298741
0.020850 0.295310
0.706691 0.953548
0.392163 0.254746
0.393148 0.274166
0.957508 0.612534
0.948213 0.608871
0.955125 0.602087
0.979603 0.629007
0.988504 0.617476
0.988740 0.633484
0.316869 0.137329
0.327346 0.141554
0.319233 0.152310
0.541512 0.385567
0.560240 0.385819
0.543895 0.392350
0.519949 0.362523
0.545076 0.375760
0.522056 0.385470
0.764422 0.102850
0.779939 0.062363
0.765505 0.082287
0.782243 0.640868
0.801857 0.648582
0.799100 0.671296
0.817572 0.658059
0.935373 0.210790
0.935925 0.202011
0.955125 0.202011
0.922356 0.202011
0.922396 0.211779
0.013702 0.570314
0.026285 0.581051
0.015907 0.587679
0.041567 0.586962
0.027152 0.592718
0.980410 0.202011
0.987519 0.233854
0.980391 0.228311
0.989981 0.222147
0.697456 0.810789
0.707617 0.813328
0.378339 0.578202
0.392793 0.584830
0.378595 0.588474
0.364278 0.574655
0.368827 0.587834
0.349923 0.581884
0.946953 0.420325
0.966842 0.402049
0.985353 0.402049
0.977929 0.407321
0.944629 0.787931
0.940040 0.774015
0.861053 0.769383
0.894964 0.767929
0.300544 0.254010
0.294066 0.269883
0.284771 0.249223
0.256393 0.257459
0.632039 0.146554
0.647852 0.162291
0.029968 0.786128
0.714087 0.310156
0.749337 0.280658
0.611736 0.197836
0.608250 0.191382
0.625028 0.190801
0.556754 0.197836
0.549566 0.193766
0.573729 0.197836
0.987539 0.380082
0.974660 0.358318
0.988524 0.342755
0.985885 0.366554
0.229553 0.775624
0.247138 0.786264
0.199895 0.786303
0.253479 0.986651
0.244972 0.992930
0.196390 0.992426
0.205468 0.986980
0.218977 0.998047
0.320001 0.433446
0.308540 0.429415
0.314940 0.420752
0.318248 0.463196
0.318819 0.484437
0.065730 0.414743
0.078431 0.422166
0.865563 0.211488
0.885315 0.223272
0.085678 0.664125
0.059448 0.659338
0.073941 0.644938
0.132763 0.998047
0.100330 0.998047
0.118230 0.992562
0.156847 0.998047
0.349863 0.333704
0.349273 0.350992
0.340726 0.352271
0.337319 0.366419
0.894137 0.590935
0.903058 0.597912
0.909812 0.587427
0.595391 0.202011
0.613902 0.202011
0.613016 0.213445
0.636529 0.226314
0.629006 0.210480
0.644288 0.215132
0.134280 0.802184
0.178982 0.802184
0.152495 0.805188
0.214507 0.811273
0.200270 0.802184
0.231029 0.802184
0.246843 0.619084
0.143043 0.645093
0.919509 0.985992
0.938178 0.984674
0.922444 0.992349
0.896410 0.991864
0.880144 0.997989
0.128155 0.185761
0.119431 0.168377
0.145918 0.173552
0.368237 0.748781
0.372136 0.722404
0.356027 0.729168
0.623650 0.589230
0.638971 0.586768
0.635249 0.597951
0.686222 0.597912
0.685179 0.583861
0.734213 0.797951
0.751050 0.797951
0.763732 0.793590
0.744335 0.043254
0.777694 0.045076
0.351813 0.478274
0.365263 0.479805
0.362053 0.513741
0.369517 0.488410
0.377276 0.518431
0.318209 0.066065
0.301155 0.044688
0.015021 0.456819
0.034261 0.447342
0.565222 0.202011
0.551004 0.207864
0.529381 0.212263
0.650058 0.027110
0.637041 0.009705
0.662681 0.011644
0.662681 0.028253
0.662681 0.048816
0.654607 0.043041
0.337319 0.302850
0.349804 0.274805
0.337319 0.317967
0.342774 0.301919
0.726809 0.209569
0.600629 0.339925
0.348780 0.073236
0.350671 0.052925
0.358154 0.069689
0.327346 0.679514
0.319016 0.658350
0.621779 0.480135
0.623000 0.463079
0.801964 0.849473
0.762599 0.837069
0.744678 0.809064
0.761614 0.809219
0.226421 0.402068
0.221144 0.411720
0.014214 0.055503
0.001985 0.074670
0.006593 0.071705
0.001985 0.092520
0.662681 0.286841
0.656458 0.244474
0.662681 0.266879
0.963534 0.184017
0.976314 0.184424
0.970406 0.190723
0.936594 0.191847
0.952801 0.185800
0.958197 0.193650
0.057400 0.300349
0.123271 0.321649
0.130321 0.300059
0.067561 0.366690
0.081641 0.386090
0.861053 0.007147
0.840514 0.006256
0.902999 0.001953
0.878068 0.005907
0.755245 0.594366
0.778462 0.592369
0.788584 0.587602
0.883680 0.602087
0.907233 0.602087
0.935944 0.602087
0.896539 0.388009
0.929465 0.397874
0.929544 0.392699
0.946775 0.397874
0.486471 0.252033
0.475148 0.235811
0.449941 0.211023
0.243948 0.590276
0.259564 0.597951
0.235244 0.597951
0.223113 0.597951
0.215787 0.593493
0.556439 0.784578
0.498897 0.771767
0.608920 0.430907
0.874090 0.392060
0.853255 0.392758
0.896933 0.394037
0.677341 0.456102
0.676691 0.474088
0.677026 0.496957
0.007105 0.417147
0.013091 0.420790
0.001985 0.975565
0.001985 0.950215
0.005155 0.952502
0.517526 0.001953
0.558093 0.001953
0.545451 0.011644
0.615812 0.009802
0.599960 0.001953
0.617250 0.001953
0.367508 0.700697
0.349095 0.702403
0.349470 0.682867
0.672654 0.777194
0.684588 0.781322
0.023193 0.958258
0.021362 0.927617
0.005017 0.975080
0.018408 0.966921
0.255468 0.846760
0.222424 0.847961
0.227760 0.839104
0.539484 0.406100
0.554942 0.411507
0.631054 0.402068
0.644957 0.402068
0.636056 0.411410
0.662681 0.425287
0.662681 0.439260
0.302041 0.929051
0.300151 0.952812
0.290383 0.947928
0.013071 0.016373
0.009133 0.035211
0.023627 0.011585
0.012008 0.005228
0.034458 0.005073
0.223507 0.151322
0.215748 0.139674
0.237843 0.188688
0.228706 0.166574
0.025182 0.679533
0.006396 0.631410
0.658742 0.130933
0.662681 0.077073
0.662681 0.089400
0.100113 0.644686
0.095111 0.626837
0.998016 0.288953
0.998016 0.271414
0.998016 0.247885
0.427256 0.159404
0.436629 0.172350
0.749376 0.483352
0.783051 0.492713
0.764047 0.506551
0.341396 0.559131
0.352246 0.559267
0.150211 0.185723
0.172148 0.185626
0.157261 0.193572
0.190876 0.193029
0.204543 0.192506
0.011614 0.773007
0.019314 0.770875
0.016636 0.787000
0.001985 0.758937
0.013071 0.754557
0.394526 0.637186
0.399410 0.655404
0.366898 0.393164
0.350966 0.397893
0.399509 0.392777
0.348662 0.419841
0.153165 0.054146
0.128470 0.066569
0.365342 0.012845
0.378752 0.021567
0.292766 0.611313
0.314369 0.609316
0.651102 0.334537
0.641334 0.328956
0.676159 0.360702
0.685553 0.352930
0.090444 0.730931
0.102771 0.747270
0.068467 0.744479
0.077683 0.763181
0.591256 0.624685
0.933325 0.197836
0.951698 0.197836
0.878206 0.193243
0.897406 0.191440
0.302868 0.787853
0.318228 0.789597
0.307949 0.775352
0.320808 0.772717
0.897977 0.792214
0.872377 0.792621
0.457405 0.792795
0.446397 0.798009
0.452265 0.427690
0.004938 0.155973
0.016892 0.170431
0.011142 0.176226
0.014450 0.150062
0.677597 0.531998
0.686754 0.538781
0.676494 0.552077
0.674741 0.523277
0.708278 0.184986
0.720881 0.186401
0.854200 0.609355
0.869344 0.602087
0.763367 0.901627
0.011378 0.878951
0.006002 0.819219
0.005549 0.832999
0.051393 0.185897
0.096509 0.197836
0.084083 0.193843
0.094422 0.187351
0.646119 0.613948
0.662444 0.606467
0.613745 0.602126
0.628219 0.610518
0.836623 0.806253
0.847927 0.812591
0.865355 0.806409
0.702390 0.749285
0.243396 0.012167
0.252750 0.005868
0.224649 0.006682
0.164744 0.402068
0.179907 0.402068
0.200210 0.402068
0.009487 0.367814
0.020515 0.372970
0.015553 0.383959
0.031425 0.389075
0.175634 0.011973
0.165177 0.013853
0.150900 0.036005
0.974877 0.572155
0.964105 0.575527
0.960155 0.900716
0.960155 0.949808
0.960155 0.925078
0.265334 0.202011
0.232152 0.209686
0.223310 0.202011
0.236071 0.202011
0.916567 0.740040
0.893605 0.686123
0.945732 0.734110
0.923656 0.749208
0.925074 0.001953
0.048912 0.802184
0.057400 0.810013
0.921707 0.266220
0.737738 0.397874
0.762492 0.392932
0.408193 0.699980
0.390785 0.672421
0.126915 0.774345
0.507286 0.193107
0.536746 0.197836
0.647436 0.982116
0.637905 0.983259
0.639697 0.974518
0.298910 0.589927
0.693981 0.345255
0.700086 0.357446
0.147355 0.386691
0.167796 0.388649
0.161258 0.393862
0.158895 0.370954
0.180045 0.363260
0.179198 0.376303
0.998016 0.486511
0.988583 0.490290
0.990276 0.481162
0.095426 0.478293
0.112775 0.536649
0.317047 0.125080
0.782952 0.425791
0.798962 0.410325
0.820723 0.411856
0.810955 0.439144
0.134496 0.211352
0.327346 0.729168
0.322935 0.750312
0.318878 0.711066
0.327346 0.699496
0.327346 0.718373
0.486038 0.044455
0.369083 0.220733
0.384700 0.213891
0.360143 0.211042
0.350553 0.207166
0.681437 0.194754
0.299895 0.998047
0.359454 0.611235
0.375050 0.612630
0.369399 0.620557
0.970328 0.609025
0.975920 0.620518
0.684529 0.689417
0.672654 0.686491
0.675805 0.673971
0.685454 0.665172
0.683505 0.552425
0.687640 0.567019
0.672654 0.576341
0.677282 0.585412
0.644623 0.229687
0.662681 0.243815
0.652460 0.232051
0.684115 0.028040
0.684135 0.044378
0.676218 0.035928
0.706702 0.050056
0.697388 0.041684
0.989902 0.724439
0.998016 0.707035
0.579243 0.374559
0.551083 0.366186
0.574852 0.356515
0.038160 0.826410
0.055568 0.819297
0.038357 0.838465
0.805382 0.393106
0.783208 0.388164
0.778364 0.393959
0.962313 0.797951
0.947110 0.797951
0.957331 0.788570
0.064942 0.592738
0.086170 0.585838
0.122503 0.590315
0.468059 0.566593
0.477669 0.547716
0.483714 0.566593
0.480701 0.588396
0.487357 0.597951
0.467586 0.588086
0.372746 0.527967
0.960155 0.823173
0.960155 0.838872
0.960155 0.874067
0.951687 0.859609
0.960155 0.851857
0.095406 0.255773
0.979170 0.463002
0.434817 0.745118
0.426684 0.726280
0.998016 0.735059
0.987992 0.751029
0.988996 0.736726
0.098459 0.210984
0.804831 0.629899
0.786044 0.618212
0.918978 0.925117
0.918623 0.953510
0.934594 0.940989
0.473198 0.185374
0.487535 0.167815
0.286503 0.387273
0.242234 0.334673
0.228135 0.346340
0.206000 0.394017
0.662681 0.657710
0.654548 0.630383
0.645647 0.625693
0.662444 0.397409
0.653209 0.383959
0.696029 0.397874
0.684686 0.381943
0.202416 0.202011
0.520658 0.297481
0.469339 0.287073
0.578987 0.285756
0.307358 0.467207
0.298792 0.472150
0.302435 0.490736
0.297807 0.499767
0.298851 0.202011
0.317677 0.202011
0.283963 0.202011
0.492556 0.641876
0.524123 0.632108
0.441671 0.019764
0.412427 0.197836
0.397835 0.186750
0.416090 0.189328
0.273172 0.597951
0.281364 0.586923
0.288158 0.597951
0.250761 0.585625
0.260686 0.593338
0.655237 0.723760
0.662681 0.740661
0.653917 0.759305
0.092925 0.397893
0.092196 0.389036
0.836103 0.414356
0.841302 0.406390
0.850065 0.412825
0.824169 0.406720
0.327346 0.560255
0.327346 0.579152
0.327346 0.537347
0.313837 0.552135
0.315570 0.365372
0.321399 0.384618
0.310647 0.385276
0.021717 0.189599
0.026915 0.175722
0.470619 0.197836
0.707420 0.919593
0.669709 0.868582
0.646511 0.883893
0.649189 0.864357
0.469752 0.463389
0.475877 0.445462
0.777497 0.362097
0.941655 0.130061
0.919245 0.105311
0.742445 0.409549
0.762098 0.407185
0.770841 0.413639
0.463628 0.368144
0.451064 0.385548
0.439721 0.361612
0.006730 0.132871
0.001985 0.120681
0.007498 0.101823
0.456873 0.617418
0.470185 0.633252
0.327326 0.860462
0.316712 0.841352
0.692997 0.439396
0.610101 0.586322
0.610574 0.597951
0.595844 0.597951
0.578830 0.586594
0.860758 0.548181
0.823480 0.562542
0.848194 0.570992
0.846166 0.797951
0.827635 0.797951
0.831829 0.793900
0.775272 0.005887
0.550275 0.050560
0.130124 0.537018
0.217205 0.241315
0.965995 0.282635
0.711626 0.529168
0.693942 0.527773
0.451714 0.253641
0.394605 0.402068
0.393679 0.409123
0.435428 0.409763
0.416602 0.411352
0.829210 0.584985
0.814146 0.583067
0.826690 0.593338
0.775922 0.761476
0.007341 0.521571
0.031189 0.567368
0.017483 0.560875
0.649211 0.591962
0.648817 0.580004
0.662681 0.586981
0.990178 0.166090
0.971391 0.197836
0.990965 0.193766
0.510221 0.211197
0.531232 0.206585
0.998016 0.541630
0.327326 0.948122
0.317460 0.951009
0.685297 0.132600
0.662681 0.133045
0.658191 0.112560
0.662681 0.101474
0.007282 0.732540
0.317263 0.036781
0.327346 0.023950
0.319863 0.055154
0.349371 0.456645
0.342006 0.470715
0.821609 0.191770
0.829210 0.186692
0.840002 0.499690
0.878796 0.490310
0.737994 0.211818
0.752488 0.210674
0.758868 0.221973
0.411521 0.334169
0.416208 0.346960
0.282112 0.809684
0.296507 0.817146
0.297137 0.802184
0.306235 0.808909
0.816635 0.986321
0.838100 0.985352
0.843929 0.997989
0.327346 0.304090
0.408843 0.591788
0.430111 0.593726
0.413864 0.597951
0.392577 0.593416
0.397618 0.597951
0.982773 0.788028
0.998016 0.791419
0.346181 0.785314
0.354216 0.778919
0.637236 0.949924
0.639500 0.932249
0.646412 0.946998
0.648500 0.932927
0.960521 0.410577
0.564040 0.158551
0.587297 0.176362
0.569791 0.168299
0.244145 0.427322
0.288749 0.664087
0.191191 0.660617
0.289497 0.683797
0.309544 0.624627
0.317559 0.631081
0.302159 0.657962
0.976787 0.771360
0.978500 0.756437
0.966113 0.747483
0.564730 0.573143
0.623512 0.232613
0.600137 0.221256
0.998016 0.628213
0.349450 0.658834
0.948399 0.980352
0.005313 0.577659
0.341022 0.270813
0.341278 0.254281
0.349332 0.238389
0.418256 0.585373
0.654331 0.174307
0.662681 0.181459
0.642791 0.185878
0.306531 0.766030
0.341159 0.153395
0.845201 0.227051
0.841026 0.211139
0.861388 0.223853
0.854614 0.202011
0.831613 0.293702
0.876295 0.274088
0.852448 0.265309
0.578219 0.428349
0.592280 0.447730
0.980253 0.387777
0.998016 0.386866
0.213188 0.539537
0.327346 0.421914
0.318721 0.412398
0.656259 0.829045
0.652182 0.813773
0.662836 0.809102
0.907055 0.202011
0.419792 0.213620
0.421052 0.236780
0.592240 0.793570
0.571071 0.793280
0.049089 0.281027
0.500118 0.344867
0.015592 0.232865
0.356874 0.221159
0.351774 0.227497
0.985137 0.209104
0.997720 0.203406
0.998016 0.219027
0.117954 0.356883
0.102693 0.350585
0.112362 0.332502
0.872287 0.811700
0.903598 0.802125
0.915059 0.802125
0.910234 0.810692
0.866882 0.406797
0.865563 0.413406
0.880577 0.960312
0.235381 0.748626
0.724899 0.411449
0.714993 0.402049
0.732913 0.402049
0.649250 0.392932
0.631330 0.397893
0.116733 0.802184
0.118407 0.810924
0.735640 0.951126
0.695880 0.967309
0.291604 0.239048
0.308914 0.243428
0.016321 0.358027
0.005234 0.355178
0.010157 0.341650
0.989626 0.325370
0.998016 0.339964
0.007400 0.658040
0.316082 0.172311
0.313542 0.188785
0.303813 0.173881
0.777112 0.810343
0.613095 0.408735
0.600905 0.411972
0.622646 0.412902
0.619081 0.081357
0.318012 0.906647
0.314250 0.938974
0.442241 0.759286
0.413155 0.754247
0.852211 0.012225
0.811408 0.011818
0.574753 0.191595
0.551004 0.186362
0.580602 0.186827
0.662681 0.535138
0.657659 0.528548
0.662681 0.562096
0.653189 0.551127
0.588262 0.010519
0.584363 0.027827
0.572488 0.012748
0.582059 0.001953
0.387811 0.293392
0.362742 0.273701
0.403053 0.301861
0.695143 0.621081
0.634560 0.197836
0.943565 0.388087
0.938406 0.375760
0.457346 0.535797
0.458508 0.545681
0.643303 0.714167
0.291092 0.365954
0.989843 0.098896
0.989666 0.036664
0.822160 0.197836
0.800006 0.197836
0.806406 0.191556
0.949237 0.225229
0.162795 0.436586
0.507208 0.010539
0.007046 0.390257
0.327346 0.180723
0.984999 0.594133
0.970091 0.597912
0.338934 0.596749
0.356185 0.591633
0.804083 0.611351
0.317677 0.013601
0.014096 0.202011
0.030618 0.202011
0.921135 0.610557
0.065828 0.183978
0.082744 0.185451
0.382494 0.402068
0.360714 0.411255
0.137588 0.006372
0.151747 0.010616
0.187725 0.496066
0.289359 0.276860
0.278055 0.260909
0.356638 0.757251
0.634501 0.424027
0.647616 0.424182
0.485487 0.724264
0.523907 0.733024
0.540252 0.564771
0.647476 0.997989
0.660768 0.993706
0.014273 0.076104
0.029692 0.085252
0.022130 0.073488
0.057813 0.081531
0.042591 0.986884
0.070712 0.992349
0.019157 0.990760
0.026206 0.993357
0.685553 0.246723
0.685375 0.262479
0.359946 0.149752
0.014844 0.309361
0.007026 0.295020
0.015415 0.290097
0.698904 0.778977
0.691736 0.767406
0.053875 0.986903
0.069511 0.985624
0.401950 0.413426
0.392951 0.438466
0.288000 0.010016
0.287193 0.034784
0.276441 0.013659
0.048223 0.597951
0.637866 0.856508
0.327346 0.452536
0.230577 0.362698
0.221124 0.380257
0.211987 0.373183
0.064627 0.785314
0.050369 0.793396
0.405672 0.798009
0.399981 0.792563
0.025793 0.893409
0.358587 0.669339
0.617112 0.787039
0.631310 0.787058
0.634973 0.794171
0.646868 0.785430
0.660968 0.795605
0.218229 0.585412
0.229415 0.576186
0.687266 0.488139
0.662681 0.356244
0.662681 0.336921
0.150290 0.585954
0.369024 0.556922
0.675943 0.121262
0.676474 0.102075
0.233235 0.998047
0.231364 0.994461
0.057163 0.010519
0.043004 0.012710
0.731850 0.627573
0.698392 0.228020
0.752311 0.448854
0.529204 0.397893
0.781909 0.397874
0.695557 0.178067
0.709341 0.174017
0.733780 0.181924
0.282683 0.402068
0.296192 0.402068
0.258186 0.402068
0.270612 0.402068
0.267343 0.411371
0.827851 0.761069
0.577451 0.212418
0.578062 0.202011
0.595273 0.213349
0.596120 0.602126
0.612819 0.615615
0.593422 0.614006
0.757076 0.602087
0.015080 0.429221
0.005766 0.434551
0.014509 0.445249
0.316062 0.441916
0.311316 0.446412
0.769935 0.585625
0.779388 0.578900
0.771412 0.571884
0.987204 0.150101
0.458961 0.785682
0.299422 0.597951
0.309406 0.587912
0.317834 0.578783
0.653228 0.773879
0.573375 0.386905
0.317598 0.802184
0.695557 0.006973
0.688881 0.013543
0.964715 0.665676
0.738239 0.813599
0.981710 0.412767
0.997425 0.404898
0.221892 0.829549
0.298930 0.397893
0.314191 0.392234
0.311040 0.397893
0.760641 0.765914
0.773323 0.773104
0.678069 0.220481
0.653780 0.218155
0.324825 0.998047
0.315767 0.990372
0.327346 0.334072
0.342321 0.037149
0.337319 0.012109
0.348249 0.020908
0.339879 0.003000
0.366090 0.001953
0.348367 0.008271
0.698105 0.992407
0.716420 0.994035
0.347087 0.593707
0.349489 0.569674
0.104327 0.558336
0.466208 0.397893
0.474597 0.391304
0.260824 0.191963
0.247689 0.167621
0.931356 0.001953
0.940513 0.001953
0.946854 0.010461
0.964006 0.012632
0.982537 0.012535
0.991221 0.023660
0.704989 0.591517
0.736419 0.592117
0.580267 0.649415
0.585230 0.638543
0.114784 0.009899
0.128549 0.010810
0.121460 0.036063
0.103441 0.010946
0.523139 0.602126
0.653996 0.484592
0.662681 0.497636
0.693075 0.384230
0.693193 0.369597
0.701976 0.371787
0.656182 0.574209
0.651200 0.564790
0.296881 0.073217
0.292451 0.087423
0.734449 0.304594
0.763910 0.289050
0.863208 0.863679
0.393187 0.210674
0.374676 0.212302
0.462230 0.210713
0.473218 0.206178
0.488578 0.206701
0.230577 0.602126
0.426547 0.010868
0.428339 0.606273
0.405495 0.612417
0.122090 0.938373
0.166359 0.958277
0.917768 0.410829
0.001985 0.312540
0.327346 0.095621
0.746628 0.994113
0.471800 0.597951
0.592260 0.744440
0.527983 0.612010
0.530386 0.606758
0.534304 0.618677
0.101078 0.597951
0.215650 0.448175
0.086289 0.418329
0.098537 0.409646
0.101787 0.432613
0.497676 0.402068
0.610850 0.793435
0.688251 0.412728
0.662681 0.416740
0.648994 0.409607
0.662070 0.402863
0.309741 0.147155
0.952790 0.993279
0.935677 0.997989
0.799041 0.088624
0.319469 0.680812
0.301864 0.798009
0.338264 0.196363
0.355181 0.193126
0.179061 0.798009
0.150191 0.798009
0.173665 0.791380
0.231207 0.792834
0.211593 0.792156
0.700539 0.189056
0.707077 0.197836
0.225141 0.563821
0.195012 0.560662
0.237272 0.548123
0.391316 0.192312
0.394113 0.197836
0.379560 0.197836
0.702016 0.695774
0.686931 0.705639
0.941506 0.806195
0.943160 0.815576
0.924866 0.811680
0.953322 0.823754
0.034694 0.602126
0.020752 0.608134
0.019570 0.602126
0.009803 0.612630
0.724238 0.843542
0.464297 0.431605
0.463352 0.447846
0.327070 0.397525
0.932951 0.592059
0.946165 0.593280
0.736911 0.384404
0.747978 0.385703
0.007951 0.695232
0.005273 0.720446
0.184062 0.810614
0.202849 0.821254
0.370501 0.023698
0.031031 0.156186
0.376133 0.385180
0.394211 0.358434
0.372333 0.397893
0.364022 0.386323
0.774012 0.224531
0.340785 0.752774
0.474656 0.791458
0.469437 0.798009
0.742582 0.030579
0.472096 0.426042
0.479421 0.425597
0.232014 0.426798
0.253873 0.445947
0.275554 0.462420
0.006199 0.552406
0.545608 0.212147
0.548739 0.228388
0.342144 0.385722
0.169116 0.411817
0.069314 0.812184
0.966192 0.620925
0.341061 0.062887
0.900222 0.186188
0.917788 0.192933
0.909261 0.197836
0.936417 0.183087
0.271970 0.240734
0.257772 0.220907
0.133157 0.239358
0.143988 0.225113
0.581842 0.356283
0.590566 0.353337
0.348603 0.128452
0.341829 0.111455
0.243062 0.202011
0.247985 0.212496
0.253046 0.230675
0.685612 0.202011
0.703197 0.202011
0.693863 0.208271
0.246980 0.030443
0.242589 0.001953
0.006967 0.048467
0.292431 0.452110
0.292057 0.472615
0.848115 0.371051
0.838663 0.389618
0.196213 0.171207
0.152042 0.786516
0.120731 0.787233
0.100231 0.307559
0.131759 0.338006
0.489819 0.156710
0.436806 0.293566
0.129258 0.386633
0.156493 0.397893
0.177800 0.193998
0.647279 0.845674
0.318386 0.535583
0.074119 0.392137
0.067955 0.382582
0.421564 0.402068
0.207556 0.012206
0.199501 0.006294
0.908285 0.985798
0.901333 0.980953
0.173803 0.992814
0.913554 0.631197
0.917532 0.619918
0.130341 0.755526
0.211238 0.410111
0.642220 0.144422
0.546002 0.421236
0.566522 0.437128
0.989607 0.645927
0.998016 0.646818
0.893625 0.784519
0.917000 0.775527
0.101098 0.791245
0.141920 0.792330
0.653878 0.272577
0.676750 0.271201
0.701611 0.984868
0.013268 0.402068
0.952751 0.809665
0.959860 0.805071
0.690830 0.676956
0.698530 0.659842
0.424538 0.180529
0.449961 0.189735
0.410635 0.179463
0.275042 0.387176
0.264074 0.384869
0.274590 0.987853
0.678069 0.788706
0.655552 0.793803
0.653639 0.973705
0.644207 0.962929
0.757372 0.786361
0.350572 0.503508
0.340510 0.524924
0.965523 0.553220
0.697821 0.023350
0.690929 0.024958
0.991497 0.265948
0.990729 0.246044
0.984959 0.254882
0.988464 0.697499
0.989528 0.684088
0.630542 0.618774
0.747191 0.549441
0.033434 0.061045
0.237587 0.418058
0.312478 0.402068
0.337319 0.229532
0.341632 0.236606
0.342124 0.218988
0.873184 0.080058
0.781436 0.282868
0.803295 0.272286
0.206512 0.955700
0.179297 0.961650
0.368473 0.314885
0.350238 0.318374
0.349529 0.307307
0.605336 0.393513
0.227288 0.387156
0.224688 0.393785
0.470540 0.687964
0.327346 0.405247
0.639441 0.813347
0.676356 0.163241
0.685533 0.152058
0.248950 0.197836
0.008148 0.206197
0.006908 0.220035
0.327149 0.006682
0.337319 0.423697
0.342833 0.433814
0.959713 0.393513
0.781850 0.406507
0.782696 0.411352
0.035580 0.402068
0.045938 0.406061
0.545332 0.585489
0.540271 0.593280
0.275673 0.423232
0.288197 0.213833
0.299639 0.209027
0.301568 0.225074
0.269430 0.824045
0.420324 0.206682
0.080755 0.205383
0.633457 0.049882
0.885334 0.038428
0.644642 0.208445
0.662011 0.205034
0.721945 0.503644
0.447519 0.578706
0.437791 0.588067
0.801070 0.036936
0.807096 0.050657
0.079967 0.410596
0.651732 0.370857
0.312439 0.847399
0.983660 0.583415
0.975487 0.586148
0.026069 0.021276
0.917039 0.391323
0.453230 0.240443
0.341100 0.178532
0.349391 0.168609
0.032154 0.792466
0.002713 0.796846
0.989055 0.059127
0.997996 0.047382
0.007912 0.848698
0.997838 0.005810
0.991615 0.008233
0.980450 0.344828
0.482651 0.211953
0.337319 0.090291
0.513253 0.773143
0.527944 0.781050
0.183511 0.184521
0.294656 0.172369
0.908572 0.594172
0.149403 0.606273
0.851345 0.193010
0.326932 0.197099
0.981040 0.602087
0.982793 0.609568
0.337319 0.616914
0.978224 0.218639
0.970465 0.223349
0.007518 0.998047
0.997996 0.187913
0.014155 0.632961
0.013859 0.659164
0.694493 0.324052
0.697624 0.308005
0.626683 0.180800
0.636037 0.577407
0.722476 0.356341
0.402777 0.784907
0.385940 0.786845
0.405082 0.675289
0.074611 0.005829
0.255173 0.202011
0.265590 0.622786
0.578495 0.606564
0.327346 0.358667
0.327346 0.377776
0.321162 0.369210
0.498287 0.411972
0.687857 0.792001
0.456755 0.024706
0.447500 0.036781
0.866232 0.611739
0.525364 0.792873
0.537239 0.786923
0.543521 0.794268
0.557581 0.402068
0.109349 0.193010
0.327346 0.217244
0.875508 0.574675
0.883700 0.559674
0.888623 0.570411
0.618825 0.514071
0.682422 0.607281
0.689550 0.602087
0.697132 0.611274
0.647163 0.607940
0.078490 0.635577
0.267736 0.788415
0.248831 0.793532
0.350986 0.646334
0.341573 0.653447
0.341593 0.633872
0.252928 0.656470
0.677380 0.426450
0.672654 0.641934
0.677518 0.131708
0.571780 0.773550
0.582039 0.770178
0.775607 0.191750
0.754300 0.192952
0.241407 0.218717
0.704773 0.386013
0.257201 0.173106
0.921529 0.602087
0.409690 0.605770
0.987066 0.797951
0.970564 0.797951
0.064154 0.192680
0.014824 0.844550
0.014056 0.859706
0.798017 0.436973
0.198714 0.213368
0.213542 0.221217
0.208678 0.210752
0.014568 0.945331
0.014686 0.906395
0.018625 0.222186
0.646927 0.281046
0.100861 0.572950
0.851314 0.985701
0.360557 0.791632
0.369655 0.605770
0.171558 0.514904
0.686124 0.058158
0.681721 0.980856
0.034970 0.308838
0.389426 0.029048
0.800932 0.006856
0.946421 0.661780
0.337319 0.331126
0.006238 0.779771
0.006632 0.185296
0.018428 0.181730
0.668567 0.889204
0.112244 0.410557
0.405377 0.586846
0.648502 0.242284
0.653071 0.653737
0.212321 0.351573
0.218859 0.334964
0.708483 0.819878
0.875685 0.386517
0.003265 0.603231
0.445806 0.773007
0.871077 0.728024
0.527865 0.798009
0.793842 0.792504
0.515222 0.228892
0.501497 0.329149
0.847091 0.242052
0.900005 0.234881
0.096548 0.592563
0.929584 0.369345
0.730697 0.991089
0.908434 0.410887
0.696994 0.583144
0.931325 0.953781
0.912597 0.972135
0.379284 0.480774
0.006140 0.494379
0.892078 0.811351
0.643638 0.376303
0.641826 0.384327
0.700637 0.267130
0.736360 0.634570
0.719325 0.641178
0.370226 0.572833
0.750814 0.432012
0.784351 0.151167
0.989331 0.430655
0.953125 0.908468
0.161219 0.047673
0.319331 0.100214
0.091803 0.366322
0.014608 0.136224
0.261258 0.397893
0.257004 0.392699
0.726060 0.747347
0.690180 0.735389
0.253282 0.717559
0.069826 0.798009
0.588774 0.191595
0.985885 0.765953
0.216693 0.605595
0.226717 0.611758
0.219765 0.191556
0.127761 0.987814
0.368887 0.169152
0.801196 0.806796
0.804426 0.814684
0.360498 0.053739
0.950959 0.844996
0.067285 0.212283
0.068979 0.225210
0.327346 0.760449
0.403230 0.515253
0.337319 0.142852
0.327346 0.775139
0.317303 0.229028
0.092157 0.597951
0.014273 0.802184
0.001985 0.830073
0.265629 0.461529
0.262124 0.447652
0.272226 0.452904
0.356756 0.262440
0.171282 0.591517
0.997700 0.602921
0.677951 0.713430
0.309091 0.492073
0.908985 0.611584
0.366149 0.376381
0.307811 0.998047
0.304936 0.184037
0.655414 0.153318
0.600472 0.012419
0.322403 0.617960
0.708770 0.597912
0.917807 0.569209
0.307279 0.161981
0.960155 0.990527
0.011339 0.597951
0.688152 0.234551
0.689905 0.150430
0.566719 0.392796
0.105922 0.967600
0.312833 0.047440
0.411620 0.016353
0.782421 0.597912
0.968142 0.477441
0.805568 0.832301
0.141152 0.577039
0.006514 0.087752
0.327346 0.597544
0.315944 0.592505
0.216654 0.985856
0.769078 0.991903
0.307240 0.817359
0.008109 0.992213
0.170219 0.023136
0.370167 0.422147
0.759951 0.425364
0.327326 0.892809
0.988524 0.469301
0.985964 0.392777
0.970584 0.397874
0.015789 0.062557
0.998016 0.689165
0.350120 0.466238
0.705974 0.623135
0.429461 0.586264
0.079534 0.615673
0.853137 0.386362
0.719542 0.584346
0.103776 0.220636
0.001985 0.060929
0.432474 0.798009
0.192964 0.792756
0.702457 0.822475
0.922612 0.186614
0.596041 0.358492
0.706210 0.775217
0.804929 0.184851
0.156946 0.977174
0.862224 0.817766
0.700184 0.393009
0.652261 0.805963
0.917138 0.218698
0.827171 0.960254
0.811535 0.940408
0.964932 0.586788
0.892680 0.211042
0.231975 0.015772
0.792385 0.419860
0.218761 0.397893
0.984152 0.176090
0.731436 0.010481
0.743922 0.006469
0.252317 0.802184
0.896185 0.586109
0.651633 0.472886
0.805087 0.074302
0.461206 0.570333
0.301076 0.430597
0.730598 0.806157
0.266870 0.246839
0.436452 0.425829
0.171361 0.805633
0.363865 0.523005
0.341947 0.573531
0.726120 0.387118
0.342321 0.418872
0.383105 0.167640
0.949276 0.209317
0.736360 0.014725
0.380938 0.038137
0.019944 0.433620
0.135796 0.593261
0.940355 0.347309
0.337319 0.397893
0.032981 0.708837
0.662681 0.597951
0.350001 0.604936
0.303223 0.832205
0.988248 0.297558
0.156611 0.218969
0.826206 0.993667
0.327346 0.204104
0.360911 0.774945
0.489110 0.606739
0.900545 0.997989
0.316377 0.005674
0.426133 0.171245
0.822318 0.006566
0.277858 0.779810
0.966212 0.602087
0.316594 0.560953
0.987500 0.673331
0.291072 0.458486
0.880943 0.412379
0.118053 0.793551
0.929465 0.386265
0.932172 0.863679
0.706132 0.738335
0.117206 0.959905
0.007183 0.314866
0.783689 0.806912
0.798451 0.584675
0.558920 0.584636
0.229631 0.451160
0.317618 0.270115
0.991655 0.368977
0.656359 0.330080
0.387969 0.038816
0.029042 0.539091
0.128510 0.236896
0.948764 0.577446
0.316869 0.982271
0.489740 0.202011
0.677656 0.734536
0.991655 0.769073
0.312714 0.106746
0.456538 0.219492
0.947532 0.931280
0.297000 0.128685
0.231600 0.969460
0.096332 0.992717
0.360379 0.813603
0.406641 0.806427
0.348544 0.802168
0.337319 0.829864
0.344153 0.813603
0.390008 0.802648
0.375180 0.802183
0.385006 0.806427
0.364770 0.802168
0.411643 0.802648
0.353545 0.829864
0.396814 0.802183
0.672654 0.740622
0.337319 0.047498
0.679476 0.802125
0.561539 0.602126
0.665967 0.802125
0.536707 0.602126
0.337319 0.174966
0.998016 0.366419
0.634794 0.883758
0.208206 0.798009
0.960501 0.001953
0.998016 0.660094
0.602421 0.402068
0.230064 0.798009
0.578239 0.602126
0.082606 0.602126
0.194204 0.197836
0.337319 0.099323
0.259899 0.001953
0.799711 0.001953
0.634794 0.912093
0.898075 0.402049
0.873499 0.402049
0.672654 0.160043
0.672654 0.180897
0.704024 0.397874
0.782252 0.802125
0.260411 0.197836
0.626584 0.597951
0.761929 0.802125
0.274727 0.197836
0.716962 0.001953
0.940749 0.402049
0.093280 0.001953
0.972573 0.001953
0.821117 0.402049
0.799179 0.402049
0.704280 0.402049
0.762945 0.402049
0.365263 0.597951
0.750203 0.402049
0.784902 0.797951
0.337319 0.026935
0.721452 0.202011
0.198537 0.397893
0.511048 0.597951
0.672654 0.657652
0.763791 0.397874
0.530602 0.597951
0.395373 0.001953
0.732047 0.001953
0.001985 0.374656
0.998016 0.778763
0.337319 0.128995
0.998016 0.676413
0.194047 0.798009
0.001985 0.611797
0.998016 0.766573
0.767060 0.597912
0.110589 0.197836
0.632137 0.202011
0.179454 0.397893
0.672654 0.029009
0.189675 0.001953
0.747683 0.001953
0.258835 0.998047
0.274432 0.998047
0.672772 0.008969
0.212833 0.197836
0.279119 0.001953
0.682382 0.001953
0.754241 0.597912
0.634794 0.852593
0.997996 0.111087
0.001985 0.500659
0.337319 0.576031
0.522646 0.202011
0.672654 0.113587
0.502265 0.202011
0.463844 0.202011
0.001985 0.134015
0.439997 0.202011
0.888918 0.797951
0.893259 0.802125
0.327346 0.612282
0.413805 0.602126
0.485762 0.397893
0.337930 0.404937
0.177820 0.998047
0.861436 0.802125
0.388225 0.798009
0.512938 0.397893
0.634794 0.960312
0.751070 0.397874
0.662681 0.723954
0.167028 0.001953
0.703974 0.802125
0.001985 0.357038
0.997996 0.071046
0.639325 0.397893
0.038692 0.197836
0.064016 0.001953
0.672654 0.132832
0.913917 0.997989
0.888958 0.397874
0.883247 0.001953
0.909596 0.397874
0.765111 0.797951
0.053441 0.197836
0.620361 0.402068
0.620086 0.798009
0.635859 0.798009
0.662681 0.761863
0.998016 0.497248
0.662681 0.375722
0.337319 0.516144
0.324786 0.603172
0.337319 0.447245
0.337319 0.472150
0.504707 0.001953
0.478437 0.001953
0.090936 0.798009
0.672654 0.461645
0.672654 0.474689
0.672654 0.084903
0.001985 0.025365
0.001985 0.049126
0.948871 0.802125
0.781003 0.197836
0.382652 0.597951
0.229375 0.001953
0.207201 0.001953
0.327346 0.085388
0.327346 0.065135
0.001985 0.847593
0.786683 0.997989
0.001985 0.177719
0.137588 0.597951
0.672654 0.562077
0.672654 0.697170
0.327346 0.126495
0.001985 0.341631
0.514474 0.197836
0.399410 0.202011
0.489149 0.798009
0.380230 0.202011
0.369083 0.202011
0.354924 0.202011
0.368512 0.402068
0.349982 0.402068
0.107891 0.798009
0.337319 0.118219
0.867217 0.197836
0.899670 0.197836
0.086761 0.202011
0.432297 0.597951
0.875409 0.597912
0.739963 0.202011
0.865701 0.001953
0.998016 0.229512
0.820998 0.001953
0.045387 0.001953
0.768951 0.001953
0.354275 0.602126
0.700086 0.597912
0.629971 0.001953
0.649113 0.597951
0.061614 0.597951
0.252238 0.798009
0.584265 0.798009
0.601102 0.798009
0.543324 0.202011
0.770132 0.202011
0.001985 0.628426
0.001985 0.648989
0.998016 0.317967
0.998016 0.302850
0.337319 0.079341
0.327346 0.292578
0.327346 0.274728
0.451635 0.602126
0.645095 0.001953
0.428083 0.602126
0.399371 0.602126
0.337319 0.791477
0.380190 0.602126
0.388579 0.397893
0.405889 0.397893
0.364771 0.397893
0.702576 0.997989
0.998016 0.616855
0.726896 0.997989
0.739046 0.997989
0.762697 0.997989
0.327346 0.320758
0.997996 0.175335
0.997996 0.150004
0.224492 0.197836
0.797396 0.802125
0.147139 0.602126
0.106552 0.602126
0.064706 0.602126
0.047415 0.602126
0.645765 0.602126
0.690397 0.402049
0.672654 0.425248
0.951068 0.001953
0.672654 0.439222
0.327346 0.261006
0.001985 0.677227
0.757273 0.202011
0.001985 0.689573
0.001985 0.733199
0.337319 0.271433
0.998016 0.397874
0.337319 0.288953
0.048282 0.998047
0.066655 0.998047
0.847800 0.602087
0.465971 0.602126
0.672871 0.606409
0.634794 0.821971
0.662681 0.625305
0.721570 0.602087
0.628297 0.602126
0.833354 0.802125
0.282348 0.602126
0.172857 0.197836
0.286149 0.197836
0.634794 0.805285
0.027211 0.397893
0.001985 0.525040
0.001985 0.549770
0.106021 0.001953
0.597597 0.397893
0.622055 0.397893
0.337615 0.602979
0.662681 0.641992
0.662681 0.223640
0.672654 0.243796
0.552914 0.597951
0.373022 0.798009
0.001985 0.423116
0.001985 0.438814
0.001985 0.451800
0.001985 0.004046
0.001985 0.474010
0.337319 0.707093
0.926560 0.802125
0.337319 0.735118
0.079829 0.197836
0.232821 0.397893
0.662681 0.686549
0.314664 0.597951
0.672890 0.397390
0.149935 0.001953
0.126934 0.001953
0.030480 0.001953
0.011654 0.001953
0.674002 0.997989
0.688968 0.997989
0.236406 0.197836
0.634794 0.979209
0.754969 0.001953
0.634794 0.937404
0.672654 0.060231
0.724761 0.597912
0.739510 0.597912
0.507680 0.798009
0.337319 0.541650
0.735738 0.802125
0.337319 0.562465
0.672654 0.147911
0.001985 0.701647
0.001985 0.224027
0.327346 0.043370
0.001985 0.104032
0.002280 0.197468
0.594820 0.197836
0.937717 0.597912
0.662681 0.158764
0.001985 0.781632
0.428299 0.202011
0.412998 0.202011
0.337615 0.203406
0.337319 0.219027
0.058561 0.402068
0.047081 0.402068
0.096982 0.802184
0.337319 0.339983
0.672654 0.511163
0.672654 0.535099
0.030106 0.798009
0.052929 0.798009
0.673265 0.402824
0.843133 0.197836
0.030421 0.197836
0.996420 0.596730
0.315235 0.001953
0.298713 0.001953
0.672654 0.092578
0.952860 0.402049
0.420265 0.798009
0.929643 0.797951
0.863554 0.597912
0.662681 0.777252
0.674367 0.795547
0.672654 0.336921
0.672654 0.356225
0.672654 0.286841
0.662681 0.322870
0.766765 0.197836
0.806131 0.397874
0.553446 0.397893
0.691548 0.802125
0.662718 0.997989
0.702843 0.001953
0.001985 0.577427
0.720102 0.802125
0.018310 0.197836
0.675155 0.197836
0.298575 0.602126
0.998016 0.331126
0.068624 0.802184
0.059467 0.802184
0.503722 0.602126
0.812176 0.602087
0.662681 0.576380
0.837678 0.402049
0.672654 0.586962
0.434089 0.001953
0.001985 0.295679
0.327346 0.112482
0.847977 0.597912
0.858651 0.402049
0.672654 0.416701
0.362801 0.197836
0.326401 0.796536
0.485605 0.197836
0.292923 0.998047
0.700086 0.197836
0.270533 0.798009
0.285105 0.798009
0.865898 0.797951
0.998016 0.378687
0.337319 0.386885
0.649723 0.202011
0.405928 0.402068
0.861081 0.997989
0.913790 0.402049
0.337319 0.628251
0.337319 0.646876
0.672654 0.266879
0.672654 0.497616
0.649681 0.802125
0.337319 0.247885
0.080401 0.397893
0.002201 0.206740
0.998016 0.423678
0.963022 0.397874
0.661932 0.196673
0.921490 0.597912
0.001985 0.380800
0.002398 0.397176
0.028589 0.998047
0.992462 0.197836
0.001985 0.988124
0.086269 0.001953
0.074178 0.001953
0.001985 0.158609
0.777773 0.402049
0.869127 0.397874
0.001985 0.017167
0.348249 0.798009
0.364751 0.798009
0.090719 0.998047
0.661401 0.003058
0.337319 0.160276
0.480741 0.202011
0.807470 0.797951
0.068093 0.197836
0.327346 0.743006
0.870002 0.997989
0.002142 0.806040
0.985708 0.001953
0.997996 0.029842
0.074906 0.802184
0.327346 0.433000
0.001985 0.590489
0.950801 0.997989
0.337319 0.486550
0.199974 0.998047
0.127919 0.798009
0.634794 0.997601
0.739195 0.602087
0.337319 0.689224
0.001985 0.664009
0.902841 0.797951
0.026482 0.597951
0.692169 0.197836
0.327346 0.690464
0.118230 0.597951
0.984369 0.397874
0.002300 0.405034
0.672654 0.597912
0.673324 0.205015
0.082015 0.597951
0.369103 0.602126
0.672654 0.450695
0.845614 0.202011
0.532000 0.202011
</float_array>
          <technique_common>
            <accessor source="#s1-6k-UV0-array" count="3451" stride="2">
              <param name="S" type="float"/>
              <param name="T" type="float"/>
            </accessor>
          </technique_common>
        </source>
        <vertices id="s1-6k-VERTEX">
          <input semantic="POSITION" source="#s1-6k-POSITION"/>
        </vertices>
        <triangles count="6032" material="mat0"><input semantic="VERTEX" offset="0" source="#s1-6k-VERTEX"/><input semantic="NORMAL" offset="1" source="#s1-6k-Normal0"/><input semantic="TEXCOORD" offset="2" set="0" source="#s1-6k-UV0"/><p> 0 0 0 1 1 1 2 2 2 3 3 3 4 4 4 5 5 5 6 6 6 7 7 7 8 8 8 9 9 9 10 10 10 11 11 11 12 12 12 13 13 13 14 14 14 15 15 15 16 16 16 17 17 17 18 18 18 19 19 19 20 20 20 21 21 21 22 22 22 23 23 23 24 24 24 25 25 25 26 26 26 27 27 27 28 28 28 29 29 29 30 30 30 31 31 31 32 32 32 33 33 33 34 34 34 35 35 35 36 36 36 37 37 37 38 38 38 39 39 39 40 40 40 41 41 41 42 42 42 43 43 43 44 44 44 45 45 45 46 46 46 47 47 47 48 48 48 49 49 49 50 50 50 51 51 51 52 52 52 53 53 53 54 54 54 55 55 55 56 56 56 52 57 52 51 58 51 57 59 57 58 60 58 59 61 59 60 62 60 61 63 61 62 64 62 63 65 63 6 66 6 64 67 64 65 68 65 66 69 66 67 70 67 68 71 68 69 72 69 70 73 70 71 74 71 62 75 62 72 76 72 63 77 63 73 78 73 74 79 74 75 80 75 76 81 76 77 82 77 78 83 78 79 84 79 80 85 80 81 86 81 82 87 82 83 88 83 84 89 84 85 90 85 86 91 86 87 92 87 88 93 88 89 94 89 90 95 90 91 96 91 92 97 92 93 98 93 94 99 94 95 100 95 96 101 96 97 102 97 98 103 98 99 104 99 100 105 100 101 106 101 102 107 102 103 108 103 104 109 104 105 110 105 106 111 106 107 112 107 108 113 108 109 114 109 110 115 110 111 116 111 112 117 112 113 118 113 114 119 114 115 120 115 116 121 116 117 122 117 118 123 118 119 124 119 120 125 120 121 126 121 122 127 122 123 128 123 30 129 30 124 130 124 31 131 31 125 132 125 126 133 126 127 134 127 128 135 128 129 136 129 130 137 130 131 138 131 132 139 132 133 140 133 134 141 134 135 142 135 136 143 136 137 144 137 138 145 138 139 146 139 140 147 140 141 148 141 17 149 17 142 150 142 143 151 143 144 152 144 145 153 145 146 154 146 147 155 147 148 156 148 149 157 149 150 158 150 151 159 151 152 160 152 111 161 111 153 162 153 154 163 154 155 164 155 156 165 156 157 166 157 158 167 158 159 168 159 160 169 160 161 170 161 162 171 162 163 172 163 164 173 164 165 174 165 166 175 166 167 176 167 168 177 168 169 178 169 170 179 170 171 180 171 172 181 172 173 182 173 174 183 174 175 184 175 38 185 38 176 186 176 177 187 177 178 188 178 179 189 179 180 190 180 181 191 181 182 192 182 183 193 183 184 194 184 185 195 185 186 196 186 187 197 187 188 198 188 189 199 189 190 200 190 191 201 191 192 202 192 193 203 193 194 204 194 195 205 195 196 206 196 197 207 197 198 208 198 199 209 199 200 210 200 201 211 201 202 212 202 203 213 203 102 214 102 204 215 204 205 216 205 206 217 206 207 218 207 208 219 208 209 220 209 210 221 210 197 222 197 211 223 211 212 224 212 213 225 213 214 226 214 215 227 215 216 228 216 217 229 217 218 230 218 219 231 219 220 232 220 221 233 221 222 234 222 223 235 223 224 236 224 225 237 225 226 238 226 227 239 227 228 240 228 229 241 229 230 242 230 231 243 231 232 244 232 27 245 27 233 246 233 234 247 234 235 248 235 236 249 236 237 250 237 238 251 238 239 252 239 240 253 240 241 254 241 242 255 242 243 256 243 81 257 81 244 258 244 245 259 245 246 260 246 247 261 247 67 262 67 248 263 248 249 264 249 250 265 250 251 266 251 252 267 252 253 268 253 254 269 254 255 270 255 256 271 256 257 272 257 258 273 258 259 274 259 260 275 260 261 276 261 262 277 262 263 278 263 105 279 105 104 280 104 264 281 264 265 282 265 266 283 266 267 284 267 268 285 268 21 286 21 269 287 269 270 288 270 271 289 271 272 290 272 273 291 273 274 292 274 275 293 275 276 294 276 277 295 277 278 296 278 279 297 279 65 298 65 64 299 64 280 300 280 281 301 281 186 302 186 282 303 282 283 304 283 284 305 284 285 306 285 286 307 286 287 308 287 288 309 288 289 310 289 290 311 290 291 312 291 292 313 292 293 314 293 294 315 294 295 316 295 296 317 296 297 318 297 298 319 298 299 320 299 300 321 300 301 322 301 302 323 302 303 324 303 304 325 304 305 326 305 306 327 306 307 328 307 308 329 308 139 330 139 309 331 309 310 332 310 311 333 311 312 334 312 313 335 313 314 336 314 315 337 315 316 338 316 317 339 317 318 340 318 319 341 319 320 342 320 321 343 321 322 344 322 323 345 323 324 346 324 325 347 325 293 348 293 326 349 326 327 350 327 61 351 61 63 352 63 328 353 328 329 354 329 330 355 330 331 356 331 332 357 332 333 358 333 334 359 334 335 360 335 235 361 235 336 362 336 337 363 337 338 364 338 339 365 339 340 366 340 341 367 341 342 368 342 317 369 317 343 370 343 344 371 344 345 372 345 346 373 346 347 374 347 348 375 348 349 376 349 350 377 350 351 378 351 352 379 352 353 380 353 354 381 354 355 382 355 356 383 356 357 384 357 323 385 323 146 386 146 53 387 53 358 388 358 359 389 359 11 390 11 360 391 360 9 392 9 361 393 361 362 394 362 363 395 363 364 396 364 365 397 365 134 398 134 94 399 94 366 400 366 367 401 367 368 402 368 369 403 369 370 404 370 371 405 371 240 406 240 372 407 372 373 408 373 374 409 374 375 410 375 376 411 376 377 412 377 245 413 245 378 414 378 379 415 379 380 416 380 381 417 381 382 418 382 383 419 383 339 420 339 384 421 384 337 422 337 385 423 385 386 424 386 48 425 48 183 426 183 387 427 387 388 428 388 389 429 389 185 430 185 390 431 390 391 432 391 392 433 392 393 434 393 394 435 394 395 436 395 396 437 396 397 438 397 398 439 398 399 440 399 400 441 400 401 442 401 402 443 402 403 444 403 404 445 404 405 446 405 406 447 406 407 448 407 408 449 408 409 450 409 410 451 410 411 452 411 412 453 412 413 454 413 414 455 414 87 456 87 415 457 415 416 458 416 25 459 25 417 460 417 418 461 418 419 462 419 420 463 420 421 464 421 422 465 422 423 466 423 424 467 424 425 468 425 426 469 426 427 470 427 428 471 428 429 472 429 430 473 430 431 474 431 432 475 432 433 476 433 434 477 434 435 478 435 436 479 436 437 480 437 438 481 438 439 482 439 440 483 440 441 484 441 442 485 442 443 486 443 444 487 444 445 488 445 446 489 446 447 490 447 445 491 445 448 492 448 449 493 449 450 494 450 451 495 451 452 496 452 453 497 453 454 498 454 455 499 455 456 500 456 457 501 457 455 502 455 458 503 458 459 504 459 460 505 460 461 506 461 462 507 462 463 508 463 464 509 464 465 510 465 466 511 466 467 512 467 468 513 468 192 514 192 469 515 469 470 516 470 471 517 471 472 518 472 473 519 473 474 520 474 74 521 74 475 522 475 476 523 476 477 524 477 159 525 159 478 526 478 160 527 160 479 528 479 480 529 480 481 530 481 482 531 482 483 532 483 484 533 484 485 534 485 210 535 210 486 536 486 487 537 487 488 538 488 489 539 489 490 540 490 244 541 244 491 542 491 492 543 492 493 544 493 494 545 494 495 546 495 496 547 496 497 548 497 498 549 498 227 550 227 499 551 499 500 552 500 114 553 114 501 554 501 502 555 502 503 556 503 504 557 504 505 558 505 506 559 506 507 560 507 508 561 508 509 562 509 510 563 510 511 564 511 512 565 512 513 566 513 514 567 514 515 568 515 516 569 516 517 570 517 27 571 27 518 572 518 164 573 164 519 574 519 520 575 520 71 576 71 426 577 426 69 578 69 521 579 521 212 580 212 522 581 522 387 582 387 183 583 183 523 584 523 524 585 524 525 586 525 526 587 526 527 588 527 528 589 528 529 590 529 530 591 530 531 592 531 532 593 532 533 594 533 534 595 534 535 596 535 536 597 536 537 598 537 538 599 538 539 600 539 540 601 540 541 602 541 542 603 542 543 604 543 544 605 544 545 606 545 546 607 546 547 608 547 548 609 548 549 610 549 550 611 550 551 612 551 167 613 167 166 614 166 552 615 552 553 616 553 554 617 554 555 618 555 556 619 556 557 620 557 558 621 558 559 622 559 560 623 560 561 624 561 375 625 375 562 626 562 563 627 563 118 628 118 564 629 564 279 630 279 565 631 565 566 632 566 567 633 567 568 634 568 569 635 569 570 636 570 571 637 571 572 638 572 573 639 573 574 640 574 575 641 575 576 642 576 577 643 577 578 644 578 579 645 579 73 646 73 580 647 580 581 648 581 582 649 582 583 650 583 584 651 584 585 652 585 586 653 586 587 654 587 588 655 588 589 656 589 590 657 590 591 658 591 592 659 592 593 660 593 594 661 594 595 662 595 211 663 211 596 664 596 597 665 597 598 666 598 599 667 599 600 668 600 16 669 16 601 670 601 602 671 602 603 672 603 604 673 604 605 674 605 406 675 406 408 676 408 606 677 606 174 678 174 607 679 607 608 680 608 609 681 609 610 682 610 611 683 611 612 684 612 613 685 613 614 686 614 251 687 251 546 688 546 545 689 545 615 690 615 616 691 616 617 692 617 359 693 359 358 694 358 618 695 618 619 696 619 620 697 620 621 698 621 622 699 622 623 700 623 624 701 624 625 702 625 626 703 626 627 704 627 628 705 628 629 706 629 630 707 630 43 708 43 631 709 631 632 710 632 632 711 632 633 712 633 366 713 366 634 714 634 635 715 635 636 716 636 637 717 637 638 718 638 639 719 639 640 720 640 641 721 641 642 722 642 643 723 643 644 724 644 645 725 645 646 726 646 647 727 647 648 728 648 649 729 649 650 730 650 651 731 651 188 732 188 652 733 652 189 734 189 653 735 653 50 736 50 49 737 49 487 738 487 489 739 489 654 740 654 655 741 655 656 742 656 657 743 657 658 744 658 659 745 659 145 746 145 660 747 660 661 748 661 662 749 662 663 750 663 263 751 263 664 752 664 665 753 665 666 754 666 667 755 667 668 756 668 669 757 669 670 758 670 356 759 356 362 760 362 671 761 671 672 762 672 673 763 673 674 764 674 675 765 675 676 766 676 677 767 677 678 768 678 679 769 679 680 770 680 681 771 681 682 772 682 683 773 683 684 774 684 190 775 190 685 776 685 686 777 686 687 778 687 688 779 688 689 780 689 690 781 690 266 782 266 691 783 691 692 784 692 693 785 693 694 786 694 695 787 695 696 788 696 464 789 464 697 790 697 698 791 698 699 792 699 15 793 15 700 794 700 550 795 550 549 796 549 701 797 701 702 798 702 703 799 703 704 800 704 705 801 705 706 802 706 707 803 707 708 804 708 709 805 709 710 806 710 711 807 711 712 808 712 713 809 713 714 810 714 231 811 231 27 812 27 715 813 715 716 814 716 717 815 717 718 816 718 719 817 719 720 818 720 721 819 721 638 820 638 722 821 722 723 822 723 724 823 724 725 824 725 726 825 726 727 826 727 728 827 728 729 828 729 730 829 730 731 830 731 732 831 732 733 832 733 734 833 734 735 834 735 736 835 736 737 836 737 33 837 33 512 838 512 34 839 34 224 840 224 738 841 738 739 842 739 740 843 740 741 844 741 742 845 742 743 846 743 302 847 302 744 848 744 745 849 745 746 850 746 747 851 747 748 852 748 749 853 749 750 854 750 751 855 751 752 856 752 753 857 753 754 858 754 656 859 656 755 860 755 551 861 551 756 862 756 757 863 757 758 864 758 759 865 759 760 866 760 495 867 495 497 868 497 760 869 760 761 870 761 762 871 762 763 872 763 764 873 764 765 874 765 766 875 766 767 876 767 768 877 768 769 878 769 163 879 163 770 880 770 771 881 771 772 882 772 773 883 773 774 884 774 249 885 249 775 886 775 250 887 250 676 888 676 776 889 776 677 890 677 777 891 777 778 892 778 779 893 779 740 894 740 780 895 780 506 896 506 47 897 47 209 898 209 45 899 45 195 900 195 781 901 781 196 902 196 782 903 782 783 904 783 784 905 784 570 906 570 572 907 572 173 908 173 785 909 785 329 910 329 331 911 331 786 912 786 144 913 144 787 914 787 322 915 322 55 916 55 54 917 54 788 918 788 573 919 573 575 920 575 369 921 369 789 922 789 790 923 790 791 924 791 792 925 792 793 926 793 794 927 794 795 928 795 796 929 796 434 930 434 797 931 797 798 932 798 799 933 799 800 934 800 801 935 801 802 936 802 803 937 803 804 938 804 805 939 805 806 940 806 807 941 807 808 942 808 424 943 424 423 944 423 809 945 809 810 946 810 811 947 811 812 948 812 813 949 813 814 950 814 815 951 815 816 952 816 817 953 817 62 954 62 462 955 462 818 956 818 819 957 819 820 958 820 821 959 821 822 960 822 823 961 823 504 962 504 824 963 824 825 964 825 113 965 113 826 966 826 827 967 827 828 968 828 829 969 829 830 970 830 831 971 831 832 972 832 833 973 833 834 974 834 835 975 835 836 976 836 837 977 837 104 978 104 537 979 537 536 980 536 24 981 24 838 982 838 256 983 256 126 984 126 361 985 361 127 986 127 839 987 839 840 988 840 841 989 841 842 990 842 843 991 843 844 992 844 110 993 110 845 994 845 846 995 846 847 996 847 848 997 848 849 998 849 455 999 455 850 1000 850 458 1001 458 851 1002 851 852 1003 852 853 1004 853 852 1005 852 854 1006 854 853 1007 853 620 1008 620 855 1009 855 621 1010 621 856 1011 856 857 1012 857 858 1013 858 859 1014 859 860 1015 860 861 1016 861 862 1017 862 863 1018 863 864 1019 864 865 1020 865 866 1021 866 867 1022 867 868 1023 868 869 1024 869 70 1025 70 870 1026 870 871 1027 871 872 1028 872 873 1029 873 874 1030 874 875 1031 875 876 1032 876 877 1033 877 138 1034 138 444 1035 444 443 1036 443 878 1037 878 879 1038 879 134 1039 134 365 1040 365 880 1041 880 881 1042 881 882 1043 882 883 1044 883 191 1045 191 193 1046 193 884 1047 884 885 1048 885 886 1049 886 887 1050 887 888 1051 888 53 1052 53 889 1053 889 890 1054 890 891 1055 891 259 1056 259 892 1057 892 260 1058 260 893 1059 893 894 1060 894 895 1061 895 896 1062 896 865 1063 865 867 1064 867 897 1065 897 641 1066 641 640 1067 640 156 1068 156 128 1069 128 898 1070 898 352 1071 352 899 1072 899 900 1073 900 901 1074 901 902 1075 902 800 1076 800 903 1077 903 904 1078 904 905 1079 905 906 1080 906 245 1081 245 907 1082 907 908 1083 908 909 1084 909 910 1085 910 911 1086 911 912 1087 912 913 1088 913 914 1089 914 915 1090 915 916 1091 916 173 1092 173 332 1093 332 171 1094 171 37 1095 37 917 1096 917 918 1097 918 919 1098 919 212 1099 212 521 1100 521 694 1101 694 696 1102 696 920 1103 920 684 1104 684 685 1105 685 921 1106 921 922 1107 922 923 1108 923 924 1109 924 733 1110 733 925 1111 925 734 1112 734 926 1113 926 927 1114 927 928 1115 928 929 1116 929 930 1117 930 931 1118 931 857 1119 857 932 1120 932 933 1121 933 934 1122 934 935 1123 935 936 1124 936 937 1125 937 938 1126 938 939 1127 939 228 1128 228 230 1129 230 519 1130 519 940 1131 940 941 1132 941 817 1133 817 716 1134 716 942 1135 942 943 1136 943 944 1137 944 945 1138 945 946 1139 946 947 1140 947 948 1141 948 949 1142 949 950 1143 950 951 1144 951 129 1145 129 952 1146 952 470 1147 470 953 1148 953 954 1149 954 955 1150 955 956 1151 956 957 1152 957 958 1153 958 959 1154 959 960 1155 960 961 1156 961 962 1157 962 963 1158 963 964 1159 964 965 1160 965 612 1161 612 966 1162 966 965 1163 965 383 1164 383 967 1165 967 381 1166 381 383 1167 383 968 1168 968 967 1169 967 969 1170 969 970 1171 970 386 1172 386 970 1173 970 971 1174 971 321 1175 321 972 1176 972 415 1177 415 973 1178 973 974 1179 974 975 1180 975 976 1181 976 977 1182 977 978 1183 978 979 1184 979 215 1185 215 593 1186 593 213 1187 213 18 1188 18 980 1189 980 981 1190 981 982 1191 982 266 1192 266 477 1193 477 983 1194 983 984 1195 984 985 1196 985 986 1197 986 987 1198 987 988 1199 988 989 1200 989 990 1201 990 991 1202 991 992 1203 992 993 1204 993 994 1205 994 995 1206 995 533 1207 533 535 1208 535 996 1209 996 997 1210 997 342 1211 342 379 1212 379 998 1213 998 380 1214 380 999 1215 999 1000 1216 1000 1001 1217 1001 1002 1218 1002 1003 1219 1003 476 1220 476 1004 1221 1004 730 1222 730 1005 1223 1005 1006 1224 1006 1007 1225 1007 1008 1226 1008 1009 1227 1009 1010 1228 1010 1011 1229 1011 1012 1230 1012 1013 1231 1013 1014 1232 1014 1015 1233 1015 1016 1234 1016 1017 1235 1017 1018 1236 1018 1019 1237 1019 1020 1238 1020 1021 1239 1021 835 1240 835 1022 1241 1022 242 1242 242 81 1243 81 1023 1244 1023 1024 1245 1024 329 1246 329 1025 1247 1025 1026 1248 1026 1027 1249 1027 1028 1250 1028 1029 1251 1029 1030 1252 1030 1031 1253 1031 1032 1254 1032 1033 1255 1033 418 1256 418 1034 1257 1034 1035 1258 1035 1036 1259 1036 1037 1260 1037 1038 1261 1038 592 1262 592 1039 1263 1039 1040 1264 1040 1041 1265 1041 789 1266 789 369 1267 369 368 1268 368 40 1269 40 39 1270 39 526 1271 526 216 1272 216 218 1273 218 1042 1274 1042 939 1275 939 1043 1276 1043 937 1277 937 1044 1278 1044 615 1279 615 324 1280 324 1045 1281 1045 618 1282 618 358 1283 358 1 1284 1 496 1285 496 1046 1286 1046 45 1287 45 1047 1288 1047 46 1289 46 1048 1290 1048 1049 1291 1049 1050 1292 1050 829 1293 829 1051 1294 1051 830 1295 830 501 1296 501 1052 1297 1052 1053 1298 1053 1054 1299 1054 1055 1300 1055 274 1301 274 1056 1302 1056 132 1303 132 1057 1304 1057 1058 1305 1058 1059 1306 1059 1060 1307 1060 366 1308 366 681 1309 681 367 1310 367 1061 1311 1061 1062 1312 1062 1063 1313 1063 1064 1314 1064 1065 1315 1065 1066 1316 1066 1067 1317 1067 334 1318 334 333 1319 333 346 1320 346 345 1321 345 1068 1322 1068 1069 1323 1069 1070 1324 1070 1071 1325 1071 1072 1326 1072 719 1327 719 1073 1328 1073 686 1329 686 1074 1330 1074 687 1331 687 377 1332 377 376 1333 376 1075 1334 1075 870 1335 870 1076 1336 1076 871 1337 871 712 1338 712 242 1339 242 713 1340 713 1077 1341 1077 1078 1342 1078 524 1343 524 1079 1344 1079 1080 1345 1080 1081 1346 1081 432 1347 432 1082 1348 1082 1083 1349 1083 924 1350 924 923 1351 923 1084 1352 1084 337 1353 337 384 1354 384 1085 1355 1085 1086 1356 1086 296 1357 296 1087 1358 1087 1088 1359 1088 430 1360 430 429 1361 429 27 1362 27 517 1363 517 28 1364 28 812 1365 812 814 1366 814 1089 1367 1089 764 1368 764 766 1369 766 7 1370 7 1090 1371 1090 764 1372 764 373 1373 373 1091 1374 1091 1092 1375 1092 1093 1376 1093 1094 1377 1094 92 1378 92 1071 1379 3131 1095 1380 1095 954 1381 954 956 1382 956 149 1383 149 703 1384 703 1096 1385 1096 224 1386 224 739 1387 739 222 1388 222 1097 1389 1097 1098 1390 1098 1099 1391 1099 1100 1392 1100 1101 1393 1101 1102 1394 1102 1103 1395 1103 303 1396 303 1104 1397 1104 1105 1398 1105 1106 1399 1106 198 1400 198 1107 1401 1107 1108 1402 1108 1109 1403 1109 1110 1404 1110 1111 1405 1111 1112 1406 1112 462 1407 462 1113 1408 1113 463 1409 463 448 1410 448 450 1411 450 326 1412 326 522 1413 522 1114 1414 1114 1115 1415 1115 1116 1416 1116 1117 1417 1117 1118 1418 1118 1119 1419 1119 1120 1420 1120 1121 1421 1121 1122 1422 1122 137 1423 137 1123 1424 1123 1124 1425 1124 1125 1426 1125 1126 1427 1126 1127 1428 1127 1128 1429 1128 1129 1430 1129 1130 1431 1130 1131 1432 1131 1132 1433 1132 1133 1434 1133 1134 1435 1134 1135 1436 1135 1136 1437 1136 1137 1438 1137 1138 1439 1138 1139 1440 1139 485 1441 485 1140 1442 1140 1141 1443 1141 1142 1444 1142 1143 1445 1143 1144 1446 1144 1145 1447 1145 1146 1448 1146 1144 1449 1144 1147 1450 1147 1145 1451 1145 1148 1452 1148 1149 1453 1149 1150 1454 1150 1151 1455 1151 427 1456 427 1152 1457 1152 1153 1458 1153 1042 1459 1042 1154 1460 1154 511 1461 511 1155 1462 1155 1156 1463 1156 650 1464 3062 649 1465 3061 1157 1466 1157 1158 1467 1158 1159 1468 1159 103 1469 103 156 1470 156 158 1471 158 1160 1472 1160 1161 1473 1161 1162 1474 1162 1163 1475 1163 248 1476 248 67 1477 67 1164 1478 1164 1165 1479 1165 1166 1480 1166 1167 1481 1167 1168 1482 1168 871 1483 871 1169 1484 1169 1009 1485 3084 1011 1486 3101 1170 1487 1170 1171 1488 1171 1172 1489 1172 1173 1490 1173 763 1491 763 1174 1492 1174 1175 1493 1175 1176 1494 1176 621 1495 621 855 1496 855 1177 1497 1177 1178 1498 1178 1179 1499 1179 1180 1500 1180 1181 1501 1181 1182 1502 1182 1183 1503 1183 1184 1504 1184 1185 1505 1185 1186 1506 1186 1187 1507 1187 1188 1508 1188 1189 1509 1189 1190 1510 1190 1191 1511 1191 665 1512 665 1192 1513 1192 1193 1514 1193 1192 1515 1192 160 1516 160 478 1517 478 1194 1518 1194 1195 1519 1195 1196 1520 1196 903 1521 903 1197 1522 1197 904 1523 904 1198 1524 1198 1199 1525 1199 1200 1526 1200 1201 1527 1201 1202 1528 1202 473 1529 473 1203 1530 1203 1204 1531 1204 1205 1532 1205 1206 1533 1206 1207 1534 1207 1208 1535 1208 1209 1536 1209 1210 1537 1210 1211 1538 1211 1212 1539 1212 1213 1540 1213 1039 1541 1039 234 1542 234 233 1543 233 57 1544 57 1214 1545 1214 1215 1546 1215 1216 1547 1216 732 1548 732 1217 1549 1217 733 1550 733 477 1551 477 266 1552 266 265 1553 265 1218 1554 1218 1219 1555 1219 1220 1556 1220 1221 1557 1221 1222 1558 1222 544 1559 544 1223 1560 1223 43 1561 43 42 1562 42 755 1563 755 656 1564 656 655 1565 655 661 1566 661 1224 1567 1224 662 1568 662 1225 1569 1225 1226 1570 1226 883 1571 883 1227 1572 1227 1228 1573 1228 1229 1574 1229 1230 1575 1230 1231 1576 1231 1232 1577 1232 1233 1578 1233 1234 1579 1234 1235 1580 1235 1236 1581 1236 1237 1582 1237 1238 1583 1238 1239 1584 1239 1214 1585 1214 1216 1586 1216 1240 1587 1240 144 1588 144 1241 1589 1241 27 1590 27 232 1591 232 518 1592 518 1242 1593 1242 1243 1594 1243 1244 1595 1244 560 1596 560 559 1597 559 1245 1598 1245 1246 1599 1246 1247 1600 1247 1248 1601 1248 1249 1602 1249 1250 1603 1250 1251 1604 1251 946 1605 3088 945 1606 3085 1252 1607 1252 1253 1608 1253 1254 1609 1254 1255 1610 1255 1256 1611 1256 322 1612 322 1257 1613 1257 1258 1614 1258 1259 1615 1259 1260 1616 1260 1261 1617 1261 1262 1618 1262 991 1619 991 1263 1620 1263 1264 1621 1264 291 1622 291 1265 1623 1265 1266 1624 1266 1267 1625 1267 92 1626 92 1268 1627 1268 93 1628 93 1269 1629 1269 1270 1630 1270 1271 1631 1271 1272 1632 1272 1273 1633 1273 1274 1634 1274 1275 1635 1275 1276 1636 1276 1277 1637 1277 1016 1638 3106 1015 1639 3105 1278 1640 1278 1279 1641 1279 1280 1642 1280 1281 1643 1281 945 1644 3085 1282 1645 1282 1252 1646 1252 1283 1647 1283 1284 1648 1284 1285 1649 1285 1286 1650 1286 1287 1651 1287 1288 1652 1288 1289 1653 1289 1290 1654 1290 709 1655 709 1232 1656 3107 1291 1657 1291 1230 1658 3102 395 1659 395 555 1660 3164 1292 1661 1292 1293 1662 1293 1294 1663 1294 1295 1664 1295 117 1665 117 1296 1666 1296 1297 1667 1297 493 1668 493 1298 1669 1298 909 1670 909 1299 1671 1299 1300 1672 1300 777 1673 777 798 1674 798 797 1675 797 1301 1676 1301 1302 1677 1302 1303 1678 1303 1304 1679 1304 11 1680 11 10 1681 10 1305 1682 1305 589 1683 589 1306 1684 1306 587 1685 587 1307 1686 1307 1308 1687 1308 1309 1688 1309 759 1689 759 758 1690 758 1310 1691 1310 164 1692 164 520 1693 520 1311 1694 1311 664 1695 664 1312 1696 1312 24 1697 24 1313 1698 1313 1314 1699 1314 1315 1700 1315 1316 1701 1316 1317 1702 1317 1318 1703 1318 1319 1704 1319 1320 1705 1320 1321 1706 1321 1322 1707 1322 670 1708 670 1323 1709 1323 355 1710 355 354 1711 354 1324 1712 1324 352 1713 352 900 1714 900 1325 1715 1325 1326 1716 1326 1067 1717 1067 333 1718 333 992 1719 3092 1327 1720 1327 993 1721 3097 462 1722 462 1328 1723 1328 818 1724 818 782 1725 782 784 1726 784 1329 1727 1329 1330 1728 1330 1331 1729 1331 1332 1730 1332 1333 1731 1333 1334 1732 1334 1335 1733 1335 1336 1734 1336 264 1735 264 1337 1736 1337 931 1737 3076 930 1738 3075 1338 1739 1338 1339 1740 1339 1340 1741 1340 345 1742 345 208 1743 208 210 1744 210 747 1745 747 1341 1746 1341 976 1747 3153 1342 1748 1342 768 1749 768 1343 1750 1343 1344 1751 1344 1345 1752 1345 1346 1753 1346 1347 1754 1347 1348 1755 1348 835 1756 835 1349 1757 1349 1350 1758 1350 1351 1759 1351 1352 1760 1352 1353 1761 1353 1354 1762 1354 1355 1763 1355 1356 1764 1356 1357 1765 1357 1358 1766 1358 1359 1767 1359 1177 1768 1177 1360 1769 1360 1361 1770 1361 1362 1771 1362 1363 1772 1363 1364 1773 1364 824 1774 824 1365 1775 1365 1366 1776 1366 1367 1777 1367 1368 1778 1368 1369 1779 1369 1370 1780 1370 1371 1781 1371 1372 1782 1372 1037 1783 1037 592 1784 592 1373 1785 1373 1374 1786 1374 100 1787 100 1375 1788 1375 1376 1789 1376 1377 1790 1377 1157 1791 1157 649 1792 3061 1378 1793 1378 1379 1794 1379 1380 1795 1380 132 1796 132 1381 1797 1381 1382 1798 1382 1383 1799 1383 1384 1800 1384 1385 1801 1385 753 1802 753 1386 1803 1386 1387 1804 1387 1388 1805 1388 1389 1806 1389 1390 1807 1390 1391 1808 1391 973 1809 973 1389 1810 1389 972 1811 972 314 1812 314 1392 1813 1392 1393 1814 1393 1392 1815 1392 314 1816 314 802 1817 802 1394 1818 1394 1395 1819 1395 1396 1820 1396 1397 1821 1397 1398 1822 1398 1399 1823 1399 560 1824 560 1400 1825 1400 396 1826 396 189 1827 189 1401 1828 1401 1402 1829 1402 707 1830 707 1186 1831 1186 1188 1832 1188 1403 1833 1403 1404 1834 1404 707 1835 707 1405 1836 1405 1406 1837 1406 1407 1838 1407 1408 1839 1408 1409 1840 1409 1407 1841 1407 283 1842 3045 282 1843 3043 1410 1844 1410 826 1845 826 831 1846 3365 827 1847 827 1411 1848 1411 1412 1849 1412 1413 1850 1413 515 1851 515 1414 1852 1414 516 1853 516 1415 1854 1415 1416 1855 1416 1417 1856 1417 907 1857 907 1418 1858 1418 906 1859 906 1419 1860 1419 1420 1861 1420 1421 1862 1421 1177 1863 1177 1422 1864 1422 1423 1865 1423 602 1866 602 1424 1867 1424 1425 1868 1425 16 1869 16 602 1870 602 17 1871 17 1213 1872 1213 1426 1873 1426 1210 1874 1210 1427 1875 1427 961 1876 961 960 1877 960 1428 1878 1428 1429 1879 1429 1430 1880 1430 1431 1881 1431 875 1882 875 1432 1883 1432 1433 1884 1433 1434 1885 1434 1435 1886 1435 498 1887 498 1433 1888 1433 1435 1889 1435 1436 1890 1436 1437 1891 1437 1438 1892 1438 1439 1893 1439 1440 1894 1440 1438 1895 1438 1441 1896 1441 1442 1897 1442 1443 1898 1443 1444 1899 1444 1442 1900 1442 1441 1901 1441 1364 1902 1364 1445 1903 1445 824 1904 824 271 1905 271 270 1906 270 598 1907 598 1446 1908 1446 1447 1909 1447 642 1910 642 61 1911 61 328 1912 328 854 1913 854 39 1914 39 1448 1915 1448 1449 1916 1449 39 1917 39 1131 1918 1131 1448 1919 1448 104 1920 104 646 1921 646 1450 1922 1450 647 1923 647 1451 1924 1451 1452 1925 1452 1453 1926 1453 467 1927 467 466 1928 466 1454 1929 1454 1455 1930 1455 1231 1931 1231 1456 1932 1456 1457 1933 1457 1458 1934 1458 1459 1935 1459 1460 1936 1460 1461 1937 1461 1462 1938 1462 1463 1939 1463 1464 1940 1464 1465 1941 1465 1463 1942 1463 1462 1943 1462 4 1944 4 1466 1945 1466 5 1946 5 398 1947 398 1467 1948 1467 1468 1949 1468 1469 1950 1469 1470 1951 1470 1471 1952 1471 1472 1953 1472 1395 1954 3177 1473 1955 1473 1474 1956 1474 1475 1957 1475 1476 1958 1476 364 1959 364 860 1960 860 859 1961 859 437 1962 437 629 1963 629 628 1964 628 1477 1965 1477 866 1966 866 865 1967 865 701 1968 701 1478 1969 1478 1479 1970 1479 474 1971 474 707 1972 707 1404 1973 1404 1275 1974 1275 1480 1975 1480 1276 1976 1276 610 1977 610 1481 1978 1481 1066 1979 3342 186 1980 186 1482 1981 1482 280 1982 280 1483 1983 1483 905 1984 3179 1484 1985 1484 1485 1986 1485 606 1987 606 1486 1988 1486 1124 1989 1124 1487 1990 1487 1488 1991 1488 683 1992 683 1489 1993 1489 680 1994 680 1490 1995 1490 165 1996 165 167 1997 167 1491 1998 1491 1492 1999 1492 1160 2000 1160 950 2001 950 129 2002 129 848 2003 848 1493 2004 1493 1494 2005 1494 1495 2006 1495 1109 2007 1109 1496 2008 1496 1497 2009 1497 561 2010 561 674 2011 674 564 2012 564 116 2013 116 1498 2014 1498 1499 2015 1499 110 2016 110 151 2017 151 111 2018 111 601 2019 601 1500 2020 1500 599 2021 599 1501 2022 1501 3 2023 3 1502 2024 1502 1141 2025 1141 654 2026 654 489 2027 489 1503 2028 1503 1504 2029 1504 1505 2030 1505 1506 2031 1506 1507 2032 1507 1508 2033 1508 1509 2034 1509 1418 2035 3180 1510 2036 1510 1511 2037 1511 1167 2038 1167 1166 2039 1166 1512 2040 1512 1513 2041 1513 1514 2042 1514 1515 2043 1515 1516 2044 1516 1517 2045 1517 1518 2046 1518 54 2047 54 56 2048 56 1519 2049 1519 1520 2050 1520 188 2051 188 1521 2052 1521 1522 2053 1522 1523 2054 1523 1523 2055 1523 1524 2056 1524 917 2057 917 1525 2058 1525 1526 2059 1526 1527 2060 1527 1528 2061 1528 1529 2062 1529 725 2063 725 1530 2064 1530 1531 2065 1531 1532 2066 1532 1531 2067 1531 1533 2068 1533 1534 2069 1534 1097 2070 1097 1535 2071 1535 1098 2072 1098 1536 2073 1536 1537 2074 1537 1538 2075 1538 1348 2076 1348 836 2077 836 835 2078 835 1539 2079 1539 412 2080 3358 1540 2081 1540 1541 2082 1541 1542 2083 1542 1543 2084 1543 1544 2085 1544 1545 2086 1545 1546 2087 1546 1375 2088 1375 1377 2089 1377 1547 2090 1547 1548 2091 1548 1549 2092 1549 1550 2093 1550 1551 2094 1551 1064 2095 1064 1552 2096 1552 1080 2097 1080 1553 2098 1553 1554 2099 1554 1555 2100 1555 1556 2101 1556 1557 2102 1557 1558 2103 1558 765 2104 765 764 2105 764 1559 2106 1559 1560 2107 1560 853 2108 853 448 2109 448 1561 2110 1561 449 2111 449 1562 2112 1562 759 2113 759 1310 2114 1310 135 2115 135 1563 2116 1563 136 2117 136 1564 2118 1564 1565 2119 1565 1566 2120 1566 1567 2121 1567 1568 2122 1568 1569 2123 1569 1570 2124 1570 1208 2125 1208 1207 2126 1207 1571 2127 1571 1572 2128 1572 1573 2129 1573 1574 2130 1574 1575 2131 1575 1576 2132 1576 596 2133 596 1576 2134 1576 597 2135 597 721 2136 721 1577 2137 1577 1578 2138 1578 1579 2139 1579 1580 2140 1580 1581 2141 1581 1582 2142 1582 1583 2143 1583 1584 2144 1584 1585 2145 1585 605 2146 605 1586 2147 1586 965 2148 965 311 2149 311 963 2150 963 1587 2151 1587 1588 2152 1588 472 2153 472 1058 2154 1058 1589 2155 1589 1059 2156 1059 225 2157 225 1590 2158 1590 226 2159 226 1591 2160 1591 1592 2161 1592 1593 2162 1593 59 2163 59 58 2164 58 293 2165 293 1594 2166 1594 1595 2167 1595 1596 2168 1596 634 2169 634 636 2170 636 1597 2171 1597 1598 2172 1598 1599 2173 1599 1600 2174 1600 1600 2175 1600 1203 2176 1203 1601 2177 1601 1602 2178 1602 1603 2179 1603 1284 2180 3196 1604 2181 1604 667 2182 667 666 2183 666 1605 2184 1605 1606 2185 1606 1607 2186 1607 1608 2187 1608 1609 2188 1609 1610 2189 1610 1611 2190 1611 1612 2191 1612 1613 2192 1613 1614 2193 1614 1615 2194 1615 1616 2195 1616 1351 2196 1351 1617 2197 1617 1352 2198 1352 71 2199 71 1618 2200 1618 294 2201 294 1619 2202 1619 1620 2203 1620 1621 2204 1621 1622 2205 1622 1623 2206 1623 1397 2207 1397 1624 2208 1624 1008 2209 1008 1625 2210 1625 1626 2211 1626 126 2212 126 125 2213 125 1627 2214 1627 1025 2215 1025 329 2216 329 1628 2217 1628 989 2218 989 1629 2219 1629 1630 2220 1630 1631 2221 1631 1632 2222 1632 1633 2223 1633 1634 2224 1634 1632 2225 3204 1635 2226 1635 436 2227 436 1636 2228 1636 1637 2229 1637 1272 2230 3081 1274 2231 3147 192 2232 192 191 2233 191 469 2234 469 1638 2235 1638 1639 2236 1639 1519 2237 1519 1640 2238 1640 1641 2239 1641 974 2240 974 1642 2241 1642 1643 2242 1643 1644 2243 1644 1645 2244 1645 1416 2245 3173 1415 2246 3172 675 2247 675 1646 2248 1646 676 2249 676 76 2250 76 78 2251 78 12 2252 12 1647 2253 1647 1191 2254 1191 1648 2255 1648 1381 2256 3211 1649 2257 1649 1650 2258 1650 400 2259 400 1651 2260 1651 631 2261 631 1652 2262 1652 1653 2263 1653 1654 2264 1654 1655 2265 1655 1656 2266 1656 1657 2267 1657 1658 2268 1658 1659 2269 1659 297 2270 297 1660 2271 1660 1658 2272 1658 1661 2273 1661 1381 2274 1381 1383 2275 1383 1649 2276 3212 1662 2277 1662 1606 2278 3083 1605 2279 3197 1238 2280 1238 808 2281 808 1236 2282 1236 1663 2283 1663 424 2284 424 808 2285 808 1664 2286 1664 1665 2287 1665 1666 2288 1666 1149 2289 1149 1667 2290 1667 1668 2291 1668 1669 2292 1669 980 2293 980 619 2294 619 619 2295 619 1670 2296 1670 1669 2297 1669 914 2298 914 1671 2299 1671 141 2300 141 1672 2301 1672 915 2302 915 914 2303 914 1673 2304 1673 1674 2305 1674 1672 2306 1672 1675 2307 1675 414 2308 414 1676 2309 1676 531 2310 531 1677 2311 1677 532 2312 532 1678 2313 1678 1679 2314 1679 1680 2315 1680 1681 2316 1681 679 2317 679 678 2318 678 1682 2319 1682 1683 2320 1683 682 2321 682 1684 2322 1684 1685 2323 1685 1686 2324 1686 1687 2325 1687 1688 2326 1688 1689 2327 1689 376 2328 376 1690 2329 1690 562 2330 562 1691 2331 1691 374 2332 374 1692 2333 1692 491 2334 491 875 2335 875 1431 2336 1431 1693 2337 1693 1075 2338 1075 1694 2339 1694 1611 2340 3198 1695 2341 1695 1696 2342 1696 1697 2343 1697 1225 2344 1225 1698 2345 1698 1250 2346 3098 1699 2347 1699 1004 2348 1004 1700 2349 1700 1701 2350 1701 946 2351 946 1702 2352 1702 1703 2353 1703 1156 2354 1156 1153 2355 1153 1704 2356 1704 1505 2357 1505 1705 2358 1705 348 2359 348 1269 2360 3146 1706 2361 1706 1707 2362 1707 1708 2363 1708 1709 2364 1709 1710 2365 1710 401 2366 401 1060 2367 3121 1059 2368 3119 1711 2369 1711 1712 2370 1712 1713 2371 1713 1714 2372 1714 1715 2373 1715 1471 2374 1471 1716 2375 1716 711 2376 711 1717 2377 1717 712 2378 712 1276 2379 1276 1480 2380 1480 1718 2381 1718 997 2382 997 622 2383 622 624 2384 624 858 2385 858 1719 2386 1719 856 2387 856 1720 2388 1720 1070 2389 1070 1721 2390 1721 1269 2391 3146 1271 2392 3144 1722 2393 1722 1723 2394 1723 1724 2395 1724 1360 2396 3162 928 2397 928 1725 2398 1725 926 2399 926 1726 2400 1726 1189 2401 1189 1727 2402 1727 1186 2403 1186 707 2404 707 706 2405 706 1684 2406 1684 357 2407 357 1685 2408 1685 1728 2409 1728 1729 2410 1729 1730 2411 1730 1731 2412 1731 1732 2413 1732 1733 2414 1733 1734 2415 1734 1735 2416 1735 1736 2417 1736 1737 2418 1737 124 2419 124 1628 2420 1628 1738 2421 1738 1262 2422 1262 1739 2423 1739 388 2424 388 184 2425 184 183 2426 183 1740 2427 1740 1333 2428 1333 1741 2429 1741 1742 2430 1742 1743 2431 1743 53 2432 53 1744 2433 1744 1730 2434 1730 1745 2435 1745 1746 2436 1746 1747 2437 1747 1748 2438 1748 51 2439 51 234 2440 234 57 2441 57 1749 2442 1749 1750 2443 1750 929 2444 929 894 2445 894 343 2446 343 895 2447 895 1751 2448 1751 1752 2449 1752 1753 2450 1753 1754 2451 1754 1755 2452 1755 1422 2453 1422 1074 2454 1074 1756 2455 1756 1757 2456 1757 235 2457 235 1758 2458 1758 233 2459 233 1370 2460 3165 1759 2461 1759 1760 2462 1760 1761 2463 1761 1762 2464 1762 1763 2465 1763 1764 2466 1764 1765 2467 1765 841 2468 841 841 2469 841 1766 2470 1766 1767 2471 1767 292 2472 292 291 2473 291 1768 2474 1768 1656 2475 3214 1655 2476 3213 1769 2477 1769 645 2478 645 644 2479 644 1770 2480 1770 1771 2481 1771 1772 2482 1772 641 2483 641 70 2484 70 1591 2485 1591 1773 2486 1773 1773 2487 1773 1774 2488 1774 1087 2489 1087 1775 2490 1775 508 2491 508 1776 2492 1776 1536 2493 1536 1538 2494 1538 1777 2495 1777 697 2496 697 464 2497 464 463 2498 463 1778 2499 1778 1112 2500 1112 1779 2501 1779 1780 2502 1780 536 2503 536 1781 2504 1781 22 2505 22 21 2506 21 1782 2507 1782 1783 2508 1783 813 2509 813 1784 2510 1784 1784 2511 1784 1544 2512 1544 1546 2513 1546 1785 2514 1785 1786 2515 1786 1787 2516 1787 1788 2517 1788 1789 2518 1789 1168 2519 3108 1790 2520 1790 1791 2521 1791 1792 2522 1792 1793 2523 1793 1794 2524 1794 1790 2525 1790 1795 2526 1795 219 2527 219 221 2528 221 1795 2529 1795 1796 2530 1796 575 2531 575 1204 2532 1204 1797 2533 1797 1798 2534 1798 1799 2535 1799 1708 2536 3226 744 2537 744 1390 2538 1390 1389 2539 1389 1800 2540 1800 767 2541 767 1343 2542 1343 768 2543 768 1801 2544 1801 1305 2545 1305 1802 2546 1802 308 2547 308 307 2548 307 455 2549 455 1803 2550 1803 581 2551 581 1804 2552 1804 1805 2553 1805 1806 2554 1806 1151 2555 1151 1807 2556 1807 422 2557 422 1808 2558 1808 1809 2559 1809 1309 2560 1309 1810 2561 1810 1811 2562 1811 1812 2563 1812 1813 2564 1813 1814 2565 1814 978 2566 978 977 2567 977 748 2568 748 1388 2569 1388 1387 2570 1387 1132 2571 1132 1131 2572 1131 1815 2573 1815 1816 2574 1816 1687 2575 1687 1817 2576 1817 1818 2577 1818 1819 2578 1819 1595 2579 3193 1105 2580 1105 1820 2581 1820 1106 2582 1106 1821 2583 1821 1822 2584 1822 1823 2585 1823 1080 2586 1080 1824 2587 1824 1825 2588 1825 1826 2589 1826 1827 2590 1827 1481 2591 1481 650 2592 650 90 2593 90 651 2594 651 892 2595 892 651 2596 651 1828 2597 1828 1829 2598 1829 1830 2599 1830 1831 2600 1831 1832 2601 1832 1830 2602 1830 1829 2603 1829 1833 2604 1833 1834 2605 1834 1835 2606 1835 1836 2607 1836 1725 2608 1725 928 2609 928 18 2610 18 981 2611 981 19 2612 19 807 2613 807 804 2614 804 19 2615 19 236 2616 236 238 2617 238 392 2618 392 1837 2619 1837 1838 2620 1838 1016 2621 1016 1839 2622 1839 1411 2623 3258 1840 2624 1840 1702 2625 1702 1156 2626 1156 1155 2627 1155 1841 2628 1841 152 2629 152 601 2630 601 1478 2631 1478 699 2632 699 1479 2633 1479 1184 2634 1184 1183 2635 1183 1842 2636 1842 1843 2637 1843 1136 2638 1136 1844 2639 1844 1324 2640 1324 1845 2641 1845 1318 2642 3148 1846 2643 1846 1847 2644 1847 1848 2645 1848 1219 2646 3262 1849 2647 1849 1850 2648 1850 1851 2649 1851 750 2650 3264 1852 2651 1852 1853 2652 1853 1854 2653 1854 580 2654 580 1199 2655 3129 1198 2656 3123 1855 2657 1855 1856 2658 1856 801 2659 801 800 2660 800 1286 2661 1286 390 2662 390 1287 2663 1287 958 2664 958 1857 2665 1857 1858 2666 1858 1859 2667 1859 1374 2668 1374 1037 2669 3171 1860 2670 1860 313 2671 313 312 2672 312 1861 2673 1861 1862 2674 1862 912 2675 912 1863 2676 1863 1864 2677 1864 1865 2678 1865 1430 2679 3270 1866 2680 1866 1432 2681 1432 1100 2682 3135 1102 2683 3103 1867 2684 1867 1868 2685 1868 1869 2686 1869 306 2687 306 1443 2688 1443 815 2689 815 1870 2690 1870 1244 2691 1244 519 2692 519 1871 2693 1871 702 2694 702 704 2695 704 1872 2696 1872 1873 2697 1873 1406 2698 1406 1874 2699 1874 379 2700 379 378 2701 378 1875 2702 1875 1876 2703 1876 1877 2704 1877 1878 2705 1878 1879 2706 1879 1880 2707 1880 1881 2708 1881 1882 2709 1882 332 2710 332 334 2711 334 1226 2712 1226 1225 2713 1225 1883 2714 1883 889 2715 889 1884 2716 1884 1885 2717 1885 46 2718 46 499 2719 499 1886 2720 1886 780 2721 780 507 2722 507 506 2723 506 810 2724 810 1887 2725 1887 811 2726 811 1091 2727 3087 1093 2728 3133 1888 2729 1888 372 2730 372 1889 2731 1889 371 2732 371 1796 2733 1796 1890 2734 1890 575 2735 575 979 2736 979 978 2737 978 1891 2738 1891 1892 2739 1892 215 2740 215 1893 2741 1893 1894 2742 1894 1895 2743 1895 1896 2744 1896 1438 2745 1438 1897 2746 1897 1436 2747 1436 1898 2748 1898 1899 2749 1899 1810 2750 1810 809 2751 809 287 2752 287 286 2753 286 1900 2754 1900 1901 2755 1901 1902 2756 1902 1903 2757 1903 1904 2758 1904 1905 2759 1905 1906 2760 1906 1907 2761 1907 1908 2762 1908 1908 2763 1908 1907 2764 1907 163 2765 163 1909 2766 1909 1910 2767 1910 76 2768 76 12 2769 12 14 2770 14 76 2771 76 1418 2772 3180 1911 2773 1911 908 2774 908 201 2775 201 200 2776 200 1415 2777 3172 1912 2778 1912 1336 2779 1336 1337 2780 1337 1913 2781 1913 1914 2782 1914 1915 2783 1915 303 2784 303 305 2785 305 1104 2786 1104 592 2787 592 1916 2788 1916 590 2789 590 1917 2790 1917 1918 2791 1918 1026 2792 1026 1919 2793 1919 1920 2794 1920 1921 2795 1921 868 2796 868 60 2797 60 869 2798 869 868 2799 868 919 2800 919 521 2801 521 626 2802 626 1922 2803 1922 627 2804 627 1328 2805 1328 819 2806 819 818 2807 818 223 2808 223 1923 2809 1923 1924 2810 1924 1925 2811 1925 1926 2812 1926 1097 2813 3186 1014 2814 1014 1013 2815 1013 1927 2816 1927 1280 2817 1280 1279 2818 1279 1928 2819 1928 1929 2820 1929 1930 2821 1930 1931 2822 1931 1932 2823 1932 1507 2824 1507 1933 2825 1933 1934 2826 1934 1484 2827 1484 1935 2828 1935 1936 2829 1936 751 2830 751 1937 2831 1937 1835 2832 1835 1938 2833 1938 1939 2834 1939 1940 2835 1940 1634 2836 1634 1941 2837 1941 1608 2838 1608 1610 2839 1610 1942 2840 1942 1943 2841 1943 1944 2842 1944 864 2843 3278 1945 2844 1945 1946 2845 1946 1947 2846 1947 1948 2847 1948 1949 2848 1949 190 2849 190 938 2850 938 1258 2851 3051 1260 2852 3094 1950 2853 1950 571 2854 571 1951 2855 1951 1516 2856 1516 756 2857 756 551 2858 551 1952 2859 1952 1953 2860 1953 1954 2861 1954 1955 2862 1955 1956 2863 1956 1957 2864 1957 1885 2865 1885 1956 2866 1956 1955 2867 1955 1071 2868 1071 1958 2869 1958 1069 2870 1069 553 2871 553 1959 2872 1959 1960 2873 1960 1961 2874 1961 1962 2875 1962 1963 2876 1963 1064 2877 1064 1551 2878 1551 1065 2879 1065 1964 2880 1964 1965 2881 1965 1623 2882 3446 1966 2883 1966 843 2884 843 842 2885 842 1967 2886 1967 1968 2887 1968 1969 2888 1969 1970 2889 1970 1971 2890 1971 1972 2891 1972 28 2892 28 517 2893 517 1973 2894 1973 1644 2895 1644 86 2896 86 85 2897 85 1187 2898 1187 1974 2899 1974 1975 2900 1975 1976 2901 1976 1977 2902 1977 1978 2903 1978 118 2904 118 1979 2905 1979 564 2906 564 373 2907 373 375 2908 375 1090 2909 1090 1980 2910 1980 26 2911 26 769 2912 769 418 2913 418 26 2914 26 25 2915 25 1981 2916 1981 1982 2917 1982 1023 2918 1023 239 2919 239 372 2920 372 240 2921 240 217 2922 217 1881 2923 1881 1880 2924 1880 34 2925 34 217 2926 217 35 2927 35 1983 2928 1983 1950 2929 1950 1951 2930 1951 1983 2931 1983 1984 2932 1984 1985 2933 1985 119 2934 119 1372 2935 1372 1986 2936 1986 1986 2937 1986 120 2938 120 119 2939 119 1522 2940 1522 1521 2941 1521 1987 2942 1987 1049 2943 1049 1988 2944 1988 1987 2945 1987 1145 2946 1145 1989 2947 1989 1990 2948 1990 149 2949 149 1096 2950 1096 1991 2951 1991 213 2952 213 62 2953 62 61 2954 61 1992 2955 1992 1112 2956 1112 1993 2957 1993 1323 2958 1323 670 2959 670 669 2960 669 1994 2961 1994 351 2962 351 353 2963 353 766 2964 766 8 2965 8 7 2966 7 1995 2967 1995 968 2968 968 1996 2969 1996 1315 2970 1315 1846 2971 3291 1313 2972 1313 1009 2973 3084 1170 2974 1170 1997 2975 1997 1935 2976 3292 904 2977 904 1998 2978 1998 1999 2979 1999 1221 2980 1221 2000 2981 2000 984 2982 3154 2001 2983 2001 2002 2984 2002 2003 2985 2003 983 2986 983 2004 2987 2004 1877 2988 1877 1876 2989 1876 1174 2990 1174 303 2991 303 1103 2992 1103 2005 2993 2005 42 2994 42 2006 2995 2006 2007 2996 2007 96 2997 96 95 2998 95 2008 2999 2008 1586 3000 1586 2009 3001 2009 1585 3002 1585 2010 3003 2010 2011 3004 2011 2012 3005 2012 779 3006 779 1299 3007 1299 777 3008 777 779 3009 779 203 3010 203 204 3011 204 2013 3012 2013 2014 3013 2014 1366 3014 1366 2015 3015 2015 379 3016 379 1875 3017 1875 121 3018 121 526 3019 526 2016 3020 2016 2017 3021 2017 828 3022 828 827 3023 827 429 3024 429 428 3025 428 1354 3026 3160 821 3027 821 2018 3028 2018 819 3029 819 2019 3030 2019 2020 3031 2020 2021 3032 2021 1575 3033 1575 197 3034 197 199 3035 199 2022 3036 2022 2023 3037 2023 2024 3038 2024 2025 3039 2025 1053 3040 1053 2026 3041 2026 2027 3042 2027 905 3043 905 1483 3044 3134 2028 3045 2028 2029 3046 2029 1196 3047 1196 1766 3048 1766 567 3049 567 1767 3050 1767 2030 3051 2030 2031 3052 2031 872 3053 872 2032 3054 2032 2033 3055 2033 2034 3056 2034 1338 3057 1338 930 3058 3075 2035 3059 2035 839 3060 839 778 3061 778 840 3062 840 361 3063 361 948 3064 948 947 3065 947 2036 3066 2036 2037 3067 2037 1440 3068 1440 2038 3069 2038 2036 3070 2036 2039 3071 2039 2040 3072 2040 2041 3073 2041 2042 3074 2042 2043 3075 2043 2044 3076 2044 1324 3077 1324 594 3078 594 1892 3079 1892 2045 3080 2045 460 3081 460 459 3082 459 1110 3083 1110 2046 3084 2046 272 3085 272 1424 3086 1424 2047 3087 2047 2048 3088 2048 2049 3089 2049 319 3090 319 2050 3091 2050 317 3092 317 2050 3093 2050 2051 3094 2051 895 3095 895 554 3096 554 2052 3097 2052 552 3098 552 0 3099 0 760 3100 760 497 3101 497 971 3102 971 970 3103 970 1253 3104 1253 147 3105 147 2053 3106 2053 2054 3107 2054 2055 3108 2055 2056 3109 2056 341 3110 341 341 3111 341 2056 3112 2056 2057 3113 2057 2058 3114 2058 1268 3115 1268 2059 3116 2059 2060 3117 2060 301 3118 301 300 3119 300 2061 3120 2061 1832 3121 1832 1829 3122 1829 2062 3123 2062 2063 3124 2063 157 3125 157 1412 3126 1412 370 3127 370 2064 3128 2064 2065 3129 2065 826 3130 826 828 3131 828 555 3132 555 557 3133 557 2066 3134 2066 2067 3135 2067 1455 3136 1455 1454 3137 1454 535 3138 535 2068 3139 2068 1421 3140 1421 535 3141 535 996 3142 996 995 3143 995 2069 3144 2069 2070 3145 2070 2071 3146 2071 2072 3147 2072 2069 3148 2069 2071 3149 2071 1192 3150 1192 2073 3151 2073 160 3152 160 2074 3153 2074 2073 3154 2073 2075 3155 2075 2076 3156 2076 2077 3157 2077 2078 3158 2078 710 3159 710 709 3160 709 1272 3161 3081 2079 3162 2079 192 3163 192 468 3164 468 1227 3165 3071 1229 3166 3090 921 3167 921 626 3168 626 439 3169 439 2080 3170 2080 437 3171 437 439 3172 439 629 3173 629 254 3174 254 2081 3175 2081 252 3176 252 844 3177 844 443 3178 443 445 3179 445 97 3180 97 304 3181 304 98 3182 98 1558 3183 1558 98 3184 98 2082 3185 2082 510 3186 510 509 3187 509 2083 3188 2083 486 3189 486 780 3190 780 510 3191 510 23 3192 23 269 3193 269 21 3194 21 1005 3195 1005 730 3196 730 729 3197 729 268 3198 268 534 3199 534 21 3200 21 2084 3201 2084 2085 3202 2085 927 3203 927 1710 3204 1710 1709 3205 1709 2086 3206 2086 2086 3207 2086 43 3208 43 1223 3209 1223 1036 3210 1036 2087 3211 2087 2088 3212 2088 2089 3213 2089 2090 3214 2090 649 3215 649 2091 3216 2091 2092 3217 2092 2074 3218 2074 2091 3219 2091 2093 3220 2093 2092 3221 2092 2094 3222 2094 1287 3223 1287 36 3224 36 36 3225 36 1287 3226 1287 735 3227 735 1874 3228 3271 2095 3229 2095 1873 3230 3272 2096 3231 2096 2097 3232 2097 547 3233 547 1632 3234 1632 2098 3235 2098 1633 3236 3206 2098 3237 2098 2099 3238 2099 2100 3239 2100 1728 3240 3235 2101 3241 2101 1729 3242 3236 2102 3243 2102 1685 3244 1685 2103 3245 2103 1056 3246 3118 1057 3247 3116 2104 3248 2104 1381 3249 3211 1650 3250 1650 2105 3251 2105 68 3252 68 841 3253 841 840 3254 840 1300 3255 1300 68 3256 68 840 3257 840 2106 3258 2106 816 3259 816 815 3260 815 1442 3261 1442 1341 3262 1341 2106 3263 2106 1246 3264 1246 2107 3265 2107 2108 3266 2108 1245 3267 1245 559 3268 559 2109 3269 2109 2110 3270 2110 2111 3271 2111 2112 3272 2112 1267 3273 1267 2113 3274 2113 1265 3275 1265 1293 3276 3315 2114 3277 2114 2115 3278 2115 2116 3279 2116 2114 3280 2114 1293 3281 3315 2117 3282 2117 2118 3283 2118 1343 3284 3157 974 3285 974 1906 3286 3430 1640 3287 1640 1594 3288 3192 1818 3289 1818 1595 3290 3193 1597 3291 3335 2119 3292 2119 2120 3293 2120 538 3294 538 537 3295 537 2121 3296 2121 24 3297 24 1312 3298 1312 2122 3299 2122 2123 3300 2123 1605 3301 3197 2124 3302 2124 364 3303 364 2123 3304 2123 2125 3305 2125 487 3306 487 654 3307 654 2126 3308 2126 206 3309 206 2127 3310 2127 656 3311 656 2128 3312 2128 2129 3313 2129 1453 3314 1453 2130 3315 2130 2131 3316 2131 2128 3317 2128 2132 3318 2132 2133 3319 2133 2134 3320 2134 2132 3321 2132 110 3322 110 109 3323 109 1193 3324 1193 519 3325 519 230 3326 230 1193 3327 1193 666 3328 666 665 3329 665 1680 3330 3218 528 3331 528 1678 3332 3219 1458 3333 1458 2135 3334 2135 2062 3335 3234 2136 3336 2136 2137 3337 2137 2138 3338 2138 2139 3339 2139 2140 3340 2140 1243 3341 3169 2141 3342 2141 1327 3343 1327 2142 3344 2142 785 3345 785 2143 3346 2143 2144 3347 2144 2145 3348 2145 2146 3349 2146 2147 3350 2147 1020 3351 1020 2148 3352 2148 1018 3353 1018 417 3354 417 1032 3355 1032 418 3356 418 1032 3357 1032 417 3358 417 2149 3359 2149 61 3360 61 2150 3361 2150 213 3362 213 2151 3363 2151 2152 3364 2152 852 3365 852 413 3366 413 1485 3367 1485 2153 3368 2153 1485 3369 1485 1486 3370 1486 2153 3371 2153 2154 3372 2154 781 3373 781 195 3374 195 919 3375 919 2155 3376 2155 2156 3377 2156 425 3378 425 2157 3379 2157 2158 3380 2158 2159 3381 2159 2154 3382 2154 425 3383 425 1326 3384 1326 2160 3385 2160 1327 3386 1327 1985 3387 1985 2161 3388 2161 2162 3389 2162 1251 3390 1251 2072 3391 2072 1249 3392 1249 482 3393 482 484 3394 484 2163 3395 2163 558 3396 558 560 3397 560 1402 3398 1402 560 3399 560 189 3400 189 1402 3401 1402 1609 3402 1609 2164 3403 2164 1607 3404 1607 2164 3405 2164 2165 3406 2165 1607 3407 1607 1507 3408 1507 2166 3409 2166 1508 3410 1508 2167 3411 2167 574 3412 574 573 3413 573 2168 3414 2168 1409 3415 1409 1408 3416 1408 2169 3417 2169 1530 3418 1530 1532 3419 1532 481 3420 481 982 3421 982 483 3422 483 982 3423 982 477 3424 477 476 3425 476 2170 3426 2170 1659 3427 1659 1775 3428 3255 738 3429 738 2171 3430 2171 2172 3431 2172 2173 3432 2173 2137 3433 2137 2136 3434 2136 1284 3435 1284 2137 3436 2137 1285 3437 1285 2174 3438 2174 1793 3439 3320 2175 3440 2175 2176 3441 2176 2174 3442 2174 2175 3443 2175 1027 3444 1027 1823 3445 1823 2177 3446 2177 1495 3447 1495 2178 3448 2178 1493 3449 1493 2179 3450 2179 2180 3451 2180 2181 3452 2181 2182 3453 2182 1589 3454 1589 2180 3455 2180 2183 3456 2183 2184 3457 2184 1047 3458 1047 2184 3459 2184 2185 3460 2185 499 3461 499 2186 3462 2186 857 3463 857 856 3464 856 317 3465 317 344 3466 344 2187 3467 2187 1573 3468 1573 1572 3469 1572 1601 3470 3047 2188 3471 2188 1570 3472 1570 2189 3473 2189 444 3474 444 878 3475 878 2190 3476 2190 112 3477 112 876 3478 876 113 3479 113 2191 3480 2191 1582 3481 1582 2192 3482 2192 2193 3483 2193 2194 3484 2194 2195 3485 2195 725 3486 725 2196 3487 2196 1528 3488 1528 2197 3489 2197 2198 3490 2198 1467 3491 1467 1636 3492 3209 2199 3493 2199 1635 3494 3210 1717 3495 1717 1303 3496 1303 2200 3497 2200 1690 3498 1690 376 3499 376 245 3500 245 2201 3501 2201 1690 3502 1690 1498 3503 1498 1515 3504 1515 756 3505 756 1516 3506 1516 2202 3507 2202 207 3508 207 206 3509 206 1294 3510 1294 2203 3511 2203 1295 3512 1295 2203 3513 2203 673 3514 673 672 3515 672 1926 3516 1926 2204 3517 2204 2205 3518 2205 2206 3519 2206 2207 3520 2207 2208 3521 2208 1076 3522 1076 2209 3523 2209 871 3524 871 2210 3525 2210 2211 3526 2211 2209 3527 2209 2212 3528 2212 1198 3529 3123 1202 3530 1202 2213 3531 2213 2214 3532 2214 2215 3533 2215 2216 3534 2216 650 3535 3062 1157 3536 1157 647 3537 647 1452 3538 1452 2217 3539 2217 111 3540 111 2218 3541 2218 109 3542 109 2218 3543 2218 548 3544 548 550 3545 550 920 3546 920 2219 3547 2219 694 3548 694 212 3549 212 198 3550 198 197 3551 197 933 3552 3080 2056 3553 2056 2055 3554 2055 2220 3555 2220 2221 3556 2221 2222 3557 2222 2001 3558 2001 2003 3559 3139 2223 3560 2223 423 3561 423 2224 3562 2224 1233 3563 1233 886 3564 886 1697 3565 3328 2225 3566 2225 1085 3567 1085 2226 3568 2226 1611 3569 1611 2227 3570 2227 274 3571 274 2228 3572 2228 274 3573 274 1055 3574 1055 2228 3575 2228 2229 3576 2229 998 3577 998 1161 3578 1161 1369 3579 1369 1162 3580 1162 2230 3581 2230 2231 3582 2231 1863 3583 1863 2232 3584 2232 244 3585 244 2233 3586 2233 245 3587 245 1660 3588 3215 2234 3589 2234 1139 3590 1139 1572 3591 1572 2235 3592 2235 1601 3593 3047 1769 3594 1769 2236 3595 2236 1656 3596 3214 1264 3597 1264 1772 3598 3251 1771 3599 3249 66 3600 66 493 3601 493 492 3602 492 2237 3603 2237 2238 3604 2238 2239 3605 2239 2240 3606 2240 916 3607 916 915 3608 915 1860 3609 3238 312 3610 3265 580 3611 580 2221 3612 3149 2241 3613 2241 2242 3614 2242 1751 3615 1751 1753 3616 1753 2243 3617 2243 2244 3618 2244 642 3619 642 1447 3620 1447 438 3621 438 2244 3622 2244 439 3623 439 1247 3624 1247 2245 3625 2245 1248 3626 1248 1757 3627 1757 1756 3628 1756 2246 3629 2246 611 3630 611 2247 3631 2247 609 3632 609 1981 3633 1981 2248 3634 2248 1025 3635 1025 1696 3636 1696 2249 3637 2249 2250 3638 2250 1615 3639 3059 192 3640 192 2079 3641 2079 2251 3642 2251 2252 3643 2252 2253 3644 2253 2152 3645 2152 2253 3646 2253 2252 3647 2252 392 3648 392 391 3649 391 236 3650 236 787 3651 787 1256 3652 1256 786 3653 786 2254 3654 2254 2255 3655 2255 1358 3656 1358 2256 3657 2256 2257 3658 2257 2254 3659 2254 2258 3660 2258 2259 3661 2259 2260 3662 2260 2258 3663 2258 2260 3664 2260 2261 3665 2261 2262 3666 2262 2263 3667 2263 224 3668 224 2262 3669 2262 1502 3670 1502 2264 3671 2264 1218 3672 1218 1220 3673 1220 2265 3674 2265 1387 3675 1387 1386 3676 1386 1384 3677 1384 2012 3678 2012 1361 3679 1361 1363 3680 1363 113 3681 113 876 3682 876 138 3683 138 1566 3684 1566 2266 3685 2266 1564 3686 1564 2176 3687 2176 853 3688 853 1560 3689 1560 1707 3690 1707 2267 3691 2267 1708 3692 1708 747 3693 747 746 3694 746 2268 3695 2268 363 3696 363 362 3697 362 356 3698 356 949 3699 949 363 3700 363 951 3701 951 27 3702 27 29 3703 29 2269 3704 2269 27 3705 27 2270 3706 2270 714 3707 714 387 3708 387 523 3709 523 1449 3710 1449 1195 3711 1195 1449 3712 1449 2271 3713 2271 668 3714 668 352 3715 352 2272 3716 2272 277 3717 277 668 3718 668 382 3719 382 2273 3720 2273 1183 3721 3138 1185 3722 3113 2274 3723 2274 1133 3724 1133 1135 3725 1135 2275 3726 2275 2119 3727 2119 1597 3728 3335 2276 3729 2276 1241 3730 1241 2277 3731 2277 1526 3732 1526 1525 3733 1525 1529 3734 1529 2278 3735 2278 505 3736 505 1525 3737 1525 964 3738 964 612 3739 612 965 3740 965 252 3741 252 2279 3742 2279 253 3743 253 1354 3744 3160 1353 3745 3159 429 3746 429 1733 3747 1733 2280 3748 2280 1731 3749 1731 2281 3750 2281 1865 3751 1865 1430 3752 3270 2282 3753 2282 2238 3754 2238 2237 3755 2237 1242 3756 1242 2283 3757 2283 2284 3758 2284 2284 3759 3079 2285 3760 2285 2286 3761 2286 1988 3762 1988 2287 3763 2287 1987 3764 1987 284 3765 284 283 3766 283 2287 3767 2287 962 3768 962 2288 3769 2288 2115 3770 2115 2289 3771 2289 2290 3772 2290 1209 3773 1209 2291 3774 2291 1153 3775 1153 1154 3776 1154 1153 3777 1153 2291 3778 2291 1704 3779 1704 356 3780 356 671 3781 671 2292 3782 2292 2292 3783 2292 2293 3784 2293 1847 3785 1847 1548 3786 3188 2294 3787 2294 1036 3788 1036 1549 3789 3189 1548 3790 3188 2295 3791 2295 1134 3792 1134 660 3793 660 662 3794 662 147 3795 147 2054 3796 2054 969 3797 969 2005 3798 3296 1103 3799 3295 2296 3800 2296 2297 3801 2297 1100 3802 3135 1867 3803 1867 139 3804 139 2298 3805 2298 309 3806 309 878 3807 878 877 3808 877 2190 3809 2190 1460 3810 1460 381 3811 381 2299 3812 2299 762 3813 762 2300 3814 2300 381 3815 381 994 3816 994 2144 3817 2144 2143 3818 2143 329 3819 329 2301 3820 2301 1627 3821 1627 2302 3822 2302 2243 3823 2243 1753 3824 1753 1422 3825 1422 2303 3826 2303 1754 3827 1754 2304 3828 2304 525 3829 525 2305 3830 2305 525 3831 525 524 3832 524 1078 3833 1078 1116 3834 1116 1120 3835 1120 1117 3836 1117 1120 3837 1120 2306 3838 2306 180 3839 180 2307 3840 2307 1894 3841 1894 2308 3842 2308 822 3843 822 504 3844 504 503 3845 503 158 3846 158 2309 3847 2309 2310 3848 2310 2311 3849 2311 2312 3850 2312 2310 3851 2310 1817 3852 3256 2313 3853 2313 2314 3854 2314 2315 3855 2315 1181 3856 1181 2316 3857 2316 421 3858 421 1681 3859 3349 419 3860 419 2317 3861 2317 2318 3862 2318 863 3863 863 1031 3864 1031 1030 3865 1030 464 3866 464 2319 3867 2319 1497 3868 1497 1495 3869 1495 2320 3870 2320 2321 3871 2321 2322 3872 2322 2320 3873 2320 1499 3874 1499 1498 3875 1498 1741 3876 1741 1333 3877 1333 2323 3878 2323 2324 3879 2324 801 3880 801 2323 3881 2323 794 3882 794 796 3883 796 1595 3884 1595 2325 3885 2325 2326 3886 2326 2314 3887 2314 2327 3888 2327 2328 3889 2328 1035 3890 1035 416 3891 416 315 3892 315 87 3893 87 2329 3894 2329 2330 3895 2330 2331 3896 2331 1041 3897 3058 1040 3898 3109 2331 3899 2331 1534 3900 1534 1533 3901 1533 2332 3902 2332 1964 3903 1964 775 3904 775 249 3905 249 563 3906 563 1212 3907 1212 118 3908 118 1212 3909 1212 1039 3910 1039 118 3911 118 605 3912 3048 2333 3913 2333 2048 3914 2048 605 3915 605 1585 3916 1585 2334 3917 2334 2335 3918 2335 2336 3919 2336 2337 3920 2337 2335 3921 2335 2337 3922 2337 1996 3923 1996 2338 3924 2338 979 3925 979 1569 3926 3161 1564 3927 3333 2266 3928 3332 2339 3929 2339 2340 3930 2340 2341 3931 2341 1066 3932 3342 331 3933 331 1962 3934 3130 1961 3935 3281 506 3936 506 1099 3937 1099 741 3938 741 741 3939 741 740 3940 740 506 3941 506 1184 3942 1184 1730 3943 1730 1185 3944 1185 2342 3945 2342 1465 3946 1465 1462 3947 1462 1739 3948 1739 124 3949 124 1737 3950 1737 2167 3951 2167 2343 3952 2343 1739 3953 1739 154 3954 154 458 3955 458 999 3956 999 458 3957 458 850 3958 850 847 3959 847 2344 3960 2344 2345 3961 2345 2346 3962 2346 2347 3963 2347 1740 3964 3345 2348 3965 2348 2349 3966 2349 1712 3967 1712 1714 3968 1714 500 3969 500 501 3970 501 2350 3971 2350 2351 3972 2351 1724 3973 1724 693 3974 693 2351 3975 2351 693 3976 693 692 3977 692 2352 3978 2352 1807 3979 1807 2353 3980 2353 986 3981 3350 679 3982 679 1681 3983 1681 842 3984 842 2354 3985 2354 1966 3986 1966 447 3987 447 1469 3988 1469 445 3989 445 2355 3990 2355 1544 3991 1544 1784 3992 1784 1089 3993 1089 2355 3994 2355 812 3995 812 2356 3996 2356 2357 3997 2357 394 3998 394 394 3999 394 2357 4000 2357 395 4001 395 237 4002 237 1240 4003 1240 1241 4004 1241 2358 4005 2358 1581 4006 1581 2359 4007 2359 1875 4008 3141 2360 4009 2360 2015 4010 3201 1001 4011 1001 1000 4012 1000 2361 4013 2361 2362 4014 2362 1388 4015 1388 539 4016 539 281 4017 281 2362 4018 2362 1050 4019 1050 2318 4020 2318 2317 4021 2317 1476 4022 1476 1062 4023 1062 1061 4024 1061 2363 4025 2363 536 4026 536 1780 4027 1780 995 4028 995 2364 4029 2364 1337 4030 1337 264 4031 264 1517 4032 1517 1514 4033 1514 2365 4034 2365 2365 4035 3352 2366 4036 2366 1959 4037 1959 134 4038 134 879 4039 879 1434 4040 1434 132 4041 132 131 4042 131 1379 4043 1379 2367 4044 2367 1012 4045 1012 558 4046 558 2368 4047 2368 392 4048 392 2369 4049 2369 833 4050 833 2370 4051 2370 2371 4052 2371 2372 4053 2372 2373 4054 2373 2374 4055 2374 174 4056 174 2375 4057 2375 175 4058 175 1553 4059 1553 1082 4060 1082 432 4061 432 2376 4062 2376 882 4063 882 2377 4064 2377 2376 4065 2376 1605 4066 1605 2378 4067 2378 2379 4068 2379 2380 4069 2380 2381 4070 2381 2382 4071 2382 541 4072 541 540 4073 540 1726 4074 1726 2383 4075 2383 2384 4076 2384 2385 4077 2385 2384 4078 2384 2383 4079 2383 2386 4080 2386 1583 4081 1583 1582 4082 1582 408 4083 408 2387 4084 2387 2009 4085 2009 21 4086 21 1780 4087 1780 1782 4088 1782 21 4089 21 534 4090 534 1780 4091 1780 2388 4092 2388 2389 4093 2389 1701 4094 1701 1005 4095 1005 2390 4096 2390 1004 4097 1004 2391 4098 2391 145 4099 145 659 4100 659 2391 4101 2391 2101 4102 2101 357 4103 357 609 4104 609 2392 4105 2392 1826 4106 1826 79 4107 79 1480 4108 1480 80 4109 80 2307 4110 3293 2393 4111 2393 2394 4112 2394 1440 4113 1440 2037 4114 2037 2395 4115 2395 2029 4116 2029 2028 4117 2028 1334 4118 3152 2347 4119 2347 388 4120 388 2396 4121 2396 1513 4122 1513 1953 4123 1953 1952 4124 1952 1091 4125 1091 2397 4126 2397 1092 4127 1092 2130 4128 2130 2398 4129 2398 2131 4130 2131 2398 4131 3110 2399 4132 2399 2400 4133 2400 938 4134 938 2401 4135 2401 939 4136 939 2401 4137 2401 171 4138 171 939 4139 939 1675 4140 1675 412 4141 412 414 4142 414 1673 4143 1673 578 4144 578 2402 4145 2402 2295 4146 2295 1800 4147 1800 1549 4148 3189 1033 4149 1033 2403 4150 2403 2404 4151 2404 1746 4152 1746 1748 4153 1748 465 4154 465 2405 4155 2405 1614 4156 1614 1084 4157 1084 2406 4158 2406 2407 4159 2407 2408 4160 2408 2406 4161 2406 1994 4162 1994 353 4163 353 2094 4164 2094 1288 4165 1288 1287 4166 1287 710 4167 710 2409 4168 2409 2410 4169 2410 1732 4170 1732 2261 4171 2261 2260 4172 2260 1087 4173 1087 1774 4174 1774 1086 4175 1086 1062 4176 1062 2411 4177 2411 1063 4178 1063 1942 4179 1942 1610 4180 1610 2412 4181 2412 2413 4182 2413 2414 4183 2414 718 4184 718 1073 4185 1073 719 4186 719 718 4187 718 675 4188 675 677 4189 677 102 4190 102 2330 4191 2330 959 4192 959 958 4193 958 1456 4194 1456 1458 4195 1458 2062 4196 3234 2415 4197 2415 900 4198 900 899 4199 899 2416 4200 2416 2417 4201 2417 2418 4202 2418 2419 4203 2419 2420 4204 2420 2421 4205 2421 1713 4206 3229 2422 4207 2422 2423 4208 2423 502 4209 502 2022 4210 3300 2024 4211 3299 2424 4212 2424 2285 4213 2285 940 4214 3115 2425 4215 2425 1783 4216 1783 1784 4217 1784 613 4218 613 612 4219 612 2081 4220 2081 1910 4221 1910 2426 4222 2426 545 4223 545 2427 4224 2427 2059 4225 2059 2428 4226 2428 1071 4227 3131 1070 4228 3126 1094 4229 1094 2429 4230 2429 247 4231 247 248 4232 248 841 4233 841 2430 4234 2430 1766 4235 1766 2431 4236 2431 2432 4237 2432 2433 4238 2433 1224 4239 1224 2434 4240 2434 662 4241 662 1135 4242 1135 2434 4243 2434 2435 4244 2435 1135 4245 1135 2435 4246 2435 2436 4247 2436 327 4248 327 1266 4249 1266 1265 4250 1265 326 4251 326 450 4252 450 327 4253 327 294 4254 294 1618 4255 1618 295 4256 295 1087 4257 1087 1618 4258 1618 1773 4259 1773 1632 4260 3204 1634 4261 1634 2437 4262 2437 2438 4263 2438 2070 4264 3306 731 4265 731 2439 4266 2439 41 4267 41 40 4268 40 1127 4269 1127 1129 4270 1129 2440 4271 2440 1775 4272 1775 509 4273 509 508 4274 508 1660 4275 3215 1139 4276 1139 1658 4277 3216 2441 4278 2441 2442 4279 2442 2443 4280 2443 1172 4281 1172 2444 4282 2444 1173 4283 1173 831 4284 3365 2445 4285 2445 827 4286 827 831 4287 831 830 4288 830 2445 4289 3366 2446 4290 2446 2447 4291 2447 1357 4292 1357 2446 4293 2446 1357 4294 1357 176 4295 176 2448 4296 2448 985 4297 985 2449 4298 2449 1810 4299 1810 1899 4300 1899 2450 4301 2450 2451 4302 2451 1940 4303 3367 2100 4304 2100 2257 4305 2257 2256 4306 2256 2452 4307 2452 2453 4308 2453 2454 4309 2454 776 4310 776 493 4311 493 1300 4312 1300 1298 4313 1298 495 4314 495 2455 4315 2455 2456 4316 2456 496 4317 496 495 4318 495 2456 4319 2456 474 4320 474 75 4321 75 74 4322 74 1479 4323 1479 2457 4324 2457 701 4325 701 1526 4326 3183 2458 4327 2458 1527 4328 3185 2459 4329 2459 1925 4330 1925 1097 4331 3186 2460 4332 2460 1059 4333 3119 2461 4334 2461 2462 4335 2462 1056 4336 3118 2104 4337 2104 2463 4338 2463 1350 4339 1350 1352 4340 1352 582 4341 582 2463 4342 3370 2464 4343 2464 515 4344 515 2465 4345 2465 1414 4346 1414 2466 4347 2466 1795 4348 1795 221 4349 221 792 4350 792 2467 4351 2467 2468 4352 2468 53 4353 53 2467 4354 2467 358 4355 358 786 4356 786 1256 4357 1256 1257 4358 1257 324 4359 324 615 4360 615 617 4361 617 580 4362 580 1854 4363 1854 579 4364 579 2212 4365 2212 1202 4366 1202 1201 4367 1201 648 4368 648 1157 4369 1157 1378 4370 1378 257 4371 257 2469 4372 2469 255 4373 255 2470 4374 2470 2321 4375 2321 2320 4376 2320 2471 4377 2471 2470 4378 3372 908 4379 908 846 4380 846 1471 4381 3233 2472 4382 2472 1396 4383 1396 1395 4384 1395 1472 4385 3175 2473 4386 2473 1972 4387 1972 1971 4388 1971 943 4389 943 2473 4390 3344 1971 4391 3373 676 4392 676 1646 4393 1646 2116 4394 2116 200 4395 200 2454 4396 2454 2453 4397 2453 345 4398 345 1340 4399 1340 350 4400 350 345 4401 345 350 4402 350 349 4403 349 242 4404 242 2474 4405 2474 713 4406 713 523 4407 523 183 4408 183 1077 4409 1077 122 4410 122 2475 4411 2475 2476 4412 2476 2477 4413 2477 122 4414 122 121 4415 121 2134 4416 2134 2133 4417 2133 1398 4418 1398 2478 4419 2478 843 4420 843 1966 4421 1966 409 4422 409 411 4423 411 2479 4424 2479 1125 4425 1125 1124 4426 1124 1488 4427 1488 13 4428 13 2480 4429 2480 2481 4430 2481 1200 4431 1200 1199 4432 1199 2481 4433 2481 13 4434 13 2482 4435 2482 966 4436 966 2481 4437 2481 2482 4438 2482 13 4439 13 2483 4440 2483 89 4441 89 88 4442 88 2033 4443 2033 88 4444 3374 2034 4445 2034 2199 4446 2199 2484 4447 2484 1635 4448 3210 2346 4449 2346 1330 4450 3150 2344 4451 2344 1421 4452 1421 1420 4453 1420 2485 4454 2485 2486 4455 2486 2487 4456 2487 2488 4457 2488 918 4458 918 38 4459 38 37 4460 37 1882 4461 1882 608 4462 608 607 4463 607 1911 4464 1911 909 4465 909 908 4466 908 2489 4467 2489 492 4468 492 494 4469 494 1620 4470 1620 2490 4471 2490 2491 4472 2491 1620 4473 1620 2491 4474 2491 1621 4475 1621 320 4476 320 653 4477 653 321 4478 321 2492 4479 2492 1520 4480 1520 1519 4481 1519 1667 4482 1667 2493 4483 2493 1668 4484 1668 2493 4485 2493 1920 4486 1920 1919 4487 1919 1820 4488 1820 2494 4489 2494 1106 4490 1106 2494 4491 3376 2495 4492 2495 2496 4493 2496 2497 4494 2497 2498 4495 2498 2499 4496 2499 2500 4497 2500 2501 4498 2501 1576 4499 1576 1928 4500 3380 2502 4501 2502 2503 4502 2503 1280 4503 1280 1928 4504 1928 2503 4505 3379 1279 4506 1279 1281 4507 1281 1072 4508 1072 1758 4509 1758 638 4510 638 637 4511 637 446 4512 446 445 4513 445 444 4514 444 2504 4515 2504 2505 4516 2505 2506 4517 2506 2507 4518 2507 2019 4519 2019 2508 4520 2508 2508 4521 2508 2509 4522 2509 2507 4523 2507 901 4524 901 389 4525 389 902 4526 902 2510 4527 2510 2511 4528 2511 1482 4529 1482 2512 4530 2512 2513 4531 2513 2514 4532 2514 2515 4533 2515 1187 4534 1187 1186 4535 1186 32 4536 32 1889 4537 1889 372 4538 372 1981 4539 1981 1025 4540 1025 1982 4541 1982 2516 4542 2516 2517 4543 2517 2518 4544 2518 1654 4545 3096 2519 4546 2519 1769 4547 1769 2520 4548 2520 837 4549 837 836 4550 836 577 4551 577 576 4552 576 1540 4553 1540 892 4554 892 2521 4555 2521 2522 4556 2522 314 4557 314 316 4558 316 802 4559 802 806 4560 806 804 4561 804 807 4562 807 29 4563 29 28 4564 28 1392 4565 1392 2041 4566 2041 2523 4567 2523 2407 4568 2407 2408 4569 3359 2043 4570 2043 2406 4571 3336 1672 4572 1672 914 4573 914 141 4574 141 140 4575 140 578 4576 578 141 4577 141 229 4578 229 228 4579 228 2524 4580 2524 2140 4581 3319 2525 4582 2525 1243 4583 1243 1093 4584 3133 2526 4585 2526 2527 4586 2527 2527 4587 2527 2526 4588 2526 554 4589 554 2528 4590 2528 1263 4591 1263 2529 4592 2529 1264 4593 1264 1263 4594 1263 2528 4595 2528 1614 4596 1614 2530 4597 2530 1615 4598 1615 2531 4599 2531 2530 4600 2530 1614 4601 1614 819 4602 819 1328 4603 1328 820 4604 820 783 4605 783 2532 4606 2532 784 4607 784 454 4608 454 456 4609 456 950 4610 950 9 4611 9 947 4612 947 949 4613 949 2533 4614 2533 1830 4615 1830 1832 4616 1832 130 4617 130 355 4618 355 2533 4619 2533 2534 4620 2534 488 4621 488 2535 4622 2535 2534 4623 2534 2536 4624 2536 2537 4625 2537 2008 4626 2008 757 4627 757 96 4628 96 757 4629 757 167 4630 167 551 4631 551 2124 4632 2124 2125 4633 2125 2123 4634 2123 879 4635 879 365 4636 365 2538 4637 2538 1984 4638 1984 1983 4639 1983 993 4640 3097 990 4641 990 989 4642 989 2539 4643 2539 1081 4644 1081 1080 4645 1080 1825 4646 1825 2540 4647 2540 2076 4648 3184 2541 4649 2541 584 4650 584 586 4651 586 1666 4652 1666 464 4653 464 1030 4654 1030 462 4655 462 2542 4656 2542 1639 4657 1639 1638 4658 1638 188 4659 188 190 4660 190 684 4661 684 1021 4662 1021 2193 4663 2193 835 4664 835 1349 4665 1349 835 4666 835 2193 4667 2193 2543 4668 2543 2051 4669 2051 2050 4670 2050 89 4671 89 2544 4672 2544 2543 4673 2543 1178 4674 1178 1177 4675 1177 1670 4676 1670 1670 4677 1670 619 4678 619 621 4679 621 2545 4680 2545 2546 4681 2546 1487 4682 1487 1362 4683 1362 2547 4684 2547 1363 4685 1363 2548 4686 2548 547 4687 547 2097 4688 2097 1530 4689 1530 2169 4690 2169 2548 4691 2548 2201 4692 2201 674 4693 674 561 4694 561 674 4695 674 116 4696 116 115 4697 115 2549 4698 2549 631 4699 631 1651 4700 1651 881 4701 881 2550 4702 2550 882 4703 882 2551 4704 2551 1204 4705 1204 1798 4706 1798 1570 4707 1570 1205 4708 3384 2189 4709 2189 313 4710 313 2552 4711 2552 409 4712 409 1860 4713 1860 2552 4714 2552 313 4715 313 1885 4716 1885 2432 4717 3364 2431 4718 3363 2553 4719 2553 1883 4720 3426 886 4721 886 1933 4722 1933 2554 4723 2554 1932 4724 1932 216 4725 216 1042 4726 1042 1043 4727 1043 2555 4728 2555 1149 4729 3041 1665 4730 1665 2418 4731 2418 1665 4732 1665 2416 4733 2416 2556 4734 2556 2557 4735 2557 2558 4736 2558 615 4737 615 1044 4738 1044 2559 4739 2559 2229 4740 2229 1555 4741 1555 1557 4742 1557 2560 4743 2560 2561 4744 2561 380 4745 380 97 4746 97 2562 4747 2562 2563 4748 2563 99 4749 99 2562 4750 2562 97 4751 97 166 4752 166 165 4753 165 1663 4754 1663 1952 4755 1952 2564 4756 2564 2565 4757 2565 2566 4758 2566 1029 4759 1029 1494 4760 1494 2567 4761 2567 1921 4762 3191 1920 4763 3057 2568 4764 2568 2569 4765 2569 1876 4766 1876 2561 4767 2561 2560 4768 2560 2570 4769 2570 861 4770 861 1606 4771 3083 1662 4772 1662 2571 4773 2571 2572 4774 2572 2573 4775 2573 102 4776 102 101 4777 101 2574 4778 2574 1857 4779 1857 1374 4780 1374 2575 4781 2575 1371 4782 3166 1370 4783 3165 1760 4784 1760 1371 4785 3166 2576 4786 2576 1677 4787 1677 2577 4788 2577 408 4789 408 2009 4790 2009 2578 4791 2578 2547 4792 2547 606 4793 606 2085 4794 2085 734 4795 734 1834 4796 1834 928 4797 928 1834 4798 1834 1833 4799 1833 2579 4800 2579 290 4801 290 347 4802 347 2580 4803 2580 1070 4804 1070 1069 4805 1069 1764 4806 1764 2581 4807 2581 127 4808 127 1765 4809 1765 1764 4810 1764 127 4811 127 2582 4812 2582 2583 4813 2583 1891 4814 1891 597 4815 597 2499 4816 2499 2582 4817 2582 1691 4818 1691 376 4819 376 2584 4820 2584 2209 4821 2209 2211 4822 2211 2585 4823 2585 1112 4824 1112 1778 4825 1778 1113 4826 1113 1993 4827 1993 1112 4828 1112 2586 4829 2586 924 4830 924 1616 4831 1616 922 4832 922 468 4833 468 922 4834 3303 2079 4835 2079 42 4836 42 2007 4837 2007 1223 4838 1223 2587 4839 2587 3 4840 3 5 4841 5 1169 4842 1169 2588 4843 2588 2589 4844 2589 1787 4845 1787 1786 4846 1786 2590 4847 2590 591 4848 591 590 4849 590 99 4850 99 1090 4851 1090 375 4852 375 1979 4853 1979 2126 4854 2126 2127 4855 2127 487 4856 487 302 4857 302 2535 4858 2535 300 4859 300 1345 4860 1345 2591 4861 2591 1346 4862 1346 2049 4863 2049 2048 4864 2048 2333 4865 2333 2592 4866 2592 2038 4867 2038 2039 4868 2039 1445 4869 1445 604 4870 604 603 4871 603 2593 4872 2593 2594 4873 2594 1694 4874 1694 2594 4875 2594 1693 4876 1693 1694 4877 1694 2090 4878 2090 1376 4879 3387 2595 4880 2595 2595 4881 3389 1376 4882 1376 2469 4883 2469 1374 4884 1374 2596 4885 2596 1037 4886 3171 1102 4887 3103 2597 4888 2597 588 4889 588 1397 4890 1397 2598 4891 2598 1622 4892 1622 1144 4893 1144 1146 4894 1146 2599 4895 2599 648 4896 648 256 4897 256 646 4898 646 646 4899 646 256 4900 256 838 4901 838 636 4902 636 2600 4903 2600 1597 4904 1597 636 4905 636 1580 4906 1580 1579 4907 1579 512 4908 512 511 4909 511 34 4910 34 2601 4911 2601 2602 4912 2602 218 4913 218 522 4914 522 1812 4915 1812 1811 4916 1811 211 4917 211 597 4918 597 2603 4919 2603 1862 4920 1862 1675 4921 1675 2604 4922 2604 1862 4923 1862 913 4924 913 912 4925 912 2605 4926 2605 643 4927 643 645 4928 645 1447 4929 1447 854 4930 854 2244 4931 2244 2606 4932 2606 929 4933 929 1750 4934 1750 2606 4935 2606 1750 4936 1750 2607 4937 2607 938 4938 938 2608 4939 2608 1258 4940 3051 2166 4941 2166 2609 4942 2609 1508 4943 1508 2516 4944 3205 1653 4945 1653 1734 4946 1734 1653 4947 1653 2516 4948 3205 2518 4949 3221 1648 4950 1648 78 4951 78 1647 4952 1647 956 4953 956 78 4954 78 1095 4955 1095 510 4956 510 2083 4957 2083 486 4958 486 485 4959 485 486 4960 486 1140 4961 1140 263 4962 263 663 4963 663 261 4964 261 261 4965 261 1192 4966 1192 478 4967 478 2588 4968 2588 566 4969 566 565 4970 565 1900 4971 1900 2589 4972 2589 2588 4973 2588 933 4974 933 858 4975 858 857 4976 857 2242 4977 2242 2222 4978 3052 2221 4979 3149 2610 4980 2610 1064 4981 1064 1824 4982 1824 2611 4983 2611 2610 4984 2610 1554 4985 1554 1567 4986 3190 1569 4987 3161 2612 4988 2612 2613 4989 2613 1893 4990 3432 2583 4991 2583 1681 4992 1681 2614 4993 2614 1683 4994 1683 2615 4995 2615 419 4996 419 1681 4997 3349 273 4998 273 846 4999 846 2472 5000 2472 2616 5001 2616 1054 5002 1054 2423 5003 2423 1189 5004 1189 1726 5005 1726 2617 5006 2617 2515 5007 2515 2618 5008 2618 2619 5009 2619 1936 5010 1936 1937 5011 1937 2620 5012 2620 280 5013 280 1482 5014 1482 2621 5015 2621 2622 5016 2622 1111 5017 1111 2623 5018 2623 697 5019 697 2624 5020 2624 698 5021 698 2351 5022 2351 1725 5023 1725 1724 5024 1724 2447 5025 2447 2446 5026 2446 1359 5027 1359 669 5028 669 2625 5029 2625 2626 5030 2626 2625 5031 2625 1318 5032 1318 2626 5033 2626 2627 5034 2627 1016 5035 3106 1278 5036 1278 1280 5037 1280 722 5038 722 638 5039 638 2628 5040 2628 2348 5041 3346 1740 5042 1740 2346 5043 2346 2347 5044 2347 2629 5045 2629 850 5046 850 848 5047 848 847 5048 847 950 5049 950 848 5050 848 454 5051 454 823 5052 823 2630 5053 2630 2631 5054 2631 2147 5055 2147 823 5056 823 2631 5057 2631 1882 5058 1882 334 5059 334 608 5060 608 608 5061 608 334 5062 334 2611 5063 2611 2632 5064 2632 436 5065 436 435 5066 435 1636 5067 1636 436 5068 436 2632 5069 2632 2259 5070 2259 625 5071 625 2260 5072 2260 1733 5073 1733 625 5074 625 2280 5075 2280 2633 5076 2633 1643 5077 1643 1642 5078 1642 975 5079 975 2633 5080 2633 2634 5081 2634 164 5082 164 1441 5083 1441 2635 5084 2635 164 5085 164 163 5086 163 771 5087 771 2636 5088 2636 2400 5089 2400 685 5090 685 2636 5091 2636 1946 5092 1946 2637 5093 2637 94 5094 94 367 5095 367 95 5096 95 1490 5097 1490 683 5098 683 165 5099 165 2638 5100 2638 2639 5101 2639 1777 5102 1777 2640 5103 2640 740 5104 740 742 5105 742 1951 5106 1951 2641 5107 2641 2642 5108 2642 2642 5109 2642 2641 5110 2641 570 5111 570 1132 5112 1132 2381 5113 2381 2380 5114 2380 543 5115 543 2380 5116 2380 2643 5117 2643 2644 5118 2644 269 5119 269 23 5120 23 159 5121 159 2644 5122 2644 478 5123 478 223 5124 223 1501 5125 1501 1502 5126 1502 398 5127 398 1468 5128 1468 4 5129 4 806 5130 806 805 5131 805 2269 5132 2269 1120 5133 1120 1119 5134 1119 805 5135 805 1414 5136 1414 1413 5137 1413 1412 5138 1412 1702 5139 3220 1414 5140 1414 2465 5141 2465 849 5142 849 2312 5143 2312 2311 5144 2311 531 5145 531 2645 5146 2645 1677 5147 1677 1947 5148 1947 1946 5149 1946 1292 5150 1292 2066 5151 2066 2067 5152 2067 1230 5153 1230 2545 5154 2545 1676 5155 1676 2646 5156 2646 2546 5157 2546 2545 5158 2545 2153 5159 2153 2371 5160 2371 834 5161 834 833 5162 833 834 5163 834 2371 5164 2371 2647 5165 2647 2648 5166 2648 2649 5167 2649 1777 5168 3395 1926 5169 1926 2205 5170 2205 2650 5171 2650 318 5172 318 317 5173 317 2187 5174 2187 20 5175 20 620 5176 620 619 5177 619 1460 5178 1460 277 5179 277 382 5180 382 382 5181 382 381 5182 381 1460 5183 1460 1811 5184 1811 1813 5185 1813 58 5186 58 1114 5187 1114 58 5188 58 60 5189 60 970 5190 970 321 5191 321 2651 5192 2651 653 5193 653 2651 5194 2651 321 5195 321 2652 5196 2652 135 5197 135 134 5198 134 498 5199 498 2653 5200 2653 1433 5201 1433 793 5202 793 792 5203 792 2468 5204 2468 2654 5205 2654 2655 5206 2655 57 5207 57 2656 5208 2656 2657 5209 2657 2658 5210 2658 1660 5211 1660 1661 5212 1661 2657 5213 2657 1142 5214 1142 1599 5215 1599 1598 5216 1598 488 5217 488 1203 5218 1203 489 5219 489 1403 5220 1403 707 5221 707 1188 5222 1188 149 5223 149 148 5224 148 703 5225 703 1092 5226 1092 2659 5227 2659 1887 5228 3274 1887 5229 3274 2659 5230 2659 811 5231 3275 2563 5232 2563 2562 5233 2562 1916 5234 1916 1038 5235 1038 1102 5236 1102 1101 5237 1101 1319 5238 1319 2660 5239 2660 2661 5240 2661 2336 5241 2336 2335 5242 2335 1313 5243 1313 371 5244 371 789 5245 789 240 5246 240 2016 5247 2016 526 5248 526 2662 5249 2662 1732 5250 3240 441 5251 441 2261 5252 3055 440 5253 440 2261 5254 3055 441 5255 441 2191 5256 2191 2192 5257 2192 2663 5258 2663 1345 5259 1345 2664 5260 2664 2194 5261 2194 2375 5262 2375 431 5263 431 175 5264 175 1290 5265 1290 2094 5266 2094 36 5267 36 1014 5268 1014 2665 5269 2665 1012 5270 1012 1012 5271 1012 2665 5272 2665 2666 5273 2666 2667 5274 2667 1766 5275 1766 247 5276 247 2030 5277 2030 2667 5278 3396 1694 5279 1694 2668 5280 2668 1209 5281 1209 2669 5282 2669 2670 5283 2670 2115 5284 2115 2288 5285 2288 186 5286 186 281 5287 281 187 5288 187 1049 5289 1049 1987 5290 1987 1521 5291 1521 2117 5292 2117 1343 5293 3157 1389 5294 1389 1343 5295 3157 2671 5296 2671 2672 5297 2672 2536 5298 2536 2534 5299 2534 1708 5300 3226 2536 5301 3399 1708 5302 1708 2673 5303 2673 2674 5304 2674 931 5305 3076 1913 5306 1913 1337 5307 1337 2675 5308 2675 1912 5309 1912 2676 5310 2676 1189 5311 1189 2617 5312 2617 953 5313 953 2677 5314 2677 952 5315 952 491 5316 491 1431 5317 1431 490 5318 490 1430 5319 3270 1865 5320 1865 1866 5321 1866 180 5322 180 2678 5323 2678 2679 5324 2679 2678 5325 2678 180 5326 180 2306 5327 2306 2455 5328 2455 170 5329 170 2456 5330 2456 170 5331 170 2455 5332 2455 168 5333 168 2374 5334 2374 407 5335 407 2680 5336 2680 407 5337 407 2374 5338 2374 2370 5339 2370 2681 5340 2681 2682 5341 2682 2683 5342 2683 2013 5343 2013 2682 5344 2682 2681 5345 2681 2128 5346 2128 1453 5347 1453 466 5348 466 2684 5349 2684 466 5350 466 465 5351 465 156 5352 156 129 5353 129 128 5354 128 1160 5355 1160 1492 5356 1492 156 5357 156 543 5358 543 2643 5359 2643 544 5360 544 2000 5361 2000 1849 5362 1849 1999 5363 1999 1052 5364 1052 501 5365 501 114 5366 114 114 5367 114 113 5368 113 825 5369 825 1528 5370 3323 2196 5371 3322 2685 5372 2685 726 5373 726 1060 5374 3121 1711 5375 1711 1041 5376 1041 2575 5377 3194 2686 5378 2686 1857 5379 1857 2575 5380 2575 1858 5381 1858 2687 5382 2687 437 5383 437 1657 5384 1657 1657 5385 1657 1652 5386 1652 1655 5387 1655 48 5388 48 661 5389 661 385 5390 385 191 5391 191 883 5392 883 2688 5393 2688 2689 5394 2689 2690 5395 2690 2412 5396 2412 2572 5397 3100 2571 5398 3386 2689 5399 2689 268 5400 268 2691 5401 2691 534 5402 534 2691 5403 2691 926 5404 926 692 5405 692 1967 5406 1967 1970 5407 1970 1972 5408 1972 2692 5409 2692 1283 5410 1283 2693 5411 2693 165 5412 165 424 5413 424 1663 5414 1663 1808 5415 1808 680 5416 680 679 5417 679 2694 5418 2694 1639 5419 1639 2542 5420 2542 2688 5421 2688 2695 5422 2695 2694 5423 2694 1464 5424 1464 1136 5425 1136 1138 5426 1138 889 5427 889 1885 5428 1885 1955 5429 1955 2696 5430 2696 1587 5431 1587 1198 5432 1198 2213 5433 3326 952 5434 952 2677 5435 2677 2002 5436 2002 2697 5437 2697 984 5438 3154 1807 5439 1807 2352 5440 2352 422 5441 422 1453 5442 1453 2698 5443 2698 335 5444 335 335 5445 335 467 5446 467 1453 5447 1453 1870 5448 1870 2699 5449 2699 2700 5450 2700 1870 5451 1870 1871 5452 1871 2635 5453 2635 1761 5454 1761 2361 5455 2361 2701 5456 2701 1760 5457 1760 1759 5458 1759 530 5459 530 302 5460 302 1270 5461 1270 1269 5462 1269 2702 5463 2702 1706 5464 1706 1269 5465 3146 4 5466 4 1468 5467 1468 1466 5468 1466 2086 5469 2086 728 5470 728 2703 5471 2703 2704 5472 2704 2496 5473 2496 2495 5474 2495 2705 5475 2705 2704 5476 2704 2178 5477 2178 2706 5478 2706 2339 5479 2339 2266 5480 3332 2707 5481 2707 2706 5482 2706 2266 5483 3332 638 5484 638 721 5485 721 639 5486 639 1239 5487 1239 1216 5488 1216 1580 5489 1580 2708 5490 2708 2274 5491 2274 2709 5492 2709 2710 5493 2710 1844 5494 1844 1136 5495 1136 2711 5496 2711 2436 5497 2436 2712 5498 2712 1137 5499 1137 890 5500 890 1138 5501 1138 210 5502 210 2713 5503 2713 1571 5504 1571 210 5505 210 745 5506 745 747 5507 747 1711 5508 1711 727 5509 727 726 5510 726 2714 5511 2714 1710 5512 1710 2460 5513 2460 1665 5514 1665 1664 5515 1664 2555 5516 2555 586 5517 586 2567 5518 2567 2715 5519 2715 2716 5520 2716 712 5521 712 2717 5522 2717 79 5523 79 81 5524 81 243 5525 243 2718 5526 2718 568 5527 568 1788 5528 1788 127 5529 127 2581 5530 2581 2718 5531 2718 2719 5532 2719 66 5533 66 492 5534 492 1428 5535 1428 1164 5536 1164 1429 5537 1429 1602 5538 1602 2720 5539 2720 1603 5540 1603 1603 5541 1603 2720 5542 2720 2138 5543 3401 2721 5544 2721 1086 5545 1086 1731 5546 3239 1355 5547 1355 2721 5548 2721 1353 5549 1353 2420 5550 3361 1806 5551 1806 1805 5552 1805 581 5553 3266 1351 5554 1351 1350 5555 1350 2722 5556 2722 1818 5557 1818 1594 5558 3192 143 5559 143 142 5560 142 616 5561 616 2282 5562 2282 2723 5563 2723 2238 5564 2238 2281 5565 2281 1165 5566 3091 1865 5567 1865 2332 5568 2332 1533 5569 1533 1964 5570 1964 2598 5571 2598 2332 5572 3143 1622 5573 1622 2724 5574 2724 2725 5575 2725 1932 5576 1932 2726 5577 2726 935 5578 935 2166 5579 3390 2206 5580 2206 1538 5581 1538 2727 5582 2727 2728 5583 2728 1099 5584 1099 1098 5585 1098 2102 5586 3404 2729 5587 2729 2315 5588 2315 2730 5589 2730 2101 5590 2101 1728 5591 3235 896 5592 896 2731 5593 2731 865 5594 865 2732 5595 2732 2731 5596 2731 896 5597 896 988 5598 988 1307 5599 1307 986 5600 986 1562 5601 1562 2733 5602 2733 2734 5603 2734 2735 5604 2735 853 5605 853 2176 5606 2176 853 5607 853 2735 5608 2735 851 5609 851 884 5610 884 887 5611 887 885 5612 885 887 5613 887 339 5614 339 888 5615 888 1631 5616 1631 2736 5617 2736 2099 5618 2099 2736 5619 2736 1631 5620 1631 1630 5621 1630 1899 5622 1899 1898 5623 1898 2737 5624 2737 1899 5625 1899 2737 5626 2737 285 5627 285 330 5628 330 2738 5629 2738 2739 5630 2739 2341 5631 2341 1962 5632 3130 2739 5633 2739 632 5634 632 366 5635 366 94 5636 94 43 5637 43 632 5638 632 44 5639 44 1890 5640 1890 2740 5641 2740 1889 5642 1889 31 5643 31 124 5644 124 1890 5645 1890 154 5646 154 2741 5647 2741 155 5648 155 2569 5649 2569 2568 5650 2568 2742 5651 2742 71 5652 71 427 5653 427 426 5654 426 1351 5655 1351 2743 5656 2743 1617 5657 1617 1044 5658 1044 1688 5659 1688 2559 5660 2559 357 5661 357 1684 5662 1684 323 5663 323 1129 5664 1129 1128 5665 1128 2744 5666 2744 2381 5667 2381 2744 5668 2744 2379 5669 2379 362 5670 362 361 5671 361 126 5672 126 1007 5673 1007 1625 5674 1625 1008 5675 1008 2745 5676 2745 2746 5677 2746 2747 5678 2747 900 5679 900 2415 5680 2415 2745 5681 2745 701 5682 701 2457 5683 2457 150 5684 150 701 5685 701 150 5686 150 149 5687 149 930 5688 930 929 5689 929 2748 5690 2748 2748 5691 2748 894 5692 894 893 5693 893 770 5694 770 1341 5695 1341 771 5696 771 1341 5697 1341 770 5698 770 976 5699 3153 1332 5700 1332 1331 5701 1331 2749 5702 2749 1331 5703 1331 2348 5704 3346 2749 5705 2749 2750 5706 2750 2751 5707 2751 2018 5708 2018 1088 5709 1088 627 5710 627 430 5711 430 470 5712 470 12 5713 12 1191 5714 1191 472 5715 472 12 5716 12 470 5717 470 1840 5718 1840 2752 5719 2752 1839 5720 1839 512 5721 512 1839 5722 1839 513 5723 513 193 5724 193 1225 5725 1225 883 5726 883 1698 5727 1698 1225 5728 1225 1695 5729 1695 325 5730 325 146 5731 146 323 5732 323 1253 5733 1253 2054 5734 2054 2053 5735 2053 2753 5736 2753 2754 5737 2754 2755 5738 2755 1717 5739 1717 2754 5740 2754 712 5741 712 2756 5742 2756 1750 5743 1750 1749 5744 1749 2756 5745 3410 931 5746 3076 2674 5747 2674 1846 5748 1846 1848 5749 1848 2757 5750 2757 1008 5751 1008 1624 5752 1624 1009 5753 1009 1367 5754 1367 1366 5755 1366 2758 5756 2758 1759 5757 1759 1370 5758 3165 2758 5759 3412 942 5760 942 716 5761 716 1602 5762 1602 2759 5763 2759 2760 5764 2760 2761 5765 2761 2299 5766 2299 1461 5767 1461 1460 5768 1460 1557 5769 1557 1556 5770 1556 2300 5771 2300 2429 5772 2429 248 5773 248 874 5774 3070 1432 5775 3268 1428 5776 1428 1430 5777 1430 178 5778 178 1669 5779 1669 176 5780 176 2762 5781 2762 266 5782 266 982 5783 982 2763 5784 2763 2764 5785 2764 2765 5786 2765 1850 5787 1850 2766 5788 2766 2764 5789 3243 203 5790 203 100 5791 100 102 5792 102 1801 5793 1801 1306 5794 1306 1305 5795 1305 1592 5796 1592 866 5797 866 1593 5798 1593 441 5799 441 2767 5800 2767 442 5801 442 1576 5802 1576 1575 5803 1575 2500 5804 2500 2768 5805 2768 2769 5806 2769 1575 5807 1575 250 5808 250 1533 5809 1533 2096 5810 2096 546 5811 546 2096 5812 2096 547 5813 547 574 5814 574 936 5815 936 219 5816 219 219 5817 219 1931 5818 1931 220 5819 220 934 5820 934 2166 5821 3390 935 5822 935 2770 5823 2770 2771 5824 2771 2772 5825 2772 2154 5826 2154 426 5827 426 425 5828 425 2156 5829 2156 2155 5830 2155 2773 5831 2773 2231 5832 2231 2232 5833 2232 2233 5834 2233 1418 5835 1418 2233 5836 2233 1510 5837 3181 1755 5838 3247 2774 5839 2774 1419 5840 1419 1755 5841 3247 108 5842 108 1723 5843 1723 528 5844 528 1459 5845 1459 529 5846 529 528 5847 528 2135 5848 2135 1459 5849 1459 104 5850 104 103 5851 103 1159 5852 1159 104 5853 104 1159 5854 1159 646 5855 646 1218 5856 1218 2775 5857 2775 1219 5858 1219 1221 5859 1221 1999 5860 1999 2775 5861 3277 801 5862 801 434 5863 434 798 5864 798 1856 5865 1856 1286 5866 1286 801 5867 801 347 5868 347 2052 5869 2052 2 5870 2 2052 5871 2052 289 5872 289 1959 5873 1959 1747 5874 1747 338 5875 338 1748 5876 1748 888 5877 888 51 5878 51 53 5879 53 2109 5880 2109 2356 5881 2356 394 5882 394 2107 5883 3312 2776 5884 2776 2666 5885 2666 1717 5886 1717 2777 5887 2777 1303 5888 1303 2778 5889 2778 1304 5890 1304 1303 5891 1303 2358 5892 3351 237 5893 237 2779 5894 2779 238 5895 238 237 5896 237 2780 5897 2780 2181 5898 2181 225 5899 225 2179 5900 2179 225 5901 225 1589 5902 1589 1590 5903 1590 2569 5904 2569 2570 5905 2570 2781 5906 2781 763 5907 763 1175 5908 1175 761 5909 761 17 5910 17 602 5911 602 1425 5912 1425 17 5913 17 403 5914 403 2520 5915 2520 2004 5916 2004 2448 5917 2448 2003 5918 2003 2782 5919 2782 809 5920 809 811 5921 811 1023 5922 1023 1982 5923 1982 2304 5924 2304 2304 5925 2304 2305 5926 2305 1023 5927 1023 1339 5928 1339 2 5929 2 1 5930 1 1339 5931 1339 1 5932 1 2183 5933 2183 2290 5934 3339 2289 5935 3338 961 5936 961 961 5937 961 1427 5938 1427 2290 5939 3339 752 5940 752 2265 5941 2265 1384 5942 1384 1384 5943 1384 753 5944 753 752 5945 752 68 5946 68 67 5947 67 841 5948 841 2783 5949 2783 2430 5950 2430 841 5951 841 3 5952 3 2587 5953 2587 657 5954 657 1141 5955 1141 2264 5956 2264 654 5957 654 14 5958 14 612 5959 612 614 5960 614 76 5961 76 14 5962 14 1909 5963 1909 2291 5964 2291 2784 5965 2784 1704 5966 1704 2785 5967 2785 2466 5968 2466 1704 5969 3223 2141 5970 2141 2786 5971 2786 2787 5972 2787 1963 5973 1963 1326 5974 1326 2787 5975 2787 2788 5976 2788 1318 5977 3148 1845 5978 1845 1845 5979 1845 356 5980 356 2292 5981 2292 2067 5982 2067 2066 5983 2066 557 5984 557 335 5985 335 2698 5986 2698 688 5987 688 59 5988 59 293 5989 293 1591 5990 1591 60 5991 60 59 5992 59 869 5993 869 2789 5994 2789 1464 5995 1464 1463 5996 1463 2790 5997 2790 2710 5998 2710 2789 5999 2789 1915 6000 1915 2791 6001 2791 1913 6002 1913 105 6003 105 264 6004 264 1336 6005 1336 198 6006 198 696 6007 696 1105 6008 1105 2177 6009 2177 1028 6010 1028 1027 6011 1027 2327 6012 2327 2090 6013 2090 260 6014 260 2090 6015 2090 2327 6016 2327 1376 6017 3387 2792 6018 2792 2793 6019 2793 2082 6020 2082 2005 6021 2005 2794 6022 2794 2792 6023 2792 2795 6024 2795 2796 6025 2796 1743 6026 1743 2795 6027 2795 1743 6028 1743 1742 6029 1742 1213 6030 1213 1212 6031 1212 1426 6032 1426 673 6033 673 2797 6034 2797 1211 6035 1211 682 6036 682 2798 6037 2798 683 6038 683 678 6039 678 2614 6040 2614 1681 6041 1681 1046 6042 1046 2653 6043 2653 498 6044 498 2184 6045 2184 2183 6046 2183 2185 6047 2185 2058 6048 2058 93 6049 93 1268 6050 1268 205 6051 205 207 6052 207 2060 6053 2060 844 6054 844 2799 6055 2799 2426 6056 2426 844 6057 844 2426 6058 2426 1910 6059 1910 1398 6060 1398 2133 6061 2133 2800 6062 2800 109 6063 109 2218 6064 2218 1147 6065 1147 2786 6066 3413 2143 6067 2143 2801 6068 2801 1327 6069 1327 992 6070 3092 2142 6071 2142 1929 6072 1929 2802 6073 2802 1930 6074 1930 220 6075 220 1505 6076 3225 221 6077 221 1311 6078 1311 520 6079 520 664 6080 664 663 6081 663 664 6082 664 1193 6083 1193 2034 6084 2034 88 6085 3374 2216 6086 2216 2217 6087 2217 1452 6088 1452 1158 6089 1158 878 6090 878 2298 6091 2298 877 6092 877 253 6093 253 2803 6094 2803 254 6095 254 2804 6096 2804 1292 6097 1292 1946 6098 1946 1949 6099 1949 396 6100 396 2804 6101 2804 598 6102 598 600 6103 600 504 6104 504 2228 6105 2228 2805 6106 2805 504 6107 504 425 6108 425 1150 6109 1150 1668 6110 1668 1668 6111 1668 1150 6112 1150 1149 6113 1149 1690 6114 1690 245 6115 245 2806 6116 2806 245 6117 245 906 6118 906 2806 6119 2806 583 6120 583 1804 6121 1804 581 6122 581 2807 6123 2807 784 6124 784 1804 6125 1804 269 6126 269 732 6127 732 734 6128 734 732 6129 732 729 6130 729 731 6131 731 1612 6132 3200 2250 6133 2250 2808 6134 2808 2530 6135 2530 1612 6136 1612 1615 6137 1615 396 6138 396 1948 6139 1948 560 6140 560 1949 6141 1949 1948 6142 1948 396 6143 396 1881 6144 1881 217 6145 217 171 6146 171 939 6147 939 171 6148 171 2809 6149 2809 1601 6150 1601 2235 6151 3329 1600 6152 1600 1600 6153 1600 2810 6154 2810 1598 6155 1598 1118 6156 1118 479 6157 479 481 6158 481 981 6159 981 1118 6160 1118 19 6161 19 2634 6162 2634 2106 6163 3309 1342 6164 3155 2106 6165 2106 1341 6166 1341 1342 6167 1342 2176 6168 2176 2175 6169 2175 2707 6170 3400 2811 6171 2811 1792 6172 1792 2707 6173 2707 946 6174 946 1701 6175 1701 944 6176 944 160 6177 160 2092 6178 2092 161 6179 161 2812 6180 2812 2813 6181 2813 2408 6182 3359 2746 6183 3176 1829 6184 1829 1831 6185 1831 404 6186 404 2814 6187 2814 2047 6188 2047 405 6189 405 404 6190 404 1022 6191 1022 701 6192 701 149 6193 149 550 6194 550 1989 6195 1989 149 6196 149 1991 6197 1991 2441 6198 2441 2005 6199 3296 2442 6200 2442 1878 6201 3073 1877 6202 3273 2444 6203 2444 1199 6204 3129 1854 6205 1854 1853 6206 1853 2815 6207 2815 1199 6208 1199 312 6209 312 1542 6210 1542 518 6211 518 2816 6212 2816 2140 6213 2140 2139 6214 2139 2136 6215 2136 601 6216 601 2227 6217 2227 1500 6218 1500 2227 6219 2227 601 6220 601 152 6221 152 2557 6222 2557 1816 6223 1816 2558 6224 2558 2314 6225 2314 794 6226 794 2558 6227 3415 2817 6228 2817 682 6229 682 681 6230 681 2412 6231 2412 1944 6232 1944 1942 6233 1942 1179 6234 1179 621 6235 621 1176 6236 1176 2303 6237 2303 1422 6238 1422 1176 6239 1176 84 6240 84 83 6241 83 2818 6242 2818 1998 6243 1998 84 6244 84 2818 6245 2818 1247 6246 1247 1756 6247 1756 2245 6248 2245 556 6249 556 686 6250 686 557 6251 557 2502 6252 2502 1837 6253 1837 2503 6254 2503 2367 6255 2367 558 6256 558 1837 6257 1837 2819 6258 2819 1321 6259 1321 64 6260 64 8 6261 8 766 6262 766 2820 6263 2820 2821 6264 2821 576 6265 576 140 6266 140 140 6267 140 576 6268 576 578 6269 578 453 6270 453 1813 6271 1813 1812 6272 1812 452 6273 452 448 6274 448 453 6275 453 279 6276 279 64 6277 64 1321 6278 1321 1904 6279 1904 1321 6280 1321 1905 6281 1905 1068 6282 1068 2822 6283 2822 346 6284 346 349 6285 349 348 6286 348 1705 6287 1705 1255 6288 1255 1257 6289 1257 322 6290 322 971 6291 971 322 6292 322 321 6293 321 2284 6294 2284 2283 6295 2283 2285 6296 3337 940 6297 940 2285 6298 3337 941 6299 941 2823 6300 2823 2519 6301 2519 1654 6302 3096 1653 6303 1653 2823 6304 3416 1654 6305 1654 825 6306 825 824 6307 824 2039 6308 2039 2592 6309 2592 2039 6310 2039 824 6311 824 1059 6312 1059 1589 6313 1589 2182 6314 2182 1059 6315 3119 2182 6316 3418 2461 6317 2461 519 6318 519 2635 6319 2635 1871 6320 1871 164 6321 164 2635 6322 2635 519 6323 519 2392 6324 2392 609 6325 609 2824 6326 2824 2247 6327 2247 2824 6328 2824 609 6329 609 2825 6330 2825 1879 6331 1879 607 6332 607 1879 6333 1879 918 6334 918 1880 6335 1880 1720 6336 1720 2427 6337 3411 1070 6338 1070 2427 6339 2427 2428 6340 2428 1070 6341 3126 1550 6342 1550 2149 6343 2149 1548 6344 1548 2294 6345 3341 1548 6346 1548 2149 6347 2149 2826 6348 2826 2755 6349 2755 1272 6350 1272 2826 6351 3419 2827 6352 2827 433 6353 433 2104 6354 2104 1057 6355 3116 2105 6356 2105 400 6357 400 2828 6358 2828 1651 6359 1651 516 6360 516 1414 6361 1414 370 6362 370 369 6363 369 516 6364 516 370 6365 370 2202 6366 2202 206 6367 206 2829 6368 2829 754 6369 754 2006 6370 2006 2829 6371 2829 2830 6372 2830 225 6373 225 227 6374 227 1435 6375 1435 1434 6376 1434 133 6377 133 1738 6378 1738 991 6379 991 1262 6380 1262 991 6381 991 1737 6382 1737 1628 6383 1628 725 6384 725 724 6385 724 2831 6386 2831 2831 6387 2831 226 6388 226 1590 6389 1590 251 6390 251 2799 6391 2799 249 6392 249 2832 6393 2832 843 6394 843 2478 6395 2478 267 6396 267 2255 6397 2255 2254 6398 2254 690 6399 690 267 6400 267 266 6401 266 272 6402 272 2046 6403 2046 270 6404 270 599 6405 599 602 6406 602 601 6407 601 1706 6408 1706 2702 6409 2702 1707 6410 1707 2833 6411 2833 2268 6412 2268 348 6413 348 1715 6414 1715 1716 6415 1716 1714 6416 1714 1054 6417 1054 2834 6418 2834 2423 6419 2423 1478 6420 1478 111 6421 111 152 6422 152 1478 6423 1478 152 6424 152 1841 6425 1841 2835 6426 2835 2469 6427 2469 257 6428 257 2469 6429 2469 2835 6430 2835 2595 6431 3389 473 6432 473 707 6433 707 474 6434 474 707 6435 707 473 6436 473 705 6437 705 1939 6438 1939 1634 6439 1634 1940 6440 1940 1217 6441 1217 2836 6442 2836 733 6443 733 1477 6444 1477 2517 6445 2517 2516 6446 2516 1736 6447 3242 1735 6448 3241 440 6449 440 0 6450 0 554 6451 554 760 6452 760 758 6453 758 760 6454 760 285 6455 285 589 6456 589 1373 6457 1373 100 6458 100 589 6459 589 588 6460 588 2596 6461 2596 1989 6462 1989 1991 6463 1991 1990 6464 1990 1146 6465 1146 2837 6466 2837 2838 6467 2838 1641 6468 1641 1640 6469 1640 415 6470 415 415 6471 415 87 6472 87 2839 6473 2839 2488 6474 2488 2487 6475 2487 1752 6476 1752 1752 6477 3244 2486 6478 3375 2488 6479 3334 1969 6480 1969 1970 6481 1970 1967 6482 1967 179 6483 179 181 6484 181 1121 6485 1121 954 6486 954 1976 6487 3286 955 6488 955 1874 6489 3271 2840 6490 2840 2095 6491 2095 705 6492 705 473 6493 473 2841 6494 2841 2841 6495 2841 1198 6496 3123 2215 6497 2215 1886 6498 1886 499 6499 499 507 6500 507 499 6501 499 2831 6502 2831 724 6503 724 1407 6504 1407 1406 6505 1406 1873 6506 1873 1408 6507 1408 1407 6508 1407 1873 6509 1873 2697 6510 2697 2002 6511 2002 2842 6512 2842 2224 6513 2224 2843 6514 2843 2223 6515 2223 2844 6516 2844 1475 6517 1475 169 6518 169 419 6519 419 2615 6520 2615 2318 6521 2318 669 6522 669 668 6523 668 2272 6524 2272 2272 6525 2272 2625 6526 2625 669 6527 669 280 6528 280 2845 6529 2845 281 6530 281 2846 6531 2846 2621 6532 2621 1385 6533 1385 2355 6534 2355 1541 6535 1541 2847 6536 2847 2847 6537 2847 1541 6538 1541 1543 6539 1543 1699 6540 1699 730 6541 730 1004 6542 1004 2072 6543 2072 2071 6544 2071 1249 6545 1249 1574 6546 1574 197 6547 197 1575 6548 1575 211 6549 211 197 6550 197 596 6551 596 2027 6552 2027 903 6553 903 905 6554 905 1195 6555 1195 2271 6556 2271 2027 6557 2027 1095 6558 1095 78 6559 78 77 6560 77 2548 6561 2548 2095 6562 2095 77 6563 77 342 6564 342 2848 6565 2848 2364 6566 2364 995 6567 995 996 6568 996 342 6569 342 2121 6570 2121 537 6571 537 2122 6572 2122 1450 6573 1450 646 6574 646 838 6575 838 292 6576 292 1592 6577 1592 293 6578 293 293 6579 293 1592 6580 1592 1591 6581 1591 2849 6582 2849 1256 6583 1256 787 6584 787 393 6585 393 55 6586 55 2849 6587 2849 336 6588 336 467 6589 467 335 6590 335 1746 6591 1746 336 6592 336 1747 6593 1747 1605 6594 3197 2377 6595 3250 2124 6596 2124 2376 6597 2376 2377 6598 2377 1605 6599 1605 2372 6600 3136 1348 6601 1348 2373 6602 3354 2373 6603 3354 1348 6604 1348 1349 6605 1349 2850 6606 2850 418 6607 418 1033 6608 1033 2850 6609 2850 2671 6610 3398 1343 6611 1343 2422 6612 2422 2022 6613 3300 502 6614 502 2616 6615 2616 2805 6616 2805 2228 6617 2228 483 6618 483 482 6619 482 481 6620 481 1120 6621 1120 1116 6622 1116 2306 6623 2306 1874 6624 1874 1406 6625 1406 2851 6626 2851 1096 6627 1096 703 6628 703 702 6629 702 1801 6630 1801 2852 6631 2852 1306 6632 1306 1869 6633 1869 307 6634 307 306 6635 306 210 6636 210 485 6637 485 1572 6638 1572 1572 6639 1572 2234 6640 2234 2235 6641 2235 2853 6642 2853 201 6643 201 2471 6644 2471 2853 6645 2853 202 6646 202 201 6647 201 2766 6648 2766 1852 6649 1852 750 6650 3264 1849 6651 1849 2000 6652 2000 2643 6653 2643 2210 6654 2210 2209 6655 2209 1076 6656 1076 2031 6657 2031 2854 6658 2854 1076 6659 1076 2855 6660 2855 2062 6661 2062 157 6662 157 2855 6663 2855 898 6664 898 128 6665 128 2856 6666 2856 1315 6667 1315 2857 6668 2857 1315 6669 3290 2856 6670 3420 2788 6671 2788 830 6672 830 1051 6673 1051 1987 6674 1987 1051 6675 1051 1522 6676 1522 1987 6677 1987 1286 6678 1286 2858 6679 2858 390 6680 390 2859 6681 2859 1856 6682 1856 800 6683 800 2219 6684 2219 2860 6685 2860 694 6686 694 2860 6687 2860 2156 6688 2156 694 6689 694 940 6690 3115 1546 6691 1546 2424 6692 2424 2286 6693 2286 1546 6694 1546 1545 6695 1545 2638 6696 2638 1777 6697 1777 1776 6698 1776 738 6699 738 2170 6700 2170 2171 6701 2171 2338 6702 2338 1569 6703 3161 2861 6704 2861 2862 6705 2862 2861 6706 3318 1569 6707 1569 2391 6708 2391 2273 6709 2273 1185 6710 3113 2391 6711 2391 1729 6712 3236 2101 6713 2101 2160 6714 2160 2161 6715 2161 2863 6716 2863 2863 6717 2863 1984 6718 1984 993 6719 3097 2069 6720 2069 1630 6721 1630 2070 6722 2070 476 6723 476 475 6724 475 1002 6725 1002 1352 6726 1352 2864 6727 2864 2463 6728 2463 294 6729 294 2865 6730 2865 1617 6731 1617 1194 6732 1194 388 6733 388 387 6734 387 2396 6735 2396 388 6736 388 2029 6737 2029 1113 6738 1113 2586 6739 2586 1112 6740 1112 62 6741 62 1113 6742 1113 462 6743 462 872 6744 3237 2866 6745 2866 2030 6746 3301 1789 6747 1789 2866 6748 2866 1168 6749 3108 1968 6750 1968 1967 6751 1967 2270 6752 2270 1968 6753 1968 2270 6754 2270 805 6755 805 1794 6756 1794 450 6757 450 449 6758 449 1790 6759 1790 1794 6760 1794 1791 6761 1791 2867 6762 2867 1594 6763 1594 1596 6764 1596 791 6765 791 796 6766 796 792 6767 792 377 6768 377 246 6769 246 245 6770 245 1693 6771 1693 2594 6772 2594 491 6773 491 464 6774 464 2868 6775 2868 1031 6776 1031 1107 6777 1107 1109 6778 1109 2868 6779 2868 2398 6780 3110 2130 6781 3356 2399 6782 2399 1227 6783 3071 921 6784 921 685 6785 685 1112 6786 1112 1992 6787 1992 1110 6788 1110 1110 6789 1110 1992 6790 1992 2045 6791 2045 2220 6792 2220 2222 6793 2222 2055 6794 2055 340 6795 340 342 6796 342 2220 6797 2220 1768 6798 1768 2732 6799 2732 292 6800 292 2732 6801 2732 1264 6802 1264 1771 6803 3249 332 6804 332 2162 6805 2162 333 6806 333 2162 6807 2162 2161 6808 2161 333 6809 333 2869 6810 2869 2870 6811 2870 2240 6812 2240 2552 6813 2552 1860 6814 1860 1861 6815 1861 1553 6816 1553 2375 6817 2375 174 6818 174 1554 6819 1554 1553 6820 1553 174 6821 174 1297 6822 1297 672 6823 672 674 6824 674 1295 6825 1295 1297 6826 1297 1296 6827 1296 16 6828 16 15 6829 15 699 6830 699 601 6831 601 16 6832 16 1841 6833 1841 199 6834 199 2768 6835 2768 1575 6836 1575 1106 6837 1106 2509 6838 3382 2508 6839 3381 1510 6840 1510 1511 6841 1511 1509 6842 1509 1509 6843 1509 2489 6844 2489 494 6845 494 584 6846 584 2871 6847 2871 1329 6848 1329 1329 6849 1329 2871 6850 2871 782 6851 782 37 6852 37 737 6853 737 1523 6854 1523 1523 6855 1523 917 6856 917 37 6857 37 1539 6858 1539 2372 6859 3136 412 6860 3358 2372 6861 2372 413 6862 413 412 6863 412 2872 6864 2872 1977 6865 1977 1188 6866 1188 2872 6867 2872 1978 6868 1978 1977 6869 1977 119 6870 119 2873 6871 2873 1041 6872 1041 2874 6873 2874 2873 6874 2873 119 6875 119 1072 6876 1072 2246 6877 2246 2108 6878 2108 2108 6879 2108 1247 6880 1247 1246 6881 1246 141 6882 141 1671 6883 1671 700 6884 700 1479 6885 1479 75 6886 75 2457 6887 2457 1027 6888 1027 1026 6889 1026 1918 6890 1918 1823 6891 1823 1027 6892 1027 2875 6893 2875 2296 6894 2296 1103 6895 3295 2297 6896 2297 2442 6897 2442 306 6898 306 308 6899 308 1973 6900 1973 2876 6901 2876 28 6902 28 28 6903 28 1393 6904 1393 1392 6905 1392 1921 6906 3191 585 6907 585 2566 6908 2566 2566 6909 2566 2877 6910 2877 1917 6911 3093 1821 6912 1821 2495 6913 3377 2494 6914 2494 2878 6915 2878 2495 6916 3377 1821 6917 1821 1503 6918 1503 1042 6919 1042 1504 6920 1504 1042 6921 1042 1503 6922 1503 1043 6923 1043 998 6924 998 1369 6925 1369 2230 6926 2230 1367 6927 1367 2879 6928 2879 1368 6929 1368 2521 6930 2521 2543 6931 2543 2522 6932 2522 2543 6933 2543 90 6934 90 89 6935 89 2420 6936 3361 2419 6937 3156 1806 6938 1806 2421 6939 2421 2417 6940 2417 2419 6941 2419 1623 6942 1623 1398 6943 1398 1397 6944 1397 2880 6945 2880 2832 6946 2832 2478 6947 2478 2881 6948 2881 1137 6949 1137 2711 6950 3423 2882 6951 2882 2711 6952 3423 1843 6953 1843 2883 6954 2883 2884 6955 2884 2547 6956 2547 606 6957 606 2885 6958 2885 1486 6959 1486 738 6960 738 1659 6961 1659 2170 6962 2170 2263 6963 2263 2886 6964 2886 224 6965 224 2028 6966 3040 1335 6967 1335 1334 6968 1334 800 6969 800 1483 6970 1483 901 6971 901 1304 6972 1304 183 6973 183 1302 6974 1302 183 6975 183 713 6976 713 2474 6977 2474 445 6978 445 1469 6979 1469 2354 6980 2354 2354 6981 2354 1469 6982 1469 2887 6983 2887 2888 6984 2888 2725 6985 2725 2724 6986 2724 2166 6987 2166 1507 6988 1507 2726 6989 3230 901 6990 901 1483 6991 1483 2889 6992 2889 2511 6993 2511 1484 6994 1484 1934 6995 1934 1365 6996 1365 2890 6997 2890 1364 6998 1364 1586 6999 1586 2890 7000 2890 2009 7001 2009 1883 7002 3426 1697 7003 3328 886 7004 886 1225 7005 1225 1697 7006 1697 1883 7007 1883 1258 7008 1258 2771 7009 2771 1259 7010 1259 2771 7011 2771 2609 7012 3391 2772 7013 2772 1365 7014 1365 824 7015 824 113 7016 113 1365 7017 1365 113 7018 113 1361 7019 1361 371 7020 371 1889 7021 1889 2740 7022 2740 790 7023 790 1796 7024 1796 369 7025 369 780 7026 780 209 7027 209 47 7028 47 507 7029 507 780 7030 780 1886 7031 1886 1156 7032 1156 2602 7033 2602 2601 7034 2601 2784 7035 2784 2291 7036 2291 2891 7037 2891 1024 7038 1024 1025 7039 1025 2248 7040 2248 1024 7041 1024 2248 7042 2248 610 7043 610 2449 7044 2449 985 7045 985 1810 7046 1810 1810 7047 1810 985 7048 985 1809 7049 1809 2537 7050 2537 2892 7051 2892 2534 7052 2534 1204 7053 1204 1203 7054 1203 2892 7055 2892 394 7056 394 1245 7057 1245 2109 7058 2109 394 7059 394 396 7060 396 1400 7061 1400 2862 7062 2862 1565 7063 1565 1564 7064 1564 852 7065 852 851 7066 851 2151 7067 2151 26 7068 26 162 7069 162 24 7070 24 24 7071 24 1311 7072 1311 664 7073 664 1073 7074 1073 1279 7075 1279 1072 7076 1072 2893 7077 2893 1279 7078 1279 2414 7079 2414 1446 7080 1446 641 7081 641 2112 7082 2112 642 7083 642 641 7084 641 1446 7085 1446 338 7086 338 337 7087 337 2405 7088 2405 2405 7089 2405 2531 7090 2531 1614 7091 1614 523 7092 523 1077 7093 1077 524 7094 524 39 7095 39 1449 7096 1449 523 7097 523 1429 7098 1429 2894 7099 2894 1430 7100 1430 2238 7101 2238 2723 7102 2723 1430 7103 1430 2174 7104 2174 2895 7105 2895 1793 7106 3320 2895 7107 2895 1560 7108 1560 2605 7109 2605 439 7110 439 626 7111 626 629 7112 629 629 7113 629 626 7114 626 2896 7115 2896 852 7116 852 61 7117 61 854 7118 854 61 7119 61 852 7120 852 2150 7121 2150 82 7122 82 1448 7123 1448 83 7124 83 543 7125 543 542 7126 542 1130 7127 1130 2474 7128 2474 242 7129 242 1078 7130 1078 2305 7131 2305 242 7132 242 1023 7133 1023 2158 7134 2158 2897 7135 2897 1148 7136 1148 2417 7137 3124 1806 7138 1806 2419 7139 3156 1346 7140 1346 2591 7141 2591 2333 7142 2333 2386 7143 2386 1346 7144 3427 2334 7145 2334 868 7146 868 1115 7147 1115 60 7148 60 60 7149 60 1115 7150 1115 1114 7151 1114 2898 7152 2898 2437 7153 2437 2070 7154 3306 2898 7155 3068 2070 7156 2070 1630 7157 1630 562 7158 562 375 7159 375 374 7160 374 374 7161 374 1691 7162 1691 2584 7163 2584 230 7164 230 229 7165 229 2899 7166 2899 1193 7167 1193 230 7168 230 2899 7169 2899 2239 7170 2239 2900 7171 2900 2237 7172 2237 2900 7173 2900 1511 7174 1511 1166 7175 1166 397 7176 397 1528 7177 3323 2685 7178 2685 1526 7179 3183 397 7180 397 2458 7181 2458 534 7182 534 691 7183 691 535 7184 535 2068 7185 2068 535 7186 535 106 7187 106 1520 7188 1520 652 7189 652 188 7190 188 56 7191 56 1401 7192 1401 1518 7193 1518 165 7194 165 683 7195 683 680 7196 680 165 7197 165 680 7198 680 1808 7199 1808 1408 7200 1408 2901 7201 2901 2168 7202 2168 2902 7203 2902 2901 7204 3428 2169 7205 2169 433 7206 433 432 7207 432 1083 7208 1083 433 7209 433 1083 7210 1083 2077 7211 2077 7 7212 7 373 7213 373 764 7214 764 373 7215 373 1692 7216 1692 374 7217 374 1752 7218 1752 2487 7219 2487 1753 7220 1753 1753 7221 1753 2303 7222 2303 2302 7223 2302 2577 7224 2577 2009 7225 2009 2010 7226 2010 2009 7227 2009 2890 7228 2890 2010 7229 2010 30 7230 30 1025 7231 1025 1627 7232 1627 30 7233 30 1628 7234 1628 124 7235 124 122 7236 122 1127 7237 1127 123 7238 123 2439 7239 2439 40 7240 40 123 7241 123 455 7242 455 1802 7243 1802 456 7244 456 455 7245 455 307 7246 307 1802 7247 1802 2187 7248 2187 856 7249 856 1719 7250 1719 856 7251 856 2187 7252 2187 344 7253 344 2903 7254 2903 1476 7255 1476 2317 7256 2317 862 7257 862 2317 7258 2317 863 7259 863 2361 7260 2361 1761 7261 1761 1763 7262 1763 2015 7263 3201 2360 7264 2360 2361 7265 2361 1915 7266 1915 1914 7267 1914 103 7268 103 2033 7269 2033 2032 7270 2032 2035 7271 2035 281 7272 281 1521 7273 1521 187 7274 187 737 7275 737 736 7276 736 187 7277 187 256 7278 256 648 7279 648 257 7280 257 648 7281 648 2835 7282 2835 257 7283 257 558 7284 558 1012 7285 1012 559 7286 559 2904 7287 2904 1012 7288 1012 2666 7289 2666 818 7290 818 72 7291 72 62 7292 62 819 7293 819 1922 7294 1922 818 7295 818 637 7296 637 233 7297 233 1758 7298 1758 233 7299 233 2654 7300 2654 57 7301 57 665 7302 665 2073 7303 2073 1192 7304 1192 715 7305 715 2760 7306 2760 2759 7307 2759 241 7308 241 240 7309 240 526 7310 526 240 7311 240 2662 7312 2662 526 7313 526 1514 7314 1514 1513 7315 1513 2905 7316 2905 1888 7317 1888 2366 7318 2366 1091 7319 3087 2906 7320 2906 1045 7321 1045 358 7322 358 2467 7323 2467 2906 7324 2906 358 7325 358 360 7326 360 947 7327 947 9 7328 9 947 7329 947 778 7330 778 839 7331 839 2242 7332 2242 2241 7333 2241 855 7334 855 855 7335 855 2243 7336 2243 1176 7337 1176 2907 7338 2907 2114 7339 2114 2116 7340 2116 1646 7341 1646 960 7342 960 2114 7343 2114 1344 7344 1344 1906 7345 1906 1908 7346 1908 1906 7347 3430 2118 7348 2118 1640 7349 1640 582 7350 582 2464 7351 2464 2908 7352 2908 2908 7353 2908 583 7354 583 582 7355 582 1006 7356 1006 1008 7357 1008 1848 7358 1848 2292 7359 2292 671 7360 671 2293 7361 2293 772 7362 772 2838 7363 2838 2837 7364 2837 1397 7365 1397 2599 7366 2599 2598 7367 2598 2080 7368 2080 439 7369 439 63 7370 63 2244 7371 2244 63 7372 63 439 7373 439 2658 7374 2658 299 7375 299 2656 7376 2656 2262 7377 2262 2264 7378 2264 1141 7379 1141 1796 7380 1796 1795 7381 1795 369 7382 369 1795 7383 1795 2466 7384 2466 514 7385 514 1700 7386 1700 946 7387 946 2909 7388 2909 2909 7389 3280 2679 7390 2679 1251 7391 1251 1579 7392 1579 2600 7393 2600 636 7394 636 2277 7395 2277 2275 7396 2275 2276 7397 2276 503 7398 503 2308 7399 2308 822 7400 822 2024 7401 2024 2023 7402 2023 1897 7403 1897 1053 7404 1053 2023 7405 2023 2022 7406 2022 2023 7407 2023 1053 7408 1053 1052 7409 1052 967 7410 967 766 7411 766 765 7412 765 1995 7413 1995 2820 7414 2820 766 7415 766 26 7416 26 1980 7417 1980 2910 7418 2910 163 7419 163 162 7420 162 26 7421 26 198 7422 198 212 7423 212 920 7424 920 696 7425 696 198 7426 198 920 7427 920 438 7428 438 642 7429 642 2244 7430 2244 640 7431 640 642 7432 642 2687 7433 2687 2870 7434 2870 580 7435 580 2911 7436 2911 580 7437 580 2870 7438 2870 2869 7439 2869 1382 7440 1382 131 7441 131 879 7442 879 879 7443 879 2538 7444 2538 1382 7445 1382 1558 7446 1558 762 7447 762 381 7448 381 1558 7449 1558 763 7450 763 762 7451 762 1254 7452 1254 1257 7453 1257 1255 7454 1255 1257 7455 1257 324 7456 324 617 7457 617 2498 7458 2498 1893 7459 3432 2613 7460 2613 2613 7461 2613 2499 7462 2499 2498 7463 2498 2912 7464 2912 844 7465 844 445 7466 445 2912 7467 2912 445 7468 445 2354 7469 2354 2913 7470 2913 1680 7471 1680 1679 7472 1679 158 7473 158 157 7474 157 2063 7475 2063 2434 7476 2434 891 7477 3050 890 7478 3074 2434 7479 2434 2433 7480 2433 891 7481 3050 1962 7482 1962 1551 7483 1551 1963 7484 1963 1551 7485 1551 334 7486 334 1067 7487 1067 1895 7488 1895 1894 7489 1894 2307 7490 2307 2914 7491 2914 2915 7492 2915 2037 7493 2037 2916 7494 2916 721 7495 721 1581 7496 1581 721 7497 721 2916 7498 2916 639 7499 639 1850 7500 3260 2764 7501 2764 2763 7502 2763 1219 7503 1219 1850 7504 3260 1220 7505 1220 1471 7506 3233 846 7507 846 2917 7508 2917 846 7509 846 845 7510 845 2917 7511 2917 1851 7512 1851 2380 7513 2380 2379 7514 2379 2380 7515 2380 1851 7516 1851 1852 7517 1852 2837 7518 2837 773 7519 773 772 7520 772 1405 7521 1405 1407 7522 1407 773 7523 773 2918 7524 2918 1231 7525 1231 1455 7526 1455 2128 7527 2128 2131 7528 2131 2129 7529 2129 272 7530 272 271 7531 271 1020 7532 1020 2047 7533 2047 2814 7534 2814 2048 7535 2048 2919 7536 2919 1744 7537 1744 1182 7538 1182 1744 7539 1744 1745 7540 1745 1182 7541 1182 2121 7542 2121 262 7543 262 538 7544 538 1782 7545 1782 1780 7546 1780 1781 7547 1781 2920 7548 2920 1867 7549 1867 587 7550 587 1867 7551 1867 1868 7552 1868 2297 7553 2297 1548 7554 3188 1036 7555 1036 2295 7556 2295 1390 7557 1390 2921 7558 2921 1391 7559 1391 2572 7560 2572 1606 7561 3083 861 7562 861 2689 7563 2689 1609 7564 1609 2572 7565 3100 1952 7566 1952 1237 7567 1237 2397 7568 2397 1952 7569 1952 1238 7570 1238 1237 7571 1237 2922 7572 2922 1337 7573 1337 2364 7574 2364 2922 7575 2922 2057 7576 2057 1337 7577 1337 2923 7578 2923 556 7579 556 555 7580 555 2357 7581 2357 555 7582 3164 395 7583 395 2910 7584 2910 1980 7585 1980 2924 7586 2924 1344 7587 1344 2924 7588 2924 768 7589 768 2044 7590 2044 355 7591 355 1324 7592 1324 1830 7593 1830 2533 7594 2533 355 7595 355 359 7596 359 2325 7597 2325 2313 7598 2313 2313 7599 2313 2325 7600 2325 2314 7601 2314 2188 7602 2188 2925 7603 2925 2926 7604 2926 1206 7605 1206 1208 7606 1208 2926 7607 2926 1416 7608 3173 2116 7609 2116 1293 7610 3315 1295 7611 1295 1296 7612 1296 1293 7613 1293 223 7614 223 222 7615 222 1923 7616 1923 1926 7617 1926 1925 7618 1925 2204 7619 2204 2349 7620 2349 447 7621 447 2504 7622 2504 1714 7623 1714 1716 7624 1716 2349 7625 2349 1371 7626 3166 1677 7627 1677 1679 7628 1679 2927 7629 2927 2645 7630 2645 2311 7631 2311 2642 7632 2642 2928 7633 2928 1951 7634 1951 1262 7635 1262 2928 7636 3435 1739 7637 1739 1730 7638 1730 1184 7639 1184 2796 7640 2796 1184 7641 1184 1842 7642 1842 2796 7643 2796 2887 7644 2887 1469 7645 1469 1471 7646 1471 2917 7647 2917 1472 7648 3175 1471 7649 3233 1757 7650 1757 1758 7651 1758 1074 7652 1074 1281 7653 1281 1758 7654 1758 1757 7655 1757 2117 7656 2117 2929 7657 2929 2118 7658 2118 2929 7659 2929 2117 7660 2117 415 7661 415 750 7662 750 749 7663 749 2765 7664 2765 2265 7665 2265 2930 7666 2930 1384 7667 1384 714 7668 714 2693 7669 2693 231 7670 231 2931 7671 2931 2693 7672 2693 2137 7673 2137 1032 7674 1032 2403 7675 2403 1033 7676 1033 2403 7677 2403 1032 7678 1032 2149 7679 2149 2767 7680 2767 2932 7681 2932 1774 7682 1774 2932 7683 2932 1086 7684 1086 1774 7685 1774 1523 7686 1523 1522 7687 1522 1524 7688 1524 1522 7689 1522 512 7690 512 33 7691 33 1794 7692 1794 1793 7693 1793 2113 7694 2113 2110 7695 2110 1793 7696 3320 2895 7697 2895 593 7698 593 595 7699 595 213 7700 213 213 7701 213 595 7702 595 2586 7703 2586 1018 7704 1018 603 7705 3060 1019 7706 1019 2145 7707 2145 2038 7708 3304 2146 7709 2146 1988 7710 1988 1049 7711 1049 1048 7712 1048 284 7713 284 1048 7714 1048 282 7715 282 311 7716 311 965 7717 965 2815 7718 2815 312 7719 312 311 7720 311 2815 7721 2815 2240 7722 2240 915 7723 915 1674 7724 1674 1672 7725 1672 1674 7726 1674 915 7727 915 2933 7728 2933 290 7729 290 2579 7730 2579 2933 7731 2933 346 7732 346 2822 7733 2822 1217 7734 1217 732 7735 732 2934 7736 2934 2437 7737 2437 2934 7738 2934 2070 7739 3306 1656 7740 1656 897 7741 897 640 7742 640 897 7743 3436 1656 7744 3214 2236 7745 2236 120 7746 120 2935 7747 2935 1979 7748 1979 120 7749 120 1979 7750 1979 118 7751 118 1958 7752 1958 2365 7753 3352 1959 7754 1959 289 7755 289 288 7756 288 1959 7757 1959 1679 7758 1679 2936 7759 2936 1371 7760 3166 1163 7761 1163 1162 7762 1162 2936 7763 3248 2076 7764 2076 2078 7765 2078 1082 7766 1082 2541 7767 3383 2076 7768 2076 1081 7769 1081 2937 7770 2937 1066 7771 3342 1481 7772 1481 1824 7773 1824 1064 7774 1064 1066 7775 1066 252 7776 252 612 7777 612 964 7778 964 2081 7779 2081 612 7780 612 252 7781 252 2497 7782 2497 2499 7783 2499 2938 7784 2938 597 7785 597 1576 7786 1576 2499 7787 2499 451 7788 451 453 7789 453 2338 7790 2338 2339 7791 2339 2338 7792 2338 2861 7793 2861 744 7794 744 302 7795 302 1799 7796 1799 1799 7797 1799 1706 7798 3227 1708 7799 3226 2511 7800 2511 1934 7801 1934 1482 7802 1482 2620 7803 2620 2621 7804 2621 1482 7805 1482 1436 7806 1436 825 7807 825 1439 7808 1439 2039 7809 2039 1439 7810 1439 825 7811 825 2520 7812 2520 2939 7813 2939 2821 7814 2821 1540 7815 1540 2939 7816 2939 1539 7817 1539 2535 7818 2535 743 7819 743 2534 7820 2534 743 7821 743 2535 7822 2535 302 7823 302 2400 7824 2400 2636 7825 2636 2637 7826 2637 1291 7827 1291 1945 7828 1945 1947 7829 1947 1901 7830 1901 1900 7831 1900 1903 7832 1903 565 7833 565 1900 7834 1900 2588 7835 2588 2556 7836 2556 615 7837 615 2940 7838 2940 2556 7839 2556 616 7840 616 615 7841 615 632 7842 632 880 7843 880 633 7844 633 633 7845 633 2376 7846 2376 2378 7847 2378 416 7848 416 415 7849 415 972 7850 972 1391 7851 1391 2921 7852 2921 1035 7853 1035 87 7854 87 315 7855 315 314 7856 314 85 7857 85 87 7858 87 314 7859 314 2786 7860 3413 2801 7861 2801 2787 7862 3414 785 7863 785 331 7864 331 1961 7865 3281 2565 7866 2565 1238 7867 1238 1952 7868 1952 2941 7869 2941 808 7870 808 1238 7871 1238 2434 7872 2434 890 7873 3074 2435 7874 2435 2712 7875 2712 2881 7876 3424 2711 7877 2711 116 7878 116 2322 7879 2322 117 7880 117 2322 7881 2322 1415 7882 1415 117 7883 117 124 7884 124 1739 7885 1739 2343 7886 2343 2343 7887 2343 788 7888 788 124 7889 124 1332 7890 1332 798 7891 798 1330 7892 1330 2942 7893 2942 798 7894 798 1332 7895 1332 951 7896 951 363 7897 363 356 7898 356 130 7899 130 356 7900 356 355 7901 355 364 7902 364 1474 7903 1474 860 7904 860 1563 7905 1563 1474 7906 1474 136 7907 136 1025 7908 1025 32 7909 32 1982 7910 1982 1025 7911 1025 30 7912 30 32 7913 32 759 7914 759 2455 7915 2455 495 7916 495 759 7917 759 495 7918 495 760 7919 760 1497 7920 1497 1496 7921 1496 2705 7922 2705 2704 7923 2704 2705 7924 2705 1496 7925 1496 2017 7926 2017 2475 7927 2475 2477 7928 2477 122 7929 122 2477 7930 2477 2475 7931 2475 989 7932 989 1627 7933 1627 2301 7934 2301 989 7935 989 994 7936 994 2539 7937 2539 2902 7938 2902 2169 7939 2169 1532 7940 1532 2332 7941 2332 2491 7942 3438 1534 7943 1534 2943 7944 2943 1241 7945 1241 144 7946 144 2120 7947 2120 2943 7948 2943 144 7949 144 635 7950 635 1214 7951 1214 1239 7952 1239 793 7953 793 2944 7954 2944 791 7955 791 2214 7956 2214 2514 7957 2514 2215 7958 2215 2676 7959 3288 2512 7960 2512 2514 7961 2514 2945 7962 2945 74 7963 74 579 7964 579 73 7965 73 579 7966 579 74 7967 74 811 7968 811 2224 7969 3065 2946 7970 2946 811 7971 3275 1235 7972 1235 1234 7973 1234 483 7974 483 982 7975 982 476 7976 476 1003 7977 1003 483 7978 483 476 7979 476 1897 7980 1897 1438 7981 1438 2394 7982 2394 2037 7983 2037 2915 7984 2915 2395 7985 2395 708 7986 708 710 7987 710 2410 7988 2410 2094 7989 2094 1290 7990 1290 1289 7991 1289 2329 7992 2329 1040 7993 3109 2290 7994 3339 2329 7995 2329 2331 7996 2331 1040 7997 3109 1709 7998 1709 401 7999 401 400 8000 400 400 8001 400 631 8002 631 43 8003 43 96 8004 96 42 8005 42 44 8006 44 2006 8007 2006 42 8008 42 96 8009 96 2896 8010 2896 630 8011 630 629 8012 629 1735 8013 1735 1734 8014 1734 2896 8015 2896 2664 8016 2664 2647 8017 3394 2194 8018 2194 2947 8019 2947 2647 8020 3394 2371 8021 3044 2945 8022 2945 2212 8023 2212 1201 8024 1201 1855 8025 1855 1854 8026 1854 1199 8027 3129 723 8028 723 725 8029 725 2948 8030 2948 505 8031 505 1529 8032 1529 1525 8033 1525 1228 8034 1228 2128 8035 2128 466 8036 466 1228 8037 1228 1227 8038 1227 2128 8039 2128 2949 8040 2949 2218 8041 2218 111 8042 111 111 8043 111 2950 8044 2950 2949 8045 2949 764 8046 764 1090 8047 1090 98 8048 98 764 8049 764 98 8050 98 1558 8051 1558 202 8052 202 1298 8053 1298 776 8054 776 910 8055 910 202 8056 202 2853 8057 2853 310 8058 310 2279 8059 2279 2479 8060 2479 1123 8061 1123 137 8062 137 1488 8063 1488 1878 8064 3073 2444 8065 2444 1172 8066 1172 2741 8067 2741 2568 8068 3407 1172 8069 1172 1870 8070 1870 2951 8071 2951 1871 8072 1871 1244 8073 1244 1871 8074 1871 2951 8075 2951 1013 8076 1013 2893 8077 3439 1927 8078 1927 2893 8079 2893 2414 8080 2414 2413 8081 2413 894 8082 894 929 8083 929 343 8084 343 2748 8085 2748 929 8086 929 894 8087 894 677 8088 677 204 8089 204 102 8090 102 677 8091 677 776 8092 776 204 8093 204 107 8094 107 1724 8095 1724 1723 8096 1723 1723 8097 1723 108 8098 108 107 8099 107 195 8100 195 194 8101 194 695 8102 695 1921 8103 1921 1026 8104 1026 1919 8105 1919 1940 8106 1940 1835 8107 1835 1939 8108 1939 2254 8109 3331 1835 8110 1835 2256 8111 3178 2581 8112 2581 568 8113 568 2718 8114 2718 568 8115 568 2581 8116 2581 569 8117 569 2831 8118 2831 1590 8119 1590 2952 8120 2952 1060 8121 1060 2952 8122 2952 1058 8123 1058 1045 8124 1045 2906 8125 2906 794 8126 794 2326 8127 2326 794 8128 794 2314 8129 2314 968 8130 968 2335 8131 2335 1996 8132 1996 968 8133 968 668 8134 668 670 8135 670 2631 8136 2631 2145 8137 2145 2147 8138 2147 2036 8139 3132 1896 8140 1896 2037 8141 3302 100 8142 100 1374 8143 1374 101 8144 101 2953 8145 2953 1857 8146 1857 101 8147 101 839 8148 839 361 8149 361 947 8150 947 361 8151 361 1765 8152 1765 127 8153 127 912 8154 912 2552 8155 2552 1861 8156 1861 410 8157 410 409 8158 409 2552 8159 2552 1913 8160 1913 2791 8161 2791 2954 8162 2954 2675 8163 2675 1913 8164 1913 2954 8165 2954 2708 8166 2708 1183 8167 3138 2273 8168 2273 1133 8169 1133 659 8170 659 658 8171 658 2780 8172 2780 237 8173 237 2358 8174 3351 1015 8175 3105 1578 8176 1578 1278 8177 1278 2124 8178 2124 1649 8179 3212 1383 8180 1383 2124 8181 2124 1383 8182 1383 2125 8183 2125 244 8184 244 490 8185 490 1864 8186 1864 244 8187 244 2231 8188 2231 2233 8189 2233 1512 8190 1512 1516 8191 1516 1513 8192 1513 1516 8193 1516 1953 8194 1953 1513 8195 1513 691 8196 691 534 8197 534 692 8198 692 692 8199 692 534 8200 534 2691 8201 2691 1708 8202 1708 2267 8203 2267 2673 8204 2673 746 8205 746 745 8206 745 1206 8207 1206 1817 8208 3256 2316 8209 2316 1181 8210 1181 1684 8211 1684 1686 8212 1686 1689 8213 1689 1309 8214 1309 1809 8215 1809 2353 8216 3347 1307 8217 1307 1309 8218 1309 986 8219 986 2622 8220 2622 2623 8221 2623 2021 8222 2021 2624 8223 2624 2021 8224 2021 2020 8225 2020 2274 8226 2274 2882 8227 3425 2709 8228 2709 2436 8229 2436 2711 8230 2711 2882 8231 3425 2384 8232 2384 2385 8233 2385 1978 8234 3284 1978 8235 1978 2872 8236 2872 1975 8237 1975 2955 8238 2955 1009 8239 3084 1997 8240 1997 2757 8241 2757 1009 8242 1009 2955 8243 3099 2163 8244 2163 2678 8245 2678 482 8246 482 2678 8247 2678 1251 8248 1251 2679 8249 2679 1685 8250 1685 357 8251 357 2956 8252 2956 2956 8253 2956 2730 8254 2730 1685 8255 1685 79 8256 79 1718 8257 1718 1480 8258 1480 79 8259 79 243 8260 243 1718 8261 1718 2957 8262 2957 1229 8263 3090 2958 8264 2958 923 8265 923 2959 8266 2959 1229 8267 1229 1604 8268 1604 2960 8269 2960 667 8270 667 2761 8271 2761 2960 8272 2960 716 8273 716 409 8274 409 2479 8275 2479 2279 8276 2279 252 8277 252 964 8278 964 2279 8279 2279 1177 8280 1177 2961 8281 2961 1670 8282 1670 2961 8283 2961 1177 8284 1177 1359 8285 1359 2962 8286 2962 653 8287 653 2492 8288 2492 2962 8289 2962 50 8290 50 653 8291 653 2842 8292 2842 423 8293 423 2697 8294 2697 2843 8295 2843 2224 8296 2224 423 8297 423 2963 8298 2963 714 8299 714 2270 8300 2270 1283 8301 1283 714 8302 714 2963 8303 2963 2964 8304 2964 1583 8305 1583 2386 8306 2386 832 8307 832 2964 8308 2964 833 8309 833 1865 8310 1865 490 8311 490 1866 8312 1866 1865 8313 1865 1864 8314 1864 490 8315 490 2208 8316 3325 2207 8317 3324 2650 8318 2650 2205 8319 2205 2648 8320 2648 2650 8321 2650 854 8322 854 1447 8323 1447 1559 8324 1559 853 8325 853 854 8326 854 1559 8327 1559 2493 8328 2493 1667 8329 1667 2715 8330 3440 1667 8331 3217 1664 8332 1664 2715 8333 2715 1675 8334 3310 1862 8335 3069 1673 8336 1673 1673 8337 1673 2402 8338 2402 2965 8339 2965 2198 8340 2198 728 8341 728 1466 8342 1466 726 8343 726 728 8344 728 2198 8345 2198 2176 8346 2176 2707 8347 3400 2266 8348 2266 1566 8349 1566 2176 8350 2176 2266 8351 2266 2093 8352 2093 717 8353 717 1971 8354 3373 945 8355 3085 1971 8356 1971 1282 8357 1282 260 8358 260 892 8359 892 2328 8360 2328 2328 8361 2328 2327 8362 2327 260 8363 260 112 8364 112 500 8365 500 2506 8366 2506 500 8367 500 112 8368 112 114 8369 114 1543 8370 1543 2139 8371 2139 1243 8372 3169 1243 8373 3169 2286 8374 2286 1545 8375 1545 771 8376 771 1341 8377 1341 1441 8378 1441 164 8379 164 771 8380 771 1441 8381 1441 742 8382 742 741 8383 741 1537 8384 1537 2728 8385 2728 1098 8386 1098 2727 8387 2727 2646 8388 2646 2153 8389 2153 2545 8390 2545 2646 8391 2646 413 8392 413 2153 8393 2153 1271 8394 3144 1720 8395 1720 1722 8396 1722 1705 8397 1705 2822 8398 2822 1068 8399 1068 1180 8400 1180 1182 8401 1182 1745 8402 1745 1742 8403 1742 53 8404 53 359 8405 359 1635 8406 3210 2484 8407 2484 1330 8408 3150 436 8409 436 1635 8410 1635 1301 8411 1301 2096 8412 2096 1531 8413 1531 2097 8414 2097 1533 8415 1533 1531 8416 1531 2096 8417 2096 1250 8418 3098 1004 8419 1004 1700 8420 1700 1004 8421 1004 2390 8422 2390 2388 8423 2388 1212 8424 1212 563 8425 563 673 8426 673 1426 8427 1426 1212 8428 1212 673 8429 673 2200 8430 2200 1273 8431 1273 1717 8432 1717 2754 8433 2754 1717 8434 1717 1273 8435 1273 2932 8436 2932 1732 8437 3240 1086 8438 1086 1732 8439 3240 1731 8440 3239 1086 8441 1086 2148 8442 2148 1020 8443 1020 271 8444 271 2147 8445 2147 271 8446 271 598 8447 598 1388 8448 1388 1851 8449 3263 2379 8450 3434 540 8451 540 2379 8452 3434 2382 8453 2382 19 8454 19 804 8455 804 803 8456 803 20 8457 20 19 8458 19 319 8459 319 1784 8460 1784 812 8461 812 2355 8462 2355 812 8463 812 1784 8464 1784 813 8465 813 417 8466 417 256 8467 256 255 8468 255 1375 8469 1375 1547 8470 1547 255 8471 255 2560 8472 2560 2966 8473 2966 2570 8474 2570 2300 8475 2300 2966 8476 2966 2560 8477 2560 56 8478 56 1402 8479 1402 1401 8480 1401 55 8481 55 393 8482 393 56 8483 56 1981 8484 1981 2247 8485 2247 611 8486 611 80 8487 80 2247 8488 2247 81 8489 81 478 8490 478 2644 8491 2644 23 8492 23 261 8493 261 478 8494 478 23 8495 23 1433 8496 1433 2653 8497 2653 2652 8498 2652 2653 8499 2653 1046 8500 1046 2652 8501 2652 1571 8502 1571 745 8503 745 210 8504 210 1206 8505 1206 745 8506 745 1207 8507 1207 1676 8508 1676 2545 8509 2545 1126 8510 1126 1862 8511 1862 2604 8512 2604 913 8513 913 2967 8514 2967 651 8515 651 892 8516 892 2089 8517 2089 259 8518 259 258 8519 258 2312 8520 2312 849 8521 849 848 8522 848 1492 8523 1492 1491 8524 1491 848 8525 848 564 8526 564 1979 8527 1979 375 8528 375 561 8529 561 564 8530 564 375 8531 375 960 8532 960 2330 8533 2330 1427 8534 1427 675 8535 675 960 8536 960 1646 8537 1646 658 8538 658 145 8539 145 147 8540 147 969 8541 969 1134 8542 1134 147 8543 147 1449 8544 1449 1197 8545 1197 2271 8546 2271 1449 8547 1449 1448 8548 1448 82 8549 82 2059 8550 2059 301 8551 301 2060 8552 2060 301 8553 301 2059 8554 2059 2427 8555 2427 1016 8556 1016 1838 8557 1838 1017 8558 1017 2368 8559 2368 2369 8560 2369 1838 8561 1838 2418 8562 2418 783 8563 783 782 8564 782 2421 8565 2421 2420 8566 2420 1803 8567 1803 2968 8568 2968 2530 8569 2530 1085 8570 1085 1085 8571 1085 2530 8572 2530 337 8573 337 2439 8574 2439 2440 8575 2440 41 8576 41 1131 8577 1131 2440 8578 2440 1815 8579 1815 1973 8580 1973 1644 8581 1644 2876 8582 2876 1973 8583 1973 2969 8584 2969 1644 8585 1644 181 8586 181 1970 8587 1970 1969 8588 1969 1970 8589 1970 1282 8590 1282 1971 8591 1971 1123 8592 1123 1488 8593 1488 1487 8594 1487 2547 8595 2547 1362 8596 1362 2883 8597 2883 2970 8598 2970 1783 8599 1783 2425 8600 2425 817 8601 817 816 8602 816 940 8603 940 2703 8604 2703 2460 8605 2460 1710 8606 1710 2086 8607 2086 2703 8608 2703 1710 8609 1710 562 8610 562 1690 8611 1690 561 8612 561 561 8613 561 1690 8614 1690 2201 8615 2201 1320 8616 1320 1905 8617 1905 1321 8618 1321 1011 8619 3101 1901 8620 1901 1170 8621 1170 172 8622 172 570 8623 570 173 8624 173 2642 8625 2642 570 8626 570 172 8627 172 2207 8628 2207 2206 8629 2206 1535 8630 1535 1926 8631 1926 2650 8632 2650 2207 8633 3324 608 8634 608 1554 8635 1554 174 8636 174 1554 8637 1554 608 8638 608 2611 8639 2611 398 8640 398 1924 8641 1924 2458 8642 2458 1527 8643 3185 2458 8644 2458 1924 8645 1924 2561 8646 2561 378 8647 378 380 8648 380 2742 8649 2742 378 8650 378 2569 8651 2569 2769 8652 2769 2500 8653 2500 1575 8654 1575 459 8655 459 461 8656 461 2019 8657 2019 1300 8658 1300 776 8659 776 1298 8660 1298 1299 8661 1299 776 8662 776 1300 8663 1300 1754 8664 3245 2774 8665 2774 1755 8666 3247 1420 8667 1420 2486 8668 3375 2485 8669 2485 2633 8670 2633 1642 8671 1642 814 8672 814 2969 8673 2969 1973 8674 1973 814 8675 814 1118 8676 1118 807 8677 807 19 8678 19 1118 8679 1118 1117 8680 1117 807 8681 807 736 8682 736 185 8683 185 187 8684 187 390 8685 390 185 8686 185 1287 8687 1287 1009 8688 1009 1624 8689 1624 1010 8690 1010 1626 8691 1626 1624 8692 1624 1625 8693 1625 1259 8694 1259 1739 8695 1739 2928 8696 3435 2167 8697 2167 1739 8698 1739 1259 8699 1259 1464 8700 1464 1957 8701 1957 1462 8702 1462 53 8703 53 2342 8704 2342 1462 8705 1462 754 8706 754 755 8707 755 2006 8708 2006 2006 8709 2006 755 8710 755 2007 8711 2007 2971 8712 2971 809 8713 809 286 8714 286 286 8715 286 285 8716 285 2526 8717 2526 2972 8718 2972 2671 8719 2671 2404 8720 3127 2672 8721 2672 2671 8722 2671 2972 8723 2972 698 8724 698 2624 8725 2624 2020 8726 2020 698 8727 698 1108 8728 1108 2973 8729 2973 2590 8730 2590 2589 8731 3267 1787 8732 1787 1011 8733 3101 1902 8734 1902 1901 8735 1901 1525 8736 1525 2974 8737 2974 2278 8738 2278 1527 8739 1527 2974 8740 2974 1525 8741 1525 385 8742 385 969 8743 969 386 8744 386 969 8745 969 660 8746 660 1134 8747 1134 1351 8748 1351 581 8749 3266 1805 8750 1805 427 8751 427 1351 8752 1351 1152 8753 1152 2542 8754 2542 1638 8755 1638 684 8756 684 2542 8757 2542 684 8758 684 2975 8759 2975 2256 8760 2256 2451 8761 2451 2452 8762 2452 2736 8763 2736 265 8764 265 2099 8765 2099 1402 8766 1402 392 8767 392 558 8768 558 558 8769 558 392 8770 392 2368 8771 2368 2894 8772 2894 1429 8773 1429 2239 8774 2239 1429 8775 1429 66 8776 66 2719 8777 2719 1745 8778 1745 1730 8779 1730 2795 8780 2795 2795 8781 2795 1730 8782 1730 2796 8783 2796 1485 8784 1485 406 8785 406 606 8786 606 1485 8787 1485 2374 8788 2374 2680 8789 2680 784 8790 784 2807 8791 2807 2976 8792 2976 784 8793 784 2976 8794 2976 1329 8795 1329 1477 8796 1477 865 8797 865 2517 8798 2517 865 8799 865 2731 8800 2731 2519 8801 2519 2327 8802 2327 2087 8803 2087 1376 8804 3387 1376 8805 1376 2087 8806 3072 1377 8807 1377 2383 8808 2383 1189 8809 1189 1191 8810 1191 2977 8811 2977 2385 8812 2385 2383 8813 2383 763 8814 763 1558 8815 1558 2082 8816 2082 763 8817 763 2082 8818 2082 2793 8819 2793 1585 8820 1585 2386 8821 2386 2334 8822 2334 2009 8823 2009 2387 8824 2387 1585 8825 1585 2203 8826 2203 2797 8827 2797 673 8828 673 2203 8829 2203 2669 8830 2669 1209 8831 1209 2331 8832 2331 2330 8833 2330 958 8834 958 1858 8835 1858 2331 8836 2331 958 8837 958 1395 8838 3177 2978 8839 2978 1473 8840 1473 2134 8841 3441 2478 8842 2478 1966 8843 1966 951 8844 951 950 8845 950 949 8846 949 9 8847 9 949 8848 949 950 8849 950 1084 8850 1084 465 8851 465 2405 8852 2405 1084 8853 1084 2684 8854 2684 465 8855 465 914 8856 914 73 8857 73 1671 8858 1671 580 8859 580 73 8860 73 2911 8861 2911 1047 8862 1047 45 8863 45 1340 8864 1340 2979 8865 2979 1340 8866 1340 208 8867 208 2925 8868 2925 2188 8869 2188 2189 8870 2189 2980 8871 2980 2551 8872 2551 1798 8873 1798 1974 8874 3282 2619 8875 3443 1726 8876 1726 1726 8877 1726 2384 8878 2384 1974 8879 3282 2891 8880 2891 1703 8881 1703 2784 8882 2784 2465 8883 2465 515 8884 515 2785 8885 2785 2544 8886 2544 2051 8887 2051 2543 8888 2543 2051 8889 2051 893 8890 893 895 8891 895 2061 8892 2061 1829 8893 1829 2415 8894 3120 2062 8895 2062 2855 8896 2855 2061 8897 2061 2167 8898 2167 2770 8899 2770 574 8900 574 934 8901 934 936 8902 936 574 8903 574 1834 8904 1834 1938 8905 1938 1835 8906 1835 1834 8907 1834 734 8908 734 1938 8909 1938 2833 8910 2833 747 8911 747 2268 8912 2268 350 8913 350 1340 8914 1340 2979 8915 2979 2559 8916 2559 1688 8917 1688 1687 8918 1687 1816 8919 1816 2557 8920 2557 1687 8921 1687 1726 8922 1726 2619 8923 3443 2617 8924 2617 2619 8925 2619 2618 8926 2618 2617 8927 3167 1392 8928 1392 804 8929 804 806 8930 806 802 8931 802 804 8932 804 1392 8933 1392 1205 8934 3384 1570 8935 1570 1601 8936 3047 1205 8937 1205 1601 8938 1601 1203 8939 1203 294 8940 294 296 8941 296 1355 8942 1355 1355 8943 1355 2865 8944 2865 294 8945 294 326 8946 326 58 8947 58 1813 8948 1813 58 8949 58 326 8950 326 293 8951 293 1962 8952 1962 1065 8953 1065 1551 8954 1551 1962 8955 3130 2341 8956 2341 2340 8957 2340 1594 8958 1594 2867 8959 2867 1597 8960 1597 2722 8961 2722 1594 8962 3192 1597 8963 3335 291 8964 291 2981 8965 2981 1263 8966 1263 293 8967 293 327 8968 327 291 8969 291 2100 8970 2100 2982 8971 2982 2098 8972 2098 1941 8973 1941 1634 8974 1634 1633 8975 1633 2352 8976 2352 984 8977 3154 2697 8978 2697 985 8979 985 984 8980 984 1809 8981 1809 935 8982 935 2726 8983 2726 2983 8984 2983 1929 8985 1929 2983 8986 2983 2802 8987 2802 1455 8988 1455 2984 8989 2984 2129 8990 2129 2067 8991 2067 2984 8992 2984 1455 8993 1455 1139 8994 1139 2985 8995 2985 1658 8996 3216 1140 8997 1140 2985 8998 2985 1139 8999 1139 1100 9000 1100 1104 9001 1104 1101 9002 1101 2986 9003 2986 1104 9004 1104 305 9005 305 353 9006 353 2042 9007 2042 2406 9008 2406 353 9009 353 352 9010 352 1325 9011 1325 2572 9012 2572 861 9013 861 2573 9014 2573 861 9015 861 860 9016 860 1061 9017 1061 2132 9018 2132 2134 9019 2134 2987 9020 2987 1396 9021 1396 845 9022 845 1394 9023 1394 2758 9024 3412 1762 9025 1762 1759 9026 1759 2014 9027 2014 2988 9028 2988 1366 9029 1366 153 9030 153 155 9031 155 1171 9032 1171 1171 9033 1171 457 9034 457 458 9035 458 1249 9036 3111 2071 9037 3307 2438 9038 2438 2070 9039 3306 2438 9040 2438 2071 9041 3307 1657 9042 1657 437 9043 437 1652 9044 1652 628 9045 628 1652 9046 1652 437 9047 437 2229 9048 2229 1161 9049 1161 1555 9050 1555 1555 9051 1555 1161 9052 1161 1163 9053 1163 1694 9054 1694 2031 9055 2031 2030 9056 2030 1694 9057 1694 2854 9058 2854 2031 9059 2031 722 9060 722 2627 9061 2627 1577 9062 1577 722 9063 722 1577 9064 1577 721 9065 721 1985 9066 1985 2162 9067 2162 572 9068 572 571 9069 571 1950 9070 1950 572 9071 572 2205 9072 2205 222 9073 222 2172 9074 2172 2172 9075 2172 2171 9076 2171 2649 9077 2649 2539 9078 2539 994 9079 994 993 9080 993 993 9081 993 1983 9082 3289 2539 9083 2539 1002 9084 1002 2072 9085 2072 1003 9086 1003 1003 9087 1003 484 9088 484 483 9089 483 864 9090 864 2690 9091 3445 2411 9092 2411 862 9093 862 864 9094 864 2411 9095 2411 2443 9096 2443 455 9097 455 457 9098 457 457 9099 457 2441 9100 2441 2443 9101 2443 921 9102 921 1229 9103 3090 2957 9104 2957 921 9105 921 2957 9106 2957 684 9107 684 2989 9108 2989 329 9109 329 785 9110 785 2989 9111 2989 2301 9112 2301 329 9113 329 828 9114 828 2662 9115 2662 368 9116 368 368 9117 368 370 9118 370 828 9119 828 485 9120 485 1139 9121 1139 2234 9122 2234 2234 9123 2234 1572 9124 1572 485 9125 485 317 9126 317 2050 9127 2050 895 9128 895 343 9129 343 317 9130 317 895 9131 895 511 9132 511 218 9133 218 34 9134 34 218 9135 218 217 9136 217 34 9137 34 2630 9138 2630 1894 9139 1894 2631 9140 2631 822 9141 822 2308 9142 2308 1894 9143 1894 831 9144 3365 826 9145 826 2990 9146 2990 831 9147 831 1411 9148 3258 829 9149 829 2197 9150 2197 726 9151 726 2198 9152 2198 2197 9153 2197 2196 9154 3322 726 9155 726 2850 9156 2850 769 9157 769 418 9158 418 769 9159 769 26 9160 26 418 9161 418 830 9162 830 2287 9163 2287 2445 9164 3366 2287 9165 2287 830 9166 830 1987 9167 1987 2991 9168 2991 1622 9169 1622 2332 9170 3143 2991 9171 2991 1623 9172 1623 1622 9173 1622 1647 9174 1647 956 9175 956 955 9176 955 1647 9177 1647 78 9178 78 956 9179 956 1226 9180 1226 1224 9181 1224 661 9182 661 1226 9183 1226 2431 9184 2431 2433 9185 2433 1028 9186 1028 2177 9187 2177 1105 9188 1105 1105 9189 1105 1822 9190 1822 1820 9191 1820 17 9192 17 141 9193 141 15 9194 15 15 9195 15 141 9196 141 700 9197 700 2173 9198 2173 2816 9199 2816 232 9200 232 2816 9201 2816 518 9202 518 232 9203 232 513 9204 513 1839 9205 1839 2752 9206 2752 513 9207 513 1155 9208 1155 511 9209 511 1457 9210 1457 1460 9211 1460 1459 9212 1459 277 9213 277 1460 9214 1460 278 9215 278 2992 9216 2992 2670 9217 2670 2288 9218 2288 2668 9219 2668 2289 9220 2289 1209 9221 1209 847 9222 847 2645 9223 2645 531 9224 531 999 9225 999 531 9226 531 1000 9227 1000 1561 9228 1561 1792 9229 1792 1791 9230 1791 451 9231 451 2706 9232 2706 1561 9233 1561 1918 9234 1918 2875 9235 2875 1027 9236 1027 2178 9237 2178 2877 9238 2877 1493 9239 1493 1778 9240 1778 1779 9241 1779 2993 9242 2993 2993 9243 2993 1779 9244 1779 2622 9245 2622 214 9246 214 213 9247 213 2150 9248 2150 2152 9249 2152 2150 9250 2150 852 9251 852 2075 9252 2075 2091 9253 2091 2074 9254 2074 2091 9255 2091 717 9256 717 2093 9257 2093 2225 9258 2225 2226 9259 2226 886 9260 886 384 9261 384 884 9262 884 886 9263 886 1665 9264 1665 782 9265 782 2871 9266 2871 782 9267 782 1665 9268 1665 2418 9269 2418 2060 9270 2060 300 9271 300 205 9272 205 2535 9273 2535 205 9274 205 300 9275 300 1421 9276 1421 996 9277 996 535 9278 535 623 9279 623 622 9280 622 1421 9281 1421 1109 9282 1109 2494 9283 3376 2496 9284 2496 1108 9285 1108 2509 9286 2509 1109 9287 1109 2265 9288 2265 752 9289 752 1218 9290 1218 1218 9291 1218 752 9292 752 751 9293 751 2202 9294 2202 756 9295 756 1515 9296 1515 1515 9297 1515 1517 9298 1517 91 9299 91 5 9300 5 2007 9301 2007 2587 9302 2587 755 9303 755 655 9304 655 2007 9305 2007 1191 9306 1191 12 9307 12 1648 9308 1648 12 9309 12 78 9310 78 1648 9311 1648 1651 9312 1651 2828 9313 2828 2104 9314 2104 2714 9315 2714 2104 9316 2104 402 9317 402 2697 9318 2697 423 9319 423 422 9320 422 2697 9321 2697 422 9322 422 2352 9323 2352 2264 9324 2264 657 9325 657 654 9326 654 657 9327 657 2126 9328 2126 654 9329 654 1102 9330 3103 1037 9331 3171 2597 9332 2597 1037 9333 1037 1102 9334 1102 1038 9335 1038 2142 9336 2142 2786 9337 2786 2141 9338 2141 2142 9339 3224 2143 9340 2143 2786 9341 3413 2358 9342 3351 2779 9343 2779 1581 9344 3168 1581 9345 3168 2779 9346 2779 2276 9347 2276 48 9348 48 386 9349 386 49 9350 49 2651 9351 2651 386 9352 386 970 9353 970 592 9354 592 1986 9355 1986 1372 9356 1372 2935 9357 2935 120 9358 120 1986 9359 1986 735 9360 735 737 9361 737 37 9362 37 735 9363 735 37 9364 37 36 9365 36 2994 9366 2994 2250 9367 2250 1612 9368 3200 1612 9369 3200 1611 9370 3198 1696 9371 1696 2603 9372 2603 1891 9373 1891 978 9374 978 1814 9375 1814 1812 9376 1812 978 9377 978 1106 9378 1106 2768 9379 2768 2995 9380 2995 2995 9381 2995 198 9382 198 1106 9383 1106 2450 9384 2450 809 9385 809 2782 9386 2782 287 9387 287 809 9388 809 2450 9389 2450 1505 9390 3225 1930 9391 1930 2802 9392 2802 2996 9393 2996 1503 9394 1503 1505 9395 1505 569 9396 569 2581 9397 2581 1764 9398 1764 1764 9399 1764 841 9400 841 1767 9401 1767 138 9402 138 137 9403 137 1122 9404 1122 113 9405 113 138 9406 138 1122 9407 1122 360 9408 360 11 9409 11 779 9410 779 11 9411 11 203 9412 203 779 9413 779 1233 9414 1233 1236 9415 1236 808 9416 808 423 9417 423 1233 9418 1233 808 9419 808 2036 9420 2036 2997 9421 2997 2039 9422 2039 2039 9423 2039 2997 9424 2997 1439 9425 1439 92 9426 92 1517 9427 1517 1071 9428 3131 91 9429 91 1517 9430 1517 92 9431 92 2729 9432 2729 2919 9433 2919 2315 9434 2315 2103 9435 2103 1685 9436 1685 2730 9437 2730 1628 9438 1628 1627 9439 1627 989 9440 989 1628 9441 1628 30 9442 30 1627 9443 1627 1307 9444 1307 988 9445 988 2733 9446 2733 1307 9447 1307 1310 9448 1310 1308 9449 1308 821 9450 821 820 9451 820 583 9452 583 1804 9453 1804 583 9454 583 2807 9455 2807 18 9456 18 20 9457 20 619 9458 619 619 9459 619 980 9460 980 18 9461 18 670 9462 670 1313 9463 1313 2335 9464 2335 968 9465 968 670 9466 670 2335 9467 2335 2998 9468 2998 2401 9469 2401 938 9470 938 1260 9471 3094 2998 9472 2998 938 9473 938 1683 9474 1683 1682 9475 1682 1943 9476 1943 2318 9477 2318 2615 9478 2615 863 9479 863 2571 9480 2571 2411 9481 2411 2690 9482 3445 2689 9483 2689 2571 9484 3386 2690 9485 2690 70 9486 70 1618 9487 1618 71 9488 71 1773 9489 1773 1618 9490 1618 70 9491 70 553 9492 553 1960 9493 1960 1888 9494 1888 553 9495 553 2527 9496 2527 554 9497 554 2577 9498 2577 606 9499 606 408 9500 408 2999 9501 2999 2578 9502 2578 606 9503 606 25 9504 25 256 9505 256 417 9506 417 25 9507 25 24 9508 24 256 9509 256 2708 9510 2708 2709 9511 2709 1183 9512 3138 1183 9513 1183 2710 9514 2710 1842 9515 1842 786 9516 786 1257 9517 1257 617 9518 617 142 9519 142 144 9520 144 786 9521 786 2515 9522 2515 1186 9523 1186 2513 9524 2513 1186 9525 1186 2514 9526 2514 2513 9527 2513 1471 9528 3233 1715 9529 3232 2472 9530 2472 1714 9531 3231 2834 9532 2834 1715 9533 3232 2409 9534 2409 2632 9535 2632 435 9536 435 435 9537 435 434 9538 434 1288 9539 1288 2810 9540 3362 2234 9541 2234 1660 9542 3215 1660 9543 1660 1598 9544 1598 2810 9545 2810 2840 9546 2840 1874 9547 3271 1872 9548 3114 1872 9549 1872 1874 9550 1874 2851 9551 2851 753 9552 753 1937 9553 1937 751 9554 751 753 9555 753 1385 9556 1385 1937 9557 1937 491 9558 491 244 9559 244 246 9560 246 1693 9561 1693 491 9562 491 246 9563 246 2483 9564 2483 930 9565 930 2748 9566 2748 930 9567 3075 2483 9568 3368 2035 9569 2035 403 9570 403 17 9571 17 1425 9572 1425 1425 9573 1425 1424 9574 1424 403 9575 403 177 9576 177 176 9577 176 1357 9578 1357 1357 9579 1357 1356 9580 1356 689 9581 689 1478 9582 1478 701 9583 701 549 9584 549 2950 9585 2950 111 9586 111 1478 9587 1478 1354 9588 1354 2463 9589 2463 2864 9590 2864 2463 9591 3370 1354 9592 3160 428 9593 428 1826 9594 1826 2392 9595 2392 2540 9596 2540 80 9597 80 1480 9598 1480 2392 9599 2392 1877 9600 3273 2005 9601 3296 2441 9602 2441 1877 9603 1877 2794 9604 2794 2005 9605 2005 1410 9606 1410 282 9607 3043 1128 9608 1128 122 9609 122 1128 9610 1128 1127 9611 1127 2652 9612 2652 134 9613 134 1433 9614 1433 1434 9615 1434 1433 9616 1433 134 9617 134 647 9618 647 3000 9619 3000 1157 9620 1157 648 9621 648 647 9622 647 1157 9623 1157 1414 9624 1414 1702 9625 3220 1413 9626 1413 2752 9627 2752 1840 9628 1840 1702 9629 1702 263 9630 263 1312 9631 1312 664 9632 664 2121 9633 2121 2122 9634 2122 1312 9635 1312 420 9636 420 1562 9637 1562 421 9638 421 168 9639 168 2455 9640 2455 420 9641 420 2565 9642 2565 2564 9643 2564 166 9644 166 1954 9645 1954 551 9646 551 166 9647 166 2583 9648 2583 979 9649 979 1891 9650 1891 979 9651 979 2583 9652 2583 3001 9653 3001 2018 9654 2018 821 9655 821 2464 9656 2464 2750 9657 2750 2018 9658 2018 428 9659 428 1261 9660 1261 991 9661 991 990 9662 990 1951 9663 3287 1261 9664 1261 1983 9665 3289 315 9666 315 892 9667 892 316 9668 316 2522 9669 2522 316 9670 316 892 9671 892 2566 9672 2566 585 9673 585 1029 9674 1029 585 9675 585 584 9676 584 1029 9677 1029 2490 9678 2490 1620 9679 1620 2168 9680 2168 1620 9681 1620 1409 9682 1409 2168 9683 2168 1836 9684 1836 1358 9685 3330 1725 9686 1725 1725 9687 1725 2447 9688 3393 1724 9689 1724 2347 9690 2347 2345 9691 2345 388 9692 388 2345 9693 2345 2347 9694 2347 2346 9695 2346 529 9696 529 1459 9697 1459 1461 9698 1461 1461 9699 1461 1555 9700 1555 529 9701 529 1443 9702 1443 1442 9703 1442 815 9704 815 815 9705 815 1442 9706 1442 2106 9707 2106 1506 9708 1506 1508 9709 1508 937 9710 937 937 9711 937 2608 9712 2608 938 9713 938 2190 9714 2190 2506 9715 2506 2505 9716 2505 876 9717 876 2190 9718 2190 877 9719 877 2041 9720 2041 2747 9721 2747 2746 9722 2746 2523 9723 2523 2041 9724 2041 2746 9725 2746 2268 9726 2268 2267 9727 2267 3002 9728 3002 348 9729 348 2268 9730 2268 3002 9731 3002 71 9732 71 294 9733 294 1617 9734 1617 71 9735 71 1617 9736 1617 2743 9737 2743 415 9738 415 2839 9739 2839 1641 9740 1641 1643 9741 1643 86 9742 86 1644 9743 1644 1013 9744 1013 2502 9745 2502 1928 9746 3380 1012 9747 1012 2367 9748 2367 1013 9749 1013 1955 9750 1955 1957 9751 1957 1464 9752 1464 889 9753 889 1955 9754 1955 1464 9755 1464 1317 9756 3140 1324 9757 1324 1318 9758 3148 2043 9759 2043 1324 9760 1324 2406 9761 3336 1609 9762 1609 1607 9763 1607 1606 9764 1606 1606 9765 1606 2572 9766 3100 1609 9767 1609 1506 9768 1506 2554 9769 2554 1933 9770 1933 1507 9771 1507 1506 9772 1506 1933 9773 1933 183 9774 183 182 9775 182 1302 9776 1302 1330 9777 3150 2484 9778 2484 2344 9779 2344 1389 9780 1389 1343 9781 3157 2672 9782 2672 1800 9783 1800 1389 9784 1389 2672 9785 2672 2029 9786 2029 1334 9787 3152 2396 9788 2396 2396 9789 2396 1740 9790 3345 2347 9791 2347 2466 9792 2466 515 9793 515 514 9794 514 2785 9795 2785 515 9796 515 2466 9797 2466 1151 9798 1151 2157 9799 2157 425 9800 425 427 9801 427 1151 9802 1151 425 9803 425 2800 9804 2800 2133 9805 2133 1147 9806 1147 1147 9807 1147 1144 9808 1144 1399 9809 1399 2590 9810 2590 1169 9811 3056 2589 9812 3267 1788 9813 1788 1168 9814 3108 1169 9815 3056 1188 9816 1188 1977 9817 1977 3003 9818 3003 1403 9819 1403 1188 9820 1188 3003 9821 3003 389 9822 389 390 9823 390 902 9824 902 3004 9825 3004 390 9826 390 2858 9827 2858 215 9828 215 1568 9829 1568 1893 9830 1893 214 9831 214 2252 9832 2252 215 9833 215 493 9834 493 68 9835 68 1300 9836 1300 493 9837 493 66 9838 66 68 9839 68 1306 9840 1306 100 9841 100 203 9842 203 589 9843 589 100 9844 100 1306 9845 1306 2467 9846 2467 3005 9847 3005 2906 9848 2906 792 9849 792 796 9850 796 795 9851 795 1476 9852 1476 860 9853 860 1474 9854 1474 2363 9855 2363 1476 9856 1476 2903 9857 2903 1267 9858 1267 1266 9859 1266 450 9860 450 1266 9861 1266 327 9862 327 450 9863 450 1203 9864 1203 1599 9865 1599 1142 9866 1142 1599 9867 1599 1203 9868 1203 1600 9869 1600 2482 9870 2482 965 9871 965 966 9872 966 2482 9873 2482 2815 9874 2815 965 9875 965 869 9876 869 1591 9877 1591 70 9878 70 1591 9879 1591 869 9880 869 59 9881 59 110 9882 110 275 9883 275 274 9884 274 110 9885 110 274 9886 274 151 9887 151 1588 9888 1588 1587 9889 1587 2696 9890 2696 2480 9891 2480 2696 9892 2696 2481 9893 2481 1174 9894 1174 763 9895 763 2793 9896 2793 1877 9897 1877 1174 9898 1174 2794 9899 2794 975 9900 975 2634 9901 2634 1342 9902 3155 1342 9903 3155 976 9904 976 975 9905 975 2811 9906 2811 2707 9907 2707 2175 9908 3321 2811 9909 2811 2175 9910 3321 1793 9911 1793 1549 9912 3189 2972 9913 2972 2404 9914 3127 1550 9915 1550 1549 9916 1549 2404 9917 2404 2217 9918 2217 2034 9919 2034 2216 9920 2216 1157 9921 1157 3000 9922 3000 2216 9923 2216 2104 9924 2104 2714 9925 2714 2462 9926 2462 2461 9927 2461 2714 9928 2714 2460 9929 2460 2059 9930 2059 2060 9931 2060 2058 9932 2058 2058 9933 2058 2060 9934 2060 207 9935 207 2026 9936 2026 1053 9937 1053 2022 9938 2022 2422 9939 2422 1713 9940 3229 2022 9941 3300 224 9942 224 223 9943 223 1502 9944 1502 224 9945 224 1502 9946 1502 2262 9947 2262 2010 9948 2010 2012 9949 2012 1363 9950 1363 2547 9951 2547 2578 9952 2578 1363 9953 1363 643 9954 643 1559 9955 1559 1447 9956 1447 1447 9957 1447 1446 9958 1446 643 9959 643 2049 9960 2049 1021 9961 1021 1022 9962 1022 2049 9963 2049 2333 9964 2333 2591 9965 2591 1143 9966 1143 2657 9967 2657 1141 9968 1141 1142 9969 1142 1598 9970 1598 1143 9971 1143 146 9972 146 145 9973 145 357 9974 357 357 9975 357 145 9976 145 2391 9977 2391 1965 9978 1965 249 9979 249 2799 9980 2799 249 9981 249 1965 9982 1965 1964 9983 1964 2857 9984 2857 2626 9985 2626 1318 9986 1318 2626 9987 2626 1323 9988 1323 669 9989 669 926 9990 926 2351 9991 2351 692 9992 692 926 9993 926 1725 9994 1725 2351 9995 2351 2045 9996 2045 460 9997 460 1110 9998 1110 2938 9999 2938 460 10000 3049 2045 10001 3095 339 10002 339 338 10003 338 888 10004 888 51 10005 51 888 10006 888 338 10007 338 1064 10008 1064 2610 10009 2610 2611 10010 2611 1552 10011 1552 1064 10012 1064 2611 10013 2611 1035 10014 1035 1034 10015 1034 2327 10016 2327 2088 10017 2088 2087 10018 2087 2327 10019 2327 871 10020 871 2588 10021 2588 1169 10022 1169 871 10023 871 566 10024 566 2588 10025 2588 661 10026 661 2688 10027 2688 883 10028 883 661 10029 661 883 10030 883 1226 10031 1226 2194 10032 2194 2193 10033 2193 1345 10034 1345 1345 10035 1345 2193 10036 2193 2591 10037 2591 123 10038 123 40 10039 40 121 10040 121 526 10041 526 121 10042 121 40 10043 40 343 10044 343 929 10045 929 2606 10046 2606 2607 10047 2607 343 10048 343 2606 10049 2606 545 10050 545 77 10051 77 76 10052 76 76 10053 76 1910 10054 1910 545 10055 545 13 10056 13 472 10057 472 1588 10058 1588 13 10059 13 12 10060 12 472 10061 472 2493 10062 2493 781 10063 781 1668 10064 1668 1668 10065 1668 2159 10066 2159 425 10067 425 2263 10068 2263 1659 10069 1659 2886 10070 2886 297 10071 297 1659 10072 1659 298 10073 298 95 10074 95 367 10075 367 1490 10076 1490 1490 10077 1490 2008 10078 2008 95 10079 95 723 10080 723 507 10081 507 724 10082 724 507 10083 507 499 10084 499 724 10085 724 1418 10086 1418 2470 10087 2470 3006 10088 3006 908 10089 908 2470 10090 3372 1418 10091 3180 1056 10092 1056 2180 10093 2180 132 10094 132 133 10095 133 132 10096 132 2180 10097 2180 2015 10098 3201 2361 10099 2361 1763 10100 1763 2013 10101 2013 2681 10102 2681 2015 10103 2015 710 10104 710 2632 10105 2632 2409 10106 2409 1637 10107 1637 710 10108 710 1272 10109 3081 1535 10110 1535 2206 10111 2206 1098 10112 1098 1098 10113 1098 2206 10114 2206 2727 10115 2727 69 10116 69 868 10117 868 70 10118 70 919 10119 919 868 10120 868 2155 10121 2155 1310 10122 1310 758 10123 758 1308 10124 1308 2737 10125 2737 1898 10126 1898 1308 10127 1308 1604 10128 1604 229 10129 229 2138 10130 3401 2899 10131 2899 229 10132 229 1604 10133 1604 2753 10134 2753 2755 10135 2755 2826 10136 2826 1277 10137 1277 2077 10138 3308 1275 10139 1275 2521 10140 2521 90 10141 90 2543 10142 2543 651 10143 651 90 10144 90 1828 10145 1828 1649 10146 1649 882 10147 882 2549 10148 2549 2549 10149 2549 882 10150 882 2550 10151 2550 1094 10152 1094 1268 10153 1268 92 10154 92 2059 10155 2059 1268 10156 1268 2428 10157 2428 1766 10158 1766 2667 10159 2667 2030 10160 3301 2866 10161 2866 1766 10162 1766 2030 10163 3301 729 10164 729 732 10165 732 269 10166 269 729 10167 729 269 10168 269 2644 10169 2644 688 10170 688 2698 10171 2698 557 10172 557 688 10173 688 557 10174 557 686 10175 686 917 10176 917 1880 10177 1880 918 10178 918 917 10179 917 33 10180 33 35 10181 35 2503 10182 2503 1837 10183 1837 1016 10184 1016 1016 10185 3106 2627 10186 2627 2503 10187 3379 616 10188 616 2722 10189 2722 143 10190 143 1597 10191 3335 2120 10192 2120 2722 10193 2722 1982 10194 1982 32 10195 32 372 10196 372 372 10197 372 239 10198 239 1982 10199 1982 1692 10200 1692 6 10201 6 1691 10202 1691 1691 10203 1691 2585 10204 2585 2211 10205 2211 2738 10206 2738 610 10207 610 1066 10208 3342 1024 10209 1024 610 10210 610 2738 10211 2738 599 10212 599 598 10213 598 270 10214 270 270 10215 270 602 10216 602 599 10217 599 1235 10218 1235 811 10219 3275 2659 10220 2659 1236 10221 1236 2659 10222 2659 1092 10223 1092 412 10224 3358 577 10225 577 1540 10226 1540 2965 10227 2965 577 10228 577 412 10229 3358 634 10230 634 1597 10231 1597 2867 10232 2867 634 10233 634 791 10234 791 2944 10235 2944 1813 10236 1813 453 10237 453 448 10238 448 326 10239 326 1813 10240 1813 448 10241 448 1505 10242 1505 1504 10243 1504 1153 10244 1153 1153 10245 1153 1504 10246 1504 1042 10247 1042 1616 10248 3202 1615 10249 3059 2079 10250 2079 1616 10251 3202 2079 10252 2079 922 10253 3303 2258 10254 2258 2261 10255 2261 1735 10256 1735 2261 10257 3055 440 10258 440 1735 10259 3241 2990 10260 2990 826 10261 826 1412 10262 1412 2065 10263 2065 1412 10264 1412 826 10265 826 1386 10266 1386 2362 10267 2362 2846 10268 2846 2362 10269 2362 1386 10270 1386 1388 10271 1388 1935 10272 1935 1936 10273 1936 1934 10274 1934 1935 10275 1935 1998 10276 3086 1936 10277 1936 1875 10278 3141 154 10279 154 2360 10280 2360 2360 10281 2360 154 10282 154 999 10283 999 1753 10284 1753 2487 10285 2487 2303 10286 2303 2487 10287 2487 2486 10288 2486 2303 10289 2303 1608 10290 1608 2164 10291 2164 1609 10292 1609 1608 10293 1608 681 10294 681 366 10295 366 2224 10296 2224 2223 10297 2223 2003 10298 3139 2224 10299 3065 2003 10300 2003 2946 10301 2946 1752 10302 3244 2485 10303 2485 2486 10304 3375 1751 10305 3077 623 10306 623 1752 10307 3244 2700 10308 2700 2951 10309 2951 1870 10310 1870 1242 10311 1242 2700 10312 2700 2283 10313 2283 2138 10314 2138 2140 10315 2140 2136 10316 2136 2138 10317 3401 229 10318 229 2524 10319 2524 638 10320 638 1758 10321 1758 1281 10322 1281 1281 10323 1281 1280 10324 1280 638 10325 638 2498 10326 3182 2497 10327 3378 1892 10328 1892 2498 10329 3182 1892 10330 1892 1893 10331 1893 858 10332 858 933 10333 933 2222 10334 3052 2222 10335 2222 933 10336 3080 2055 10337 2055 2879 10338 2879 998 10339 998 1368 10340 1368 2681 10341 2681 2683 10342 2683 998 10343 998 2092 10344 2092 160 10345 160 2074 10346 2074 2073 10347 2073 2074 10348 2074 160 10349 160 995 10350 995 342 10351 342 2364 10352 2364 995 10353 995 2364 10354 2364 264 10355 264 57 10356 57 2468 10357 2468 2467 10358 2467 793 10359 793 2468 10360 2468 57 10361 57 1335 10362 1335 799 10363 799 1333 10364 1333 2323 10365 2323 1333 10366 1333 2324 10367 2324 1652 10368 1652 628 10369 628 1653 10370 1653 628 10371 628 1734 10372 1734 1653 10373 1653 1537 10374 1537 1536 10375 1536 742 10376 742 742 10377 742 2639 10378 2639 2640 10379 2640 1269 10380 1269 1706 10381 3227 302 10382 302 1799 10383 1799 302 10384 302 1706 10385 3227 781 10386 781 2493 10387 2493 196 10388 196 196 10389 196 2493 10390 2493 1919 10391 1919 1128 10392 1128 282 10393 3043 2744 10394 2744 282 10395 282 541 10396 541 2382 10397 2382 1861 10398 3066 1860 10399 3238 3007 10400 3007 1861 10401 3066 2240 10402 2240 1674 10403 1674 369 10404 369 514 10405 514 516 10406 516 514 10407 514 369 10408 369 1795 10409 1795 2984 10410 2984 2698 10411 2698 1453 10412 1453 2984 10413 2984 1453 10414 1453 2129 10415 2129 1375 10416 1375 255 10417 255 2469 10418 2469 1375 10419 1375 2469 10420 2469 1376 10421 1376 1194 10422 1194 387 10423 387 1195 10424 1195 1195 10425 1195 387 10426 387 1449 10427 1449 713 10428 713 2777 10429 2777 711 10430 711 1717 10431 1717 711 10432 711 2777 10433 2777 635 10434 635 1239 10435 1239 636 10436 636 1239 10437 1239 1580 10438 1580 636 10439 636 683 10440 683 2798 10441 2798 1489 10442 1489 2798 10443 2798 2614 10444 2614 678 10445 678 1050 10446 1050 2362 10447 2362 539 10448 539 541 10449 541 1050 10450 1050 539 10451 539 1701 10452 1701 159 10453 159 161 10454 161 944 10455 944 1701 10456 1701 3008 10457 3008 1994 10458 1994 2625 10459 2625 351 10460 351 2625 10461 2625 1316 10462 1316 1318 10463 1318 3009 10464 3009 2072 10465 2072 1251 10466 1251 2678 10467 2678 3009 10468 3009 1251 10469 1251 625 10470 625 1733 10471 1733 2260 10472 2260 1733 10473 1733 1732 10474 1732 2260 10475 2260 1645 10476 1645 676 10477 676 2116 10478 2116 1416 10479 3173 1645 10480 1645 2116 10481 2116 434 10482 434 801 10483 801 1286 10484 1286 1288 10485 1288 434 10486 434 1286 10487 1286 871 10488 871 2209 10489 2209 566 10490 566 65 10491 65 2209 10492 2209 2585 10493 2585 1494 10494 1494 1029 10495 1029 1031 10496 1031 2319 10497 2319 1031 10498 1031 2868 10499 2868 1020 10500 1020 2048 10501 2048 272 10502 272 2048 10503 2048 1020 10504 1020 1019 10505 1019 1130 10506 1130 1132 10507 1132 543 10508 543 1132 10509 1132 2380 10510 2380 543 10511 543 807 10512 807 1117 10513 1117 805 10514 805 1117 10515 1117 1120 10516 1120 805 10517 805 306 10518 306 2297 10519 2297 1868 10520 1868 2297 10521 2297 306 10522 306 2442 10523 2442 2476 10524 2476 283 10525 3045 1410 10526 1410 827 10527 827 2445 10528 2445 2476 10529 2476 1607 10530 1607 2378 10531 2378 1605 10532 1605 2378 10533 2378 1607 10534 1607 2165 10535 2165 777 10536 777 840 10537 840 778 10538 778 1300 10539 1300 840 10540 840 777 10541 777 1947 10542 1947 2066 10543 3305 1230 10544 3102 1291 10545 1291 1947 10546 1947 1230 10547 3102 1374 10548 1374 1859 10549 1859 2575 10550 2575 2686 10551 2686 2575 10552 3194 1372 10553 1372 823 10554 823 598 10555 598 504 10556 504 2147 10557 2147 598 10558 598 823 10559 823 2783 10560 2783 841 10561 841 67 10562 67 247 10563 247 2783 10564 2783 67 10565 67 953 10566 953 2676 10567 2676 2677 10568 2677 2214 10569 2214 2676 10570 3288 2514 10571 2514 1626 10572 1626 1625 10573 1625 126 10574 126 1625 10575 1625 362 10576 362 126 10577 126 1584 10578 1584 832 10579 832 834 10580 834 2647 10581 2647 2192 10582 2192 834 10583 834 311 10584 311 313 10585 313 963 10586 963 313 10587 313 409 10588 409 963 10589 963 912 10590 912 911 10591 911 411 10592 411 911 10593 911 913 10594 913 1125 10595 1125 1891 10596 1891 2603 10597 2603 597 10598 597 597 10599 597 2582 10600 2582 1891 10601 1891 720 10602 720 719 10603 719 2107 10604 2107 2665 10605 2665 2107 10606 3312 2666 10607 2666 2381 10608 2381 1132 10609 1132 1815 10610 1815 2381 10611 2381 1129 10612 1129 2744 10613 2744 2361 10614 2361 1000 10615 1000 2701 10616 2701 531 10617 531 530 10618 530 1000 10619 1000 2836 10620 2836 2437 10621 2437 1634 10622 1634 1634 10623 1634 733 10624 733 2836 10625 2836 464 10626 464 698 10627 698 2973 10628 2973 464 10629 464 2973 10630 2973 2868 10631 2868 1248 10632 3117 2356 10633 2356 1246 10634 3142 2356 10635 2356 2109 10636 2109 2776 10637 2776 1760 10638 1760 530 10639 530 532 10640 532 1760 10641 1760 2576 10642 2576 1371 10643 3166 443 10644 443 254 10645 254 2803 10646 2803 2081 10647 2081 254 10648 254 443 10649 443 2541 10650 3383 1081 10651 1081 1825 10652 1825 1825 10653 1825 1827 10654 3122 2541 10655 3383 1913 10656 1913 2675 10657 2675 2674 10658 2674 2057 10659 2057 2056 10660 2056 2674 10661 2674 431 10662 431 2375 10663 2375 432 10664 432 1553 10665 1553 432 10666 432 2375 10667 2375 345 10668 345 347 10669 347 2 10670 2 2 10671 2 1339 10672 1339 345 10673 345 510 10674 510 740 10675 740 508 10676 508 740 10677 740 510 10678 510 780 10679 780 1557 10680 1557 380 10681 380 2229 10682 2229 2229 10683 2229 380 10684 380 998 10685 998 1418 10686 1418 3006 10687 3006 906 10688 906 2320 10689 2320 2806 10690 2806 906 10691 906 82 10692 82 84 10693 84 904 10694 904 904 10695 904 84 10696 84 1998 10697 1998 1964 10698 1964 1533 10699 1533 775 10700 775 775 10701 775 1533 10702 1533 250 10703 250 1438 10704 1438 2395 10705 2395 2394 10706 2394 1440 10707 1440 2395 10708 2395 1438 10709 1438 734 10710 734 2085 10711 2085 2084 10712 2084 268 10713 268 269 10714 269 734 10715 734 248 10716 248 1428 10717 1428 874 10718 3070 248 10719 248 1164 10720 1164 1428 10721 1428 296 10722 296 295 10723 295 1087 10724 1087 1087 10725 1087 295 10726 295 1618 10727 1618 2592 10728 2592 603 10729 603 2038 10730 2038 2038 10731 3304 603 10732 3060 1018 10733 1018 2225 10734 2225 1611 10735 1611 2226 10736 2226 1611 10737 3198 1698 10738 1698 1695 10739 1695 2479 10740 2479 3010 10741 3010 310 10742 310 411 10743 411 3010 10744 3010 2479 10745 2479 398 10746 398 1501 10747 1501 223 10748 223 223 10749 223 1924 10750 1924 398 10751 398 343 10752 343 2607 10753 2607 344 10754 344 857 10755 857 2186 10756 2186 2607 10757 2607 528 10758 528 3011 10759 3011 1678 10760 3219 527 10761 527 3011 10762 3011 528 10763 528 1897 10764 1897 2393 10765 2393 2024 10766 2024 1897 10767 1897 2394 10768 2394 2393 10769 2393 695 10770 695 1028 10771 1028 696 10772 696 1105 10773 1105 696 10774 696 1028 10775 1028 1570 10776 1570 3012 10777 3012 1601 10778 3047 1207 10779 1207 1573 10780 1573 1570 10781 1570 1165 10782 3091 1863 10783 1863 1865 10784 1865 1165 10785 3091 2232 10786 2232 1863 10787 1863 1241 10788 1241 2943 10789 2943 2277 10790 2277 2943 10791 2943 2120 10792 2120 2119 10793 2119 733 10794 733 1634 10795 1634 1939 10796 1939 925 10797 925 733 10798 733 1939 10799 1939 2935 10800 2935 591 10801 591 1979 10802 1979 99 10803 99 1979 10804 1979 591 10805 591 1273 10806 1273 2200 10807 2200 1274 10808 1274 2200 10809 2200 2199 10810 2199 1636 10811 3209 54 10812 54 1518 10813 1518 2492 10814 2492 2492 10815 2492 653 10816 653 320 10817 320 1180 10818 1180 2313 10819 2313 1181 10820 1181 1181 10821 1181 2313 10822 2313 1817 10823 3256 862 10824 862 2411 10825 2411 1062 10826 1062 862 10827 862 2903 10828 2903 2317 10829 2317 1538 10830 1538 2206 10831 2206 2208 10832 2208 1538 10833 1538 2648 10834 3199 1777 10835 1777 2357 10836 2357 2923 10837 3340 555 10838 3164 2357 10839 2357 2356 10840 2356 1248 10841 3117 875 10842 875 2593 10843 2593 873 10844 873 2429 10845 2429 2667 10846 2667 247 10847 247 2820 10848 2820 2819 10849 2819 8 10850 8 1996 10851 1996 2820 10852 2820 1995 10853 1995 1662 10854 1662 1605 10855 3197 2123 10856 2123 859 10857 859 2123 10858 2123 364 10859 364 584 10860 584 1329 10861 1329 1030 10862 1030 1030 10863 1030 1029 10864 1029 584 10865 584 679 10866 679 3013 10867 3013 1807 10868 1807 1808 10869 1808 679 10870 679 1807 10871 1807 1498 10872 1498 1690 10873 1690 2806 10874 2806 2320 10875 2320 1498 10876 1498 2806 10877 2806 1415 10878 1415 2322 10879 2322 2321 10880 2321 2471 10881 2471 201 10882 201 1415 10883 3172 2900 10884 2900 492 10885 492 2489 10886 2489 2900 10887 2900 2719 10888 2719 492 10889 492 1339 10890 1339 1047 10891 1047 1340 10892 1340 1339 10893 1339 2183 10894 2183 1047 10895 1047 462 10896 462 1030 10897 1030 1329 10898 1329 3014 10899 3014 462 10900 462 1329 10901 1329 2548 10902 2548 77 10903 77 547 10904 547 547 10905 547 3015 10906 3015 545 10907 545 2110 10908 3252 2113 10909 2113 1793 10910 1793 2110 10911 3252 2112 10912 3313 2529 10913 2529 1956 10914 1956 1885 10915 1885 2553 10916 2553 1885 10917 1885 2431 10918 3363 2553 10919 2553 2085 10920 2085 1834 10921 1834 928 10922 928 2085 10923 2085 928 10924 928 927 10925 927 17 10926 17 2520 10927 2520 140 10928 140 140 10929 140 2520 10930 2520 2821 10931 2821 2695 10932 2695 1519 10933 1519 1639 10934 1639 1639 10935 1639 2694 10936 2694 2695 10937 2695 508 10938 508 740 10939 740 2638 10940 2638 1776 10941 1776 508 10942 508 2638 10943 2638 501 10944 501 1053 10945 1053 2025 10946 2025 501 10947 501 2025 10948 2025 2350 10949 2350 2491 10950 2491 2490 10951 2490 2902 10952 3429 2491 10953 3438 2902 10954 2902 1532 10955 1532 103 10956 103 2034 10957 2034 1158 10958 1158 1158 10959 1158 2034 10960 2034 2217 10961 2217 1054 10962 1054 274 10963 274 273 10964 273 1054 10965 1054 273 10966 273 2834 10967 2834 1322 10968 1322 1314 10969 1314 1313 10970 1313 670 10971 670 1322 10972 1322 1313 10973 1313 2180 10974 2180 2179 10975 2179 133 10976 133 2830 10977 2830 1435 10978 1435 133 10979 133 3014 10980 3014 1329 10981 1329 2976 10982 2976 2807 10983 2807 3014 10984 3014 2976 10985 2976 1470 10986 1470 447 10987 447 2349 10988 2349 1469 10989 1469 447 10990 447 1470 10991 1470 1806 10992 1806 2157 10993 2157 1151 10994 1151 2897 10995 2897 1806 10996 1806 2417 10997 3124 2543 10998 2543 2050 10999 2050 2522 11000 2522 316 11001 316 2522 11002 2522 802 11003 802 2171 11004 2171 1777 11005 3395 2649 11006 2649 1776 11007 3253 1777 11008 3395 2171 11009 2171 884 11010 884 384 11011 384 339 11012 339 887 11013 887 884 11014 884 339 11015 339 526 11016 526 39 11017 39 524 11018 524 39 11019 39 523 11020 523 524 11021 524 1074 11022 1074 686 11023 686 1756 11024 1756 1756 11025 1756 686 11026 686 2245 11027 2245 99 11028 99 590 11029 590 3016 11030 3016 590 11031 590 1916 11032 1916 3016 11033 3016 668 11034 668 383 11035 383 382 11036 382 668 11037 668 968 11038 968 383 11039 383 2311 11040 2311 2310 11041 2310 2309 11042 2309 2309 11043 2309 2927 11044 2927 2311 11045 2311 417 11046 417 255 11047 255 1547 11048 1547 1547 11049 1547 2149 11050 2149 417 11051 417 51 11052 51 1747 11053 1747 234 11054 234 51 11055 51 338 11056 338 1747 11057 1747 2334 11058 3112 2333 11059 2333 605 11060 3048 2333 11061 2333 2334 11062 3112 1346 11063 1346 1824 11064 1824 1066 11065 1066 2937 11066 3437 1827 11067 3122 1825 11068 1825 1824 11069 1824 115 11070 115 1297 11071 1297 674 11072 674 115 11073 115 117 11074 117 1297 11075 1297 1522 11076 1522 1051 11077 1051 512 11078 512 1051 11079 1051 829 11080 829 512 11081 512 281 11082 281 1049 11083 1049 1521 11084 1521 1050 11085 1050 1049 11086 1049 281 11087 281 624 11088 624 2221 11089 2221 2220 11090 2220 623 11091 623 1751 11092 3077 624 11093 624 2938 11094 2938 2499 11095 2499 1576 11096 1576 2501 11097 2501 2938 11098 2938 1576 11099 1576 228 11100 228 3017 11101 3017 1244 11102 1244 1243 11103 1243 2525 11104 2525 1244 11105 1244 1769 11106 1769 2519 11107 2519 2731 11108 2731 2236 11109 2236 1769 11110 1769 2731 11111 2731 611 11112 611 2248 11113 2248 1981 11114 1981 2248 11115 2248 611 11116 611 610 11117 610 1423 11118 1423 1422 11119 1422 1755 11120 1755 1723 11121 1723 1423 11122 3448 1755 11123 3247 98 11124 98 1090 11125 1090 99 11126 99 99 11127 99 1090 11128 1090 1979 11129 1979 2509 11130 2509 1108 11131 1108 2507 11132 2507 2507 11133 2507 2020 11134 2020 2019 11135 2019 2790 11136 2790 1842 11137 1842 2710 11138 2710 1465 11139 1465 1842 11140 1842 2790 11141 2790 2837 11142 2837 1990 11143 1990 1991 11144 1991 773 11145 773 2837 11146 2837 1405 11147 1405 2389 11148 2389 159 11149 159 1701 11150 1701 2390 11151 2390 1005 11152 1005 159 11153 159 587 11154 587 2852 11155 2852 2920 11156 2920 587 11157 587 1306 11158 1306 2852 11159 2852 2083 11160 2083 1140 11161 1140 486 11162 486 2985 11163 2985 1140 11164 1140 2083 11165 2083 2596 11166 2596 1374 11167 1374 1373 11168 1373 2596 11169 2596 1373 11170 1373 589 11171 589 2846 11172 2846 280 11173 280 2621 11174 2621 280 11175 280 2846 11176 2846 2362 11177 2362 2761 11178 2761 716 11179 716 2759 11180 2759 2759 11181 2759 716 11182 716 715 11183 715 689 11184 689 266 11185 266 178 11186 178 178 11187 178 266 11188 266 2762 11189 2762 1253 11190 1253 970 11191 970 2054 11192 2054 2054 11193 2054 970 11194 970 969 11195 969 2191 11196 3261 1347 11197 1347 1346 11198 1346 2191 11199 3261 2663 11200 3269 2664 11201 2664 237 11202 237 236 11203 236 1240 11204 1240 787 11205 787 144 11206 144 1240 11207 1240 891 11208 891 1884 11209 1884 889 11210 889 891 11211 3050 2433 11212 2433 1884 11213 3246 440 11214 440 1477 11215 1477 1736 11216 3242 866 11217 866 1477 11218 1477 440 11219 440 536 11220 536 995 11221 995 264 11222 264 104 11223 104 536 11224 536 264 11225 264 1073 11226 1073 718 11227 718 3018 11228 3018 3018 11229 3018 1279 11230 1279 1073 11231 1073 942 11232 942 1602 11233 1602 1284 11234 3196 2473 11235 3344 943 11236 943 942 11237 942 2069 11238 2069 2072 11239 2072 1002 11240 1002 475 11241 475 2069 11242 2069 1002 11243 1002 1189 11244 1189 2676 11245 2676 953 11246 953 953 11247 953 1190 11248 1190 1189 11249 1189 1448 11250 1448 542 11251 542 83 11252 83 1222 11253 1222 542 11254 542 544 11255 544 2086 11256 2086 1223 11257 1223 1466 11258 1466 2086 11259 2086 1466 11260 1466 728 11261 728 324 11262 324 323 11263 323 1044 11264 1044 1688 11265 1688 1044 11266 1044 323 11267 323 103 11268 103 1914 11269 1914 2032 11270 2032 103 11271 103 2032 11272 2032 2034 11273 2034 2880 11274 3422 2478 11275 3388 1398 11276 1398 2134 11277 2134 1398 11278 1398 2478 11279 3388 2336 11280 2336 2660 11281 2660 1319 11282 1319 2337 11283 2337 2336 11284 2336 1319 11285 1319 1491 11286 1491 1160 11287 1160 2310 11288 2310 158 11289 158 2310 11290 2310 1160 11291 1160 2370 11292 2370 2374 11293 2374 2373 11294 2373 2373 11295 3354 1349 11296 1349 2370 11297 3042 2019 11298 2019 2021 11299 2021 459 11300 459 2623 11301 2623 459 11302 459 2021 11303 2021 553 11304 553 552 11305 552 1959 11306 1959 2052 11307 2052 1959 11308 1959 552 11309 552 2491 11310 2491 2332 11311 3143 1621 11312 1621 2332 11313 3143 1619 11314 1619 1621 11315 1621 2718 11316 2718 125 11317 125 127 11318 127 1786 11319 1786 2718 11320 2718 2590 11321 2590 1881 11322 1881 171 11323 171 332 11324 332 1881 11325 1881 332 11326 332 1882 11327 1882 1910 11328 1910 613 11329 613 2081 11330 2081 613 11331 613 1910 11332 1910 1909 11333 1909 1738 11334 1738 1737 11335 1737 991 11336 991 1739 11337 1739 1737 11338 1737 1738 11339 1738 3019 11340 3019 1056 11341 3118 2462 11342 2462 1056 11343 1056 3019 11344 3449 2180 11345 2180 588 11346 588 1867 11347 1867 1102 11348 3103 588 11349 588 587 11350 587 1867 11351 1867 1276 11352 1276 2754 11353 2754 2753 11354 2753 2717 11355 2717 1276 11356 1276 2716 11357 2716 1951 11358 3287 2928 11359 3435 1262 11360 1262 1261 11361 1261 1951 11362 3287 1262 11363 1262 1303 11364 1303 1302 11365 1302 2199 11366 2199 2200 11367 2200 1303 11368 1303 2199 11369 2199 193 11370 193 2249 11371 2249 1225 11372 1225 2249 11373 2249 193 11374 193 2250 11375 2250 1256 11376 1256 55 11377 55 322 11378 322 1256 11379 1256 2849 11380 2849 55 11381 55 1803 11382 1803 2420 11383 2420 581 11384 581 1805 11385 1805 581 11386 3266 2420 11387 3361 2259 11388 2259 626 11389 626 625 11390 625 626 11391 626 2259 11392 2259 2896 11393 2896 806 11394 806 29 11395 29 1392 11396 1392 806 11397 806 2269 11398 2269 29 11399 29 370 11400 370 1412 11401 1412 2065 11402 2065 828 11403 828 370 11404 370 2065 11405 2065 2698 11406 2698 2984 11407 2984 2067 11408 2067 557 11409 557 2698 11410 2698 2067 11411 2067 616 11412 616 2556 11413 2556 1818 11414 1818 2722 11415 2722 616 11416 616 1818 11417 1818 1836 11418 1836 928 11419 928 1833 11420 1833 1835 11421 1835 2254 11422 3331 1833 11423 1833 2749 11424 2749 2348 11425 3346 2628 11426 2628 2749 11427 2749 1741 11428 1741 2323 11429 2323 2854 11430 2854 2210 11431 2210 1076 11432 1076 1075 11433 1075 2854 11434 2854 1694 11435 1694 2242 11436 2242 858 11437 858 2222 11438 3052 2242 11439 2242 1719 11440 1719 858 11441 858 1294 11442 1294 1293 11443 1293 2115 11444 3314 2115 11445 3314 2670 11446 3397 2669 11447 2669 2563 11448 2563 2986 11449 2986 97 11450 97 2563 11451 2563 1916 11452 1916 1101 11453 1101 610 11454 610 609 11455 609 1481 11456 1481 609 11457 609 1826 11458 1826 1481 11459 1481 1541 11460 1541 518 11461 518 1542 11462 1542 518 11463 518 1541 11464 1541 2355 11465 2355 102 11466 102 2574 11467 2574 957 11468 957 958 11469 958 957 11470 957 1857 11471 1857 162 11472 162 164 11473 164 1311 11474 1311 1311 11475 1311 24 11476 24 162 11477 162 352 11478 352 668 11479 668 277 11480 277 899 11481 899 352 11482 352 277 11483 277 2250 11484 2250 193 11485 193 192 11486 192 2808 11487 2808 2250 11488 2250 192 11489 192 1010 11490 1010 1785 11491 1785 1787 11492 1787 1624 11493 1624 1785 11494 1785 1010 11495 1010 16 11496 16 699 11497 699 1841 11498 1841 1841 11499 1841 699 11500 699 1478 11501 1478 504 11502 504 600 11503 600 2228 11504 2228 2227 11505 2227 2228 11506 2228 1500 11507 1500 920 11508 920 212 11509 212 2219 11510 2219 2219 11511 2219 212 11512 212 919 11513 919 641 11514 641 1772 11515 1772 2112 11516 2112 2528 11517 2528 2529 11518 2529 2112 11519 3313 511 11520 511 2601 11521 2601 218 11522 218 511 11523 511 1156 11524 1156 2601 11525 2601 2592 11526 2592 1445 11527 1445 603 11528 603 2592 11529 2592 824 11530 824 1445 11531 1445 3020 11532 3020 1483 11533 1483 800 11534 800 800 11535 800 799 11536 799 3020 11537 3020 751 11538 751 1936 11539 1936 1998 11540 3086 751 11541 751 2775 11542 2775 1218 11543 1218 1816 11544 3257 1817 11545 3256 2314 11546 2314 2314 11547 2314 2558 11548 3415 1816 11549 3257 1475 11550 1475 2844 11551 2844 2318 11552 2318 2318 11553 2318 1476 11554 1476 1475 11555 1475 2658 11556 2658 297 11557 297 299 11558 299 297 11559 297 1661 11560 1661 1658 11561 1658 933 11562 3080 932 11563 3078 2056 11564 2056 2056 11565 2056 2756 11566 3410 2674 11567 2674 2160 11568 2160 2863 11569 2863 1327 11570 1327 1327 11571 1327 3021 11572 3021 993 11573 3097 408 11574 408 2964 11575 2964 2387 11576 2387 408 11577 408 407 11578 407 2964 11579 2964 2430 11580 2430 247 11581 247 1766 11582 1766 247 11583 247 2430 11584 2430 2783 11585 2783 2616 11586 2616 2423 11587 2423 2422 11588 2422 2616 11589 2616 2422 11590 2422 502 11591 502 1028 11592 1028 695 11593 695 1026 11594 1026 695 11595 695 194 11596 194 1026 11597 1026 984 11598 984 2352 11599 3348 1809 11600 1809 2353 11601 3347 1809 11602 1809 2352 11603 3348 1985 11604 1985 1950 11605 1950 1983 11606 1983 572 11607 572 1950 11608 1950 1985 11609 1985 1729 11610 3236 2391 11611 2391 1185 11612 3113 1729 11613 1729 1185 11614 1185 1730 11615 1730 1759 11616 1759 1762 11617 1762 1761 11618 1761 1759 11619 1759 1761 11620 1761 2701 11621 2701 772 11622 772 2598 11623 2598 2838 11624 2838 772 11625 772 774 11626 774 1619 11627 1619 1586 11628 1586 604 11629 604 2890 11630 2890 1586 11631 1586 605 11632 605 604 11633 604 1408 11634 3357 1873 11635 3272 2548 11636 2548 1873 11637 3272 2095 11638 2095 2548 11639 2548 2133 11640 2133 2132 11641 2132 109 11642 109 1147 11643 1147 2133 11644 2133 109 11645 109 1382 11646 1382 1380 11647 1380 1379 11648 1379 1379 11649 1379 131 11650 131 1382 11651 1382 1052 11652 1052 825 11653 825 1436 11654 1436 825 11655 825 1052 11656 1052 114 11657 114 1272 11658 3081 709 11659 709 2827 11660 2827 2826 11661 3419 1272 11662 3081 2827 11663 2827 2274 11664 2274 2436 11665 2436 2882 11666 3425 2436 11667 2436 2274 11668 2274 1135 11669 1135 1483 11670 1483 3020 11671 3020 2028 11672 3040 1196 11673 1196 1483 11674 3134 2028 11675 2028 2901 11676 3428 1408 11677 3357 2169 11678 2169 2548 11679 2548 2169 11680 2169 1408 11681 3357 1845 11682 1845 1324 11683 1324 354 11684 354 1845 11685 1845 354 11686 354 356 11687 356 1604 11688 1604 666 11689 666 2899 11690 2899 2899 11691 2899 666 11692 666 1193 11693 1193 2441 11694 2441 1173 11695 1173 2444 11696 2444 1877 11697 3273 2441 11698 2441 2444 11699 2444 2118 11700 2118 2929 11701 2929 1640 11702 1640 1640 11703 1640 2929 11704 2929 415 11705 415 377 11706 377 1693 11707 1693 246 11708 246 1075 11709 1075 1693 11710 1693 377 11711 377 544 11712 544 2000 11713 2000 1221 11714 1221 2000 11715 2000 544 11716 544 2643 11717 2643 2205 11718 2205 2172 11719 2172 2649 11720 2649 2648 11721 2648 2205 11722 2205 2649 11723 2649 286 11724 286 2526 11725 2526 2971 11726 2971 2971 11727 2971 2526 11728 2526 1093 11729 3133 6 11730 6 8 11731 8 64 11732 64 2819 11733 2819 64 11734 64 8 11735 8 586 11736 586 2715 11737 2715 1664 11738 1664 1666 11739 1666 586 11740 586 1664 11741 1664 1067 11742 1067 1963 11743 1963 1551 11744 1551 1067 11745 1067 1326 11746 1326 1963 11747 1963 1344 11748 3158 1343 11749 3157 2118 11750 2118 1906 11751 3430 1344 11752 3158 2118 11753 2118 1482 11754 1482 186 11755 186 2510 11756 2510 185 11757 185 389 11758 389 186 11759 186 314 11760 314 1393 11761 1393 85 11762 85 85 11763 85 1393 11764 1393 1644 11765 1644 967 11766 967 765 11767 765 381 11768 381 381 11769 381 765 11770 765 1558 11771 1558 890 11772 3074 2881 11773 3424 2435 11774 2435 1137 11775 1137 2881 11776 2881 890 11777 890 580 11778 580 312 11779 3265 1853 11780 1853 312 11781 3265 1199 11782 3129 1853 11783 1853 952 11784 952 1198 11785 1198 1587 11786 1587 1587 11787 1587 472 11788 472 471 11789 471 1782 11790 1782 262 11791 262 22 11792 22 1782 11793 1782 1781 11794 1781 262 11795 262 1771 11796 3249 897 11797 3436 2236 11798 2236 897 11799 897 1771 11800 1771 641 11801 641 179 11802 179 1120 11803 1120 180 11804 180 1120 11805 1120 179 11806 179 1121 11807 1121 2440 11808 2440 1131 11809 1131 41 11810 41 39 11811 39 41 11812 41 1131 11813 1131 456 11814 456 10 11815 10 9 11816 9 456 11817 456 9 11818 9 950 11819 950 1119 11820 1119 1121 11821 1121 1969 11822 1969 1969 11823 1969 1121 11824 1121 181 11825 181 1381 11826 1381 1380 11827 1380 1382 11828 1382 1380 11829 3450 1381 11830 3211 2105 11831 2105 138 11832 138 877 11833 877 139 11834 139 139 11835 139 877 11836 877 2298 11837 2298 2691 11838 2691 2084 11839 2084 927 11840 927 2691 11841 2691 927 11842 927 926 11843 926 141 11844 141 578 11845 578 1672 11846 1672 1672 11847 1672 578 11848 578 1673 11849 1673 2751 11850 2751 819 11851 819 2018 11852 2018 2751 11853 2751 1922 11854 1922 819 11855 819 1219 11856 3262 2775 11857 3277 1999 11858 1999 1219 11859 3262 1999 11860 1999 1849 11861 1849 899 11862 899 1456 11863 1456 2415 11864 2415 278 11865 278 1456 11866 1456 276 11867 276 1855 11868 1855 1198 11869 3123 2212 11870 2212 1855 11871 1855 2212 11872 2212 1854 11873 1854 2283 11874 2283 941 11875 941 2285 11876 3337 2700 11877 2700 2699 11878 2699 2283 11879 2283 442 11880 442 2767 11881 2767 1593 11882 1593 2767 11883 2767 1774 11884 1774 1773 11885 1773 1270 11886 1270 301 11887 301 2427 11888 2427 302 11889 302 301 11890 301 1270 11891 1270 838 11892 838 2122 11893 2122 1450 11894 1450 838 11895 838 24 11896 24 2122 11897 2122 533 11898 533 995 11899 995 1780 11900 1780 533 11901 533 1780 11902 1780 534 11903 534 1325 11904 1325 900 11905 900 2040 11906 2040 900 11907 900 2745 11908 2745 2040 11909 2040 1852 11910 1852 1849 11911 1849 2643 11912 2643 1852 11913 1852 2643 11914 2643 2380 11915 2380 1359 11916 1359 2446 11917 2446 2961 11918 2961 2446 11919 2446 176 11920 176 2961 11921 2961 564 11922 564 674 11923 674 563 11924 563 673 11925 673 563 11926 563 674 11927 674 1866 11928 1866 1431 11929 1431 1432 11930 1432 1866 11931 1866 490 11932 490 1431 11933 1431 2453 11934 2453 676 11935 676 1645 11936 1645 776 11937 776 676 11938 676 2453 11939 2453 632 11940 632 94 11941 94 44 11942 44 94 11943 94 96 11944 96 44 11945 44 2861 11946 2861 1564 11947 3333 2339 11948 2339 2862 11949 2862 1564 11950 1564 2861 11951 3318 2196 11952 2196 725 11953 725 1060 11954 1060 1060 11955 3121 726 11956 726 2196 11957 3322 2027 11958 2027 1483 11959 3134 1196 11960 1196 2027 11961 2027 1196 11962 1196 1195 11963 1195 1465 11964 1465 2796 11965 2796 1842 11966 1842 1465 11967 1465 1743 11968 1743 2796 11969 2796 2509 11970 3382 1106 11971 1106 2494 11972 2494 1109 11973 1109 2509 11974 2509 2494 11975 3376 1325 11976 1325 2040 11977 2040 2042 11978 2042 2042 11979 2042 353 11980 353 1325 11981 1325 1399 11982 1399 1144 11983 1144 1397 11984 1397 1144 11985 1144 2599 11986 2599 1397 11987 1397 573 11988 573 2343 11989 2343 2167 11990 2167 573 11991 573 788 11992 788 2343 11993 2343 2448 11994 2448 2946 11995 2946 2003 11996 2003 2448 11997 2448 2450 11998 2450 2782 11999 2782 874 12000 3070 1428 12001 1428 1432 12002 3268 875 12003 875 874 12004 874 1432 12005 1432 558 12006 558 2368 12007 2368 1837 12008 1837 1838 12009 1838 1837 12010 1837 2368 12011 2368 1702 12012 1702 1155 12013 1155 2752 12014 2752 2752 12015 2752 1155 12016 1155 513 12017 513 1466 12018 1466 1223 12019 1223 5 12020 5 2007 12021 2007 5 12022 5 1223 12023 1223 2233 12024 2233 2232 12025 2232 1510 12026 3181 1165 12027 3091 1167 12028 3137 2232 12029 2232 2529 12030 2529 1263 12031 1263 1265 12032 1265 1263 12033 1263 2981 12034 2981 1265 12035 1265 843 12036 843 2799 12037 2799 844 12038 844 843 12039 843 1965 12040 1965 2799 12041 2799 1204 12042 1204 2537 12043 2537 1797 12044 1797 2537 12045 2537 1204 12046 1204 2892 12047 2892 1966 12048 1966 2354 12049 2354 1473 12050 1473 2354 12051 2354 2887 12052 2887 1473 12053 1473 474 12054 474 2457 12055 2457 75 12056 75 1404 12057 1404 2457 12058 2457 474 12059 474 1577 12060 1577 2627 12061 2627 1278 12062 1278 1577 12063 1577 1278 12064 1278 1578 12065 1578 2195 12066 2195 2371 12067 3044 2370 12068 3042 2195 12069 2195 2947 12070 2947 2371 12071 3044 2735 12072 2735 1566 12073 1566 851 12074 851 2176 12075 2176 1566 12076 1566 2735 12077 2735 1299 12078 1299 204 12079 204 776 12080 776 204 12081 204 1299 12082 1299 779 12083 779 72 12084 72 818 12085 818 1922 12086 1922 2080 12087 2080 1922 12088 1922 626 12089 626 2895 12090 2895 2174 12091 2174 1560 12092 1560 2176 12093 2176 1560 12094 1560 2174 12095 2174 1988 12096 1988 284 12097 284 2287 12098 2287 284 12099 284 1988 12100 1988 1048 12101 1048 2257 12102 2257 265 12103 265 267 12104 267 2254 12105 2254 2257 12106 2257 267 12107 267 176 12108 176 1669 12109 1669 1670 12110 1670 1670 12111 1670 2961 12112 2961 176 12113 176 1758 12114 1758 235 12115 235 1074 12116 1074 687 12117 687 1074 12118 1074 235 12119 235 2068 12120 2068 106 12121 106 108 12122 108 108 12123 108 1755 12124 3247 1419 12125 1419 38 12126 38 175 12127 175 36 12128 36 175 12129 175 1290 12130 1290 36 12131 36 1103 12132 3295 1100 12133 3135 2297 12134 2297 1100 12135 1100 1103 12136 1103 1104 12137 1104 890 12138 890 889 12139 889 1138 12140 1138 889 12141 889 1464 12142 1464 1138 12143 1138 1313 12144 1313 1846 12145 3291 2661 12146 2661 2955 12147 2955 1997 12148 1997 2661 12149 2661 2300 12150 2300 2299 12151 2299 381 12152 381 2299 12153 2299 2300 12154 2300 1556 12155 1556 65 12156 65 279 12157 279 566 12158 566 2209 12159 2209 65 12160 65 566 12161 566 2559 12162 2559 2940 12163 2940 615 12164 615 2940 12165 2940 2559 12166 2559 1687 12167 1687 923 12168 923 922 12169 922 2959 12170 2959 922 12171 3303 468 12172 468 2958 12173 2958 2673 12174 2673 2926 12175 2926 2536 12176 3399 2537 12177 2537 2536 12178 2536 1797 12179 1797 1562 12180 1562 2455 12181 2455 759 12182 759 420 12183 420 2455 12184 2455 1562 12185 1562 986 12186 986 1681 12187 3349 987 12188 987 421 12189 421 987 12190 987 1681 12191 3349 651 12192 651 2089 12193 2089 649 12194 649 651 12195 651 2967 12196 2967 2089 12197 2089 398 12198 398 397 12199 397 1467 12200 1467 397 12201 397 2197 12202 2197 1467 12203 1467 131 12204 131 133 12205 133 1434 12206 1434 1434 12207 1434 879 12208 879 131 12209 131 2565 12210 2565 2941 12211 2941 1238 12212 1238 2565 12213 2565 166 12214 166 1663 12215 1663 2856 12216 2856 2857 12217 2857 1318 12218 1318 2788 12219 2788 2856 12220 3420 1318 12221 3148 2604 12222 2604 1126 12223 1126 913 12224 913 1125 12225 1125 913 12226 913 1126 12227 1126 939 12228 939 216 12229 216 1043 12230 1043 939 12231 939 2809 12232 2809 216 12233 216 1975 12234 3283 1974 12235 3282 2384 12236 2384 1978 12237 3284 1975 12238 3283 2384 12239 2384 1925 12240 1925 1923 12241 1923 2204 12242 2204 1925 12243 1925 2459 12244 2459 1923 12245 1923 446 12246 446 444 12247 444 2505 12248 2505 444 12249 444 2190 12250 2190 2505 12251 2505 1514 12252 1514 2905 12253 2905 2366 12254 3353 2365 12255 2365 1514 12256 1514 2366 12257 3353 2682 12258 2682 1366 12259 1366 1368 12260 1368 2013 12261 2013 1366 12262 1366 2682 12263 2682 2398 12264 3110 1291 12265 1291 1232 12266 3107 2398 12267 2398 1232 12268 1232 1231 12269 1231 1851 12270 3263 1388 12271 1388 748 12272 748 748 12273 748 750 12274 750 1851 12275 3263 197 12276 197 1574 12277 1574 596 12278 596 1576 12279 1576 596 12280 596 1574 12281 1574 123 12282 123 1127 12283 1127 2439 12284 2439 2440 12285 2440 2439 12286 2439 1127 12287 1127 411 12288 411 410 12289 410 912 12290 912 410 12291 410 2552 12292 2552 912 12293 912 2583 12294 2583 1893 12295 3432 3001 12296 3001 1568 12297 1568 1567 12298 1567 1893 12299 1893 789 12300 789 2662 12301 2662 240 12302 240 368 12303 368 2662 12304 2662 789 12305 789 1124 12306 1124 2545 12307 2545 1487 12308 1487 1126 12309 1126 2545 12310 2545 1124 12311 1124 2922 12312 2922 2364 12313 2364 2848 12314 2848 2922 12315 2922 341 12316 341 2057 12317 2057 992 12318 992 2143 12319 2143 2142 12320 3224 994 12321 994 2143 12322 2143 992 12323 992 981 12324 981 980 12325 980 480 12326 480 480 12327 480 982 12328 982 481 12329 481 2728 12330 2728 1537 12331 1537 741 12332 741 741 12333 741 1099 12334 1099 2728 12335 2728 1883 12336 3426 2553 12337 2553 2431 12338 3363 2431 12339 2431 1226 12340 1226 1883 12341 1883 2044 12342 2044 2043 12343 2043 2813 12344 2813 2043 12345 2043 2408 12346 3359 2813 12347 2813 2749 12348 2749 2323 12349 2323 1332 12350 1332 1332 12351 1332 2323 12352 2323 2942 12353 2942 1942 12354 1942 1944 12355 1944 2817 12356 2817 1943 12357 1943 1682 12358 1682 1944 12359 1944 1631 12360 1631 2098 12361 2098 1632 12362 1632 1631 12363 1631 2099 12364 2099 2098 12365 2098 1769 12366 1769 1655 12367 3213 1654 12368 3096 1655 12369 1655 1652 12370 1652 1654 12371 1654 1017 12372 1017 238 12373 238 2780 12374 2780 238 12375 238 1017 12376 1017 1838 12377 1838 1630 12378 1630 475 12379 475 2736 12380 2736 475 12381 475 1630 12382 1630 2069 12383 2069 421 12384 421 1562 12385 1562 2734 12386 2734 987 12387 987 421 12388 421 988 12389 988 2887 12390 2887 1472 12391 1472 1473 12392 1473 2887 12393 2887 1471 12394 1471 1472 12395 1472 2185 12396 2185 2183 12397 2183 1046 12398 1046 2183 12399 2183 1 12400 1 1046 12401 1046 469 12402 469 2975 12403 2975 468 12404 468 2958 12405 2958 468 12406 468 2975 12407 2975 725 12408 725 2952 12409 2952 1060 12410 1060 2952 12411 2952 725 12412 725 2831 12413 2831 2745 12414 3409 2415 12415 3120 1829 12416 1829 2745 12417 3409 1829 12418 1829 2746 12419 3176 1280 12420 1280 2503 12421 3379 2627 12422 2627 722 12423 722 1280 12424 1280 2627 12425 2627 2730 12426 3406 2919 12427 2919 2729 12428 2729 2730 12429 3406 1744 12430 1744 2919 12431 2919 1039 12432 1039 2873 12433 2873 118 12434 118 1039 12435 1039 1041 12436 1041 2873 12437 2873 2594 12438 2594 875 12439 875 491 12440 491 875 12441 875 2594 12442 2594 2593 12443 2593 1543 12444 1543 1542 12445 1542 2139 12446 2139 1542 12447 1542 2136 12448 2136 2139 12449 2139 2546 12450 2546 2153 12451 2153 1486 12452 1486 2884 12453 2884 1486 12454 1486 2885 12455 2885 908 12456 908 2853 12457 2853 2471 12458 2471 910 12459 910 3022 12460 3022 908 12461 908 768 12462 768 1980 12463 1980 769 12464 769 2924 12465 2924 1980 12466 1980 768 12467 768 2354 12468 2354 842 12469 842 2912 12470 2912 2912 12471 2912 842 12472 842 844 12473 844 1649 12474 1649 2377 12475 2377 882 12476 882 2124 12477 2124 2377 12478 3250 1649 12479 3212 226 12480 226 499 12481 499 227 12482 227 2831 12483 2831 499 12484 499 226 12485 226 1358 12486 1358 1357 12487 1357 2447 12488 2447 1358 12489 3330 2447 12490 3393 1725 12491 1725 2991 12492 3207 1964 12493 1964 1623 12494 3446 2991 12495 3207 2332 12496 2332 1964 12497 1964 211 12498 211 522 12499 522 212 12500 212 522 12501 522 211 12502 211 2603 12503 2603 502 12504 502 2024 12505 3299 503 12506 503 2024 12507 3299 2308 12508 2308 503 12509 503 2815 12510 2815 2482 12511 2482 2481 12512 2481 1199 12513 1199 2815 12514 2815 2481 12515 2481 2996 12516 2996 2724 12517 2724 1932 12518 1932 2996 12519 2996 1932 12520 1932 1503 12521 1503 77 12522 77 2095 12523 2095 1095 12524 1095 1095 12525 1095 2095 12526 2095 2840 12527 2840 2359 12528 2359 721 12529 721 1578 12530 1578 1581 12531 1581 721 12532 721 2359 12533 2359 88 12534 3374 650 12535 3062 2216 12536 2216 90 12537 90 650 12538 650 88 12539 88 153 12540 153 1171 12541 1171 458 12542 458 458 12543 458 154 12544 154 153 12545 153 2652 12546 2652 2456 12547 2456 135 12548 135 2456 12549 2456 1563 12550 1563 135 12551 135 1355 12552 1355 296 12553 296 2721 12554 2721 1086 12555 1086 2721 12556 2721 296 12557 296 1546 12558 1546 2970 12559 2970 2425 12560 2425 1546 12561 1546 2425 12562 2425 1784 12563 1784 1915 12564 1915 103 12565 103 105 12566 105 2791 12567 2791 1915 12568 1915 105 12569 105 2055 12570 2055 340 12571 340 2220 12572 2220 340 12573 340 2055 12574 2055 341 12575 341 1426 12576 1426 673 12577 673 1211 12578 1211 1211 12579 1211 1210 12580 1210 1426 12581 1426 2765 12582 2765 1220 12583 1220 2763 12584 2763 2763 12585 2763 1220 12586 1220 1850 12587 3260 817 12588 817 2699 12589 2699 1870 12590 1870 1870 12591 1870 815 12592 815 817 12593 817 2460 12594 2460 3023 12595 3023 1711 12596 1711 1711 12597 1711 1059 12598 3119 2460 12599 2460 1485 12600 1485 413 12601 413 2374 12602 2374 2372 12603 2372 2374 12604 2374 413 12605 413 1593 12606 1593 866 12607 866 442 12608 442 442 12609 442 866 12610 866 440 12611 440 2128 12612 2128 1227 12613 1227 2130 12614 2130 2399 12615 2399 2130 12616 3356 1227 12617 3071 2062 12618 2062 2135 12619 3316 2063 12620 2063 1680 12621 1680 158 12622 158 2063 12623 2063 1215 12624 1215 1214 12625 1214 2654 12626 2654 1215 12627 1215 2654 12628 2654 233 12629 233 1665 12630 1665 1149 12631 3041 2416 12632 2416 1149 12633 3041 1148 12634 3082 2416 12635 2416 1896 12636 1896 2036 12637 3132 2631 12638 2631 2631 12639 2631 1894 12640 1894 1896 12641 1896 2512 12642 2512 2676 12643 3288 2617 12644 3167 2617 12645 3167 2618 12646 2618 2512 12647 2512 1804 12648 1804 2532 12649 2532 1803 12650 1803 2532 12651 2532 1804 12652 1804 784 12653 784 1580 12654 1580 2916 12655 2916 1581 12656 1581 1216 12657 1216 2916 12658 2916 1580 12659 1580 349 12660 349 1705 12661 1705 1068 12662 1068 349 12663 349 1068 12664 1068 345 12665 345 1320 12666 1320 1319 12667 1319 1170 12668 1170 1901 12669 1901 1320 12670 1320 1170 12671 1170 309 12672 309 2279 12673 2279 310 12674 310 253 12675 253 2279 12676 2279 309 12677 309 2319 12678 2319 2868 12679 2868 1497 12680 1497 1497 12681 1497 2868 12682 2868 1109 12683 1109 2486 12684 3375 2774 12685 2774 1754 12686 3245 1754 12687 1754 2303 12688 2303 2486 12689 2486 2814 12690 2814 1424 12691 1424 272 12692 272 2048 12693 2048 2814 12694 2814 272 12695 272 520 12696 520 1193 12697 1193 664 12698 664 520 12699 520 519 12700 519 1193 12701 1193 251 12702 251 545 12703 545 2426 12704 2426 251 12705 251 2426 12706 2426 2799 12707 2799 2835 12708 2835 649 12709 3061 2595 12710 3389 2090 12711 2090 2595 12712 2595 649 12713 649 2681 12714 2681 379 12715 379 2015 12716 2015 379 12717 379 2681 12718 2681 998 12719 998 932 12720 932 857 12721 857 1750 12722 1750 2607 12723 2607 1750 12724 1750 857 12725 857 2244 12726 2244 328 12727 328 63 12728 63 328 12729 328 2244 12730 2244 854 12731 854 1532 12732 1532 1534 12733 1534 2491 12734 3438 1532 12735 1532 1531 12736 1531 1534 12737 1534 2137 12738 2137 1284 12739 1284 1603 12740 3195 1603 12741 3195 2138 12742 2138 2137 12743 2137 517 12744 517 2355 12745 2355 1973 12746 1973 518 12747 518 2355 12748 2355 517 12749 517 960 12750 960 962 12751 962 2114 12752 2114 2115 12753 2115 2114 12754 2114 962 12755 962 2706 12756 2706 1792 12757 1792 1561 12758 1561 2706 12759 2706 2707 12760 2707 1792 12761 1792 2741 12762 2741 154 12763 154 1875 12764 3141 1875 12765 1875 378 12766 378 2742 12767 2742 743 12768 743 744 12769 744 2534 12770 2534 2534 12771 2534 744 12772 744 1708 12773 3226 896 12774 896 292 12775 292 2732 12776 2732 292 12777 292 896 12778 896 867 12779 867 986 12780 986 1309 12781 1309 2353 12782 3347 986 12783 3350 3013 12784 3013 679 12785 679 2602 12786 2602 2291 12787 2291 1154 12788 1154 2891 12789 2891 2291 12790 2291 2602 12791 2602 279 12792 279 1903 12793 1903 565 12794 565 1903 12795 1903 1900 12796 1900 565 12797 565 1946 12798 1946 1949 12799 1949 2804 12800 2804 2636 12801 2636 1949 12802 1949 1946 12803 1946 2292 12804 2292 1847 12805 1847 2788 12806 2788 1845 12807 1845 2292 12808 2292 2788 12809 2788 325 12810 325 2053 12811 2053 146 12812 146 2053 12813 2053 147 12814 147 146 12815 146 1991 12816 1991 1096 12817 1096 3024 12818 3024 1096 12819 1096 702 12820 702 3024 12821 3024 1320 12822 1320 1901 12823 1901 1905 12824 1905 1901 12825 1901 1903 12826 1903 1905 12827 1905 2023 12828 2023 1052 12829 1052 1436 12830 1436 1436 12831 1436 1897 12832 1897 2023 12833 2023 1803 12834 1803 2418 12835 2418 2421 12836 2421 2417 12837 2417 2421 12838 2421 2418 12839 2418 2167 12840 2167 1259 12841 1259 2771 12842 2771 2167 12843 2167 2771 12844 2771 2770 12845 2770 2969 12846 2969 814 12847 814 1642 12848 1642 2969 12849 2969 1642 12850 1642 1644 12851 1644 2917 12852 2917 845 12853 845 1396 12854 1396 2917 12855 2917 1396 12856 1396 1472 12857 3175 1416 12858 1416 1293 12859 1293 1296 12860 1296 1417 12861 1417 1416 12862 1416 1296 12863 1296 2409 12864 2409 2094 12865 2094 2410 12866 2410 2410 12867 2410 2094 12868 2094 1289 12869 1289 1484 12870 1484 2889 12871 2889 1483 12872 1483 2511 12873 2511 2889 12874 2889 1484 12875 1484 436 12876 436 797 12877 797 434 12878 434 1301 12879 1301 797 12880 797 436 12881 436 2504 12882 2504 2350 12883 2350 2349 12884 2349 2025 12885 2025 2349 12886 2349 2350 12887 2350 1019 12888 1019 605 12889 3048 2048 12890 2048 1019 12891 1019 603 12892 3060 605 12893 3048 1673 12894 1673 1862 12895 3069 1674 12896 1674 1862 12897 3069 1861 12898 3066 1674 12899 1674 1014 12900 1014 718 12901 3064 2665 12902 2665 1927 12903 1927 718 12904 3064 1014 12905 1014 196 12906 196 1919 12907 1919 194 12908 194 1919 12909 1919 1026 12910 1026 194 12911 194 2652 12912 2652 496 12913 496 2456 12914 2456 2652 12915 2652 1046 12916 1046 496 12917 496 289 12918 289 347 12919 347 290 12920 290 289 12921 289 2052 12922 2052 347 12923 347 1176 12924 1176 2302 12925 2302 2303 12926 2303 1176 12927 1176 2243 12928 2243 2302 12929 2302 1876 12930 1876 2569 12931 2569 2781 12932 2781 1174 12933 1174 1876 12934 1876 1175 12935 1175 1539 12936 1539 836 12937 836 1348 12938 1348 1539 12939 1539 1348 12940 1348 2372 12941 3136 2231 12942 2231 1864 12943 1864 1863 12944 1863 2231 12945 2231 244 12946 244 1864 12947 1864 395 12948 395 1292 12949 1292 2804 12950 2804 396 12951 396 395 12952 395 2804 12953 2804 484 12954 484 2072 12955 2072 2163 12956 2163 484 12957 484 1003 12958 1003 2072 12959 2072 2044 12960 2044 1830 12961 1830 355 12962 355 1830 12963 1830 2044 12964 2044 2813 12965 2813 2265 12966 2265 1220 12967 1220 2765 12968 2765 2265 12969 2265 2765 12970 2765 2930 12971 2930 1191 12972 1191 2977 12973 2977 2383 12974 2383 1191 12975 1191 2385 12976 2385 2977 12977 2977 1006 12978 1006 671 12979 671 1007 12980 1007 1006 12981 1006 2293 12982 2293 671 12983 671 493 12984 493 3025 12985 3025 494 12986 494 1911 12987 1911 494 12988 494 3025 12989 3025 1850 12990 1850 1849 12991 1849 2766 12992 2766 2766 12993 2766 1849 12994 1849 1852 12995 1852 1071 12996 1071 2365 12997 3352 1958 12998 1958 1517 12999 1517 2365 13000 2365 1071 13001 3131 22 13002 22 262 13003 262 261 13004 261 22 13005 22 261 13006 261 23 13007 23 2841 13008 2841 2215 13009 2215 705 13010 705 706 13011 706 705 13012 705 2215 13013 2215 1986 13014 1986 592 13015 592 2935 13016 2935 592 13017 592 591 13018 591 2935 13019 2935 1526 13020 3183 1528 13021 3323 397 13022 397 1529 13023 1529 1528 13024 1528 1526 13025 1526 2647 13026 3394 2664 13027 2664 2663 13028 3269 2647 13029 2647 2663 13030 2663 2192 13031 2192 727 13032 727 2703 13033 2703 728 13034 728 1711 13035 1711 3023 13036 3023 727 13037 727 2499 13038 2499 2613 13039 2613 2582 13040 2582 2583 13041 2583 2582 13042 2582 2613 13043 2613 2798 13044 2798 682 13045 682 2614 13046 2614 682 13047 682 1683 13048 1683 2614 13049 2614 150 13050 150 2457 13051 2457 1404 13052 1404 148 13053 148 150 13054 150 1404 13055 1404 2865 13056 2865 1352 13057 1352 1617 13058 1617 1352 13059 1352 2865 13060 2865 2864 13061 2864 1721 13062 1721 2933 13063 2933 1720 13064 1720 1070 13065 1070 2580 13066 2580 1721 13067 1721 966 13068 966 612 13069 612 14 13070 14 13 13071 13 966 13072 966 14 13073 14 2766 13074 2766 750 13075 3264 2764 13076 3243 2764 13077 2764 750 13078 750 2765 13079 2765 1981 13080 1981 81 13081 81 2247 13082 2247 1023 13083 1023 81 13084 81 1981 13085 1981 1451 13086 1451 1159 13087 1159 1452 13088 1452 1159 13089 1159 1158 13090 1158 1452 13091 1452 736 13092 736 1287 13093 1287 185 13094 185 735 13095 735 1287 13096 1287 736 13097 736 1033 13098 1033 2404 13099 2404 2671 13100 3398 2671 13101 3398 2850 13102 2850 1033 13103 1033 2746 13104 3176 1831 13105 1831 2812 13106 2812 2746 13107 3176 2812 13108 2812 2523 13109 3317 937 13110 937 1043 13111 1043 1506 13112 1506 1506 13113 1506 1043 13114 1043 2554 13115 2554 2316 13116 2316 1817 13117 3256 2102 13118 3404 2316 13119 2316 2102 13120 3404 2315 13121 2315 2866 13122 2866 567 13123 567 1766 13124 1766 568 13125 568 567 13126 567 2866 13127 2866 2609 13128 3391 2166 13129 3390 2772 13130 2772 2166 13131 3390 934 13132 934 2772 13133 2772 2437 13134 2437 1217 13135 1217 2934 13136 2934 1217 13137 1217 2437 13138 2437 2836 13139 2836 2637 13140 2637 1291 13141 1291 2400 13142 2400 1291 13143 1291 2398 13144 3110 2400 13145 2400 327 13146 327 2981 13147 2981 291 13148 291 2981 13149 2981 327 13150 327 1265 13151 1265 1176 13152 1176 1422 13153 1422 1179 13154 1179 1179 13155 1179 1422 13156 1422 1177 13157 1177 1953 13158 1953 551 13159 551 1954 13160 1954 551 13161 551 1953 13162 1953 1516 13163 1516 2093 13164 2093 944 13165 944 2092 13166 2092 3008 13167 3008 2092 13168 2092 944 13169 944 2862 13170 2862 1569 13171 1569 2251 13172 2251 1569 13173 1569 2252 13174 2252 2251 13175 2251 2875 13176 2875 2878 13177 2878 1823 13178 1823 1821 13179 1821 1823 13180 1823 2878 13181 2878 2684 13182 2684 923 13183 923 466 13184 466 2684 13185 2684 1084 13186 1084 923 13187 923 1350 13188 3089 2463 13189 3370 582 13190 582 1350 13191 3089 582 13192 582 581 13193 581 640 13194 640 2687 13195 2687 1657 13196 1657 1656 13197 1656 640 13198 640 1657 13199 1657 1035 13200 1035 416 13201 416 972 13202 972 2328 13203 2328 416 13204 416 1035 13205 1035 2281 13206 2281 2723 13207 3403 2282 13208 3402 1430 13209 3270 2723 13210 3403 2281 13211 2281 962 13212 962 961 13213 961 2288 13214 2288 2992 13215 2992 2288 13216 2288 961 13217 961 2879 13218 2879 1367 13219 1367 1370 13220 1370 1370 13221 1370 1367 13222 1367 2758 13223 2758 1284 13224 1284 1283 13225 1283 1972 13226 1972 2963 13227 2963 1972 13228 1972 1283 13229 1283 2573 13230 2573 1063 13231 1063 2571 13232 2571 2571 13233 2571 1063 13234 1063 2411 13235 2411 2207 13236 3324 1535 13237 3187 1926 13238 1926 1097 13239 3186 1926 13240 1926 1535 13241 3187 487 13242 487 2535 13243 2535 488 13244 488 2535 13245 2535 487 13246 487 205 13247 205 2003 13248 2003 2001 13249 3294 983 13250 983 984 13251 984 983 13252 983 2001 13253 3294 757 13254 757 756 13255 756 2006 13256 2006 757 13257 757 2006 13258 2006 96 13259 96 2739 13260 2739 2738 13261 2738 2341 13262 2341 2738 13263 2738 1066 13264 3342 2341 13265 2341 2870 13266 2870 914 13267 914 916 13268 916 2870 13269 2870 916 13270 916 2240 13271 2240 1470 13272 1470 1716 13273 1716 1471 13274 1471 1470 13275 1470 2349 13276 2349 1716 13277 1716 2423 13278 2423 2834 13279 2834 1714 13280 3231 2423 13281 2423 1714 13282 3231 1713 13283 3229 1990 13284 1990 2837 13285 2837 1146 13286 1146 1146 13287 1146 1145 13288 1145 1990 13289 1990 1388 13290 1388 2379 13291 3434 540 13292 540 540 13293 540 539 13294 539 1388 13295 1388 3007 13296 3007 1860 13297 3238 2869 13298 2869 1860 13299 3238 580 13300 580 2869 13301 2869 2560 13302 2560 1557 13303 1557 2300 13304 2300 1557 13305 1557 2560 13306 2560 380 13307 380 2789 13308 2789 1136 13309 1136 1464 13310 1464 1136 13311 1136 2789 13312 2789 2710 13313 2710 50 13314 50 2688 13315 2688 48 13316 48 661 13317 661 48 13318 48 2688 13319 2688 1976 13320 1976 1872 13321 1872 704 13322 704 1872 13323 3114 1976 13324 3286 2840 13325 2840 2404 13326 2404 2403 13327 2403 1550 13328 1550 1550 13329 1550 2403 13330 2403 2149 13331 2149 2212 13332 2212 2945 13333 2945 1854 13334 1854 579 13335 579 1854 13336 1854 2945 13337 2945 1213 13338 1213 1040 13339 1040 1039 13340 1039 2290 13341 2290 1040 13342 1040 1213 13343 1213 672 13344 672 1297 13345 1297 1295 13346 1295 1295 13347 1295 2203 13348 2203 672 13349 672 2392 13350 2392 2824 13351 2824 80 13352 80 2824 13353 2824 2247 13354 2247 80 13355 80 2894 13356 2894 2239 13357 2239 2238 13358 2238 1430 13359 1430 2894 13360 2894 2238 13361 2238 2029 13362 2029 388 13363 388 1194 13364 1194 1194 13365 1194 1196 13366 1196 2029 13367 2029 1411 13368 1411 831 13369 3365 2990 13370 2990 1412 13371 1412 1411 13372 1411 2990 13373 2990 3 13374 3 657 13375 657 2264 13376 2264 1502 13377 1502 3 13378 3 2264 13379 2264 2513 13380 2513 2618 13381 2618 2515 13382 2515 2512 13383 2512 2618 13384 2618 2513 13385 2513 1035 13386 1035 2921 13387 2921 1036 13388 1036 2921 13389 2921 2295 13390 2295 1036 13391 1036 2008 13392 2008 167 13393 167 757 13394 757 2008 13395 2008 1490 13396 1490 167 13397 167 2530 13398 2530 2531 13399 2531 337 13400 337 2531 13401 2531 2405 13402 2405 337 13403 337 438 13404 438 2687 13405 2687 642 13406 642 438 13407 438 437 13408 437 2687 13409 2687 46 13410 46 1047 13411 1047 2184 13412 2184 46 13413 46 2184 13414 2184 499 13415 499 2855 13416 2855 128 13417 128 2533 13418 2533 2533 13419 2533 128 13420 128 130 13421 130 1820 13422 1820 1822 13423 1822 1821 13424 1821 1821 13425 1821 2494 13426 2494 1820 13427 1820 1242 13428 1242 2284 13429 2284 1243 13430 1243 1243 13431 3169 2284 13432 3079 2286 13433 2286 2295 13434 2295 2921 13435 2921 1390 13436 1390 1390 13437 1390 1800 13438 1800 2295 13439 2295 2561 13440 2561 2570 13441 2570 2569 13442 2569 378 13443 378 2561 13444 2561 2569 13445 2569 206 13446 206 754 13447 754 2829 13448 2829 656 13449 656 754 13450 754 206 13451 206 887 13452 887 1956 13453 1956 2553 13454 2553 1956 13455 1956 887 13456 887 1957 13457 1957 1527 13458 3185 2459 13459 2459 1097 13460 3186 1097 13461 1097 1099 13462 1099 1527 13463 1527 1519 13464 1519 2962 13465 2962 2492 13466 2492 1519 13467 1519 2695 13468 2695 2962 13469 2962 1122 13470 1122 1361 13471 1361 113 13472 113 1123 13473 1123 1361 13474 1361 1122 13475 1122 2989 13476 2989 785 13477 785 2144 13478 2144 994 13479 994 2989 13480 2989 2144 13481 2144 2669 13482 2669 2670 13483 3397 2668 13484 2668 2289 13485 2289 2668 13486 2668 2670 13487 3397 2323 13488 2323 801 13489 801 2942 13490 2942 801 13491 801 798 13492 798 2942 13493 2942 1839 13494 1839 829 13495 829 1411 13496 3258 1839 13497 1839 512 13498 512 829 13499 829 2002 13500 2002 2001 13501 2001 2223 13502 2223 2843 13503 2843 2002 13504 2002 2223 13505 2223 1940 13506 1940 2256 13507 3178 1835 13508 1835 2256 13509 2256 1940 13510 3367 2451 13511 2451 2298 13512 2298 253 13513 253 309 13514 309 2803 13515 2803 253 13516 253 2298 13517 2298 2584 13518 2584 376 13519 376 562 13520 562 374 13521 374 2584 13522 2584 562 13523 562 1015 13524 1015 1017 13525 1017 2780 13526 2780 2780 13527 2780 2358 13528 3351 1015 13529 1015 1245 13530 1245 394 13531 394 1400 13532 1400 560 13533 560 1245 13534 1245 1400 13535 1400 2726 13536 3230 2725 13537 2725 2888 13538 2888 2983 13539 2983 2726 13540 2726 2888 13541 3276 693 13542 693 107 13543 107 691 13544 691 693 13545 693 1724 13546 1724 107 13547 107 917 13548 917 1524 13549 1524 33 13550 33 33 13551 33 1524 13552 1524 1522 13553 1522 1595 13554 1595 796 13555 796 1596 13556 1596 796 13557 796 2867 13558 2867 1596 13559 1596 690 13560 690 689 13561 689 1356 13562 1356 690 13563 690 1356 13564 1356 267 13565 267 1384 13566 1384 2930 13567 2930 1387 13568 1387 748 13569 748 1387 13570 1387 749 13571 749 2245 13572 2245 2923 13573 2923 1248 13574 1248 1248 13575 3117 2923 13576 3340 2357 13577 2357 357 13578 357 2101 13579 2101 2956 13580 2956 2101 13581 2101 2730 13582 2730 2956 13583 2956 1521 13584 1521 1523 13585 1523 737 13586 737 187 13587 187 1521 13588 1521 737 13589 737 270 13590 270 2046 13591 2046 602 13592 602 602 13593 602 2046 13594 2046 1424 13595 1424 1651 13596 1651 2105 13597 2105 2549 13598 2549 2104 13599 2104 2105 13600 2105 1651 13601 1651 2515 13602 2515 2619 13603 2619 1974 13604 1974 2515 13605 2515 1974 13606 1974 1187 13607 1187 2177 13608 2177 1822 13609 1822 1105 13610 1105 1822 13611 1822 2177 13612 2177 1823 13613 1823 130 13614 130 951 13615 951 356 13616 356 129 13617 129 951 13618 951 130 13619 130 2989 13620 2989 994 13621 994 2301 13622 2301 994 13623 994 989 13624 989 2301 13625 2301 2926 13626 2926 2673 13627 2673 1206 13628 1206 2673 13629 2673 2267 13630 2267 1206 13631 1206 1290 13632 1290 431 13633 431 709 13634 709 175 13635 175 431 13636 431 1290 13637 1290 2185 13638 2185 498 13639 498 499 13640 499 1046 13641 1046 498 13642 498 2185 13643 2185 1172 13644 1172 155 13645 155 2741 13646 2741 155 13647 155 1172 13648 1172 1171 13649 1171 1671 13650 1671 75 13651 75 700 13652 700 73 13653 73 75 13654 75 1671 13655 1671 2109 13656 2109 2666 13657 2666 2776 13658 2776 2904 13659 2904 2666 13660 2666 2109 13661 2109 971 13662 971 1255 13663 1255 322 13664 322 971 13665 971 1253 13666 1253 1255 13667 1255 2612 13668 2612 1569 13669 3161 979 13670 979 3001 13671 3001 2612 13672 2612 979 13673 979 2567 13674 2567 586 13675 586 585 13676 585 585 13677 585 1921 13678 3191 2567 13679 2567 2865 13680 2865 1355 13681 1355 2864 13682 2864 2864 13683 2864 1355 13684 1355 1354 13685 1354 2191 13686 2191 1346 13687 3427 1582 13688 1582 2386 13689 2386 1582 13690 1582 1346 13691 3427 621 13692 621 1178 13693 1178 1670 13694 1670 1179 13695 1179 1178 13696 1178 621 13697 621 880 13698 880 632 13699 632 881 13700 881 881 13701 881 632 13702 632 631 13703 631 2523 13704 3317 2812 13705 2812 2408 13706 3359 2523 13707 2523 2408 13708 2408 2407 13709 2407 2689 13710 2689 2412 13711 2412 1610 13712 1610 2689 13713 2689 1610 13714 1610 1609 13715 1609 902 13716 902 390 13717 390 3004 13718 3004 2859 13719 2859 800 13720 800 902 13721 902 73 13722 73 914 13723 914 2911 13724 2911 2870 13725 2870 2911 13726 2911 914 13727 914 1301 13728 1301 1635 13729 1635 1330 13730 1330 1301 13731 1301 1330 13732 1330 798 13733 798 1078 13734 1078 2305 13735 2305 525 13736 525 2305 13737 2305 1078 13738 1078 242 13739 242 979 13740 979 2338 13741 2338 977 13742 977 1814 13743 1814 977 13744 977 2338 13745 2338 2106 13746 3309 813 13747 813 1783 13748 1783 813 13749 813 2106 13750 3309 2634 13751 2634 1009 13752 1009 2757 13753 2757 1008 13754 1008 1008 13755 1008 2757 13756 2757 1848 13757 1848 773 13758 773 1407 13759 1407 1409 13760 1409 773 13761 773 1409 13762 1409 1620 13763 1620 1402 13764 1402 56 13765 56 393 13766 393 1402 13767 1402 393 13768 393 392 13769 392 1331 13770 3151 2346 13771 2346 2348 13772 2348 2346 13773 2346 1331 13774 3151 1330 13775 3150 2621 13776 2621 1937 13777 1937 1385 13778 1385 2621 13779 2621 2620 13780 2620 1937 13781 1937 1247 13782 1247 2246 13783 2246 1756 13784 1756 1247 13785 1247 2108 13786 2108 2246 13787 2246 2170 13788 2170 1775 13789 3255 1776 13790 3253 1776 13791 3253 2171 13792 2171 2170 13793 2170 221 13794 221 1704 13795 3223 2466 13796 2466 1704 13797 3223 221 13798 221 1505 13799 3225 429 13800 429 2280 13801 2280 1088 13802 1088 2280 13803 2280 429 13804 429 1353 13805 3159 290 13806 290 2580 13807 2580 1069 13808 1069 288 13809 288 290 13810 290 1069 13811 1069 209 13812 209 486 13813 486 210 13814 210 780 13815 780 486 13816 486 209 13817 209 407 13818 407 833 13819 833 2964 13820 2964 407 13821 407 2370 13822 2370 833 13823 833 2381 13824 2381 1815 13825 1815 1129 13826 1129 1815 13827 1815 2440 13828 2440 1129 13829 1129 2873 13830 2873 2874 13831 2874 118 13832 118 118 13833 118 2874 13834 2874 119 13835 119 1382 13836 1382 2538 13837 2538 1383 13838 1383 1383 13839 1383 2538 13840 2538 2125 13841 2125 2202 13842 2202 2829 13843 2829 756 13844 756 2829 13845 2829 2006 13846 2006 756 13847 756 2508 13848 3381 2019 13849 3208 2768 13850 2768 2768 13851 2768 1106 13852 1106 2508 13853 3381 2504 13854 2504 446 13855 446 2505 13856 2505 2504 13857 2504 447 13858 447 446 13859 446 959 13860 959 102 13861 102 957 13862 957 959 13863 959 2330 13864 2330 102 13865 102 2262 13866 2262 299 13867 299 298 13868 298 2262 13869 2262 1141 13870 1141 299 13871 299 2662 13872 2662 828 13873 828 2016 13874 2016 828 13875 828 2017 13876 2017 2016 13877 2016 881 13878 881 631 13879 631 2550 13880 2550 2549 13881 2549 2550 13882 2550 631 13883 631 426 13884 426 2154 13885 2154 2156 13886 2156 195 13887 195 2156 13888 2156 2154 13889 2154 860 13890 860 1476 13891 1476 2363 13892 2363 860 13893 860 2363 13894 2363 1061 13895 1061 1592 13896 1592 867 13897 867 866 13898 866 1592 13899 1592 292 13900 292 867 13901 867 964 13902 964 409 13903 409 2279 13904 2279 409 13905 409 964 13906 964 963 13907 963 872 13908 872 2031 13909 2031 870 13910 870 1076 13911 1076 870 13912 870 2031 13913 2031 329 13914 329 1024 13915 1024 330 13916 330 330 13917 330 1024 13918 1024 2738 13919 2738 1967 13920 1967 1972 13921 1972 2963 13922 2963 1967 13923 1967 2963 13924 2963 2270 13925 2270 2396 13926 2396 1334 13927 3152 1740 13928 3345 1333 13929 1333 1740 13930 1740 1334 13931 1334 2149 13932 2149 1547 13933 1547 1377 13934 1377 2149 13935 2149 1377 13936 1377 2294 13937 3341 400 13938 400 43 13939 43 1709 13940 1709 1709 13941 1709 43 13942 43 2086 13943 2086 2610 13944 2610 1080 13945 1080 1554 13946 1554 1080 13947 1080 2610 13948 2610 1824 13949 1824 2791 13950 2791 105 13951 105 1336 13952 1336 2791 13953 2791 1336 13954 1336 2954 13955 2954 168 13956 168 2844 13957 2844 169 13958 169 2318 13959 2318 2844 13960 2844 168 13961 168 1954 13962 1954 166 13963 166 2564 13964 2564 2564 13965 2564 1952 13966 1952 1954 13967 1954 1164 13968 1164 67 13969 67 66 13970 66 1164 13971 1164 66 13972 66 1429 13973 1429 1658 13974 1658 1775 13975 3255 1659 13976 1659 509 13977 509 1775 13978 1775 1658 13979 3216 1404 13980 1404 1403 13981 1403 148 13982 148 148 13983 148 1403 13984 1403 3003 13985 3003 999 13986 999 458 13987 458 847 13988 847 847 13989 847 531 13990 531 999 13991 999 2828 13992 2828 402 13993 402 2104 13994 2104 402 13995 402 2828 13996 2828 400 13997 400 361 13998 361 363 13999 363 948 14000 948 363 14001 363 949 14002 949 948 14003 948 1788 14004 1788 568 14005 568 1789 14006 1789 568 14007 568 2866 14008 2866 1789 14009 1789 2847 14010 2847 1545 14011 1545 1544 14012 1544 2847 14013 2847 1544 14014 1544 2355 14015 2355 644 14016 644 643 14017 643 1446 14018 1446 1446 14019 1446 2112 14020 2112 2111 14021 2111 2252 14022 2252 214 14023 214 2152 14024 2152 214 14025 214 2150 14026 2150 2152 14027 2152 2181 14028 2181 2180 14029 2180 1589 14030 1589 2181 14031 2181 1589 14032 1589 225 14033 225 911 14034 911 1125 14035 1125 411 14036 411 1125 14037 1125 1488 14038 1488 411 14039 411 614 14040 614 1909 14041 1909 14 14042 14 1909 14043 1909 614 14044 614 613 14045 613 2097 14046 2097 1530 14047 1530 2548 14048 2548 1531 14049 1531 1530 14050 1530 2097 14051 2097 1517 14052 1517 1512 14053 1512 1514 14054 1514 1517 14055 1517 1516 14056 1516 1512 14057 1512 935 14058 935 2983 14059 2983 1929 14060 1929 935 14061 935 1929 14062 1929 936 14063 936 2655 14064 2655 1214 14065 1214 635 14066 635 2655 14067 2655 2654 14068 2654 1214 14069 1214 675 14070 675 102 14071 102 2330 14072 2330 960 14073 960 675 14074 675 2330 14075 2330 2527 14076 2527 553 14077 553 1888 14078 1888 2527 14079 2527 1888 14080 1888 1093 14081 3133 2773 14082 2773 426 14083 426 2156 14084 2156 426 14085 426 2773 14086 2773 2155 14087 2155 814 14088 814 2634 14089 2634 2633 14090 2633 814 14091 814 813 14092 813 2634 14093 2634 2406 14094 2406 1317 14095 1317 1316 14096 1316 1324 14097 1324 1317 14098 3140 2406 14099 3336 275 14100 275 846 14101 846 273 14102 273 275 14103 275 110 14104 110 846 14105 846 1742 14106 1742 1180 14107 1180 1745 14108 1745 1742 14109 1742 1745 14110 1745 2795 14111 2795 2731 14112 2731 2732 14113 2732 2236 14114 2236 1771 14115 3249 2236 14116 2236 2732 14117 2732 1572 14118 1572 1571 14119 1571 2713 14120 2713 210 14121 210 1572 14122 1572 2713 14123 2713 1556 14124 1556 1555 14125 1555 1461 14126 1461 2299 14127 2299 1556 14128 1556 1461 14129 1461 1326 14130 1326 2141 14131 2141 2787 14132 2787 1327 14133 1327 2141 14134 2141 1326 14135 1326 2826 14136 3419 433 14137 433 2077 14138 2077 1277 14139 1277 2826 14140 2826 2077 14141 3308 919 14142 919 2860 14143 2860 2219 14144 2219 919 14145 919 2156 14146 2156 2860 14147 2860 2615 14148 2615 1683 14149 3392 863 14150 863 1681 14151 3349 1683 14152 3392 2615 14153 2615 2709 14154 3174 2710 14155 2710 1183 14156 1183 2709 14157 3174 2882 14158 2882 2710 14159 2710 1123 14160 1123 2883 14161 2883 1362 14162 1362 1123 14163 1123 1362 14164 1362 1361 14165 1361 2524 14166 2524 2525 14167 2525 2140 14168 3319 2138 14169 3401 2524 14170 2524 2140 14171 3319 1493 14172 1493 2566 14173 2566 1494 14174 1494 2566 14175 2566 1493 14176 1493 2877 14177 2877 2762 14178 2762 1669 14179 1669 178 14180 178 980 14181 980 1669 14182 1669 2762 14183 2762 2388 14184 2388 1700 14185 1700 1004 14186 1004 1700 14187 1700 2388 14188 2388 1701 14189 1701 1817 14190 1817 1689 14191 1689 2102 14192 2102 1817 14193 1817 1687 14194 1687 1689 14195 1689 2385 14196 2385 1647 14197 1647 1978 14198 3284 1647 14199 1647 2385 14200 2385 1191 14201 1191 901 14202 901 2889 14203 2889 2511 14204 2511 2510 14205 2510 901 14206 901 2511 14207 2511 2644 14208 2644 159 14209 159 1005 14210 1005 729 14211 729 2644 14212 2644 1005 14213 1005 1614 14214 1614 924 14215 924 1084 14216 1084 924 14217 924 1614 14218 1614 1616 14219 1616 1261 14220 1261 990 14221 990 1983 14222 3289 2539 14223 2539 1983 14224 3289 990 14225 990 2427 14226 2427 1271 14227 1271 1270 14228 1270 1720 14229 1720 1271 14230 3144 2427 14231 3411 169 14232 169 1474 14233 1474 170 14234 170 1474 14235 1474 169 14236 169 1475 14237 1475 1951 14238 1951 571 14239 571 2641 14240 2641 570 14241 570 2641 14242 2641 571 14243 571 2011 14244 2011 2010 14245 2010 2890 14246 2890 1365 14247 1365 2011 14248 2011 2890 14249 2890 1808 14250 1808 424 14251 424 165 14252 165 1808 14253 1808 422 14254 422 424 14255 424 2547 14256 2547 2884 14257 2884 2885 14258 2885 2547 14259 2547 2885 14260 2885 606 14261 606 2297 14262 2297 2442 14263 2442 2296 14264 2296 2442 14265 2442 2005 14266 3296 2296 14267 2296 2451 14268 2451 2100 14269 2100 2099 14270 2099 2451 14271 2451 2099 14272 2099 2452 14273 2452 2578 14274 2578 2010 14275 2010 1363 14276 1363 2010 14277 2010 2578 14278 2578 2999 14279 2999 1162 14280 1162 1369 14281 1369 1371 14282 1371 2936 14283 3248 1162 14284 1162 1371 14285 1371 658 14286 658 1134 14287 1134 1133 14288 1133 658 14289 658 147 14290 147 1134 14291 1134 2017 14292 2017 121 14293 121 2016 14294 2016 121 14295 121 2017 14296 2017 2477 14297 2477 2928 14298 2928 2998 14299 2998 1260 14300 3094 1259 14301 1259 2928 14302 3435 1260 14303 1260 1946 14304 1946 1945 14305 1945 2637 14306 2637 2637 14307 2637 1945 14308 1945 1291 14309 1291 862 14310 862 1062 14311 1062 2903 14312 2903 1062 14313 1062 2363 14314 2363 2903 14315 2903 2225 14316 3145 1697 14317 1697 1698 14318 1698 1611 14319 3198 2225 14320 3145 1698 14321 1698 134 14322 134 136 14323 136 364 14324 364 136 14325 136 1474 14326 1474 364 14327 364 1236 14328 1236 1235 14329 1235 2659 14330 2659 1236 14331 1236 1233 14332 1233 1235 14333 1235 2300 14334 2300 762 14335 762 2966 14336 2966 2966 14337 2966 762 14338 762 761 14339 761 1221 14340 1221 2818 14341 2818 1222 14342 1222 1221 14343 1221 2775 14344 3277 2818 14345 2818 814 14346 814 1973 14347 1973 1089 14348 1089 2355 14349 2355 1089 14350 1089 1973 14351 1973 1021 14352 1021 2591 14353 2591 2193 14354 2193 2049 14355 2049 2591 14356 2591 1021 14357 1021 2787 14358 2787 1961 14359 1961 1963 14360 1963 2787 14361 3414 2801 14362 2801 1961 14363 3281 2626 14364 2626 1314 14365 1314 1323 14366 1323 1322 14367 1322 1323 14368 1323 1314 14369 1314 2858 14370 2858 1856 14371 1856 3004 14372 3004 1286 14373 1286 1856 14374 1856 2858 14375 2858 1116 14376 1116 1118 14377 1118 481 14378 481 2306 14379 2306 1116 14380 1116 481 14381 481 1234 14382 1234 1233 14383 1233 2224 14384 2224 1234 14385 1234 2224 14386 2224 811 14387 3275 502 14388 502 2805 14389 2805 2616 14390 2616 502 14391 502 504 14392 504 2805 14393 2805 1715 14394 3232 2834 14395 2834 2472 14396 2472 2472 14397 2472 2834 14398 2834 273 14399 273 69 14400 69 2155 14401 2155 868 14402 868 2155 14403 2155 69 14404 69 426 14405 426 1929 14406 1929 1931 14407 1931 936 14408 936 219 14409 219 936 14410 936 1931 14411 1931 1781 14412 1781 536 14413 536 538 14414 538 538 14415 538 262 14416 262 1781 14417 1781 835 14418 835 837 14419 837 405 14420 405 405 14421 405 1022 14422 1022 835 14423 835 2632 14424 2632 1637 14425 1637 1636 14426 1636 2632 14427 2632 710 14428 710 1637 14429 1637 851 14430 851 2253 14431 2253 2151 14432 2151 2152 14433 2152 2151 14434 2151 2253 14435 2253 2910 14436 2910 2924 14437 2924 1908 14438 1908 1344 14439 1344 1908 14440 1908 2924 14441 2924 2599 14442 2599 1146 14443 1146 2838 14444 2838 2838 14445 2838 2598 14446 2598 2599 14447 2599 3008 14448 3008 1701 14449 1701 161 14450 161 161 14451 161 2092 14452 2092 3008 14453 3008 2609 14454 2609 1258 14455 3051 2608 14456 2608 1258 14457 1258 2609 14458 3391 2771 14459 2771 1207 14460 1207 1571 14461 1571 1573 14462 1573 1571 14463 1571 1207 14464 1207 745 14465 745 2278 14466 2278 506 14467 506 505 14468 505 2278 14469 2278 1099 14470 1099 506 14471 506 2867 14472 2867 791 14473 791 634 14474 634 2867 14475 2867 796 14476 796 791 14477 791 158 14478 158 2913 14479 2913 2309 14480 2309 2913 14481 2913 158 14482 158 1680 14483 1680 2147 14484 2147 2146 14485 2146 2148 14486 2148 271 14487 271 2147 14488 2147 2148 14489 2148 117 14490 117 1415 14491 1415 1417 14492 1417 1296 14493 1296 117 14494 117 1417 14495 1417 1928 14496 1928 1279 14497 1279 2893 14498 2893 2893 14499 3439 1013 14500 1013 1928 14501 3380 2398 14502 2398 1231 14503 1231 2131 14504 2131 1231 14505 1231 2918 14506 2918 2131 14507 2131 208 14508 208 45 14509 45 209 14510 209 1340 14511 1340 45 14512 45 208 14513 208 305 14514 305 304 14515 304 97 14516 97 305 14517 305 97 14518 97 2986 14519 2986 918 14520 918 2825 14521 2825 38 14522 38 918 14523 918 1879 14524 1879 2825 14525 2825 1600 14526 1600 2235 14527 3329 2810 14528 2810 2234 14529 2234 2810 14530 3362 2235 14531 2235 2382 14532 3054 2379 14533 2379 2744 14534 2744 282 14535 3043 2382 14536 3054 2744 14537 2744 2633 14538 2633 974 14539 974 1643 14540 1643 2633 14541 2633 975 14542 975 974 14543 974 1958 14544 1958 288 14545 288 1069 14546 1069 288 14547 288 1958 14548 1958 1959 14549 1959 265 14550 265 2452 14551 2452 2099 14552 2099 265 14553 265 2257 14554 2257 2452 14555 2452 1115 14556 1115 868 14557 868 521 14558 521 522 14559 522 1115 14560 1115 521 14561 521 2948 14562 2948 725 14563 725 1529 14564 1529 505 14565 505 2948 14566 2948 1529 14567 1529 527 14568 527 529 14569 529 1555 14570 1555 3011 14571 3011 527 14572 527 1555 14573 1555 1713 14574 1713 1712 14575 1712 2026 14576 2026 1713 14577 1713 2026 14578 2026 2022 14579 2022 2514 14580 2514 706 14581 706 2215 14582 2215 1186 14583 1186 706 14584 706 2514 14585 2514 1688 14586 1688 1684 14587 1684 1689 14588 1689 1688 14589 1688 323 14590 323 1684 14591 1684 1996 14592 1996 1321 14593 1321 2819 14594 2819 2819 14595 2819 2820 14596 2820 1996 14597 1996 2775 14598 3277 1998 14599 1998 2818 14600 2818 1998 14601 3086 2775 14602 2775 751 14603 751 717 14604 717 2091 14605 2091 2075 14606 2075 2075 14607 2075 715 14608 715 717 14609 717 2272 14610 2272 351 14611 351 2625 14612 2625 351 14613 351 2272 14614 2272 352 14615 352 3026 14616 3026 2916 14617 2916 1216 14618 1216 3026 14619 3026 1216 14620 1216 1215 14621 1215 2480 14622 2480 13 14623 13 1588 14624 1588 2696 14625 2696 2480 14626 2480 1588 14627 1588 1889 14628 1889 32 14629 32 31 14630 31 1890 14631 1890 1889 14632 1889 31 14633 31 232 14634 232 231 14635 231 2173 14636 2173 2693 14637 2693 2931 14638 2931 231 14639 231 2901 14640 2901 2902 14641 3429 2490 14642 2490 2490 14643 2490 2168 14644 2168 2901 14645 2901 3027 14646 3027 794 14647 794 1595 14648 1595 794 14649 794 3027 14650 3027 2558 14651 3415 1292 14652 1292 555 14653 3164 2066 14654 3305 1292 14655 1292 2066 14656 3305 1947 14657 1947 2467 14658 2467 53 14659 53 52 14660 52 57 14661 57 2467 14662 2467 52 14663 52 2914 14664 3433 1895 14665 1895 2307 14666 2307 2914 14667 2914 2307 14668 3293 2915 14669 2915 2394 14670 2394 2915 14671 2915 2307 14672 3293 2915 14673 2915 2394 14674 2394 2395 14675 2395 435 14676 435 1288 14677 1288 2409 14678 2409 2409 14679 2409 1288 14680 1288 2094 14681 2094 1070 14682 3126 2428 14683 2428 1094 14684 1094 2428 14685 2428 1268 14686 1268 1094 14687 1094 1145 14688 1145 2218 14689 2218 1989 14690 1989 1145 14691 1145 1147 14692 1147 2218 14693 2218 2933 14694 2933 2822 14695 2822 1720 14696 1720 2822 14697 2822 1722 14698 1722 1720 14699 1720 1913 14700 1913 931 14701 3076 1338 14702 1338 1913 14703 1913 1338 14704 1338 1914 14705 1914 2132 14706 2132 845 14707 845 110 14708 110 845 14709 845 2132 14710 2132 1394 14711 1394 1444 14712 1444 1441 14713 1441 1341 14714 1341 1442 14715 1442 1444 14716 1444 1341 14717 1341 1703 14718 3222 1702 14719 3220 2465 14720 2465 2784 14721 3125 1703 14722 3222 2465 14723 2465 997 14724 997 624 14725 624 2220 14726 2220 997 14727 997 2220 14728 2220 342 14729 342 3015 14730 3015 547 14731 547 77 14732 77 545 14733 545 3015 14734 3015 77 14735 77 2106 14736 3309 1783 14737 1783 816 14738 3311 1783 14739 1783 2970 14740 2970 816 14741 3311 1923 14742 1923 2459 14743 2459 1924 14744 1924 1527 14745 3185 1924 14746 1924 2459 14747 2459 1801 14748 1801 1869 14749 1869 2852 14750 2852 2852 14751 2852 1869 14752 1869 1868 14753 1868 2900 14754 2900 2489 14755 2489 1511 14756 1511 1509 14757 1509 1511 14758 1511 2489 14759 2489 2517 14760 2517 2519 14761 2519 2823 14762 2823 2519 14763 2519 2517 14764 2517 865 14765 865 2361 14766 2361 2360 14767 2360 1001 14768 1001 2360 14769 2360 999 14770 999 1001 14771 1001 2693 14772 2693 714 14773 714 2692 14774 2692 714 14775 714 1283 14776 1283 2692 14777 2692 2533 14778 2533 1832 14779 1832 2855 14780 2855 2855 14781 2855 1832 14782 1832 2061 14783 2061 2005 14784 2005 2792 14785 2792 303 14786 303 303 14787 303 2792 14788 2792 2082 14789 2082 1054 14790 1054 2616 14791 2616 1055 14792 1055 2616 14793 2616 2228 14794 2228 1055 14795 1055 2772 14796 2772 934 14797 934 2770 14798 2770 2770 14799 2770 934 14800 934 574 14801 574 2540 14802 2540 1480 14803 1480 1275 14804 1275 2392 14805 2392 1480 14806 1480 2540 14807 2540 2337 14808 2337 1321 14809 1321 1996 14810 1996 1319 14811 1319 1321 14812 1321 2337 14813 2337 925 14814 925 1939 14815 1939 1938 14816 1938 1938 14817 1938 734 14818 734 925 14819 925 1879 14820 1879 1881 14821 1881 1882 14822 1882 1879 14823 1879 1882 14824 1882 607 14825 607 1565 14826 1565 851 14827 851 1566 14828 1566 1565 14829 1565 2253 14830 2253 851 14831 851 2965 14832 2965 1675 14833 3310 1673 14834 1673 412 14835 3358 1675 14836 3310 2965 14837 2965 376 14838 376 1691 14839 1691 2211 14840 2211 376 14841 376 2211 14842 2211 2210 14843 2210 1304 14844 1304 2778 14845 2778 713 14846 713 183 14847 183 1304 14848 1304 713 14849 713 237 14850 237 1241 14851 1241 2779 14852 2779 1241 14853 1241 2276 14854 2276 2779 14855 2779 708 14856 708 1289 14857 1289 709 14858 709 2410 14859 2410 1289 14860 1289 708 14861 708 87 14862 87 86 14863 86 2839 14864 2839 2839 14865 2839 86 14866 86 1643 14867 1643 2309 14868 2309 1679 14869 1679 2927 14870 2927 2913 14871 2913 1679 14872 1679 2309 14873 2309 976 14874 3153 770 14875 770 1907 14876 1907 1907 14877 1907 770 14878 770 163 14879 163 761 14880 761 2781 14881 2781 2570 14882 2570 761 14883 761 2570 14884 2570 2966 14885 2966 1952 14886 1952 2397 14887 2397 1513 14888 1513 1513 14889 1513 2397 14890 2397 1091 14891 1091 1957 14892 1957 887 14893 887 53 14894 53 53 14895 53 1462 14896 1462 1957 14897 1957 1916 14898 1916 1038 14899 1038 1101 14900 1101 1916 14901 1916 592 14902 592 1038 14903 1038 2679 14904 2679 1252 14905 1252 180 14906 180 180 14907 180 1252 14908 1252 1282 14909 1282 2021 14910 2021 2624 14911 2624 2622 14912 2622 697 14913 697 2622 14914 2622 2624 14915 2624 1615 14916 3059 1612 14917 3200 2808 14918 2808 192 14919 192 1615 14920 3059 2808 14921 2808 2608 14922 2608 1508 14923 1508 2609 14924 2609 2608 14925 2608 937 14926 937 1508 14927 1508 222 14928 222 2205 14929 2205 2204 14930 2204 1923 14931 1923 222 14932 222 2204 14933 2204 535 14934 535 691 14935 691 106 14936 106 106 14937 106 691 14938 691 107 14939 107 985 14940 985 2448 14941 2448 2004 14942 2004 983 14943 983 985 14944 985 2004 14945 2004 2076 14946 2076 1082 14947 1082 1081 14948 1081 1082 14949 1082 1553 14950 1553 1081 14951 1081 1456 14952 1456 2062 14953 3234 2415 14954 2415 2062 14955 2062 2061 14956 2061 2415 14957 3120 1620 14958 1620 774 14959 774 773 14960 773 774 14961 774 1620 14962 1620 1619 14963 1619 1921 14964 1921 1917 14965 1917 1026 14966 1026 1917 14967 3093 1921 14968 3191 2566 14969 2566 2126 14970 2126 657 14971 657 656 14972 656 2127 14973 2127 2126 14974 2126 656 14975 656 2922 14976 2922 2848 14977 2848 341 14978 341 341 14979 341 2848 14980 2848 342 14981 342 2210 14982 2210 2854 14983 2854 1075 14984 1075 376 14985 376 2210 14986 2210 1075 14987 1075 2714 14988 2714 402 14989 402 401 14990 401 1710 14991 1710 2714 14992 2714 401 14993 401 2217 14994 2217 2216 14995 2216 3000 14996 3000 3000 14997 3000 647 14998 647 2217 14999 2217 2433 15000 2433 2432 15001 2432 1884 15002 3246 2432 15003 3364 1885 15004 1885 1884 15005 1884 2117 15006 2117 1389 15007 1389 973 15008 973 2117 15009 2117 973 15010 973 415 15011 415 2748 15012 2748 89 15013 89 2483 15014 2483 89 15015 89 2748 15016 2748 2544 15017 2544 1190 15018 1190 953 15019 953 470 15020 470 1191 15021 1191 1190 15022 1190 470 15023 470 893 15024 893 2051 15025 2051 2544 15026 2544 2748 15027 2748 893 15028 893 2544 15029 2544 519 15030 519 1244 15031 1244 3017 15032 3017 228 15033 228 519 15034 519 3017 15035 3017 1836 15036 1836 1833 15037 1833 2254 15038 3331 1358 15039 3330 1836 15040 1836 2254 15041 3331 2809 15042 2809 171 15043 171 217 15044 217 216 15045 216 2809 15046 2809 217 15047 217 2287 15048 2287 283 15049 283 2445 15050 3366 2445 15051 2445 283 15052 3045 2476 15053 2476 1858 15054 1858 1041 15055 3058 2331 15056 2331 2575 15057 2575 1041 15058 3058 1858 15059 1858 285 15060 285 287 15061 287 1899 15062 1899 1899 15063 1899 287 15064 287 2450 15065 2450 785 15066 785 1961 15067 3281 2801 15068 2801 2143 15069 2143 785 15070 785 2801 15071 2801 2516 15072 3205 1734 15073 1734 1736 15074 1736 2516 15075 2516 1736 15076 3242 1477 15077 1477 454 15078 454 850 15079 850 455 15080 455 454 15081 454 848 15082 848 850 15083 850 2879 15084 2879 1369 15085 1369 998 15086 998 2879 15087 2879 1370 15088 1370 1369 15089 1369 734 15090 734 2084 15091 2084 268 15092 268 268 15093 268 2084 15094 2084 2691 15095 2691 594 15096 594 1992 15097 1992 1993 15098 1993 1992 15099 1992 594 15100 594 2045 15101 2045 2383 15102 2383 1727 15103 1727 1189 15104 1189 1727 15105 1727 2383 15106 2383 1726 15107 1726 2568 15108 3407 1878 15109 3073 1172 15110 1172 1876 15111 1876 1878 15112 1878 2568 15113 2568 1093 15114 1093 1092 15115 1092 1887 15116 3274 810 15117 810 1093 15118 3133 1887 15119 1887 2036 15120 3132 2145 15121 2145 2631 15122 2631 2036 15123 3132 2038 15124 3304 2145 15125 2145 1595 15126 3193 1819 15127 1819 2558 15128 2558 1595 15129 1595 2558 15130 3415 3027 15131 3027 2651 15132 2651 653 15133 653 49 15134 49 386 15135 386 2651 15136 2651 49 15137 49 398 15138 398 2458 15139 2458 399 15140 399 397 15141 397 399 15142 399 2458 15143 2458 2910 15144 2910 163 15145 163 26 15146 26 1908 15147 1908 163 15148 163 2910 15149 2910 1250 15150 3098 1700 15151 1700 2909 15152 2909 1250 15153 1250 2909 15154 3280 1251 15155 1251 2464 15156 2464 428 15157 428 2018 15158 2018 428 15159 428 2464 15160 2464 2463 15161 3370 618 15162 618 1045 15163 1045 2326 15164 2326 2326 15165 2326 1045 15166 1045 794 15167 794 2586 15168 2586 595 15169 595 1993 15170 1993 1993 15171 1993 595 15172 595 594 15173 594 849 15174 849 2645 15175 2645 847 15176 847 2645 15177 2645 849 15178 849 2311 15179 2311 2597 15180 2597 2596 15181 2596 588 15182 588 1037 15183 3171 2596 15184 2596 2597 15185 2597 2800 15186 2800 1399 15187 1399 1398 15188 1398 2800 15189 2800 1147 15190 1147 1399 15191 1399 2589 15192 3267 1011 15193 1011 1787 15194 1787 1010 15195 1010 1787 15196 1787 1011 15197 1011 2892 15198 2892 1203 15199 1203 488 15200 488 2892 15201 2892 488 15202 488 2534 15203 2534 665 15204 665 667 15205 667 2761 15206 2761 667 15207 667 2960 15208 2960 2761 15209 2761 2064 15210 2064 370 15211 370 1414 15212 1414 2064 15213 2064 1414 15214 1414 1412 15215 1412 2506 15216 2506 876 15217 876 112 15218 112 876 15219 876 2506 15220 2506 2190 15221 2190 1695 15222 1695 2249 15223 2249 1696 15224 1696 2249 15225 2249 1695 15226 1695 1225 15227 1225 404 15228 404 403 15229 403 1424 15230 1424 404 15231 404 1424 15232 1424 2814 15233 2814 537 15234 537 1450 15235 1450 2122 15236 2122 1450 15237 1450 537 15238 537 104 15239 104 1137 15240 1137 1136 15241 1136 1843 15242 1843 1137 15243 1137 1843 15244 1843 2711 15245 3423 1012 15246 1012 2904 15247 2904 559 15248 559 559 15249 559 2904 15250 2904 2109 15251 2109 280 15252 280 2362 15253 2362 2845 15254 2845 2362 15255 2362 281 15256 281 2845 15257 2845 1920 15258 3057 2715 15259 2715 2567 15260 2567 2493 15261 2493 2715 15262 3440 1920 15263 1920 1130 15264 1130 542 15265 542 1448 15266 1448 1130 15267 1130 1448 15268 1448 1131 15269 1131 207 15270 207 93 15271 93 2058 15272 2058 93 15273 93 207 15274 207 91 15275 91 2843 15276 2843 423 15277 423 2842 15278 2842 2002 15279 2002 2843 15280 2843 2842 15281 2842 1880 15282 1880 917 15283 917 35 15284 35 217 15285 217 1880 15286 1880 35 15287 35 1826 15288 1826 2541 15289 2541 1827 15290 1827 2541 15291 2541 1826 15292 1826 2540 15293 2540 1538 15294 1538 2208 15295 2208 2648 15296 3199 2648 15297 2648 2208 15298 3325 2650 15299 2650 335 15300 335 688 15301 688 687 15302 687 687 15303 687 235 15304 235 335 15305 335 2708 15306 2708 659 15307 659 1133 15308 1133 1133 15309 1133 2274 15310 2274 2708 15311 2708 2081 15312 2081 443 15313 443 844 15314 844 1910 15315 1910 2081 15316 2081 844 15317 844 1602 15318 1602 2960 15319 2960 1604 15320 1604 716 15321 716 2960 15322 2960 1602 15323 1602 2807 15324 2807 820 15325 820 3014 15326 3014 583 15327 583 820 15328 820 2807 15329 2807 882 15330 882 2376 15331 2376 880 15332 880 880 15333 880 2376 15334 2376 633 15335 633 1237 15336 1237 1236 15337 1236 1092 15338 1092 2397 15339 2397 1237 15340 1237 1092 15341 1092 795 15342 795 3005 15343 3005 792 15344 792 3005 15345 3005 2467 15346 2467 792 15347 792 947 15348 947 360 15349 360 778 15350 778 778 15351 778 360 15352 360 779 15353 779 2346 15354 2346 2629 15355 2629 2348 15356 2348 2629 15357 2629 2347 15358 2347 2348 15359 2348 1050 15360 1050 541 15361 541 1048 15362 1048 541 15363 541 282 15364 282 1048 15365 1048 1520 15366 1520 2492 15367 2492 1518 15368 1518 1518 15369 1518 652 15370 652 1520 15371 1520 1837 15372 1837 2502 15373 2502 2367 15374 2367 2502 15375 2502 1013 15376 1013 2367 15377 2367 2928 15378 2928 2642 15379 2642 2998 15380 2998 2998 15381 2998 2642 15382 2642 2401 15383 2401 1819 15384 1819 2556 15385 2556 2558 15386 2558 1819 15387 1819 1818 15388 1818 2556 15389 2556 405 15390 405 837 15391 837 403 15392 403 403 15393 403 837 15394 837 2520 15395 2520 180 15396 180 1282 15397 1282 181 15398 181 1970 15399 1970 181 15400 181 1282 15401 1282 620 15402 620 1719 15403 1719 855 15404 855 1719 15405 1719 2242 15406 2242 855 15407 855 2868 15408 2868 2973 15409 2973 1107 15410 1107 1107 15411 1107 2973 15412 2973 1108 15413 1108 1584 15414 1584 1583 15415 1583 832 15416 832 2964 15417 2964 832 15418 832 1583 15419 1583 1162 15420 1162 1161 15421 1161 2230 15422 2230 998 15423 998 2230 15424 2230 1161 15425 1161 625 15426 625 627 15427 627 1088 15428 1088 625 15429 625 1088 15430 1088 2280 15431 2280 2161 15432 2161 1984 15433 1984 2863 15434 2863 1984 15435 1984 2161 15436 2161 1985 15437 1985 414 15438 414 413 15439 413 2646 15440 2646 1676 15441 1676 414 15442 414 2646 15443 2646 907 15444 907 245 15445 245 2233 15446 2233 2233 15447 2233 1418 15448 1418 907 15449 907 177 15450 177 689 15451 689 178 15452 178 689 15453 689 177 15454 177 1357 15455 1357 1351 15456 1351 1805 15457 1805 1152 15458 1152 1152 15459 1152 1805 15460 1805 1151 15461 1151 2239 15462 2239 2719 15463 2719 2900 15464 2900 2719 15465 2719 2239 15466 2239 1429 15467 1429 1451 15468 1451 646 15469 646 1159 15470 1159 646 15471 646 1451 15472 1451 647 15473 647 1965 15474 1965 2832 15475 2832 2880 15476 2880 1965 15477 1965 843 15478 843 2832 15479 2832 1912 15480 1912 2675 15481 2675 2954 15482 2954 1336 15483 1336 1912 15484 1912 2954 15485 2954 1501 15486 1501 398 15487 398 4 15488 4 1501 15489 1501 4 15490 4 3 15491 3 224 15492 224 2886 15493 2886 738 15494 738 2886 15495 2886 1659 15496 1659 738 15497 738 978 15498 978 1812 15499 1812 2603 15500 2603 522 15501 522 2603 15502 2603 1812 15503 1812 704 15504 704 3003 15505 3003 1977 15506 1977 1976 15507 1976 704 15508 704 1977 15509 1977 1007 15510 1007 362 15511 362 1625 15512 1625 671 15513 671 362 15514 362 1007 15515 1007 1940 15516 1940 1941 15517 1941 2100 15518 3369 1941 15519 1941 2982 15520 3444 2100 15521 3369 2938 15522 2938 2045 15523 3095 2497 15524 2497 2497 15525 3378 2045 15526 2045 1892 15527 1892 2635 15528 2635 1441 15529 1441 1443 15530 1443 1443 15531 1443 1870 15532 1870 2635 15533 2635 1435 15534 1435 2830 15535 2830 227 15536 227 1435 15537 1435 227 15538 227 498 15539 498 903 15540 903 2271 15541 2271 1197 15542 1197 903 15543 903 2027 15544 2027 2271 15545 2271 1623 15546 3446 1965 15547 1965 2880 15548 2880 1623 15549 1623 2880 15550 3422 1398 15551 1398 2979 15552 2979 208 15553 208 747 15554 747 747 15555 747 2833 15556 2833 2979 15557 2979 2658 15558 2658 1661 15559 1661 297 15560 297 2658 15561 2658 2657 15562 2657 1661 15563 1661 1108 15564 1108 698 15565 698 2020 15566 2020 2507 15567 2507 1108 15568 1108 2020 15569 2020 1018 15570 1018 2146 15571 2146 2038 15572 3304 1018 15573 1018 2148 15574 2148 2146 15575 2146 1624 15576 1624 1626 15577 1626 1785 15578 1785 1786 15579 1786 1785 15580 1785 1626 15581 1626 1598 15582 1598 1660 15583 1660 2657 15584 2657 1143 15585 1143 1598 15586 1598 2657 15587 2657 2685 15588 2685 2197 15589 2197 397 15590 397 2196 15591 3322 2197 15592 2197 2685 15593 2685 2252 15594 2252 1569 15595 1569 1568 15596 1568 1568 15597 1568 215 15598 215 2252 15599 2252 1395 15600 3177 2134 15601 3441 1966 15602 1966 2134 15603 2134 1395 15604 1395 2987 15605 2987 2462 15606 2462 2714 15607 2714 2461 15608 2461 2461 15609 2461 2182 15610 3418 2462 15611 2462 2015 15612 3201 1763 15613 1763 2013 15614 3297 1763 15615 1763 1762 15616 1762 2013 15617 3297 841 15618 841 1765 15619 1765 839 15620 839 1765 15621 1765 361 15622 361 839 15623 839 2797 15624 2797 1209 15625 1209 1211 15626 1211 2203 15627 2203 1209 15628 1209 2797 15629 2797 1552 15630 1552 2611 15631 2611 334 15632 334 1552 15633 1552 334 15634 334 1551 15635 1551 1034 15636 1034 1036 15637 1036 2088 15638 2088 2088 15639 2088 2327 15640 2327 1034 15641 1034 2923 15642 2923 2245 15643 2245 556 15644 556 2245 15645 2245 686 15646 686 556 15647 556 2017 15648 2017 827 15649 827 2475 15650 2475 827 15651 827 2476 15652 2476 2475 15653 2475 1457 15654 1457 1456 15655 1456 278 15656 278 278 15657 278 1460 15658 1460 1457 15659 1457 1302 15660 1302 182 15661 182 2484 15662 2484 2199 15663 2199 1302 15664 1302 2484 15665 2484 1995 15666 1995 766 15667 766 967 15668 967 1995 15669 1995 967 15670 967 968 15671 968 1537 15672 1537 2728 15673 2728 2727 15674 2727 1538 15675 1538 1537 15676 1537 2727 15677 2727 2338 15678 2338 453 15679 453 1814 15680 1814 1812 15681 1812 1814 15682 1814 453 15683 453 2740 15684 2740 790 15685 790 371 15686 371 371 15687 371 790 15688 790 789 15689 789 2593 15690 2593 1694 15691 1694 2667 15692 3396 2667 15693 3396 873 15694 873 2593 15695 2593 2434 15696 2434 1135 15697 1135 662 15698 662 1135 15699 1135 1134 15700 1134 662 15701 662 2877 15702 3421 2875 15703 2875 1918 15704 1918 1918 15705 1918 1917 15706 1917 2877 15707 3421 2324 15708 2324 1333 15709 1333 799 15710 799 799 15711 799 801 15712 801 2324 15713 2324 780 15714 780 47 15715 47 1886 15716 1886 47 15717 47 46 15718 46 1886 15719 1886 200 15720 200 202 15721 202 2454 15722 2454 776 15723 776 2454 15724 2454 202 15725 202 1846 15726 1846 1315 15727 3290 1847 15728 1847 2788 15729 2788 1847 15730 1847 1315 15731 3290 1545 15732 1545 1543 15733 1543 1243 15734 3169 2847 15735 2847 1543 15736 1543 1545 15737 1545 10 15738 10 1802 15739 1802 1305 15740 1305 1802 15741 1802 10 15742 10 456 15743 456 2157 15744 2157 2897 15745 2897 2158 15746 2158 1806 15747 1806 2897 15748 2897 2157 15749 2157 1637 15750 1637 1274 15751 3147 1636 15752 1636 2200 15753 2200 1636 15754 3209 1274 15755 1274 1372 15756 1372 119 15757 119 2686 15758 2686 119 15759 119 1041 15760 1041 2686 15761 2686 2841 15762 2841 1202 15763 1202 1198 15764 3123 473 15765 473 1202 15766 1202 2841 15767 2841 1484 15768 1484 905 15769 3179 1935 15770 1935 905 15771 905 904 15772 904 1935 15773 3292 2926 15774 2926 1208 15775 1208 2188 15776 2188 1570 15777 1570 2188 15778 2188 1208 15779 1208 2896 15780 2896 1734 15781 1734 630 15782 630 628 15783 628 630 15784 630 1734 15785 1734 1540 15786 1540 2821 15787 2821 2939 15788 2939 2821 15789 2821 1540 15790 1540 576 15791 576 758 15792 758 2737 15793 2737 1308 15794 1308 285 15795 285 2737 15796 2737 758 15797 758 2518 15798 3221 2823 15799 3416 1653 15800 1653 2517 15801 2517 2823 15802 2823 2518 15803 2518 861 15804 861 1662 15805 1662 859 15806 859 859 15807 859 1662 15808 1662 2123 15809 2123 2304 15810 2304 239 15811 239 241 15812 241 239 15813 239 2304 15814 2304 1982 15815 1982 2178 15816 2178 2875 15817 3417 2877 15818 2877 2875 15819 3417 2178 15820 2178 2704 15821 2704 1507 15822 1507 1932 15823 1932 2725 15824 2725 2726 15825 3230 1507 15826 1507 2725 15827 2725 1210 15828 1210 1209 15829 1209 2290 15830 2290 1210 15831 1210 2290 15832 2290 1213 15833 1213 2154 15834 2154 2159 15835 2159 781 15836 781 1668 15837 1668 781 15838 781 2159 15839 2159 1154 15840 1154 1042 15841 1042 218 15842 218 218 15843 218 2602 15844 2602 1154 15845 1154 2674 15846 2674 2675 15847 2675 2057 15848 2057 1337 15849 1337 2057 15850 2057 2675 15851 2675 463 15852 463 1778 15853 1778 2993 15854 2993 1778 15855 1778 463 15856 463 1113 15857 1113 2849 15858 2849 391 15859 391 393 15860 393 2849 15861 2849 236 15862 236 391 15863 391 2840 15864 2840 1976 15865 3286 954 15866 954 2840 15867 2840 954 15868 954 1095 15869 1095 2982 15870 2982 1633 15871 3206 2098 15872 2098 2982 15873 3444 1941 15874 1941 1633 15875 1633 1440 15876 1440 2997 15877 2997 2036 15878 2036 1439 15879 1439 2997 15880 2997 1440 15881 1440 3011 15882 3011 2936 15883 3248 1678 15884 3219 1679 15885 1679 1678 15886 1678 2936 15887 2936 233 15888 233 637 15889 637 1215 15890 1215 637 15891 637 639 15892 639 1215 15893 1215 2276 15894 3431 1579 15895 1579 1581 15896 1581 2276 15897 3431 2600 15898 2600 1579 15899 1579 1665 15900 1665 2871 15901 2871 1666 15902 1666 584 15903 584 1666 15904 1666 2871 15905 2871 1150 15906 1150 2158 15907 2158 1148 15908 1148 1150 15909 1150 425 15910 425 2158 15911 2158 1058 15912 1058 2952 15913 2952 1590 15914 1590 1590 15915 1590 1589 15916 1589 1058 15917 1058 2953 15918 2953 1374 15919 1374 1857 15920 1857 2953 15921 2953 101 15922 101 1374 15923 1374 2767 15924 2767 441 15925 441 2932 15926 2932 441 15927 441 1732 15928 3240 2932 15929 2932 1 15930 1 497 15931 497 496 15932 496 497 15933 497 1 15934 1 0 15935 0 2683 15936 2683 2682 15937 2682 1368 15938 1368 998 15939 998 2683 15940 2683 1368 15941 1368 2694 15942 2694 191 15943 191 2688 15944 2688 469 15945 469 191 15946 191 2694 15947 2694 1349 15948 1349 2193 15949 2193 2195 15950 2195 1349 15951 1349 2195 15952 2195 2370 15953 3042 2968 15954 2968 1612 15955 1612 2530 15956 2530 1613 15957 1613 1612 15958 1612 2968 15959 2968 2590 15960 2590 2718 15961 2718 1788 15962 1788 2590 15963 2590 1788 15964 1788 1169 15965 3056 2119 15966 2119 2275 15967 2275 2277 15968 2277 2119 15969 2119 2277 15970 2277 2943 15971 2943 1326 15972 1326 333 15973 333 2160 15974 2160 333 15975 333 2161 15976 2161 2160 15977 2160 2319 15978 2319 1495 15979 1495 1494 15980 1494 1031 15981 1031 2319 15982 2319 1494 15983 1494 715 15984 715 2073 15985 2073 665 15986 665 2075 15987 2075 2073 15988 2073 715 15989 715 2189 15990 2189 2980 15991 3254 2925 15992 2925 2551 15993 2551 2980 15994 2980 2189 15995 3385 1485 15996 1485 2680 15997 2680 406 15998 406 2680 15999 2680 407 16000 407 406 16001 406 627 16002 627 2750 16003 2750 430 16004 430 430 16005 430 2750 16006 2750 428 16007 428 2679 16008 2679 2909 16009 3280 946 16010 3088 946 16011 3088 1252 16012 1252 2679 16013 2679 450 16014 450 1794 16015 1794 1267 16016 1267 2113 16017 2113 1267 16018 1267 1794 16019 1794 2407 16020 2407 2042 16021 2042 2041 16022 2041 2042 16023 2042 2407 16024 2407 2406 16025 2406 1989 16026 1989 550 16027 550 149 16028 149 550 16029 550 1989 16030 1989 2218 16031 2218 388 16032 388 2345 16033 2345 184 16034 184 2344 16035 2344 184 16036 184 2345 16037 2345 2918 16038 2918 2129 16039 2129 2131 16040 2131 2918 16041 2918 1455 16042 1455 2129 16043 2129 261 16044 261 663 16045 663 1192 16046 1192 663 16047 663 1193 16048 1193 1192 16049 1192 331 16050 331 330 16051 330 2739 16052 2739 331 16053 331 2739 16054 2739 1962 16055 3130 863 16056 863 1943 16057 3279 864 16058 864 863 16059 863 1683 16060 3392 1943 16061 3279 1173 16062 1173 2441 16063 2441 457 16064 457 1171 16065 1171 1173 16066 1173 457 16067 457 2500 16068 2500 2769 16069 2769 2019 16070 3208 2769 16071 2769 2768 16072 2768 2019 16073 3208 82 16074 82 904 16075 904 1197 16076 1197 1449 16077 1449 82 16078 82 1197 16079 1197 878 16080 878 2803 16081 2803 2298 16082 2298 2803 16083 2803 878 16084 878 443 16085 443 1976 16086 3286 1978 16087 3284 955 16088 955 1978 16089 3284 1647 16090 1647 955 16091 955 2992 16092 2992 961 16093 961 2289 16094 3338 2670 16095 2670 2992 16096 2992 2289 16097 3338 577 16098 577 2965 16099 2965 2402 16100 2402 2402 16101 2402 578 16102 578 577 16103 577 1294 16104 1294 2115 16105 3314 2669 16106 2669 2669 16107 2669 2203 16108 2203 1294 16109 1294 2273 16110 2273 2391 16111 2391 659 16112 659 2708 16113 2708 2273 16114 2273 659 16115 659 1378 16116 1378 649 16117 3061 2835 16118 2835 648 16119 648 1378 16120 1378 2835 16121 2835 2214 16122 3327 2677 16123 2677 2676 16124 2676 2214 16125 3327 2213 16126 3326 2677 16127 2677 1351 16128 1351 427 16129 427 2743 16130 2743 71 16131 71 2743 16132 2743 427 16133 427 1385 16134 1385 1384 16135 1384 1386 16136 1386 2846 16137 2846 1385 16138 1385 1386 16139 1386 1372 16140 3170 2575 16141 2575 1859 16142 1859 1037 16143 3171 1372 16144 3170 1859 16145 1859 809 16146 809 2971 16147 2971 810 16148 810 2971 16149 2971 1093 16150 3133 810 16151 810 1394 16152 1394 2132 16153 2132 2987 16154 2987 1394 16155 1394 2987 16156 2987 1395 16157 1395 1692 16158 1692 373 16159 373 7 16160 7 6 16161 6 1692 16162 1692 7 16163 7 2628 16164 2628 1740 16165 1740 1741 16166 1741 2749 16167 2749 2628 16168 2628 1741 16169 1741 1168 16170 1168 872 16171 872 871 16172 871 1168 16173 3108 2866 16174 2866 872 16175 3237 2740 16176 2740 1796 16177 1796 790 16178 790 2740 16179 2740 1890 16180 1890 1796 16181 1796 2201 16182 2201 1498 16183 1498 116 16184 116 116 16185 116 674 16186 674 2201 16187 2201 1768 16188 1768 291 16189 291 1264 16190 1264 1768 16191 1768 1264 16192 1264 2732 16193 2732 2813 16194 2813 1831 16195 1831 1830 16196 1830 1831 16197 1831 2813 16198 2813 2812 16199 2812 709 16200 709 433 16201 433 2827 16202 2827 709 16203 709 431 16204 431 433 16205 433 1563 16206 1563 170 16207 170 1474 16208 1474 2456 16209 2456 170 16210 170 1563 16211 1563 1111 16212 1111 1779 16213 1779 1112 16214 1112 1111 16215 1111 2622 16216 2622 1779 16217 1779 1391 16218 1391 972 16219 972 1389 16220 1389 1035 16221 1035 972 16222 972 1391 16223 1391 2107 16224 2107 719 16225 719 2108 16226 2108 1072 16227 1072 2108 16228 2108 719 16229 719 2012 16230 2012 1365 16231 1365 1361 16232 1361 2011 16233 2011 1365 16234 1365 2012 16235 2012 864 16236 3278 2412 16237 2412 2690 16238 2690 1944 16239 1944 2412 16240 2412 864 16241 3278 856 16242 856 344 16243 344 2186 16244 2186 2607 16245 2607 2186 16246 2186 344 16247 344 1704 16248 3223 2784 16249 3125 2785 16250 2785 2784 16251 3125 2465 16252 2465 2785 16253 2785 1205 16254 1205 2551 16255 2551 2189 16256 3385 1205 16257 1205 1204 16258 1204 2551 16259 2551 2369 16260 2369 392 16261 392 238 16262 238 1838 16263 1838 2369 16264 2369 238 16265 238 38 16266 38 2825 16267 2825 607 16268 607 174 16269 174 38 16270 38 607 16271 607 3012 16272 3012 1573 16273 1573 1601 16274 3047 1570 16275 1570 1573 16276 1573 3012 16277 3012 624 16278 624 1751 16279 3077 2221 16280 2221 1751 16281 1751 2243 16282 2243 2221 16283 3149 1948 16284 1948 189 16285 189 560 16286 560 189 16287 189 1948 16288 1948 190 16289 190 1229 16290 3090 2959 16291 3104 2958 16292 2958 2959 16293 3104 922 16294 3303 2958 16295 2958 3003 16296 3003 703 16297 703 148 16298 148 703 16299 703 3003 16300 3003 704 16301 704 834 16302 834 2192 16303 2192 1584 16304 1584 1584 16305 1584 2192 16306 2192 1582 16307 1582 1553 16308 1553 1080 16309 1080 1079 16310 1079 1553 16311 1553 1079 16312 1079 1081 16313 1081 2089 16314 2089 2967 16315 2967 259 16316 259 892 16317 892 259 16318 259 2967 16319 2967 2281 16320 2281 2282 16321 3402 1165 16322 3091 1165 16323 1165 2282 16324 2282 2237 16325 2237 1869 16326 1869 1801 16327 1801 307 16328 307 307 16329 307 1801 16330 1801 1802 16331 1802 2068 16332 2068 1419 16333 1419 1421 16334 1421 1419 16335 1419 2068 16336 2068 108 16337 108 2294 16338 2294 2087 16339 2087 1036 16340 1036 2087 16341 3072 2294 16342 3341 1377 16343 1377 2638 16344 2638 740 16345 740 2640 16346 2640 2640 16347 2640 2639 16348 2639 2638 16349 2638 554 16350 554 0 16351 0 2052 16352 2052 2052 16353 2052 0 16354 0 2 16355 2 2710 16356 2710 2882 16357 2882 1844 16358 1844 1844 16359 1844 2882 16360 2882 1843 16361 1843 685 16362 685 2400 16363 2400 2399 16364 2399 2399 16365 2399 1227 16366 3071 685 16367 685 2995 16368 2995 199 16369 199 198 16370 198 2768 16371 2768 199 16372 199 2995 16373 2995 348 16374 348 350 16375 350 2833 16376 2833 350 16377 350 2979 16378 2979 2833 16379 2833 1840 16380 3259 1411 16381 1411 1413 16382 1413 1702 16383 3220 1840 16384 3259 1413 16385 1413 143 16386 143 2120 16387 2120 144 16388 144 2120 16389 2120 143 16390 143 2722 16391 2722 702 16392 702 1872 16393 1872 2851 16394 2851 1406 16395 1406 702 16396 702 2851 16397 2851 2758 16398 3412 2988 16399 3285 1762 16400 1762 1366 16401 1366 2988 16402 2988 2758 16403 2758 1166 16404 1166 1165 16405 1165 2237 16406 2237 2900 16407 2900 1166 16408 1166 2237 16409 2237 2896 16410 2896 2259 16411 2259 2258 16412 2258 2896 16413 2896 2258 16414 2258 1735 16415 1735 3016 16416 3016 2562 16417 2562 99 16418 99 2562 16419 2562 3016 16420 3016 1916 16421 1916 1649 16422 1649 2549 16423 2549 1650 16424 1650 1650 16425 1650 2549 16426 2549 2105 16427 2105 1142 16428 1142 1141 16429 1141 489 16430 489 489 16431 489 1203 16432 1203 1142 16433 1142 2704 16434 2704 2878 16435 3046 2875 16436 3417 2704 16437 2704 2495 16438 2495 2878 16439 3046 694 16440 694 2156 16441 2156 195 16442 195 195 16443 195 695 16444 695 694 16445 694 452 16446 452 451 16447 451 1561 16448 1561 452 16449 452 1561 16450 1561 448 16451 448 980 16452 980 982 16453 982 480 16454 480 982 16455 982 980 16456 980 2762 16457 2762 1306 16458 1306 203 16459 203 1305 16460 1305 203 16461 203 11 16462 11 1305 16463 1305 2418 16464 2418 1803 16465 1803 783 16466 783 1803 16467 1803 2532 16468 2532 783 16469 783 2114 16470 2114 2907 16471 2907 1646 16472 1646 2907 16473 2907 2116 16474 2116 1646 16475 1646 731 16476 731 2934 16477 2934 732 16478 732 2070 16479 3306 2934 16480 2934 731 16481 731 2529 16482 2529 2113 16483 2113 2110 16484 3252 2529 16485 2529 1265 16486 1265 2113 16487 2113 1730 16488 1730 1744 16489 1744 1728 16490 1728 2730 16491 3406 1728 16492 1728 1744 16493 1744 50 16494 50 2695 16495 2695 2688 16496 2688 2962 16497 2962 2695 16498 2695 50 16499 50 462 16500 462 3014 16501 3014 1328 16502 1328 1328 16503 1328 3014 16504 3014 820 16505 820 1848 16506 1848 2293 16507 2293 1006 16508 1006 1847 16509 1847 2293 16510 2293 1848 16511 1848 1077 16512 1077 183 16513 183 2474 16514 2474 1077 16515 1077 2474 16516 2474 1078 16517 1078 233 16518 3030 1215 16519 3031 3028 16520 3032 1215 16521 3038 233 16522 3036 3028 16523 3028 2102 16524 2102 2103 16525 2103 2729 16526 3405 2103 16527 2103 2730 16528 2730 2729 16529 3405 241 16530 241 526 16531 526 525 16532 525 2304 16533 2304 241 16534 241 525 16535 525 683 16536 683 1490 16537 1490 367 16538 367 683 16539 683 367 16540 367 681 16541 681 2620 16542 2620 1482 16543 1482 1934 16544 1934 1934 16545 1934 1936 16546 1936 2620 16547 2620 574 16548 574 219 16549 219 575 16550 575 1795 16551 1795 575 16552 575 219 16553 219 684 16554 684 1638 16555 1638 188 16556 188 1638 16557 1638 1519 16558 1519 188 16559 188 713 16560 713 2778 16561 2778 2777 16562 2777 2778 16563 2778 1303 16564 1303 2777 16565 2777 2822 16566 2822 1705 16567 1705 1722 16568 1722 1705 16569 1705 1269 16570 3146 1722 16571 1722 2753 16572 2753 1277 16573 1277 1276 16574 1276 2826 16575 2826 1277 16576 1277 2753 16577 2753 1085 16578 1085 384 16579 384 2226 16580 2226 886 16581 886 2226 16582 2226 384 16583 384 1857 16584 1857 957 16585 957 2574 16586 2574 101 16587 101 1857 16588 1857 2574 16589 2574 2496 16590 2496 2704 16591 2704 1496 16592 1496 1496 16593 1496 1109 16594 1109 2496 16595 2496 2774 16596 2774 1420 16597 1420 1419 16598 1419 1420 16599 1420 2774 16600 2774 2486 16601 3375 1786 16602 1786 1626 16603 1626 125 16604 125 2718 16605 2718 1786 16606 1786 125 16607 125 234 16608 234 336 16609 336 235 16610 235 1747 16611 1747 336 16612 336 234 16613 234 1724 16614 1724 1359 16615 3163 1360 16616 3162 1359 16617 3163 1724 16618 1724 2447 16619 3393 3026 16620 3026 1215 16621 1215 639 16622 639 3026 16623 3026 639 16624 639 2916 16625 2916 873 16626 3067 2667 16627 2667 2429 16628 2429 2429 16629 2429 874 16630 3070 873 16631 3067 1141 16632 1141 2657 16633 2657 2656 16634 2656 2656 16635 2656 299 16636 299 1141 16637 1141 1597 16638 1597 2600 16639 2600 2275 16640 3128 2276 16641 3431 2275 16642 3128 2600 16643 2600 575 16644 575 1890 16645 1890 788 16646 788 124 16647 124 788 16648 788 1890 16649 1890 1677 16650 1677 2576 16651 2576 532 16652 532 532 16653 532 2576 16654 2576 1760 16655 1760 1718 16656 1718 243 16657 243 2716 16658 2716 1276 16659 1276 1718 16660 1718 2716 16661 2716 2630 16662 2630 823 16663 823 822 16664 822 1894 16665 1894 2630 16666 2630 822 16667 822 2857 16668 2857 1315 16669 1315 1314 16670 1314 2626 16671 2626 2857 16672 2857 1314 16673 1314 2968 16674 2968 1085 16675 1085 1613 16676 1613 1085 16677 1085 1611 16678 1611 1613 16679 1613 243 16680 243 712 16681 712 2716 16682 2716 243 16683 243 242 16684 242 712 16685 712 2024 16686 3299 2393 16687 3355 2308 16688 2308 2393 16689 3355 2307 16690 2307 2308 16691 2308 1536 16692 1536 1777 16693 1777 2639 16694 2639 2639 16695 2639 742 16696 742 1536 16697 1536 685 16698 685 190 16699 190 2636 16700 2636 2636 16701 2636 190 16702 190 1949 16703 1949 2471 16704 3371 1415 16705 1415 2321 16706 2321 2471 16707 3371 2321 16708 2321 2470 16709 2470 1128 16710 1128 122 16711 122 1410 16712 1410 1410 16713 1410 122 16714 122 2476 16715 2476 1559 16716 1559 2605 16717 2605 1560 16718 1560 1559 16719 1559 643 16720 643 2605 16721 2605 2050 16722 2050 802 16723 802 2522 16724 2522 802 16725 802 2050 16726 2050 803 16727 803 2520 16728 2520 836 16729 836 2939 16730 2939 836 16731 836 1539 16732 1539 2939 16733 2939 308 16734 308 2443 16735 2443 2442 16736 2442 455 16737 455 2443 16738 2443 308 16739 308 1454 16740 1454 1230 16741 1230 2067 16742 2067 1454 16743 1454 1231 16744 1231 1230 16745 1230 2025 16746 2025 2026 16747 2026 1712 16748 1712 2025 16749 2025 1712 16750 1712 2349 16751 2349 1632 16752 3204 2437 16753 2437 2898 16754 2898 2898 16755 3068 1630 16756 1630 1632 16757 1632 2712 16758 2712 2435 16759 2435 2881 16760 3424 2436 16761 2436 2435 16762 2435 2712 16763 2712 2736 16764 2736 475 16765 475 477 16766 477 2736 16767 2736 477 16768 477 265 16769 265 799 16770 799 1335 16771 1335 3020 16772 3020 1335 16773 1335 2028 16774 3040 3020 16775 3020 2920 16776 2920 2852 16777 2852 1868 16778 1868 1867 16779 1867 2920 16780 2920 1868 16781 1868 2623 16782 2623 1110 16783 1110 459 16784 459 1110 16785 1110 2623 16786 2623 1111 16787 1111 416 16788 416 2328 16789 2328 315 16790 315 892 16791 892 315 16792 315 2328 16793 2328 1285 16794 1285 2693 16795 2693 1283 16796 1283 1285 16797 1285 2137 16798 2137 2693 16799 2693 325 16800 325 324 16801 324 1254 16802 1254 1257 16803 1257 1254 16804 1254 324 16805 324 338 16806 338 2405 16807 2405 1748 16808 1748 465 16809 465 1748 16810 1748 2405 16811 2405 1966 16812 1966 2978 16813 2978 1395 16814 3177 1966 16815 1966 1473 16816 1473 2978 16817 2978 2213 16818 3326 1198 16819 1198 952 16820 952 2215 16821 2215 1198 16822 3123 2213 16823 2213 793 16824 793 635 16825 635 2944 16826 2944 635 16827 635 634 16828 634 2944 16829 2944 2994 16830 2994 1612 16831 3200 1696 16832 1696 1696 16833 1696 2250 16834 2250 2994 16835 2994 2660 16836 2660 1313 16837 1313 2661 16838 2661 1313 16839 1313 2660 16840 2660 2336 16841 2336 364 16842 364 2125 16843 2125 365 16844 365 365 16845 365 2125 16846 2125 2538 16847 2538 1911 16848 1911 1418 16849 3180 1509 16850 1509 1911 16851 1911 1509 16852 1509 494 16853 494 931 16854 931 1749 16855 1749 929 16856 929 931 16857 931 2756 16858 2756 1749 16859 1749 1578 16860 1578 2358 16861 2358 2359 16862 2359 2358 16863 2358 1578 16864 1578 1015 16865 3105 1467 16866 1467 2198 16867 2198 1468 16868 1468 1468 16869 1468 2198 16870 2198 1466 16871 1466 627 16872 627 1922 16873 1922 2751 16874 2751 2751 16875 2751 2750 16876 2750 627 16877 627 74 16878 74 1201 16879 1201 473 16880 473 74 16881 74 2945 16882 2945 1201 16883 1201 2326 16884 2326 2325 16885 2325 618 16886 618 618 16887 618 2325 16888 2325 359 16889 359 652 16890 652 1401 16891 1401 189 16892 189 1518 16893 1518 1401 16894 1401 652 16895 652 83 16896 83 1222 16897 1222 2818 16898 2818 1222 16899 1222 83 16900 83 542 16901 542 1254 16902 1254 1253 16903 1253 325 16904 325 325 16905 325 1253 16906 1253 2053 16907 2053 1791 16908 1791 1794 16909 1794 449 16910 449 1791 16911 1791 449 16912 449 1561 16913 1561 62 16914 62 213 16915 213 2586 16916 2586 2586 16917 2586 1113 16918 1113 62 16919 62 2526 16920 2526 285 16921 285 554 16922 554 554 16923 554 285 16924 285 760 16925 760 290 16926 290 2933 16927 2933 2580 16928 2580 1721 16929 1721 2580 16930 2580 2933 16931 2933 1898 16932 1898 1309 16933 1309 1308 16934 1308 1898 16935 1898 1810 16936 1810 1309 16937 1309 303 16938 303 2082 16939 2082 304 16940 304 304 16941 304 2082 16942 2082 98 16943 98 2970 16944 2970 940 16945 3115 816 16946 3311 940 16947 3115 2970 16948 2970 1546 16949 1546 898 16950 898 2855 16951 2855 157 16952 157 898 16953 898 157 16954 157 156 16955 156 72 16956 72 2080 16957 2080 63 16958 63 72 16959 72 1922 16960 1922 2080 16961 2080 2010 16962 2010 2999 16963 2999 2577 16964 2577 2999 16965 2999 606 16966 606 2577 16967 2577 2340 16968 3343 1066 16969 1066 1065 16970 1065 2340 16971 3343 1065 16972 1065 1962 16973 1962 2986 16974 2986 1101 16975 1101 1104 16976 1104 2563 16977 2563 1101 16978 1101 2986 16979 2986 2434 16980 2434 1224 16981 1224 2433 16982 2433 1226 16983 1226 2433 16984 2433 1224 16985 1224 2473 16986 2473 1284 16987 1284 1972 16988 1972 2473 16989 3344 942 16990 942 1284 16991 3196 909 16992 909 3025 16993 3025 493 16994 493 909 16995 909 1911 16996 1911 3025 16997 3025 1629 16998 1629 989 16999 989 991 17000 991 1629 17001 1629 991 17002 991 1628 17003 1628 2438 17004 2438 1699 17005 1699 1249 17006 3111 1250 17007 3098 1249 17008 3111 1699 17009 1699 908 17010 908 3022 17011 3022 2853 17012 2853 3022 17013 3022 910 17014 910 2853 17015 2853 171 17016 171 2401 17017 2401 172 17018 172 172 17019 172 2401 17020 2401 2642 17021 2642 182 17022 182 2344 17023 2344 2484 17024 2484 182 17025 182 184 17026 184 2344 17027 2344 2417 17028 2417 2416 17029 2416 1148 17030 3082 2417 17031 3124 1148 17032 1148 2897 17033 2897 1343 17034 1343 767 17035 767 2850 17036 2850 769 17037 769 2850 17038 2850 767 17039 767 1489 17040 1489 678 17041 678 680 17042 680 678 17043 678 1489 17044 1489 2798 17045 2798 366 17046 366 2164 17047 2164 1608 17048 1608 2164 17049 2164 366 17050 366 633 17051 633 2179 17052 2179 2830 17053 2830 133 17054 133 225 17055 225 2830 17056 2830 2179 17057 2179 1272 17058 1272 2755 17059 2755 1273 17060 1273 2755 17061 2755 2754 17062 2754 1273 17063 1273 467 17064 467 336 17065 336 1746 17066 1746 465 17067 465 467 17068 467 1746 17069 1746 2598 17070 2598 772 17071 772 1619 17072 1619 1619 17073 1619 2332 17074 3143 2598 17075 2598 1703 17076 1703 2891 17077 2891 1156 17078 1156 1156 17079 1156 2891 17080 2891 2602 17081 2602 2672 17082 2672 2972 17083 2972 1800 17084 1800 1549 17085 3189 1800 17086 1800 2972 17087 2972 1680 17088 3218 2135 17089 2135 528 17090 528 1680 17091 1680 2063 17092 2063 2135 17093 3316 1505 17094 3225 220 17095 220 1930 17096 1930 1931 17097 1931 1930 17098 1930 220 17099 220 1177 17100 1177 1423 17101 1423 1360 17102 1360 1360 17103 3162 1423 17104 3448 1723 17105 1723 1811 17106 1811 1114 17107 1114 522 17108 522 1114 17109 1114 1811 17110 1811 58 17111 58 1770 17112 1770 2895 17113 2895 645 17114 645 2605 17115 2605 645 17116 645 2895 17117 2895 805 17118 805 1119 17119 1119 1968 17120 1968 1119 17121 1119 1969 17122 1969 1968 17123 1968 1458 17124 1458 1457 17125 1457 1459 17126 1459 1458 17127 1458 1459 17128 1459 2135 17129 2135 944 17130 944 2093 17131 2093 945 17132 945 1971 17133 3373 945 17134 945 2093 17135 2093 2869 17136 2869 2240 17137 2240 3007 17138 3007 2240 17139 2240 1861 17140 3066 3007 17141 3007 941 17142 941 2699 17143 2699 817 17144 817 2699 17145 2699 941 17146 941 2283 17147 2283 1515 17148 1515 91 17149 91 2202 17150 2202 2202 17151 2202 91 17152 91 207 17153 207 1463 17154 1463 1465 17155 1465 2790 17156 2790 1463 17157 1463 2790 17158 2790 2789 17159 2789 1242 17160 1242 2951 17161 2951 2700 17162 2700 1244 17163 1244 2951 17164 2951 1242 17165 1242 1099 17166 1099 2278 17167 2278 2974 17168 2974 1099 17169 1099 2974 17170 2974 1527 17171 1527 2243 17172 2243 855 17173 855 2241 17174 2241 2243 17175 2243 2241 17176 2241 2221 17177 3149 1057 17178 3116 1380 17179 3450 2105 17180 2105 1380 17181 1380 1057 17182 1057 132 17183 132 1319 17184 1319 1997 17185 1997 1170 17186 1170 1319 17187 1319 2661 17188 2661 1997 17189 1997 20 17190 20 319 17191 319 318 17192 318 20 17193 20 318 17194 318 2187 17195 2187 205 17196 205 487 17197 487 2127 17198 2127 2127 17199 2127 206 17200 206 205 17201 205 2893 17202 3439 2413 17203 3360 1927 17204 1927 2413 17205 3360 718 17206 3064 1927 17207 1927 65 17208 65 2585 17209 2585 6 17210 6 2585 17211 2585 1691 17212 1691 6 17213 6 1846 17214 1846 2757 17215 2757 2955 17216 3099 1846 17217 3291 2955 17218 2955 2661 17219 2661 546 17220 546 251 17221 251 250 17222 250 546 17223 546 250 17224 250 2096 17225 2096 1200 17226 1200 2481 17227 2481 2696 17228 2696 2696 17229 2696 1198 17230 1198 1200 17231 1200 761 17232 761 1175 17233 1175 2781 17234 2781 1876 17235 1876 2781 17236 2781 1175 17237 1175 2553 17238 2553 885 17239 885 887 17240 887 886 17241 886 885 17242 885 2553 17243 2553 469 17244 469 2542 17245 2542 2975 17246 2975 2694 17247 2694 2542 17248 2542 469 17249 469 1762 17250 1762 2988 17251 3285 2014 17252 3298 2013 17253 3297 1762 17254 1762 2014 17255 3298 228 17256 228 1244 17257 1244 2525 17258 2525 228 17259 228 2525 17260 2525 2524 17261 2524 1767 17262 1767 567 17263 567 569 17264 569 1767 17265 1767 569 17266 569 1764 17267 1764 463 17268 463 2993 17269 2993 697 17270 697 2993 17271 2993 2622 17272 2622 697 17273 697 2263 17274 2263 2262 17275 2262 298 17276 298 1659 17277 1659 2263 17278 2263 298 17279 298 1465 17280 1465 2342 17281 2342 1743 17282 1743 1743 17283 1743 2342 17284 2342 53 17285 53 1585 17286 1585 2387 17287 2387 2386 17288 2386 2964 17289 2964 2386 17290 2386 2387 17291 2387 2926 17292 2926 2925 17293 2925 1798 17294 3442 2980 17295 3254 1798 17296 3442 2925 17297 2925 1486 17298 1486 2884 17299 2884 2546 17300 2546 2884 17301 2884 2883 17302 2883 2546 17303 2546 1904 17304 1904 1903 17305 1903 279 17306 279 1321 17307 1321 1904 17308 1904 279 17309 279 811 17310 811 2946 17311 2946 2782 17312 2782 2448 17313 2448 2782 17314 2782 2946 17315 2946 1206 17316 1206 2267 17317 2267 746 17318 746 746 17319 746 2267 17320 2267 2268 17321 2268 2187 17322 2187 620 17323 620 20 17324 20 1719 17325 1719 620 17326 620 2187 17327 2187 1542 17328 1542 2816 17329 2816 2136 17330 2136 2136 17331 2136 2816 17332 2816 2173 17333 2173 3006 17334 3006 2470 17335 2470 2320 17336 2320 906 17337 906 3006 17338 3006 2320 17339 2320 348 17340 348 2702 17341 2702 1269 17342 3146 348 17343 348 3002 17344 3002 2702 17345 2702 3010 17346 3010 411 17347 411 1488 17348 1488 137 17349 137 3010 17350 3010 1488 17351 1488 2290 17352 3339 1427 17353 1427 2329 17354 2329 1427 17355 1427 2330 17356 2330 2329 17357 2329 1907 17358 1907 1906 17359 1906 976 17360 3153 974 17361 974 976 17362 976 1906 17363 3430 1790 17364 1790 1792 17365 1792 2811 17366 2811 2811 17367 2811 1793 17368 1793 1790 17369 1790 1279 17370 1279 3018 17371 3018 2414 17372 2414 2414 17373 2414 3018 17374 3018 718 17375 718 2312 17376 2312 1491 17377 1491 2310 17378 2310 2312 17379 2312 848 17380 848 1491 17381 1491 644 17382 644 2111 17383 2111 1770 17384 1770 644 17385 644 1446 17386 1446 2111 17387 2111 1347 17388 1347 2191 17389 3261 2664 17390 2664 1347 17391 1347 2664 17392 2664 1345 17393 1345 623 17394 623 1421 17395 1421 2485 17396 2485 623 17397 623 2485 17398 2485 1752 17399 3244 730 17400 730 2438 17401 2438 731 17402 731 2438 17403 2438 730 17404 730 1699 17405 1699 974 17406 974 1641 17407 1641 1643 17408 1643 2839 17409 2839 1643 17410 1643 1641 17411 1641 471 17412 471 952 17413 952 1587 17414 1587 952 17415 952 471 17416 471 470 17417 470 2019 17418 3208 461 17419 3053 2500 17420 2500 461 17421 3053 460 17422 3049 2500 17423 2500 1658 17424 3216 2985 17425 2985 509 17426 509 509 17427 509 2985 17428 2985 2083 17429 2083 2906 17430 2906 3005 17431 3005 795 17432 795 795 17433 795 794 17434 794 2906 17435 2906 2655 17436 2655 635 17437 635 793 17438 793 2655 17439 2655 793 17440 793 57 17441 57 2388 17442 2388 2390 17443 2390 2389 17444 2389 2389 17445 2389 2390 17446 2390 159 17447 159 1991 17448 1991 1405 17449 1405 2837 17450 2837 1405 17451 1405 1991 17452 1991 3024 17453 3024 2366 17454 2366 1960 17455 1960 1959 17456 1959 2366 17457 2366 1888 17458 1888 1960 17459 1960 996 17460 996 622 17461 622 997 17462 997 1421 17463 1421 622 17464 622 996 17465 996 404 17466 404 2047 17467 2047 1022 17468 1022 1022 17469 1022 2047 17470 2047 2049 17471 2049 1061 17472 1061 2573 17473 2573 861 17474 861 1063 17475 1063 2573 17476 2573 1061 17477 1061 2546 17478 2546 2883 17479 2883 1487 17480 1487 2883 17481 2883 1123 17482 1123 1487 17483 1487 1228 17484 1228 923 17485 923 1229 17486 1229 923 17487 923 1228 17488 1228 466 17489 466 2111 17490 2111 2110 17491 2110 1770 17492 1770 2895 17493 2895 1770 17494 1770 2110 17495 2110 932 17496 932 1750 17497 1750 2756 17498 2756 932 17499 3078 2756 17500 3410 2056 17501 2056 749 17502 749 2930 17503 2930 2765 17504 2765 1387 17505 1387 2930 17506 2930 749 17507 749 805 17508 805 2270 17509 2270 2269 17510 2269 2270 17511 2270 27 17512 27 2269 17513 2269 2178 17514 2178 1495 17515 1495 2705 17516 2705 2705 17517 2705 1495 17518 1495 1497 17519 1497 1264 17520 1264 2528 17521 2528 1772 17522 3251 2528 17523 2528 2112 17524 3313 1772 17525 3251 1675 17526 1675 1676 17527 1676 2604 17528 2604 2604 17529 2604 1676 17530 1676 1126 17531 1126 594 17532 594 593 17533 593 1892 17534 1892 1892 17535 1892 593 17536 593 215 17537 215 1393 17538 1393 28 17539 28 2876 17540 2876 1393 17541 1393 2876 17542 2876 1644 17543 1644 2678 17544 2678 2306 17545 2306 482 17546 482 2306 17547 2306 481 17548 481 482 17549 482 319 17550 319 803 17551 803 2050 17552 2050 319 17553 319 19 17554 19 803 17555 803 2947 17556 2947 2194 17557 2194 2647 17558 3394 2947 17559 2947 2195 17560 2195 2194 17561 2194 2872 17562 2872 1187 17563 1187 1975 17564 1975 1188 17565 1188 1187 17566 1187 2872 17567 2872 274 17568 274 2227 17569 2227 151 17570 151 2227 17571 2227 152 17572 152 151 17573 151 2817 17574 2817 1944 17575 1944 1682 17576 1682 1682 17577 1682 682 17578 682 2817 17579 2817 1798 17580 1798 1797 17581 1797 2926 17582 3228 2926 17583 3228 1797 17584 1797 2536 17585 2536 2318 17586 2318 168 17587 168 419 17588 419 168 17589 168 420 17590 420 419 17591 419 2246 17592 2246 1072 17593 1072 1757 17594 1757 1281 17595 1281 1757 17596 1757 1072 17597 1072 1505 17598 3225 2802 17599 2802 2996 17600 3447 2996 17601 3447 2802 17602 2802 2724 17603 3203 1011 17604 3101 2589 17605 2589 1902 17606 1902 1902 17607 1902 2589 17608 2589 1900 17609 1900 1807 17610 1807 3013 17611 3013 2353 17612 2353 3013 17613 3013 986 17614 3350 2353 17615 2353 2121 17616 2121 263 17617 263 262 17618 262 1312 17619 1312 263 17620 263 2121 17621 2121 320 17622 320 322 17623 322 54 17624 54 320 17625 320 54 17626 54 2492 17627 2492 1667 17628 3217 2555 17629 2555 1664 17630 1664 1667 17631 3217 1149 17632 3041 2555 17633 2555 2908 17634 2908 2464 17635 2464 821 17636 821 583 17637 583 2908 17638 2908 821 17639 821 981 17640 981 480 17641 480 479 17642 479 981 17643 981 479 17644 479 1118 17645 1118 2941 17646 2941 1663 17647 1663 808 17648 808 2565 17649 2565 1663 17650 1663 2941 17651 2941 1914 17652 1914 2035 17653 2035 2032 17654 2032 2035 17655 2035 1914 17656 1914 1338 17657 1338 1492 17658 1492 848 17659 848 129 17660 129 129 17661 129 156 17662 156 1492 17663 1492 2253 17664 2253 2862 17665 2862 2251 17666 2251 2253 17667 2253 1565 17668 1565 2862 17669 2862 2448 17670 2448 2449 17671 2449 2450 17672 2450 1810 17673 1810 2450 17674 2450 2449 17675 2449 655 17676 655 2587 17677 2587 2007 17678 2007 657 17679 657 2587 17680 2587 655 17681 655 2078 17682 2078 2077 17683 2077 1083 17684 1083 1083 17685 1083 1082 17686 1082 2078 17687 2078 2665 17688 2665 720 17689 3063 2107 17690 3312 720 17691 3063 2665 17692 2665 718 17693 3064 2102 17694 2102 1689 17695 1689 1686 17696 1686 1686 17697 1686 1685 17698 1685 2102 17699 2102 1503 17700 1503 1932 17701 1932 2554 17702 2554 1043 17703 1043 1503 17704 1503 2554 17705 2554 715 17706 715 665 17707 665 2760 17708 2760 2761 17709 2761 2760 17710 2760 665 17711 665 2165 17712 2165 2164 17713 2164 633 17714 633 2378 17715 2378 2165 17716 2165 633 17717 633 75 17718 75 1479 17719 1479 700 17720 700 1479 17721 1479 699 17722 699 700 17723 700 910 17724 910 1298 17725 1298 202 17726 202 909 17727 909 1298 17728 1298 910 17729 910 2182 17730 2182 2180 17731 2180 3019 17732 3449 2182 17733 3418 3019 17734 3019 2462 17735 2462 1406 17736 1406 3024 17737 3024 702 17738 702 1405 17739 1405 3024 17740 3024 1406 17741 1406 738 17742 738 2172 17743 2172 739 17744 739 739 17745 739 2172 17746 2172 222 17747 222 1153 17748 3033 2291 17749 3034 3029 17750 3035 2291 17751 3039 1153 17752 3037 3029 17753 3029 787 17754 787 1240 17755 1240 236 17756 236 787 17757 787 236 17758 236 2849 17759 2849 1513 17760 1513 1091 17761 1091 2905 17762 2905 1091 17763 1091 2366 17764 3353 2905 17765 2905 684 17766 684 2957 17767 2957 2975 17768 2975 2975 17769 2975 2957 17770 2957 2958 17771 2958 1182 17772 1182 1181 17773 1181 2315 17774 2315 1182 17775 1182 2315 17776 2315 2919 17777 2919 2037 17778 3302 1895 17779 1895 2914 17780 3433 1895 17781 1895 2037 17782 3302 1896 17783 1896 786 17784 786 617 17785 617 142 17786 142 617 17787 617 616 17788 616 142 17789 142 2089 17790 2089 258 17791 258 2090 17792 2090 258 17793 258 260 17794 260 2090 17795 2090 2107 17796 3312 1246 17797 3142 2776 17798 2776 2356 17799 2356 2776 17800 2776 1246 17801 3142 1994 17802 1994 2406 17803 2406 1316 17804 1316 1316 17805 1316 2625 17806 2625 1994 17807 1994 2933 17808 2933 2579 17809 2579 346 17810 346 347 17811 347 346 17812 346 2579 17813 2579 2504 17814 2504 500 17815 500 2350 17816 2350 2506 17817 2506 500 17818 500 2504 17819 2504 2041 17820 2041 2040 17821 2040 2747 17822 2747 2745 17823 2745 2747 17824 2747 2040 17825 2040 530 17826 530 1759 17827 1759 2701 17828 2701 1000 17829 1000 530 17830 530 2701 17831 2701 2556 17832 2556 2940 17833 2940 2557 17834 2557 2940 17835 2940 1687 17836 1687 2557 17837 2557 1971 17838 3373 717 17839 717 943 17840 943 717 17841 717 716 17842 716 943 17843 943 2950 17844 2950 1478 17845 1478 549 17846 549 549 17847 549 548 17848 548 2950 17849 2950 507 17850 507 723 17851 723 505 17852 505 723 17853 723 2948 17854 2948 505 17855 505 2483 17856 3368 88 17857 3374 2033 17858 2033 2035 17859 2035 2483 17860 3368 2033 17861 2033 902 17862 902 3004 17863 3004 2859 17864 2859 1856 17865 1856 2859 17866 2859 3004 17867 3004 2733 17868 2733 1562 17869 1562 1310 17870 1310 1307 17871 1307 2733 17872 2733 1310 17873 1310 2285 17874 2285 2424 17875 2424 2286 17876 2286 2286 17877 2286 2424 17878 2424 1546 17879 1546 3002 17880 3002 1707 17881 1707 2702 17882 2702 3002 17883 3002 2267 17884 2267 1707 17885 1707 2937 17886 3437 1827 17887 3122 1824 17888 1824 2937 17889 2937 1481 17890 1481 1827 17891 1827 2734 17892 2734 988 17893 988 421 17894 421 2733 17895 2733 988 17896 988 2734 17897 2734 1593 17898 1593 1773 17899 1773 1591 17900 1591 1773 17901 1773 1593 17902 1593 2767 17903 2767 3001 17904 3001 1567 17905 3190 2612 17906 2612 1893 17907 3432 1567 17908 3190 3001 17909 3001 2950 17910 2950 548 17911 548 2949 17912 2949 2949 17913 2949 548 17914 548 2218 17915 2218 901 17916 901 2510 17917 2510 389 17918 389 389 17919 389 2510 17920 2510 186 17921 186 2706 17922 2706 451 17923 451 2339 17924 2339 451 17925 451 2338 17926 2338 2339 17927 2339 3021 17928 3021 2863 17929 2863 993 17930 3097 1327 17931 1327 2863 17932 2863 3021 17933 3021 310 17934 310 137 17935 137 139 17936 139 3010 17937 3010 137 17938 137 310 17939 310 2927 17940 2927 1679 17941 1679 1677 17942 1677 2927 17943 2927 1677 17944 1677 2645 17945 2645 1828 17946 1828 90 17947 90 2521 17948 2521 1828 17949 1828 2521 17950 2521 892 17951 892 1499 17952 1499 2322 17953 2322 116 17954 116 1499 17955 1499 2320 17956 2320 2322 17957 2322 2173 17958 2173 2931 17959 2931 2137 17960 2137 2173 17961 2173 231 17962 231 2931 17963 2931 2720 17964 2720 1604 17965 1604 2138 17966 3401 1602 17967 1602 1604 17968 1604 2720 17969 2720 1163 17970 1163 2936 17971 3248 3011 17972 3011 1163 17973 1163 3011 17974 3011 1555 17975 1555 200 17976 200 1645 17977 1645 1415 17978 3172 1645 17979 1645 200 17980 200 2453 17981 2453 1275 17982 1275 2077 17983 3308 2076 17984 3184 2540 17985 2540 1275 17986 1275 2076 17987 3184 2460 17988 2460 2703 17989 2703 3023 17990 3023 2703 17991 2703 727 17992 727 3023 17993 3023 1437 17994 1437 1436 17995 1436 1439 17996 1439 1438 17997 1438 1437 17998 1437 1439 17999 1439 1276 18000 1276 2717 18001 2717 2754 18002 2754 2754 18003 2754 2717 18004 2717 712 18005 712 1511 18006 1511 1510 18007 1510 1167 18008 1167 2232 18009 2232 1167 18010 3137 1510 18011 3181 332 18012 332 173 18013 173 2162 18014 2162 572 18015 572 2162 18016 2162 173 18017 173 2742 18018 3408 2568 18019 3407 2741 18020 2741 1875 18021 3141 2742 18022 3408 2741 18023 2741 1500 18024 1500 600 18025 600 599 18026 599 600 18027 600 1500 18028 1500 2228 18029 2228 1731 18030 1731 2280 18031 2280 1353 18032 3159 1731 18033 3239 1353 18034 1353 2721 18035 2721 2255 18036 2255 1356 18037 1356 1358 18038 1358 1356 18039 1356 2255 18040 2255 267 18041 267 2802 18042 2802 2983 18043 2983 2724 18044 3203 2888 18045 3276 2724 18046 3203 2983 18047 2983 2501 18048 2501 2500 18049 2500 460 18050 3049 460 18051 3049 2938 18052 2938 2501 18053 2501 2890 18054 2890 604 18055 604 1364 18056 1364 604 18057 604 1445 18058 1445 1364 18059 1364 1742 18060 1742 359 18061 359 1180 18062 1180 1180 18063 1180 359 18064 359 2313 18065 2313 1174 18066 1174 2793 18067 2793 2794 18068 2794 2793 18069 2793 2792 18070 2792 2794 18071 2794 661 18072 661 660 18073 660 385 18074 385 385 18075 385 660 18076 660 969 18077 969 1942 18078 1942 681 18079 681 1608 18080 1608 2817 18081 2817 681 18082 681 1942 18083 1942 277 18084 277 276 18085 276 899 18086 899 1456 18087 1456 899 18088 899 276 18089 276 2072 18090 2072 3009 18091 3009 2163 18092 2163 2163 18093 2163 3009 18094 3009 2678 18095 2678</p></triangles>
      </mesh>
    </geometry>
  </library_geometries>
  <library_visual_scenes>
    <visual_scene id="s1-6k" name="s1-6k">
      <node name="s1-6k" id="s1-6k" sid="s1-6k"><matrix sid="matrix">1.000000 0.000000 0.000000 0.000000 0.000000 0.000000 1.000000 0.000000 0.000000 -1.000000 0.000000 0.000000 0.000000 0.000000 0.000000 1.000000</matrix><instance_geometry url="#s1-6k-lib"><bind_material><technique_common><instance_material symbol="mat0" target="#mat0"/></technique_common></bind_material></instance_geometry><extra><technique profile="FCOLLADA"><visibility>1.000000</visibility></technique></extra></node>
      <extra><technique profile="MAX3D"><frame_rate>30.000000</frame_rate></technique><technique profile="FCOLLADA"><start_time>0.000000</start_time><end_time>3.333333</end_time></technique></extra>
    </visual_scene>
  </library_visual_scenes>
  <scene>
    <instance_visual_scene url="#s1-6k"></instance_visual_scene>
  </scene>
</COLLADA>
