# 3ds Max Wavefront OBJ Exporter v0.97b - (c)2007 guruware
# File Created: 04.02.2020 15:14:41

mtllib s2-10k.mtl

#
# object s2_10k
#

v  -171.3597 283.4628 1309.4020
v  -276.5527 253.0399 1179.1310
v  -266.9958 333.6587 1562.9561
v  -718.0607 9.0703 1368.2480
v  -635.4015 3.6318 1137.7300
v  -120.4181 9.0696 1450.4230
v  -1549.0590 301.3207 1116.0210
v  -1479.7590 249.4729 921.7557
v  -1497.1300 256.8340 1148.7360
v  -1174.3120 496.8621 495.7872
v  -1161.0490 531.0283 589.5783
v  -1044.5320 447.4345 434.2162
v  -236.6497 112.0456 -859.4545
v  -289.8611 173.8231 -822.2349
v  -306.1222 183.4962 -887.3810
v  -69.8372 526.4197 -992.5324
v  -248.4747 458.1732 -973.1257
v  -237.3552 478.4979 -934.7749
v  -1371.8080 99.8017 -109.1153
v  -1479.7800 10.6445 -37.6517
v  -1476.0890 26.5685 -195.0290
v  -1861.6370 422.6615 -85.1241
v  -1891.4180 346.9754 14.0746
v  -1770.8361 501.2471 6.8635
v  -1494.6470 338.6799 1563.9410
v  -1500.0610 289.9504 1413.4950
v  -1559.2050 291.0506 1519.3051
v  -891.0511 3.1273 1179.2000
v  -1109.5300 6.4211 912.0605
v  -934.8804 4.3127 1030.5890
v  -633.3150 1207.2610 172.0104
v  -721.5506 1117.7300 3.4292
v  -653.4357 1187.5610 465.9903
v  -231.2334 784.5889 -310.6375
v  -297.9435 744.6550 -271.1035
v  -268.8405 781.0931 -403.2566
v  -1029.4230 461.3406 482.2998
v  -884.1250 396.6859 375.6744
v  -848.9784 393.4439 438.5835
v  -823.4493 868.3984 332.8120
v  -856.7853 967.3922 749.5654
v  -794.1136 916.3975 583.6933
v  -909.5571 263.4619 -164.3089
v  -811.0674 320.8910 35.6262
v  -972.7903 312.5532 130.0301
v  -731.4504 511.6881 -288.2839
v  -600.7357 419.6571 -375.5976
v  -645.1670 454.4716 -421.1202
v  -637.0306 767.2789 586.3165
v  -533.4558 593.0502 522.2902
v  -576.1931 647.3565 770.0099
v  53.3298 796.1737 423.6042
v  48.5314 802.1636 241.9073
v  -9.2576 891.4614 499.7054
v  -173.0304 898.9343 -939.0313
v  -356.4541 847.0259 -950.9434
v  -445.6396 857.5425 -894.4424
v  124.5508 621.5632 -813.8406
v  94.5251 635.0423 -616.7802
v  -97.3907 529.4504 -781.1972
v  -1261.1310 227.4981 387.2459
v  -1199.6840 216.9402 155.7061
v  -1288.3810 168.0728 305.1578
v  -910.7795 4.1621 833.3599
v  -1134.3160 4.6134 851.3562
v  -1240.8950 5.0906 535.5609
v  -452.8619 632.9701 969.9803
v  -195.2748 638.2319 1077.6810
v  -202.9336 622.4778 943.0546
v  -164.0128 395.1082 1476.7220
v  -148.9086 363.2920 1324.7450
v  -135.8921 504.6577 1366.0260
v  -1153.0690 672.0308 207.7602
v  -1186.5940 624.0095 179.3668
v  -1112.6370 625.3364 129.4907
v  -1228.8640 783.8459 -348.2200
v  -1439.7380 708.1423 -317.2626
v  -1287.9919 833.5844 -243.5057
v  -32.1891 317.8994 223.3078
v  -132.7887 299.4254 122.4661
v  3.6918 285.5210 39.7604
v  -340.0152 344.1175 -268.8351
v  -271.5477 421.2518 -192.7380
v  -279.1545 282.4216 -425.8152
v  56.8098 265.8987 1009.3180
v  1.6807 311.2203 928.8642
v  -31.1790 279.2237 1040.6750
v  219.1873 7.3599 249.4614
v  -405.2604 6.4803 272.4317
v  -364.9947 5.2478 95.0207
v  -255.7299 219.1868 -119.0819
v  -305.0544 153.9382 -251.1761
v  -355.7224 196.8230 -33.1019
v  329.9377 4.3896 -118.7464
v  -1449.3250 709.7708 1485.3010
v  -1586.0480 659.4418 1473.9290
v  -1610.6860 642.1522 1545.8160
v  -1368.0031 396.2188 1658.8070
v  -1217.7520 474.6566 1733.6730
v  -1597.8580 393.0996 1638.3040
v  -422.7001 682.4505 1170.1340
v  -288.6113 670.7767 1141.0229
v  -723.3140 312.5343 1669.7460
v  -869.5952 328.3524 1674.6860
v  -776.7477 276.8956 1553.3409
v  -682.7158 300.3723 -932.5150
v  -863.7778 263.8435 -924.2327
v  -893.3353 288.4734 -1046.9030
v  -989.4678 657.3049 -699.1214
v  -1042.6440 593.9561 -506.2814
v  -899.7158 708.6793 -678.9026
v  -135.0123 911.6647 172.4469
v  -138.4322 945.1047 -0.3352
v  -106.2420 967.5379 208.8365
v  -118.9293 1291.6639 548.3204
v  -233.3971 1310.1281 395.9147
v  -265.0856 1306.7710 523.6640
v  -901.0679 996.6683 1061.4800
v  -780.9794 911.1635 1168.2150
v  -770.3872 928.0414 1013.3770
v  -1221.7271 641.5912 822.2303
v  -1207.0699 650.5544 1000.6250
v  -1291.6890 768.9698 1091.8010
v  -1058.4270 307.2025 -605.0895
v  -947.1418 256.2520 -805.1949
v  -1023.7620 238.4980 -765.1687
v  -538.0289 3.1603 -577.2377
v  -532.7807 71.9773 -450.9013
v  -645.2369 9.7249 -517.1699
v  302.1890 286.5594 -604.2977
v  187.0709 306.4737 -579.4451
v  183.8916 379.6452 -457.3333
v  285.0045 227.9383 -38.9189
v  197.2513 278.5048 164.5598
v  -123.7308 907.9137 295.0985
v  -161.7924 817.5862 -36.1700
v  -330.1892 799.7478 39.7156
v  -365.1155 473.5448 180.1004
v  -398.9899 498.7135 403.3646
v  -432.4298 492.4746 121.3619
v  -1622.3940 7.6201 1732.2920
v  -1341.5620 5.2466 2086.5850
v  -1626.7100 3.2688 2059.1521
v  -1402.7159 402.5930 1968.0240
v  -1278.6310 372.0689 2147.7759
v  -1308.9270 411.4040 1872.5540
v  -556.6603 10.9065 -349.8442
v  -536.2813 4.2725 17.1548
v  -749.9121 8.5711 -437.2744
v  -432.5481 192.5031 -327.7820
v  -711.4440 235.4824 -270.3601
v  -477.5400 251.8922 -223.2190
v  180.7098 400.2335 -1272.8420
v  187.2684 333.1474 -1360.6689
v  43.6860 411.3628 -1253.2200
v  22.6583 5.4893 -1049.3950
v  172.0602 8.2861 -1159.0389
v  165.6056 5.0246 -992.4392
v  -891.5249 271.6039 922.3610
v  -746.7510 265.7554 979.6508
v  -840.2527 304.1674 861.5532
v  -508.5599 192.4009 211.1130
v  -617.8810 280.5728 311.1849
v  -565.0496 197.5121 418.9411
v  -1148.7841 294.8783 530.5471
v  -1095.3450 286.3504 717.8931
v  -1368.8900 182.7430 729.6823
v  -890.3145 450.9733 1085.7300
v  -915.2012 469.7396 1184.7770
v  -894.1003 407.9143 1151.0840
v  -509.4431 4.0069 2249.1060
v  -761.9658 9.6172 2185.4871
v  -270.0826 3.5724 1869.5350
v  -191.6261 318.2478 1624.3740
v  -150.6867 273.9839 1681.9460
v  -48.9761 228.0669 1385.3350
v  -89.4489 331.0458 924.4238
v  -33.6686 357.1019 690.7890
v  6.1635 376.5986 733.4304
v  -772.3513 373.0160 980.1881
v  -758.5117 374.8640 807.6810
v  -720.5527 299.0688 984.8381
v  318.8944 222.9967 -854.5648
v  333.5617 363.8594 -922.3512
v  304.0316 332.2374 -756.4209
v  -240.1957 601.4622 -386.4091
v  -156.5457 647.3153 -311.4528
v  -39.0318 658.2833 -385.2500
v  -512.7900 983.3283 728.2095
v  -508.2820 921.6750 592.2109
v  -606.5384 931.9363 697.7793
v  -411.5495 1028.0900 937.4363
v  -594.2581 1019.6970 1014.5030
v  -464.2462 990.8719 1040.1080
v  178.5580 533.2302 201.9621
v  119.2684 538.3850 221.7428
v  189.3674 503.9887 347.0746
v  275.5881 424.4025 -187.2181
v  354.6460 337.3697 -107.2212
v  364.5164 313.8243 -175.9222
v  -992.7534 411.9747 348.7939
v  -949.1345 426.8474 282.4362
v  -971.2072 506.4867 88.9323
v  -1264.2330 360.1366 79.6522
v  -1301.2321 251.0042 53.1860
v  -1328.0270 288.9053 125.3475
v  -681.6531 1064.9600 -398.4404
v  -509.3075 1081.4150 -501.2986
v  -640.5751 1010.8420 -526.5676
v  -104.0344 1158.5920 273.2349
v  -108.6912 1132.6870 211.0332
v  -184.5999 1269.1000 325.3816
v  -1703.8090 6.5547 149.5994
v  -1759.4410 5.7270 17.7672
v  -1580.2841 5.6473 72.2200
v  -1287.4301 719.5075 249.8316
v  -1221.2860 630.9172 235.7778
v  -1149.6660 743.6586 220.8952
v  -464.8613 188.6387 2419.7820
v  -436.7930 293.5301 2358.5610
v  -595.2071 312.4440 2292.2661
v  -831.7952 338.1819 2117.9390
v  -882.5377 287.1396 2035.5450
v  -923.9385 273.2449 2125.0659
v  -1955.7600 47.2539 95.2059
v  -2002.5530 90.0298 167.4710
v  -2010.1560 82.0819 49.9315
v  -1695.6830 220.7434 -374.0995
v  -1626.3270 247.0576 -378.3105
v  -1577.4449 173.7859 -366.3798
v  -670.0544 742.1259 40.5000
v  -696.1582 821.2782 224.9078
v  -726.2794 790.6115 67.6564
v  -252.1727 983.6182 604.3528
v  -155.0146 1048.3480 612.7084
v  -380.3891 1004.7300 696.1501
v  -562.8378 563.3030 -386.5612
v  -387.7836 548.9123 -405.8912
v  -217.6221 630.5839 -368.6375
v  -567.5170 324.6772 -853.9040
v  -566.9897 366.8830 -661.6484
v  -745.6017 284.6592 -859.2439
v  -1227.9120 372.9100 2079.9009
v  -1154.7540 339.6722 1995.5880
v  -1209.9041 386.0764 1928.9630
v  -1039.4590 202.1015 986.0844
v  -1032.4200 104.2845 944.4855
v  -1116.4390 112.2729 918.6116
v  -16.2437 785.7044 1136.9720
v  10.3373 718.9501 1124.9650
v  2.7853 735.6055 1058.4000
v  -275.7951 540.2484 559.5471
v  -123.8341 508.6751 433.0073
v  -108.4120 548.1004 507.1113
v  -1508.2050 489.7485 850.5465
v  -1552.9930 460.0928 970.3464
v  -1570.9020 517.6218 1090.6390
v  -1207.9960 449.2264 427.5428
v  -1056.5880 417.1158 403.5123
v  363.5758 150.0350 10.4712
v  181.4405 242.2818 529.1536
v  272.0450 150.2286 342.2550
v  -2.9107 67.0842 -324.8570
v  10.7512 171.8342 -225.7370
v  343.7130 116.9363 -219.4023
v  371.3349 60.4902 -1107.4650
v  290.0939 8.6664 -1127.6890
v  396.0466 49.1396 -1232.7371
v  -288.6503 453.3451 -213.6664
v  -321.4016 373.4765 -278.5755
v  -164.4370 481.1340 -196.6798
v  -1236.5900 362.0765 -30.8501
v  -1228.1260 357.5220 -151.9164
v  -1161.2050 410.1758 -174.8155
v  -1213.6470 647.6017 -400.2452
v  -1342.4530 682.2443 -374.3203
v  -546.6181 708.0344 -447.7895
v  -386.9223 709.2052 -405.3506
v  -466.2918 794.1755 -530.1305
v  -4.0225 962.3500 -570.8140
v  -2.6475 958.5670 -736.4088
v  -97.2189 964.8929 -682.8527
v  -480.4576 691.9791 -1031.6660
v  -557.9906 734.6351 -995.1313
v  -285.0097 795.3539 -1012.7140
v  144.6348 648.0032 -722.6979
v  202.4472 708.2941 -938.7718
v  -713.3333 531.7383 985.2639
v  -772.8671 438.4951 801.4853
v  -655.0773 515.4669 797.7934
v  -818.2263 961.9590 843.3359
v  -752.7679 913.0323 732.9761
v  -1269.2690 761.2034 297.6442
v  -1344.7950 733.6342 262.0458
v  -1358.1479 697.7239 265.6331
v  -979.8569 827.3657 -90.8376
v  -962.3679 811.6031 -162.7154
v  -1018.5310 863.3561 -114.0927
v  -1209.3459 674.9705 1121.6541
v  -977.9791 553.5614 1154.7920
v  -1004.2560 524.7913 935.8975
v  -1529.7970 626.7894 1630.7880
v  -1420.9160 565.4680 1709.2510
v  -1382.3160 666.0125 1641.7440
v  -438.4086 185.8914 173.2928
v  -530.1182 146.3964 448.4052
v  -448.5895 237.7355 351.4493
v  -440.4212 226.6059 984.6599
v  -297.4363 216.8853 1022.6430
v  -162.3147 287.4781 1002.6070
v  -660.2201 471.1090 42.8384
v  -586.8815 483.3095 8.6056
v  -714.1943 549.8248 -54.8446
v  -584.7040 297.9221 -93.4597
v  -744.6586 279.3625 -172.4240
v  -462.8458 252.3101 -249.1765
v  -801.8378 986.5411 -375.3409
v  -769.4244 972.5400 -465.0591
v  -878.0874 872.6625 -469.4785
v  -631.5801 664.9474 -384.4225
v  -619.1941 662.1541 -302.2177
v  -763.4083 666.7980 -448.8027
v  -614.0418 5.1900 -749.6556
v  -911.9555 10.4099 -611.2233
v  -1007.5530 7.7863 -749.5756
v  -1179.0090 255.8134 -426.2792
v  -1102.4800 232.0838 -640.5840
v  -1161.5090 177.4128 -480.6985
v  -722.1201 444.8542 149.3712
v  -742.6489 392.1581 289.7904
v  -805.5787 421.3864 235.9255
v  -834.6743 792.9330 145.4904
v  -722.5236 752.7458 162.0929
v  -847.3823 736.4804 46.2651
v  49.8842 3.4096 -401.5217
v  -158.5918 16.4243 -443.8481
v  -234.5269 3.4380 -534.2601
v  -358.3042 209.2749 -345.3575
v  -339.5358 177.6899 -259.9669
v  -367.1554 194.5317 -123.1193
v  -1280.4240 823.4484 1226.6790
v  -1090.2469 679.6548 1271.9100
v  -1152.3160 746.7896 1272.8781
v  -858.8733 501.5637 1051.7250
v  -784.7771 519.6196 1068.2419
v  -146.0322 626.7709 973.0356
v  -104.1805 661.9650 1103.0500
v  -208.3393 644.4474 1069.5690
v  -658.2626 886.5804 1098.2200
v  -628.4684 801.0500 1070.8950
v  -606.5430 874.0133 1105.0010
v  -438.9767 298.1356 -601.5040
v  -363.7312 230.9577 -620.1213
v  -443.7351 274.4423 -692.8917
v  -895.3535 90.6250 -962.7037
v  -882.5726 194.8510 -917.9592
v  -804.1689 149.8929 -942.1991
v  -476.8983 659.5118 1626.7390
v  -585.1499 659.4706 1530.5110
v  -649.0272 612.8432 1630.0601
v  -776.0129 464.5053 1106.1801
v  -744.2067 541.6198 1178.7841
v  -743.7896 483.1173 947.0542
v  -105.0156 531.2036 -677.2087
v  113.6643 627.7024 -656.4305
v  7.1944 562.6435 -888.2166
v  293.2908 422.3870 -961.6185
v  265.1421 432.0772 -1066.3900
v  224.1293 504.4641 -872.8140
v  -1704.3340 305.6862 182.9862
v  -1754.6050 244.2820 178.1056
v  -1660.8680 174.1703 198.1155
v  -1745.3350 400.0344 125.1176
v  -1630.8120 416.4257 179.5904
v  -1717.9980 522.9907 57.3716
v  -359.5389 466.9930 176.2909
v  -271.4683 453.4340 -96.2058
v  -351.5209 425.9109 -74.6125
v  -167.7654 423.4096 452.3146
v  -207.3425 485.6844 393.1007
v  -250.4085 404.7804 419.4928
v  -1721.4290 277.6977 1955.9550
v  -1733.8740 244.0314 1882.7629
v  -1810.2950 195.6820 2003.4490
v  -1757.9709 213.0796 2093.0291
v  -1760.1340 242.4576 2030.8550
v  -1832.7010 164.1080 2076.5330
v  -266.6356 614.9934 -204.2832
v  -234.1303 751.2078 -163.4845
v  -172.1754 679.9312 -165.6730
v  96.4080 718.6653 116.6150
v  65.7313 767.5926 285.4199
v  101.4016 682.1757 231.8501
v  -370.5736 315.2034 -376.3262
v  -511.3108 388.2625 -338.3182
v  -446.7903 334.9286 -412.3140
v  -73.1240 579.7097 -576.0685
v  295.0281 340.6829 -1330.0270
v  429.4954 281.8970 -1339.7280
v  389.9649 238.5625 -1390.0380
v  492.8813 136.5141 -1268.6460
v  449.8889 107.1757 -1185.4620
v  -1276.6920 192.2497 812.7790
v  -930.7796 249.5333 942.0717
v  -1040.9139 214.5428 980.4058
v  -1145.2510 388.3217 1592.0350
v  -1189.5430 442.7069 1703.3550
v  -462.5608 506.9187 1796.1060
v  -470.7445 605.8278 1728.9060
v  -564.2153 479.5970 1771.5730
v  -148.9529 525.1140 1510.6200
v  -142.4237 517.9208 1441.0291
v  -243.6626 622.2899 1498.8140
v  -1353.6230 60.7821 2200.1140
v  -1557.3280 29.8471 2135.3240
v  -1434.0690 14.0050 2126.6760
v  -1064.5699 222.8212 2073.1750
v  -1065.7729 224.8930 1996.1060
v  -1003.9840 218.1882 1913.7050
v  -583.9321 293.3821 -86.8975
v  -702.2693 322.0387 123.3154
v  -520.6761 279.2006 -56.0774
v  -1049.3030 291.6002 730.0823
v  -1265.6980 229.9555 677.1834
v  -1289.0060 193.5455 788.4125
v  -1099.0760 632.8858 -26.6677
v  -1024.7810 622.3323 3.6037
v  -1057.7310 618.3254 52.6917
v  -1189.0490 831.5300 665.2253
v  -1196.3970 811.7820 642.3024
v  -1201.9680 802.7071 540.5253
v  -1461.5070 216.2891 1147.7510
v  -1453.9110 166.6678 1058.7230
v  -1550.8290 214.3997 1342.5660
v  -1433.6060 5.3960 1341.3330
v  -1269.5050 6.4540 1095.0470
v  -338.4680 311.4412 832.6918
v  -222.3787 340.0155 728.6533
v  -490.1182 568.8049 702.1684
v  -580.5592 557.6834 830.2213
v  -604.2344 623.5393 1106.0090
v  -890.7346 656.2504 -263.6571
v  -928.1076 658.2128 -155.1690
v  -993.3693 538.0172 -185.7692
v  -947.6240 593.9927 -303.7829
v  -1035.9010 501.7698 -199.4863
v  -602.3130 539.9745 92.3726
v  -524.5909 550.2969 152.0915
v  -564.1520 503.8058 94.5021
v  -490.2218 512.9831 404.4768
v  -507.3638 559.7343 355.9307
v  -511.8213 553.0201 500.9044
v  299.4111 189.2072 -118.4133
v  356.8864 172.0414 -74.0910
v  408.2477 116.3813 -174.7237
v  -21.1139 315.0625 228.7764
v  -194.0916 309.4554 254.6308
v  -68.9114 344.3957 521.7028
v  -790.7575 282.8951 1124.9760
v  -753.4778 243.7012 1231.0240
v  -716.8154 221.6428 1234.7640
v  -877.0040 37.7521 1414.4449
v  -858.0819 102.9024 1472.5000
v  -1028.2531 39.4548 1788.7300
v  83.9649 8.9420 -829.4180
v  246.6461 4.5576 -711.1377
v  349.0820 340.1495 -322.9694
v  354.3035 316.6256 -448.0459
v  254.5858 418.8506 -286.8286
v  -291.9655 186.6910 1080.7729
v  -153.1245 206.2613 1140.5100
v  -109.5379 98.0401 1080.8390
v  -751.1005 212.5922 1396.2440
v  -726.5402 193.6167 1277.9750
v  -756.9564 127.9727 1298.5850
v  -67.0185 357.8128 996.5034
v  -25.9798 552.9261 837.5237
v  -145.5831 608.0568 1098.2750
v  -96.3099 566.7675 1065.6570
v  -699.8976 1133.8700 365.3069
v  -727.3148 1107.5450 169.1779
v  -396.7372 1271.5720 574.0929
v  -522.9962 1212.4460 639.4479
v  -430.3825 1189.9320 671.7366
v  -1018.3380 400.4644 -430.0351
v  -778.2070 463.7294 -422.0043
v  -907.0545 478.3064 -390.5176
v  -1126.7930 532.1660 -512.9102
v  124.0107 529.8334 351.5824
v  156.6897 479.5961 473.6249
v  -714.6367 471.8176 -403.8721
v  -923.2467 459.8351 -364.2716
v  -804.6489 508.9922 -308.4313
v  -1077.6290 485.5091 68.2134
v  -1258.3320 391.1297 180.8205
v  -1197.4240 412.5804 261.8319
v  -1138.7419 1027.9630 1195.3220
v  -1274.4910 1046.1080 1176.2600
v  -1241.5050 1002.7560 1249.5909
v  -875.2682 875.8410 333.4770
v  -1027.8361 953.3591 688.9969
v  -1101.1560 1028.0730 968.2747
v  -1033.8070 483.7197 1636.2050
v  -999.7368 582.5626 1595.3500
v  -1045.0830 519.3028 1706.5070
v  -1053.0980 630.6093 1788.4460
v  -1055.5710 672.2701 1698.5100
v  -1120.1851 671.7001 1749.5620
v  -309.2877 1082.1851 -366.6915
v  -380.8415 1102.1740 -410.6545
v  -373.6230 1129.2020 -314.0511
v  -209.1059 869.1476 -499.1602
v  -289.4297 177.5078 -1026.7159
v  -218.4177 220.2875 -1189.4020
v  -252.3076 153.4967 -1100.5900
v  -88.9053 216.4232 -1411.9430
v  23.3683 230.6290 -1432.5959
v  -45.1311 152.5235 -1453.8450
v  -928.6375 181.9447 2001.6190
v  -898.2819 176.1160 1910.4680
v  -779.8333 60.9738 1444.2220
v  -765.7462 68.3672 1360.2770
v  -1354.3831 185.2796 415.5030
v  -1285.5420 217.7142 412.7786
v  -1364.5920 186.1360 661.2783
v  -1361.6180 400.0053 420.6082
v  -1358.9240 320.8416 352.3544
v  -1427.7010 272.8542 350.5901
v  115.6623 676.3158 -1013.1810
v  188.8818 724.9998 -1015.3780
v  87.9333 622.3919 -950.3144
v  -828.4873 386.0121 -1097.6660
v  -754.5858 315.0763 -1015.3320
v  171.0186 546.3534 -94.1161
v  146.3822 627.0928 -40.9656
v  196.0549 524.1445 -9.7825
v  -310.3845 482.7441 362.8322
v  -345.4820 500.1210 438.0430
v  -468.2320 45.6842 -12.8393
v  -446.3823 105.8217 -38.2826
v  -477.7509 106.5745 106.2560
v  -643.4598 5.5892 394.9854
v  -813.1394 508.0382 -1073.8840
v  -746.3704 652.7653 -1014.6560
v  -760.4284 547.2830 -1072.4020
v  -1071.1429 546.3788 -841.2642
v  -1089.1949 567.2066 -650.8105
v  -1021.8140 618.6459 -805.9455
v  -1577.9600 710.8407 -125.9565
v  -1405.8160 840.3038 -4.9324
v  -1378.3660 849.1941 -78.7452
v  -1135.3960 953.5874 44.7334
v  -1168.2550 948.8912 148.3255
v  -1101.1949 959.4377 140.9933
v  -1722.6840 580.3815 -138.3920
v  -1746.0170 556.2065 -61.2259
v  -1770.5450 378.2922 -329.2881
v  -1697.5950 342.8615 -353.0315
v  -1717.4030 270.8011 -375.1208
v  -653.2256 239.7305 1211.4919
v  -574.4199 234.2725 993.3464
v  -466.6299 229.6326 1012.8250
v  -536.4318 259.1532 1355.8990
v  -266.7392 251.3555 1132.3621
v  -548.6702 305.5069 1567.5490
v  41.0991 459.7781 -312.5952
v  36.7510 493.1849 -326.3864
v  -63.9736 470.8965 -243.9565
v  -93.2841 449.2902 -245.2018
v  -508.0055 997.9356 744.7639
v  -581.3878 885.6785 539.4800
v  -450.0030 694.9620 -326.2498
v  -434.0483 704.5247 -243.4798
v  -1092.4510 4.8537 -415.2058
v  -1137.8130 8.2988 -241.6196
v  -1325.3090 90.0541 371.5966
v  -1278.2330 88.7691 190.8897
v  -1320.0170 81.9865 264.3779
v  -624.4365 719.7042 283.6943
v  -513.4908 572.2021 255.3341
v  -477.3150 710.7219 -174.1660
v  -290.0428 752.6893 -171.5985
v  -937.0370 666.0558 1362.8051
v  -715.1052 849.3005 1203.6700
v  -754.2286 860.4520 1262.7120
v  -695.6003 752.0609 1354.2040
v  -648.5156 324.0841 376.5785
v  -546.1359 276.9206 492.5150
v  -697.5918 343.8441 443.4053
v  -156.4286 395.9451 493.3289
v  -201.5456 435.7914 442.6745
v  -84.8388 458.5363 463.9609
v  -30.5771 1257.4640 518.6830
v  -143.2487 1297.8409 446.7888
v  -117.9607 1005.5010 519.3912
v  -1856.1080 42.8024 -225.6007
v  -1931.5649 79.2317 -234.8391
v  -1869.4280 81.1359 -375.9637
v  -1532.3560 7.3375 -286.7352
v  -1499.5360 3.2156 -127.0632
v  -1661.7490 6.1203 -280.7806
v  -1240.8199 354.5208 -260.2094
v  -1135.3030 444.6345 -221.9294
v  -1426.2030 545.2684 -374.9132
v  -1317.4110 479.3866 -359.0288
v  -1357.5341 421.1743 -377.9072
v  -1247.5830 40.9645 2151.2849
v  -1265.3900 106.0107 2259.7949
v  -62.1565 6.8988 928.0269
v  -213.9140 7.6380 966.4342
v  -481.8581 4.2269 691.3822
v  -625.0734 152.8360 970.7703
v  -625.6381 207.1573 901.4996
v  -657.1614 157.7050 916.7755
v  -367.5610 303.5756 413.2642
v  -209.9563 313.9363 259.8048
v  -153.3967 338.2512 468.4662
v  -436.4809 357.4134 204.3525
v  -470.4936 355.6755 273.3983
v  -384.8564 460.8672 227.0535
v  -9.6930 845.8641 190.2358
v  -93.0085 921.4699 372.7395
v  -51.5284 923.6196 507.4630
v  -500.7791 1035.8850 921.0300
v  -348.3455 1025.8750 822.9606
v  -243.3006 659.8214 -358.2681
v  -128.0937 725.2692 -356.7627
v  -249.0723 732.6085 -356.7026
v  154.2585 833.5411 -524.8792
v  172.3048 791.1725 -607.5757
v  167.1023 829.3137 -664.8136
v  -1098.8470 379.5499 1564.1770
v  -902.9613 278.7797 1084.5370
v  -783.2109 232.0483 1062.0530
v  158.8640 850.0580 -614.0648
v  166.8528 833.5979 -701.9663
v  85.3739 919.9589 -679.0088
v  169.5794 820.0109 -1040.9490
v  49.4941 745.0435 -1075.9510
v  30.1096 872.6166 -1009.0800
v  -533.1484 433.7382 -529.1433
v  -446.8616 404.6813 -691.0219
v  -504.5490 394.9464 -601.9922
v  -315.4810 359.6395 -976.0837
v  -389.7252 340.5986 -827.5439
v  -355.3438 394.4547 -875.1254
v  -830.8159 207.3439 -924.1298
v  -638.3093 212.1758 -911.4240
v  -730.7193 165.1984 -931.6451
v  -339.5021 91.9167 -775.8286
v  -399.0289 69.9111 -579.3101
v  -434.6470 30.8898 -646.0275
v  -1026.7850 741.2433 46.3778
v  -1020.4640 702.1057 -21.1260
v  -1063.2550 678.1880 -9.1472
v  -1029.6320 874.9081 473.0352
v  -1000.7670 847.9036 367.1608
v  -1239.3130 228.6343 -198.9155
v  -1209.2280 208.0567 -325.0046
v  -474.6508 1283.1190 252.5258
v  -456.1618 1262.7180 102.4069
v  -561.7202 1233.5680 61.5152
v  -540.2441 1120.1760 -395.9245
v  -567.5328 1184.6000 -169.6937
v  -464.1335 1159.0560 -293.3629
v  387.0612 258.8868 -275.5246
v  352.2837 317.7101 -129.5660
v  368.3116 223.4857 -183.8085
v  382.7862 42.8643 -414.4674
v  336.1176 6.3140 -450.4331
v  451.7553 30.3333 -525.0327
v  -1023.5770 474.9199 650.8114
v  -984.3672 447.7047 523.2351
v  -789.6314 329.5342 539.9822
v  -781.8450 321.0181 662.7750
v  -873.8954 334.6517 520.0495
v  -859.4446 484.2429 1536.2960
v  -879.2448 409.7516 1517.7830
v  -916.9878 387.1120 1564.0950
v  -832.5152 297.7971 1543.1169
v  -903.3214 383.6010 1552.3080
v  -886.4646 380.8752 1500.2070
v  -1303.6350 6.1997 720.5150
v  -1360.1060 182.8636 653.4219
v  -1415.6270 120.9533 780.6062
v  -1531.3240 256.8580 199.4650
v  -1535.1400 194.8191 172.6893
v  -1391.0570 323.5550 205.5970
v  -1390.8521 102.8973 -10.2938
v  -1289.8210 241.0626 -49.8401
v  -644.5377 609.6329 940.1125
v  -628.3782 712.3099 976.1972
v  -650.5106 613.9276 1017.0870
v  -560.2828 622.2871 531.9564
v  -620.0004 706.9873 333.3212
v  -658.3741 788.8419 510.3125
v  413.8361 110.9560 30.9393
v  440.5362 90.2363 -70.9928
v  410.0569 107.3185 -44.0766
v  347.0196 15.4618 -60.4156
v  374.1677 100.0673 19.5342
v  300.0371 35.3719 152.1235
v  -820.8619 766.9922 -242.6870
v  -842.3411 811.4357 -177.5398
v  -875.4960 784.9760 -278.1599
v  -831.0668 957.6857 -307.5427
v  -730.9483 1085.4919 -225.8985
v  -537.3822 329.1651 -83.7687
v  -430.0882 252.4700 -316.4011
v  -386.2081 228.0090 -575.0000
v  -343.4934 113.3329 -671.3675
v  -920.3110 315.2650 112.9628
v  -1007.6710 321.9961 394.1860
v  -848.2784 331.0471 306.0839
v  -1193.8240 265.4152 356.8913
v  -1028.7150 273.5339 21.3370
v  -859.9826 41.2549 1952.9460
v  -815.1072 42.4061 1700.5031
v  -768.6357 6.9655 1719.9200
v  -519.8560 64.9393 2356.2581
v  -571.5736 178.0703 2381.4431
v  -683.0646 59.3173 2307.9180
v  -1503.4260 593.7914 1035.6899
v  -1334.8580 630.0153 879.6834
v  -1263.8990 614.4911 817.0009
v  -1257.1250 539.2122 592.1512
v  -65.1319 861.1783 1104.7531
v  -142.0584 897.2800 1105.4200
v  -106.4828 825.1971 1180.0380
v  -354.6396 840.9910 1143.3199
v  -426.0781 722.9438 1107.6820
v  -295.7817 812.1808 1157.9650
v  -372.9407 595.1301 -1056.2120
v  -247.9007 642.7797 -1057.4960
v  -209.4384 564.5575 -1018.6800
v  -359.0828 726.2573 -1029.7880
v  -682.1211 108.9771 816.6068
v  -725.4333 85.8238 883.8788
v  -738.2701 16.2011 730.8232
v  -714.8188 282.7593 853.1984
v  -742.3649 284.0608 919.3746
v  -661.2266 224.5789 863.0362
v  15.8426 6.8280 -840.1339
v  -336.7094 256.3266 -399.6995
v  -227.7628 74.5240 -1271.2430
v  -166.9259 156.2448 -1359.6429
v  -222.3448 50.7967 -1314.4480
v  62.9063 8.7735 -1388.3420
v  -188.3365 10.0269 -1250.6740
v  -60.6820 11.2868 -1458.3610
v  -310.6097 7.5620 -311.2260
v  -280.5323 22.9038 -381.8568
v  -127.0829 6.4073 -345.8231
v  -228.7006 181.8427 -242.4234
v  -291.0099 81.6021 -377.6771
v  -1264.9370 749.3365 1146.9301
v  -1188.1060 1048.7820 1082.7140
v  -1281.8040 962.1075 1042.6470
v  -1325.1350 981.2729 1086.4969
v  -520.5363 360.2516 219.1632
v  -585.8988 375.5658 346.5206
v  -584.0154 370.1234 223.5610
v  -546.4708 476.8948 490.3697
v  -521.5463 512.9111 573.7988
v  -635.7307 423.9690 520.8448
v  155.4650 622.2874 -679.5132
v  157.0286 561.6009 -847.6602
v  80.3968 578.2754 -875.3228
v  221.0324 585.1168 -391.5201
v  180.7943 612.6436 -328.4516
v  213.1068 604.4958 -291.7031
v  -658.5359 484.6645 73.0887
v  -618.9280 388.5560 241.2257
v  -608.6473 415.6018 177.8068
v  -742.1677 338.0464 111.7623
v  -780.1484 331.0049 220.0975
v  -970.7332 328.9739 290.2502
v  -262.6423 327.5859 557.6943
v  -242.5327 334.4452 705.3245
v  -531.6082 272.1140 771.3287
v  -493.9424 261.3843 567.1755
v  -593.4572 230.1041 782.3956
v  -1013.9440 903.2620 123.8821
v  -1049.1510 637.9960 30.0538
v  -1003.7320 695.0071 7.3102
v  -1058.9240 676.0018 139.4683
v  -205.9961 442.6659 1734.3920
v  -257.2588 346.9088 1583.7710
v  -200.2091 357.1417 1512.5760
v  -478.4350 492.5839 1838.0110
v  -565.8422 468.0170 1814.1591
v  -509.0367 487.1263 1791.4840
v  -61.8203 924.9611 -419.6371
v  -169.0546 927.9828 -587.1208
v  -186.1476 865.8104 -443.2437
v  22.7148 704.0582 -382.1740
v  121.2773 795.7493 -349.3916
v  9.1600 775.4059 -335.8818
v  -1690.1379 425.5899 1645.3770
v  -1657.2159 374.6939 1526.6021
v  -1572.6021 330.5484 1498.6620
v  -1758.0601 486.2089 1552.7581
v  -1737.7400 553.9451 1593.6680
v  -1673.9200 599.8990 1484.4410
v  151.1422 162.4283 854.5955
v  114.5120 163.9158 943.0948
v  148.6925 174.2658 783.3580
v  -30.6752 44.0210 1029.1870
v  -479.7155 984.8323 -621.6300
v  -377.6683 999.6782 -648.3116
v  -412.2894 906.6960 -653.9988
v  -638.8209 693.8370 -454.5967
v  104.5886 489.7390 -73.3700
v  14.3207 501.1320 54.9423
v  -275.4961 461.2805 -32.6975
v  -262.3527 561.7023 -164.0990
v  -326.2267 495.5717 -63.9263
v  -377.7042 550.3216 -156.3746
v  -504.0665 11.2934 886.9244
v  -573.3369 28.4154 852.6743
v  -502.7021 127.0237 335.4369
v  -509.0489 69.1232 423.3255
v  -542.9955 128.0125 482.5204
v  -491.4760 92.5462 1005.9390
v  -569.4128 77.0419 968.6605
v  -617.6612 175.3627 1028.6021
v  -506.3827 3.6839 1012.8820
v  -270.1873 6.4724 1054.8979
v  -244.9858 532.3395 536.1631
v  -55.0133 561.4963 526.8079
v  -284.0237 489.9914 436.4700
v  -621.3380 398.9367 502.7374
v  -582.4833 458.9425 530.8469
v  -528.3269 437.0439 434.8973
v  -1487.8610 291.4929 572.6185
v  -1505.3660 310.9854 669.5074
v  -1455.1090 422.5602 599.3408
v  -1437.0220 197.1629 745.3492
v  -1484.9969 276.5012 771.5532
v  -1462.0980 218.6489 632.7624
v  -611.4022 378.8293 1809.8879
v  -740.2595 305.2390 1685.0330
v  -744.5249 366.3091 1983.4010
v  -432.4846 393.6140 1972.5200
v  -356.4659 351.8264 2144.7190
v  -288.4953 357.8036 1765.1030
v  -1394.1960 706.9335 1241.4890
v  -1353.6360 730.8311 1430.2220
v  -1292.8680 727.8670 1336.4280
v  -1260.8430 734.7217 1513.5020
v  -1153.4700 716.5151 1621.7070
v  -1193.7860 725.8379 1425.0820
v  -285.8219 61.8146 2186.8931
v  -109.0484 87.8632 1671.0830
v  -246.2916 105.3224 2148.7070
v  -397.3807 351.6256 2223.0701
v  -310.0585 275.7769 2358.9351
v  -300.7863 304.6292 2219.1130
v  -243.6817 212.8693 -574.7932
v  28.2783 203.7954 -673.9680
v  -180.1695 106.5413 -794.0598
v  -136.7935 41.8998 -929.1993
v  -83.7348 70.0348 -863.7269
v  -791.7548 370.6189 827.1949
v  -762.0913 333.0114 785.7778
v  -758.2301 377.4762 765.0404
v  -815.6497 330.8988 935.7936
v  -867.2072 424.4494 1000.3510
v  -869.3378 335.0303 1009.4970
v  -266.3078 631.3271 1656.8810
v  -245.9475 605.2244 1749.7419
v  -158.8192 535.0107 1676.2570
v  -413.0644 693.4352 1331.9220
v  -515.7137 684.9687 1420.1400
v  -429.0094 679.9837 1547.6610
v  -99.8727 480.3908 58.8330
v  -27.1083 425.7489 -306.6696
v  -1205.3120 181.2861 935.0501
v  -1284.8850 253.2780 1190.3970
v  -1351.9380 191.1255 974.3525
v  -1340.5010 177.9991 885.1824
v  -1090.8600 380.3409 -792.5150
v  -982.9974 277.6301 -796.1390
v  -1069.9000 330.7744 -708.5105
v  -1016.6930 492.4388 -389.0645
v  -1105.3020 462.3606 -367.4494
v  -1091.7870 409.6024 -412.0989
v  -608.7115 989.1894 814.1093
v  -598.2969 1028.7570 918.5422
v  -654.1383 808.0681 834.5542
v  -614.6150 711.9938 887.5474
v  -677.9982 831.5189 945.6690
v  -29.5946 173.3547 1158.2350
v  -28.9008 85.9355 1096.7419
v  -45.7336 147.8419 1518.7720
v  -150.6175 167.9595 1858.8140
v  -68.7851 127.1941 1701.7841
v  -648.6323 496.7697 -249.4651
v  -428.8366 281.1448 -448.1911
v  -422.8632 163.9658 -395.3964
v  -420.5690 390.0256 -271.4199
v  -284.2366 595.3976 -325.7718
v  -258.3951 553.3958 -255.1300
v  -194.0630 581.7117 -268.8743
v  -1612.6920 18.2173 -415.9456
v  -1714.4420 15.8550 -384.7780
v  -1745.1870 178.5481 -395.3955
v  -1668.0850 174.5965 -378.0323
v  -1673.8950 95.4702 -438.0991
v  -640.5350 1001.0500 778.6691
v  -731.4097 1001.3810 628.3971
v  -644.0911 935.7245 661.2224
v  -692.2085 1136.1410 593.5507
v  -681.3030 1106.9250 728.3724
v  -621.8630 1191.4220 604.4539
v  416.0993 284.5700 -1124.4720
v  454.4894 257.6811 -1203.7310
v  382.1190 332.3554 -1217.8840
v  471.2157 248.4325 -1212.0710
v  -884.6591 552.0853 1224.0280
v  -774.3021 601.4147 1331.1410
v  -855.2277 634.6071 1387.2380
v  -679.0785 662.6793 1302.7870
v  -682.9114 787.9825 1255.5410
v  -1000.3930 155.4100 -862.6637
v  -954.5620 99.2390 -931.2599
v  -778.0016 14.6532 -936.5301
v  -693.0270 4.5672 -852.7877
v  31.3518 117.1716 -1449.6281
v  457.6359 156.5501 -1380.6460
v  489.6904 208.7034 -1371.6490
v  -1192.0930 255.7264 2347.2310
v  -1238.0380 300.8641 2302.2920
v  -1279.6740 233.3045 2324.6670
v  -1562.9041 303.1232 2112.4641
v  -1093.1520 376.1016 -863.6833
v  -1027.4650 297.9110 -898.6175
v  -1035.3669 565.5900 -933.2285
v  -1017.1670 479.9883 -1096.5630
v  -1068.9860 491.1667 -1002.2060
v  -1131.5020 641.2650 319.2393
v  -1149.5170 571.1816 323.1283
v  -1127.6270 744.8044 389.5106
v  -1164.2061 564.3505 480.9436
v  -1270.1420 740.2835 909.9440
v  -1190.3820 643.5569 547.7419
v  -1478.5190 277.0452 -355.6677
v  -1392.1689 189.2258 -266.7234
v  -1439.1920 184.8656 -311.1447
v  -1303.5150 386.8641 -330.2523
v  -1164.2180 457.7837 -284.5241
v  -1008.6170 217.4577 1839.4301
v  -1038.9840 126.6768 1913.1300
v  -966.5413 119.1219 1746.8760
v  -998.0620 322.2563 1645.1370
v  -895.9702 293.2276 1478.2930
v  -978.0165 350.9711 1495.1400
v  94.7981 314.6003 324.4500
v  159.2696 274.9004 502.1790
v  47.0140 324.2919 727.3506
v  78.2158 271.6631 894.5082
v  71.3420 633.1689 394.8225
v  56.0906 655.0316 486.1138
v  -11.9092 577.9814 503.5102
v  -72.1253 662.9564 1039.0460
v  -2.8329 720.5632 939.7604
v  -419.1386 77.8977 -188.8195
v  -467.4079 14.8126 -196.8010
v  -423.8637 54.6392 -317.9103
v  -400.4526 212.2562 -220.4143
v  175.9400 350.8326 392.7113
v  236.7492 422.0671 394.5307
v  138.9043 356.6523 462.3828
v  354.5494 187.6166 -170.4138
v  331.7708 277.7902 -35.0414
v  243.6501 282.9438 120.2772
v  -117.8367 1081.5590 40.2982
v  -145.8959 1084.8170 71.6513
v  -167.4987 1051.9150 -38.7677
v  -191.5805 1038.8020 -145.0939
v  -264.1447 1088.5861 -227.5571
v  -257.9492 1113.8500 -119.0577
v  -570.9484 678.4474 -126.0426
v  -593.1040 675.0482 -74.1487
v  -616.3790 671.5725 -149.8586
v  -286.4725 610.8838 -207.1750
v  -217.3842 570.8939 -474.1409
v  -493.2678 363.0182 -751.5282
v  330.3029 206.4888 -710.2517
v  434.0443 125.1772 -734.3813
v  192.6888 140.7823 -786.2960
v  467.6902 170.3343 -480.1821
v  501.2064 134.7777 -552.5783
v  463.6078 170.2964 -595.9667
v  -987.2969 396.5161 348.3501
v  -1035.2720 396.6108 395.8889
v  -1078.2860 380.6217 344.9082
v  -556.3123 345.7890 205.1123
v  -591.2686 335.0522 250.7888
v  -625.8561 341.4538 261.6373
v  -992.8840 16.3870 1627.4290
v  -1154.4041 137.9494 2226.1350
v  -1165.7200 59.6404 2116.5740
v  -1070.0420 667.9888 1440.0850
v  -1138.6370 697.3480 1328.0360
v  -1100.4550 706.6313 1586.5341
v  -951.3672 516.9861 1332.2939
v  -1004.9070 399.7221 1454.4620
v  -938.4532 424.2178 1312.4380
v  -1426.5690 18.7782 1195.8770
v  -1437.7260 12.4177 1277.6689
v  -1510.8240 63.2436 1295.6270
v  -1654.5760 35.1039 1716.0750
v  -1734.1400 111.6135 1772.4860
v  -1696.2159 111.3583 1703.5020
v  -2007.4430 164.1683 19.1780
v  -1961.9200 125.9880 167.0105
v  -1966.6130 182.6185 85.1491
v  -1789.4260 145.6200 208.7205
v  -1823.7860 21.1234 207.0777
v  -1663.0680 82.2105 188.4622
v  -1467.5050 595.1305 212.0342
v  -1470.7900 696.2562 163.9313
v  -1518.7850 670.4784 127.3703
v  -1370.4750 566.1399 234.3905
v  -1444.7650 489.0349 230.1257
v  -1354.2310 503.4051 240.3267
v  -994.7878 808.8789 -304.2469
v  -1017.5660 842.8974 -249.2935
v  -889.5471 757.9701 -282.8516
v  -894.6148 667.2188 -382.1936
v  -950.3613 670.2869 -403.6743
v  -955.2596 720.0801 -401.9509
v  -736.0775 248.8289 1474.4709
v  -541.4733 260.5274 1397.3530
v  -597.1524 740.0682 74.2507
v  -540.5368 722.2450 -56.0133
v  -618.9008 819.8089 351.1884
v  25.8525 490.8841 800.6772
v  8.4626 426.7277 838.5082
v  -169.8629 605.0961 867.9567
v  -63.0327 583.1165 773.2169
v  -711.9855 732.7177 -540.4771
v  -418.3895 607.5004 -371.1657
v  -712.5226 351.3503 2202.7200
v  -886.1782 272.2419 2266.0740
v  -745.9413 303.0363 2265.6731
v  -790.4706 61.2174 2281.5149
v  -796.8091 172.5256 2315.7329
v  -887.2417 181.7376 2320.0640
v  -1100.0601 658.0073 218.4026
v  -1138.3879 557.3922 266.3112
v  -1065.1060 726.7306 225.0749
v  -1032.3311 784.0400 271.7426
v  -1004.1620 790.7460 242.5659
v  -689.0535 318.0014 751.5391
v  -673.6846 340.8620 519.0012
v  -628.7256 297.5764 594.4893
v  -1095.1689 170.0744 -254.2571
v  -976.8689 261.0933 -102.3336
v  -983.0847 203.6596 -275.7894
v  -1112.6030 109.0458 -376.3392
v  -1170.6870 63.9370 -262.6118
v  -1303.2371 340.1449 270.2940
v  -991.7104 339.0068 362.7870
v  -1380.9640 173.9899 960.0276
v  -1420.6429 116.5444 975.1611
v  -65.0434 1134.1160 602.9003
v  -66.6394 1134.3240 221.0076
v  -54.0305 1156.2430 300.0076
v  -92.6412 1141.4301 261.6302
v  16.7407 701.4279 747.4636
v  15.7289 707.8946 813.2701
v  -51.3473 672.3425 823.9409
v  29.3795 818.7399 630.8501
v  -848.2097 19.2546 1115.8800
v  -710.3801 245.7824 1126.8879
v  54.1678 458.7822 -1179.8180
v  151.5626 539.1226 -924.0724
v  123.9578 487.2330 -1107.8770
v  30.2018 555.0015 -953.5245
v  -999.8577 34.9935 -623.6069
v  -1029.8750 52.8614 -563.5098
v  -1112.8540 108.4736 -638.7869
v  -962.2692 121.7681 -453.3186
v  -688.5110 88.4199 -429.7136
v  -749.7219 183.8238 -352.1007
v  -264.2185 989.7587 -654.4080
v  -198.7716 979.5812 -644.2001
v  -270.9814 932.5665 -679.3077
v  -352.3815 1070.6050 -419.8625
v  -201.4133 999.1622 -394.9279
v  -284.4339 1040.5160 -474.8466
v  -16.3736 152.2423 1516.2860
v  59.1021 145.6361 1311.5720
v  -4.6512 134.5256 1405.9460
v  -142.2673 23.1535 1630.6440
v  -712.0012 56.6299 -930.5280
v  -540.1222 91.9755 -881.9405
v  -447.7661 106.7944 -879.0640
v  -409.6602 43.2845 -758.2115
v  -649.0197 565.7414 98.3825
v  -731.6362 544.1545 61.0638
v  -620.0117 606.3182 88.4246
v  -774.3190 536.5350 45.7087
v  -713.4777 528.5536 72.2277
v  -861.7608 474.2251 180.2709
v  -713.4479 683.5551 71.0270
v  -707.5626 844.5070 495.2117
v  150.3832 737.4070 -475.7012
v  91.7463 682.9922 -463.7822
v  -89.8139 574.9644 -581.1072
v  124.3560 596.4630 -96.0860
v  119.6224 530.3707 -125.4812
v  65.4175 549.3130 -126.4223
v  95.7036 523.2297 -117.9296
v  -45.2493 484.7923 -114.3717
v  21.0988 542.1205 -135.3857
v  -692.1363 382.8419 1723.4790
v  -807.8004 340.2260 1699.6050
v  -913.0226 455.6758 1658.4070
v  -821.2477 511.2554 1684.4720
v  -839.8263 532.9329 1582.2930
v  -1515.3630 166.6681 1203.4290
v  -1494.1650 87.9179 1124.8660
v  -1522.0570 111.1447 1225.6470
v  -1650.2800 127.6270 1589.0000
v  -1696.3210 128.0206 1706.4611
v  -1632.7729 253.6625 1646.3490
v  21.3463 549.5036 -251.7189
v  93.0286 511.3350 -273.8174
v  87.7284 550.0759 -240.7256
v  124.7984 659.8062 -354.0068
v  64.7204 669.4479 -297.7703
v  128.7608 641.1546 -264.5689
v  92.2115 328.9161 434.5795
v  62.1424 347.3868 494.0066
v  -39.3361 359.5303 485.1492
v  -60.4501 458.8740 456.0056
v  -640.8062 298.3141 -822.9578
v  -509.5098 307.2340 -777.2620
v  -635.5398 261.5049 -880.9733
v  -801.2296 287.5565 -809.6262
v  -895.5361 348.5205 -596.2544
v  -587.3467 383.3184 -592.6769
v  -626.2718 765.2167 -539.9106
v  -548.9110 858.3136 -599.9685
v  -466.9038 804.5159 -530.6694
v  -243.7681 890.1976 -610.3492
v  -194.9229 567.4451 1760.8621
v  -187.6864 439.5139 1669.4440
v  -856.1741 449.0035 848.0150
v  -952.2896 463.6255 701.1434
v  -772.5272 399.8246 647.3910
v  -1180.2950 679.0416 1161.2930
v  123.6818 62.0556 -1434.4500
v  143.6517 97.2045 -1410.5900
v  176.1929 77.8257 -1407.7170
v  268.2345 6.1424 -1248.3831
v  -192.7033 1193.1801 667.8874
v  -358.7212 1152.0120 690.9063
v  -1908.6730 345.3320 -164.9244
v  -1777.3640 513.4348 -179.7797
v  -1990.5790 98.1656 -73.6359
v  -1984.1960 155.9206 -146.4716
v  -1906.8550 108.5633 -345.6801
v  -700.5900 615.9031 1549.1600
v  -697.9506 598.1366 1262.1730
v  -675.1909 562.8839 1024.0020
v  -1267.5110 5.2056 806.5630
v  -1402.8890 16.5047 758.3472
v  -1442.0640 61.3111 707.0891
v  -1399.0400 146.5143 703.7335
v  -1422.8781 76.5704 638.0892
v  297.8554 360.4524 31.6518
v  292.1534 395.7415 106.4260
v  246.7549 333.1178 182.7858
v  255.1822 440.3235 236.5178
v  276.4741 427.8038 152.8350
v  226.1396 507.1739 141.6459
v  186.4934 508.8505 -467.1456
v  177.8243 395.3601 -481.6730
v  220.3418 441.7913 -549.1881
v  239.5957 553.3322 -576.2413
v  255.5481 526.8397 -635.5402
v  61.4678 645.6342 -108.6224
v  -67.6312 623.6245 -145.5625
v  -43.1230 714.2291 -111.1702
v  -93.7935 829.8046 26.4266
v  -514.2639 571.0380 592.3400
v  -496.3646 573.3270 672.2814
v  -648.3219 787.5261 1024.5970
v  -585.2748 719.6774 1007.5020
v  -416.6838 28.9805 45.6464
v  -427.0854 18.9805 184.3837
v  -447.3237 109.3067 123.1728
v  -452.9156 109.0128 82.3167
v  -379.6129 172.5015 -41.3914
v  -417.8663 105.6822 -22.1736
v  -520.8588 119.3010 260.2758
v  -602.6172 69.6752 520.6465
v  -538.1312 35.0033 215.1731
v  -633.2597 211.2586 711.3708
v  -641.4247 250.3400 600.0745
v  -688.1016 276.5781 731.2277
v  -428.3228 280.1673 241.3914
v  -471.9443 261.2713 221.0199
v  -443.5421 278.9446 132.1934
v  -453.4785 408.8127 334.5146
v  -521.5900 316.5242 358.4767
v  -450.5934 306.8177 423.9467
v  -1149.0699 304.1088 -456.5781
v  -1172.3970 425.8249 17.9742
v  -1055.3960 481.0687 -125.7801
v  -398.1783 257.9609 266.5245
v  -427.3405 242.5031 156.7944
v  -367.6834 242.7189 126.9617
v  -398.2585 246.4903 -204.9480
v  -1260.4771 920.9550 36.6125
v  -1303.9890 755.6133 241.4045
v  -1402.7380 801.0720 125.2538
v  -1352.8101 708.3676 231.5835
v  -1100.8879 270.2602 1167.2061
v  -930.8274 326.6813 1183.6021
v  142.1728 875.3125 -941.9772
v  29.8548 904.4502 -954.8185
v  181.0600 682.3433 -795.9297
v  203.2671 799.6868 -868.3342
v  -18.9520 885.7866 831.6802
v  -152.4971 949.6756 1002.5940
v  -69.4778 933.5095 864.9253
v  -160.4309 982.4326 875.0690
v  -1226.0670 605.8463 1758.3740
v  -1143.3430 623.2374 1787.1010
v  -1398.6801 467.0664 1708.1730
v  -1036.1880 467.3105 242.5779
v  -1064.8580 456.8839 377.3483
v  -1124.2490 506.1113 270.4363
v  -1058.9771 517.6998 156.3110
v  -930.6733 522.5445 72.0724
v  -564.2065 653.9518 -9.9367
v  -586.5040 699.6968 -25.5442
v  -558.2188 617.6707 -86.0849
v  -266.3990 873.5282 268.1798
v  -452.6696 797.1090 171.3260
v  -157.3204 954.1649 -791.3596
v  -119.2318 933.0010 -884.4395
v  -287.9303 915.8450 -855.3597
v  -542.2393 834.8859 -642.6934
v  -747.6454 778.1626 -683.9201
v  -823.2397 723.5161 -597.0571
v  -1777.1591 192.3399 1922.3770
v  -1734.0580 25.7256 1944.4399
v  -473.3581 447.9684 236.9361
v  -450.2361 420.7802 151.9867
v  -467.9800 473.9843 170.1451
v  -487.7202 420.1122 310.1400
v  -882.2206 778.9061 1380.5790
v  -773.8027 834.9347 1327.9380
v  -936.7704 797.8682 1370.3430
v  -1138.8210 897.8015 1306.7970
v  -1059.9561 983.0567 1228.6400
v  -1200.5570 941.8689 1274.4180
v  -1507.1820 704.4838 -264.9200
v  -1565.4270 698.7650 -200.8112
v  -1417.0920 782.3486 -226.8125
v  -1677.1121 521.3549 -301.8226
v  -1503.8521 523.1592 -368.7154
v  -1556.9100 424.7014 -343.2537
v  -1264.4550 57.7122 -24.4446
v  -1229.4720 73.9292 -45.4420
v  -1223.5870 52.8792 -181.4352
v  -1174.4449 9.4698 39.5484
v  -1095.5690 7.5937 -30.5751
v  18.8091 16.5966 -855.4617
v  -60.8442 60.1067 -855.3130
v  125.8485 69.8518 -839.5983
v  -256.5036 59.1986 -741.4032
v  -153.8670 69.6538 -821.9444
v  -229.5887 59.1831 -807.3221
v  -637.1846 16.9067 2268.2849
v  -439.9905 36.9566 2331.8430
v  -284.2397 154.2800 2397.3560
v  -312.9786 78.7039 2338.2549
v  -240.7752 176.5809 2295.7810
v  -83.3390 82.8726 1068.9410
v  -220.2274 67.1405 1031.6600
v  -530.9940 103.2293 974.7275
v  -637.9058 96.3189 951.0458
v  -563.0764 44.5638 923.2416
v  398.3134 5.4250 -668.0756
v  480.9625 20.5105 -614.4327
v  507.5080 120.2854 -682.2731
v  433.1147 201.4325 -661.1609
v  -455.4077 367.0652 -842.6843
v  -238.7537 487.5021 -953.9124
v  -468.5522 443.9251 -1010.4180
v  -416.4363 497.8524 -1026.8760
v  -254.9610 515.6944 -1001.5370
v  101.1192 510.4472 539.9133
v  0.7183 545.6099 556.5147
v  61.2037 531.6425 595.7417
v  -52.9754 538.0610 487.5455
v  -169.3688 169.2444 1079.7030
v  -249.0887 186.5341 1075.2830
v  -115.5661 201.4244 1124.1740
v  129.2605 180.9359 860.1886
v  160.3914 181.1169 720.8442
v  -367.3861 77.6594 -829.8965
v  -391.2770 228.8240 -833.6176
v  -367.0051 244.1427 -752.7126
v  -320.6851 200.6781 -787.4389
v  -1673.2140 40.8333 -471.3636
v  -1648.1949 96.3476 -456.8700
v  -1654.2450 99.3963 -419.3939
v  -1557.7290 193.4554 -352.4602
v  -1521.9800 227.8341 -344.5683
v  -1487.3280 122.8674 -287.1347
v  258.1877 147.1818 395.9177
v  228.2359 155.4533 492.8496
v  227.0877 93.8984 461.5622
v  198.2476 168.9997 601.8277
v  -724.2036 673.2346 -273.0800
v  -837.4750 714.7004 -333.8973
v  -812.5649 668.5798 -432.0239
v  -787.0759 881.2209 -538.2836
v  -881.1278 802.5419 -527.2303
v  -550.4647 79.6145 589.9324
v  -590.7510 66.4206 786.0209
v  -566.3290 135.1676 576.7039
v  -626.8063 180.7514 825.1569
v  -667.3729 137.5003 854.4597
v  -1575.0090 54.5421 138.3295
v  -1470.7629 93.9422 105.1657
v  -1370.5800 177.6100 71.2642
v  -1330.7629 331.4448 185.5732
v  -534.7773 331.6962 369.6281
v  -441.2464 363.6754 392.8709
v  -515.6567 281.8245 440.3913
v  -610.2291 356.1381 394.7415
v  -1310.7300 37.3030 825.3455
v  -1292.1801 89.4332 872.8302
v  -1382.4780 79.2879 864.9725
v  -936.3695 165.9680 970.7207
v  -988.2454 48.1673 906.7651
v  -818.5829 86.6353 945.7555
v  -325.6910 472.2584 345.1990
v  -50.3295 511.5846 397.4983
v  -354.6579 439.9803 366.3756
v  212.8242 277.8127 -642.6307
v  271.9651 103.5689 -897.2315
v  331.2583 115.5201 -956.5851
v  261.9522 318.9811 -663.8171
v  -244.7718 106.5477 -937.1635
v  -236.5669 45.2013 -1285.5730
v  -220.1752 80.1587 -1213.8760
v  -273.9741 53.5722 -1235.3060
v  -636.4452 779.2953 712.7053
v  -692.5682 914.1725 825.8304
v  -1274.2090 576.3852 -381.4400
v  -1351.3610 631.9404 -384.8287
v  -1191.0060 571.5844 -367.6880
v  -1150.2720 514.6121 -238.2667
v  -1210.5840 562.4689 -329.7718
v  -320.1127 724.5048 -323.8646
v  -208.4722 753.3856 -309.9369
v  -172.9893 776.8082 -348.2229
v  -121.0259 863.6143 -388.0641
v  -72.1204 821.7859 -344.8361
v  -110.9945 502.7853 258.2011
v  -25.1938 549.4810 402.5824
v  -456.0144 503.6989 -272.3770
v  -388.2053 505.0844 -270.7522
v  -445.3246 513.6645 -322.0997
v  -540.7524 433.8206 -487.0410
v  -1262.8430 184.4664 -242.2805
v  -1208.1180 196.6228 -327.8089
v  -1230.9160 221.8326 -205.6658
v  -1267.8680 220.0484 160.5811
v  -1288.4771 247.7633 155.6419
v  -1286.6550 235.2143 21.5471
v  -1170.1121 552.0485 134.3663
v  -1224.7010 514.2756 206.1051
v  -1118.6080 494.8424 78.6297
v  -999.2114 650.4574 -84.0731
v  -1059.4440 646.9902 -72.0399
v  -1154.5129 911.7281 245.4424
v  -1099.4150 941.1397 233.2775
v  -978.0588 848.9864 170.2063
v  -1018.3180 878.9096 254.6212
v  -1082.0430 822.3829 245.6855
v  -138.2147 286.4034 81.0158
v  -5.0139 284.6620 53.8507
v  -143.7500 229.2382 -139.2619
v  -805.4057 857.7641 -16.2741
v  -822.5884 904.7924 -144.7205
v  -843.5709 814.7455 -181.9651
v  -747.7625 1055.7010 183.5533
v  -794.9255 975.1450 -29.3239
v  -787.7565 882.1553 81.3431
v  -505.0217 920.4056 1098.6470
v  -582.7106 997.6027 1053.8110
v  -272.4560 827.0527 1163.0220
v  -301.9473 953.6294 1056.4840
v  -313.8086 897.8898 1109.6110
v  -1355.3781 203.8892 164.9094
v  -1349.4760 204.9201 92.3113
v  -1324.0820 244.9152 100.4476
v  -1349.9561 257.8707 326.4604
v  -1286.3719 314.9366 315.3549
v  -1268.8290 333.6534 354.1512
v  -239.3376 1180.6500 54.8628
v  -350.4828 1220.8350 -6.7022
v  -268.3788 1257.7230 206.4993
v  -1627.3230 515.4029 1271.1610
v  -1679.3390 456.0730 1376.8090
v  -1634.4000 586.1400 1360.4041
v  -1575.6710 318.1638 1246.5861
v  -1593.5280 326.1482 1428.1240
v  -1642.8409 388.2626 1365.1390
v  -401.6977 323.1772 -711.2374
v  -369.4854 376.0438 -817.8746
v  -406.4905 294.1125 -490.9496
v  -387.5076 279.7575 -642.7568
v  -337.9004 270.5418 -460.3133
v  -1267.5959 933.2681 967.9611
v  -1185.1660 1006.2400 979.6760
v  -1143.5980 977.4030 890.0692
v  -1212.8680 858.5273 768.7879
v  -1228.5870 847.6860 734.2568
v  -1176.4910 290.3311 2314.9709
v  -1109.7290 222.1725 2165.9529
v  -1118.4380 240.6423 2215.7271
v  -873.6312 401.9262 -1109.2030
v  -844.5494 501.0653 -1093.7230
v  -893.2751 609.9354 -1014.2740
v  -648.2706 776.9248 265.0710
v  -634.5101 739.4485 143.3483
v  -619.1117 750.5433 180.5705
v  -594.0635 661.0408 122.5160
v  -609.4918 753.7309 256.8472
v  -914.2801 65.5490 2151.8101
v  -844.3568 41.1126 2220.4080
v  -976.2368 117.8744 2237.5991
v  -212.9769 184.5267 -1248.1440
v  -162.0374 196.0927 -1331.1720
v  -236.4208 93.6918 -1183.0959
v  -85.0996 394.8612 -1223.4550
v  -238.1669 420.5800 -1045.6331
v  -122.5686 473.1421 -1074.5510
v  103.9389 928.5545 -427.7845
v  56.2264 946.2953 -578.8774
v  168.6546 873.2473 -465.5876
v  154.2479 809.6904 -393.9151
v  -675.8616 208.8647 914.9208
v  -725.9392 155.7578 980.8503
v  -918.3644 19.8874 875.2501
v  -141.9495 1004.9810 26.8017
v  -204.3692 982.5938 -405.3034
v  -202.2413 999.2256 -320.2157
v  -193.3309 881.2056 -373.0343
v  -683.5467 21.6217 1162.9680
v  -748.2888 58.4402 1277.7250
v  -688.3263 125.7658 1016.5490
v  -615.0385 109.0839 980.8358
v  -1862.0699 42.2513 -162.9473
v  -1905.0350 51.3120 -100.2506
v  -1703.8350 7.9398 -155.0522
v  -769.0925 658.2017 -470.3585
v  -745.4918 588.1701 -391.6272
v  -664.4170 607.9012 -386.6143
v  -1121.7371 509.4495 -429.7116
v  -1011.7620 555.4163 -428.2410
v  -287.5098 92.4964 -387.0396
v  -319.0445 122.1064 -525.6909
v  -277.2952 49.2452 -507.5757
v  -301.3407 102.1871 -594.5124
v  -322.4414 135.3469 -515.0975
v  -225.4898 175.2293 -627.4359
v  -647.3058 312.2526 217.7614
v  -589.5393 365.0544 172.3195
v  -563.0235 393.6409 14.3884
v  -596.3243 422.2905 34.4022
v  -632.8243 345.9497 106.9326
v  -962.1603 573.1757 1600.2040
v  -989.4765 604.1734 1627.6450
v  -964.7766 596.8217 1696.0160
v  -1033.2480 640.7778 1499.5400
v  -1332.6600 11.6182 875.7791
v  -1326.6130 12.5431 828.1711
v  -1266.8180 39.6017 881.0640
v  -1397.3350 79.6645 887.1993
v  -1260.8380 162.4427 924.3294
v  -1577.3700 116.0011 1387.6490
v  -1552.1050 106.8373 1298.8750
v  -1555.0031 72.4970 1420.8510
v  -1626.4700 112.4777 1507.7371
v  -1580.6470 106.1608 1386.5140
v  -65.1697 347.9641 733.6365
v  -85.4228 332.4287 879.4576
v  -321.9721 292.8554 902.6092
v  -558.2897 243.0158 904.8633
v  -226.2887 266.5193 1989.9449
v  -264.1164 233.7108 2297.0349
v  -705.1935 354.9798 430.1040
v  -757.1012 377.6631 790.9883
v  -786.6823 385.4207 779.2552
v  -807.7667 381.3047 967.6148
v  -1001.0530 914.7338 175.8949
v  -985.5826 829.5450 -64.1872
v  -957.2665 716.7172 -88.7875
v  -963.8000 820.7018 -121.5072
v  -166.9949 865.1072 70.3132
v  -246.7237 783.7083 -138.2160
v  -198.8875 844.1859 55.7299
v  -567.5691 775.8234 198.4404
v  -375.4037 789.8260 30.8404
v  -1115.9399 365.3979 1780.3130
v  -1168.9170 393.6834 1744.0120
v  -949.1763 339.5222 1293.4640
v  -859.9329 317.5662 1208.7710
v  -958.2719 315.4098 1210.2271
v  301.4444 45.7102 -327.8303
v  321.5994 164.3836 -183.7528
v  96.7327 59.1939 -313.2128
v  266.3622 73.1213 -272.4430
v  -320.7430 710.3808 -216.0548
v  -468.1080 581.5431 -202.6032
v  -417.8582 624.0397 -237.4934
v  -343.9408 620.6175 -222.6797
v  -1527.3480 181.2604 2208.3569
v  -1518.3101 265.6897 2164.3181
v  -1588.1750 170.8346 2179.5659
v  -1572.0760 66.2446 2161.7729
v  -1532.1990 170.9382 2204.8110
v  -1595.2321 153.2288 2180.9590
v  -27.2485 1131.7430 528.0394
v  -68.2147 1170.9611 338.9104
v  -48.4623 1185.9139 399.3665
v  -6.4687 1216.8730 607.3839
v  -48.5820 1257.1810 593.6362
v  -841.1840 739.4450 -787.9145
v  -624.7601 823.4224 -820.8535
v  -828.6664 707.6248 -911.4734
v  -948.5502 622.9921 -955.4344
v  -814.4669 8.1050 2045.0601
v  -772.5120 384.4589 750.4778
v  -760.3305 330.5979 577.8417
v  -797.1729 155.7961 -382.7876
v  -618.9186 78.2816 -422.1672
v  -759.0215 61.8655 -453.2449
v  -1020.0780 4.9120 -487.0754
v  -875.8169 388.7675 1470.1720
v  -855.8787 434.2574 1447.6479
v  -847.9119 396.2861 1385.4170
v  -757.1970 286.6050 1241.0291
v  -817.6248 320.3880 1391.1760
v  -390.9671 240.9383 -247.6439
v  -500.0116 258.7587 74.9831
v  -473.6992 289.4273 45.0673
v  -468.6917 268.3690 5.8338
v  -756.1534 348.5435 361.3434
v  -698.5372 323.9070 407.4155
v  -906.5901 379.8127 412.1519
v  -720.3146 436.1335 148.6903
v  -776.0250 516.1324 53.0511
v  -824.7566 398.4390 298.2186
v  -1462.4530 347.4374 220.0756
v  -1239.3311 409.7852 160.1711
v  236.1328 486.0137 8.6530
v  295.7877 406.3175 109.8222
v  -39.0615 475.4569 -169.0442
v  131.8262 487.6136 -89.4081
v  128.4479 459.3851 -258.8688
v  -1413.4990 409.3068 484.7323
v  -1435.6530 322.2663 395.4359
v  -1460.2321 327.6782 514.6162
v  -1410.6500 183.3568 485.5003
v  -202.0629 275.3709 1161.8020
v  -159.4781 311.6462 1172.9490
v  47.8079 72.5837 1022.3260
v  66.1955 136.8152 1091.6600
v  19.0040 93.3206 1087.0480
v  71.7050 167.8063 1146.8430
v  73.3146 171.2339 1192.7930
v  126.4892 133.1087 1137.7240
v  -950.1264 70.1805 -955.1188
v  -1046.2150 29.0381 -926.0571
v  -1056.4480 39.3149 -856.1259
v  -945.6053 3.7353 -851.1890
v  -1324.2220 845.8849 1135.8270
v  -1339.4760 924.8295 1210.6410
v  -1312.2510 960.6196 1066.9630
v  -1339.7280 1015.8180 1286.9320
v  -1270.0291 971.3920 1277.5861
v  -1178.6530 928.2217 1316.2729
v  -202.0443 808.7291 1190.3090
v  -278.8797 720.9384 1157.6379
v  -821.4769 711.7384 -314.6346
v  -875.9264 716.8686 -356.1933
v  -840.4065 735.9855 -270.3718
v  -933.6357 779.2441 -195.5874
v  -523.8156 396.8881 2065.8459
v  -678.1216 382.8943 2094.7671
v  -878.3584 299.5389 2226.5901
v  -1495.8290 688.7070 1332.8450
v  -1429.3140 655.2896 1064.8270
v  -1432.5460 580.8230 852.6251
v  -101.3824 511.2792 1214.5930
v  -176.3223 612.5339 1196.6030
v  -132.0372 514.6770 1296.8180
v  -99.4252 390.0128 1142.9320
v  -642.1024 526.2204 -150.7053
v  -463.2845 362.1759 -240.1213
v  -435.9869 335.7623 -319.2777
v  -470.2076 357.7362 -311.4250
v  -281.5732 531.5554 -500.5755
v  -400.1647 467.4489 -563.0901
v  -364.9521 547.7180 -406.0589
v  -185.7528 490.5779 -819.9166
v  -702.5278 1114.2460 494.9853
v  -727.6808 976.3704 524.8013
v  -1546.5240 339.4627 2065.8401
v  -1507.6870 378.1145 1979.8940
v  -1613.1379 339.6833 1950.5830
v  -1606.2321 316.2448 1724.5920
v  -1549.3080 363.8856 1791.7620
v  -0.0549 29.3687 1160.4100
v  -55.0064 6.0631 1192.9550
v  -66.5274 22.9819 1110.4640
v  5.8860 97.5714 1328.6300
v  -47.4445 78.5106 1471.8640
v  -23.6405 32.4465 1297.0229
v  -426.7308 1279.9510 534.3785
v  -550.1710 1260.0060 330.9081
v  -821.3461 66.4634 1319.9570
v  -835.4988 214.3364 1434.1030
v  -863.7751 203.3628 1493.6350
v  -774.5895 220.6308 1322.4390
v  -845.1271 286.7774 1377.2920
v  -827.4603 223.0224 1422.8750
v  -302.1429 265.7753 158.0217
v  -422.8043 301.5649 678.4495
v  -341.3437 300.9705 438.7521
v  -1070.6230 554.3101 161.6557
v  -1127.4871 576.4775 224.5355
v  -1126.0830 638.2556 174.4597
v  -31.3846 662.6096 -259.5836
v  -10.1925 600.7541 -190.7377
v  53.3181 578.6925 -184.1194
v  -229.1498 561.6430 -205.7497
v  -126.4635 592.7815 -200.0875
v  -138.8951 584.6429 -229.0218
v  -547.9981 588.1114 595.1060
v  -621.7852 700.9136 855.5917
v  -1112.2380 263.9892 1168.2170
v  -1250.7920 226.7409 1103.7590
v  -390.7054 102.2080 2414.3550
v  -327.7209 118.9549 2437.2571
v  -376.1783 187.4134 2463.1060
v  -297.2620 222.8308 2442.5471
v  -886.5643 338.9429 -637.7045
v  -1071.4540 348.2914 -535.0131
v  -91.3550 593.8367 -1001.5670
v  -114.9356 710.0163 -1052.0380
v  -181.7942 669.3753 -1060.7600
v  -144.7087 787.9764 -1034.8290
v  -468.1236 1102.5360 732.5602
v  -386.0746 1128.9969 709.8990
v  -332.0576 1145.7050 733.4839
v  -349.0532 1073.5590 704.8666
v  383.9542 309.4254 -1047.1250
v  409.8488 165.0484 -1075.3590
v  413.7927 277.7850 -1113.3571
v  356.6115 353.4933 -973.5380
v  369.9672 14.4338 -135.5108
v  403.9251 66.7288 -126.1442
v  414.8191 88.2942 -70.5121
v  -370.0551 467.7037 8.6515
v  -449.4969 513.8951 -39.9381
v  -523.5707 551.8879 95.2104
v  -564.7871 593.3833 -20.5713
v  -509.0735 537.6073 3.0171
v  87.8626 534.4307 180.8246
v  114.4905 600.9891 250.5020
v  -19.6378 526.5072 281.4590
v  125.3250 668.2224 12.6154
v  140.2116 639.5414 102.9430
v  156.2777 578.0567 96.2058
v  -1104.5680 688.8926 51.3285
v  -1099.1000 698.0854 112.9895
v  -1046.2590 748.8281 133.6222
v  -1092.2870 639.8056 51.1025
v  -1104.7690 678.0269 125.3654
v  -1126.9840 675.3336 50.1257
v  -1796.2850 461.9496 1546.5740
v  -1714.2380 443.3619 1590.6060
v  -1777.6580 476.0609 1588.1760
v  -1535.7629 438.9611 1674.8311
v  -1451.0620 552.8030 1706.6580
v  -1581.0940 528.7642 1687.0020
v  -1731.3300 135.8227 2193.8201
v  -1825.2610 125.6410 2169.8850
v  -1751.6880 119.5437 2139.6021
v  -1806.3110 45.9207 2048.2200
v  -1868.2670 99.5671 2025.4091
v  -1844.7460 91.7850 1990.2111
v  -1151.5620 1050.7920 1135.1140
v  -1021.5790 1034.2400 1070.8879
v  -924.6796 984.0138 766.2891
v  151.2971 107.1784 -823.9317
v  -6.1281 4.7872 -950.8712
v  -1115.2130 319.0090 398.3370
v  -1041.8020 334.4557 415.3372
v  -1046.2841 322.5706 579.4089
v  -1153.1479 402.9430 386.4908
v  -1274.8870 375.7943 373.9456
v  -951.5529 520.3792 -135.3811
v  -911.6349 476.6635 160.1465
v  -316.3279 476.3986 1829.3030
v  -275.9590 421.2375 1775.6870
v  -247.8098 500.9797 1822.4210
v  -287.1922 522.6676 1846.1200
v  -215.3651 537.4194 1836.0750
v  -287.3715 581.6812 1810.3650
v  -335.5466 113.9131 -866.5930
v  -424.7937 127.8823 -873.1169
v  -459.9033 221.4680 -883.3666
v  -330.8132 159.6322 -860.7372
v  -328.4442 680.7339 1366.9600
v  -215.5352 604.0841 1371.8480
v  -260.5259 655.4672 1315.9860
v  -1356.2010 389.0573 -339.2527
v  -1274.1200 303.9774 -247.3328
v  -1394.1110 278.0417 -326.9042
v  -1638.9189 429.2346 -352.9914
v  -1537.2090 374.2653 -375.2510
v  -1788.5370 11.3637 -378.2067
v  -1757.4890 50.1115 -385.5321
v  -1732.3610 10.3195 -390.1445
v  -1796.0959 86.8172 -434.9194
v  -1821.2030 133.1992 -407.5995
v  -1747.5630 105.9106 -427.9955
v  -1170.3610 924.8225 -112.6528
v  -1107.9010 868.4998 -256.5781
v  -366.6596 130.0443 -260.3650
v  -371.2222 156.1434 -196.8805
v  -368.9388 99.1761 -318.8687
v  -575.9689 171.9053 -346.4969
v  -798.0936 59.9693 1549.6440
v  -840.1040 164.1843 1666.1960
v  -788.9949 255.1620 1655.1021
v  -259.5427 4.5755 -656.1241
v  -171.2017 13.4836 -825.2470
v  -202.1089 16.3660 -943.5217
v  -174.5474 31.1482 -895.6519
v  -46.6991 17.4141 -922.9848
v  -1078.3800 94.4482 -502.7681
v  -1037.7390 131.7402 -435.8581
v  -1128.7760 126.3167 -414.4951
v  -1129.8600 163.6081 -244.2915
v  -1166.4910 574.1188 759.0444
v  -902.7742 458.4246 828.2039
v  -785.8849 312.4600 831.2055
v  -817.5885 390.5992 893.0676
v  -372.7928 110.7668 -187.5418
v  -599.7166 1068.5150 787.7698
v  -493.5871 1110.0210 783.3470
v  -605.2223 1078.4550 836.4830
v  -702.8308 1008.3000 688.5480
v  -726.2374 1001.0060 717.2321
v  -669.3245 633.7988 1115.6130
v  -655.4200 738.1451 1121.0510
v  -679.9022 651.0598 1168.3030
v  -806.2298 564.8233 1199.5129
v  -680.0677 630.7492 1158.3250
v  -749.7320 596.4966 1267.0380
v  -628.8864 951.6326 1106.5160
v  -694.6604 989.7977 1034.0291
v  -725.5074 962.6886 973.0972
v  -847.4524 757.9246 1402.7791
v  -781.2768 761.8857 1411.9390
v  -736.2610 631.7930 1434.9120
v  -684.4513 657.6313 1364.7720
v  -706.8813 701.2921 1417.9580
v  -310.1303 622.2484 930.7619
v  -197.4832 585.7712 722.9117
v  -480.6881 604.4086 830.6021
v  -425.5464 661.1586 1045.8220
v  -530.2557 637.1513 893.0547
v  -1507.5129 545.1157 218.4124
v  -1618.4740 610.2834 82.5105
v  -1541.2550 519.3471 189.2194
v  -750.1450 98.5947 1157.5500
v  -787.8669 76.8830 1061.9760
v  -747.8945 122.3185 1089.5530
v  -710.6069 198.3252 1211.2740
v  -746.0219 207.7060 1281.3040
v  -767.3698 127.3325 1232.5360
v  -1100.3330 505.8666 -751.9456
v  -1117.0150 489.2116 -653.2103
v  -1153.4600 417.1241 -516.0175
v  -1138.1760 408.0401 -588.2072
v  -418.1694 495.8574 -266.7511
v  -395.4186 529.1099 -240.8855
v  -506.9597 521.1905 -243.1497
v  -243.6819 541.6104 -240.8457
v  -237.8982 490.8840 -201.3053
v  -133.9958 521.7524 -203.0017
v  527.5239 109.7300 -599.6893
v  453.6914 172.9169 -443.6367
v  466.3351 139.1582 -504.1524
v  -1178.3790 116.8534 907.4476
v  -1030.3950 142.0790 940.4573
v  -1183.0090 147.7931 913.3242
v  -921.3969 226.7928 950.2566
v  -760.0625 221.1548 1018.0700
v  -396.1677 310.5792 440.7967
v  -339.7566 323.3535 633.9495
v  -580.3110 271.8773 778.6865
v  -522.2984 276.2160 673.2739
v  -953.8737 336.4142 479.6574
v  -779.9409 316.0987 743.6061
v  -841.9181 305.9567 886.3378
v  -823.8215 578.2982 20.2440
v  -840.9883 684.7800 19.0084
v  -909.3226 609.7072 9.6637
v  -939.6592 556.3895 50.0731
v  414.8754 122.6891 -1384.4060
v  479.5370 119.3172 -1313.8290
v  379.2501 55.2942 -1282.6130
v  199.6418 79.8430 -1388.4680
v  191.4753 22.4592 -1347.4990
v  131.3929 53.7705 -1408.3420
v  -579.9414 985.8810 -582.1304
v  -541.6897 869.6207 -607.0989
v  -618.4022 835.6213 -596.2334
v  -823.7155 752.1481 -558.1324
v  -848.0279 270.6200 -160.0733
v  -814.9276 312.6728 12.6449
v  -196.5471 77.6782 1057.3860
v  -283.0538 94.7470 1046.4730
v  -1708.7220 310.0197 177.8295
v  -1798.3070 221.0771 238.2118
v  -1828.5190 198.2299 193.3457
v  -1845.7920 164.8095 234.1723
v  -188.2317 12.0298 -1401.5640
v  -149.7496 90.3267 -1418.6190
v  -634.2872 619.4302 -348.9888
v  -712.3220 590.3003 -342.2334
v  -725.3542 582.4961 -393.1469
v  -814.7747 545.1238 -402.0582
v  -1055.8660 330.5534 -1209.2419
v  -969.4435 376.5758 -1197.5380
v  -1010.1910 341.8610 -1164.8690
v  -1074.3900 290.6339 -1140.7640
v  -1075.4340 342.4111 -1077.7830
v  -1111.9990 315.0336 -1061.7111
v  -1939.7159 42.4278 105.8600
v  -1958.8330 12.2830 172.9096
v  -1976.9480 20.2530 41.7093
v  -1908.0780 115.3474 225.7001
v  -1850.1510 138.9079 198.0125
v  -1130.0229 6.2496 -93.6414
v  -1215.2469 68.8995 -43.1976
v  -1304.1870 44.1485 437.9081
v  -1303.9010 84.2360 315.4100
v  -1259.1150 22.0180 349.3830
v  -801.3927 438.7604 -1112.1450
v  -818.1082 442.9818 -1143.5150
v  -682.0233 467.4341 -1116.1520
v  -480.1438 554.5416 -1057.7700
v  -544.3150 522.7126 -1094.2629
v  -456.7529 558.0991 -1100.1670
v  -1170.1300 115.8040 -587.7163
v  -1105.5200 123.8403 -644.0459
v  -1113.0170 84.8763 -672.5499
v  -1003.3270 72.0357 -876.3936
v  -1134.6440 34.0007 -470.3374
v  -1058.3600 103.8513 -447.8170
v  -1031.8990 65.5683 -508.5385
v  -678.9311 456.7622 1752.3250
v  -824.1349 425.0836 1746.2111
v  -580.6915 575.7531 1715.6490
v  -1216.0170 599.0502 1762.8660
v  -1285.2650 585.5878 1744.3340
v  -990.4752 608.1279 1739.0350
v  44.9348 674.9880 728.0897
v  19.0913 687.4673 675.3726
v  61.0453 660.7552 625.4666
v  93.9643 623.6594 434.9052
v  -435.1459 144.4030 1006.4580
v  -539.8563 137.1634 1030.7450
v  -571.6080 142.6955 978.0297
v  -383.8516 159.4990 1011.6690
v  -333.8067 181.0169 1056.4270
v  -232.9232 164.8018 1055.8760
v  -85.3751 1026.6980 466.0645
v  -1288.6580 916.0374 1025.2850
v  -1259.6250 795.7920 864.8329
v  -1401.1710 57.0092 987.3677
v  -1413.8940 34.8474 916.6899
v  -1301.5620 11.6533 924.3716
v  -1408.1200 33.0268 1020.5980
v  -1329.6620 7.4626 969.2159
v  -1402.4460 17.2879 1096.8060
v  -12.6087 443.7443 494.7849
v  53.7939 425.2923 567.1906
v  -114.4664 350.7336 538.1833
v  69.7247 485.8649 594.9305
v  125.8556 522.8425 614.0152
v  90.6215 500.7686 638.0812
v  -1741.6770 472.7188 1650.8390
v  -1657.8330 518.4084 1685.5551
v  -1425.0300 697.8416 1568.6639
v  -301.5866 1165.9680 674.2770
v  -210.9384 1230.0959 633.3279
v  -11.2723 1208.8470 657.4527
v  -90.8744 1225.7360 639.6473
v  -77.4145 1212.2889 687.3272
v  148.9615 888.0497 -390.3583
v  111.0125 910.3147 -349.9428
v  129.5008 893.1017 -296.9544
v  59.5823 871.1306 -295.3596
v  216.9287 254.8432 65.1941
v  180.2572 281.4774 318.4989
v  281.6864 226.5141 82.2689
v  -933.4703 743.1097 -408.0123
v  -884.9059 753.4510 -364.0061
v  -609.3588 641.7744 843.5157
v  -568.4997 580.9789 689.5692
v  -591.2459 516.6292 667.8712
v  -706.1309 410.5146 647.2886
v  -1150.1910 848.4091 268.4138
v  -1180.6910 817.5565 248.2465
v  -1226.5670 789.9980 260.4852
v  -299.4121 1017.2620 -608.4465
v  -269.8287 992.1125 -537.9730
v  -206.0104 982.6963 -535.7968
v  -470.8590 285.3700 373.3680
v  -504.4877 284.1558 374.7505
v  -532.0922 280.7563 280.5444
v  -493.7393 370.4362 310.5171
v  -532.8797 290.0159 323.8732
v  -352.0950 175.1610 -973.5850
v  -385.0369 240.3120 -851.5294
v  -327.2215 214.7474 -936.1927
v  -340.4933 243.4344 -888.8427
v  -414.4870 503.5638 1818.8800
v  -368.9484 383.0592 1746.6169
v  -332.2729 464.2501 1801.5530
v  -697.2987 254.7975 1427.2321
v  63.4428 753.3173 46.8395
v  -55.2896 766.7795 -79.7739
v  95.6235 658.6591 -78.5693
v  -1122.3940 526.8407 -70.3878
v  -1056.6021 517.7777 -144.3175
v  -1093.1890 591.3417 -96.8777
v  -1110.6570 452.8404 -138.3317
v  -1083.9850 483.7406 -24.8857
v  2.2315 480.3365 430.3522
v  15.2549 531.4495 371.5058
v  185.7614 396.2234 474.2088
v  135.1372 381.9947 463.1590
v  215.6344 418.5461 428.8935
v  -389.8366 96.6298 -204.8946
v  -1352.5840 552.5707 679.3063
v  -543.3673 502.5100 -379.0194
v  -511.1490 498.7854 -289.9348
v  -494.4683 508.3738 -350.8134
v  -500.4735 380.9281 -510.3358
v  -1361.7030 158.2399 544.8896
v  -1018.1850 315.5992 628.5981
v  -1101.4390 304.7194 463.8528
v  -1182.9890 274.0500 571.1755
v  -1343.5670 1008.0150 1232.2410
v  -1318.3450 1028.8040 1184.8170
v  -7.8345 201.6108 1257.0370
v  -102.9194 244.8346 1225.8860
v  -133.4938 285.5348 1387.6219
v  97.4402 55.1914 1142.0601
v  46.0476 112.0078 1133.4030
v  39.6441 154.8135 1196.6760
v  -1179.2061 355.9420 325.5797
v  -1239.6949 255.2745 287.4466
v  -1163.5179 315.7409 326.8638
v  -1227.8740 199.7456 123.0932
v  -1153.4000 281.5553 322.9973
v  -528.0204 455.3358 418.6566
v  -680.1432 383.5372 539.6414
v  -583.8865 397.7382 410.2440
v  -1204.3890 5.5771 1982.6550
v  -1140.9100 15.3758 1944.1210
v  410.9641 279.1484 -226.2333
v  378.0072 322.8335 -103.1535
v  494.1617 175.8016 -457.0818
v  448.7128 217.8643 -361.0839
v  -874.6086 141.5418 994.7606
v  -899.5884 214.5280 1027.3409
v  -807.1767 140.0470 1022.2730
v  281.6486 475.6071 -732.5641
v  290.9599 432.6256 -811.8962
v  228.9660 495.8652 -814.7388
v  -927.8436 251.6272 978.5898
v  -954.6682 253.8006 1042.5800
v  -1059.1450 371.1803 1473.0220
v  -742.5065 363.6958 691.4529
v  -793.4371 367.8291 680.2289
v  -695.1971 348.6066 639.5845
v  -767.9755 378.3218 643.4841
v  -324.3528 198.1486 -945.0294
v  -185.3681 31.0249 -1085.8101
v  -261.7637 131.8794 -1108.7830
v  -231.7917 101.7286 -1147.3101
v  -933.6892 334.3557 458.5526
v  -841.5260 322.4742 626.4183
v  -734.5312 297.4533 799.8513
v  -728.7784 442.8946 790.4566
v  -744.3943 396.1602 805.4014
v  -776.9673 382.1103 978.5013
v  -692.5472 442.3355 730.3312
v  -629.0117 524.5435 794.5975
v  -586.8355 496.3204 628.9147
v  -1105.2140 354.1378 -1016.2850
v  -1012.3410 287.5307 -1021.0840
v  -1090.8850 361.4392 -959.4066
v  -1595.9750 346.8446 925.3107
v  -1574.6750 351.5907 935.9578
v  -1610.5129 378.0698 1068.1050
v  -1499.9170 300.1876 654.7813
v  -1529.2700 339.6673 806.3761
v  -1566.2939 313.0652 772.5603
v  94.5082 40.2251 -312.3965
v  2.4251 17.9996 -370.4291
v  193.3842 16.8761 -316.8303
v  29.0610 11.2366 -311.5689
v  -225.6426 1006.5310 805.7899
v  -118.9953 966.2581 623.0870
v  -236.0817 998.2142 690.9801
v  -127.7613 1071.2209 -43.2290
v  -146.2679 1033.9780 -138.5324
v  -169.7079 1058.0800 -58.4519
v  -144.9432 1131.8750 152.7646
v  -777.9504 888.4933 141.7970
v  -853.9212 829.0005 -140.8745
v  -853.0797 834.0273 -48.5579
v  -1757.9890 498.6098 -240.7316
v  -1905.7310 297.5081 -257.9554
v  -1669.1420 587.2101 -244.6908
v  -1538.2200 647.3531 -297.2798
v  -1329.8311 18.1223 595.1357
v  -1394.0310 86.7180 604.8915
v  -124.2788 73.6886 -361.5129
v  -182.5098 182.6277 -262.0804
v  -333.5447 166.0431 -435.7221
v  -296.2133 141.2003 -389.5489
v  -1095.1470 244.1365 2077.5520
v  -1154.9120 314.5808 2096.9900
v  -1143.2250 228.3858 2360.1121
v  -1123.9650 253.6430 2277.3799
v  -973.2363 551.8644 1436.8630
v  -948.1703 516.5524 1276.2260
v  -995.5389 578.7032 1351.8750
v  -1027.5200 614.8920 1245.7061
v  -392.3602 411.2372 368.1924
v  -334.7915 403.0772 411.5578
v  -452.0435 487.7804 457.6174
v  -456.5134 527.2973 535.2993
v  -653.6425 1168.6550 -69.1402
v  -631.3997 1124.9230 -306.1898
v  201.6256 364.9158 325.2430
v  253.2733 429.7661 218.8090
v  241.4875 427.1448 305.4179
v  223.2965 466.1269 279.2258
v  -1043.5370 257.0510 -43.0325
v  -1178.4460 205.3759 30.5867
v  -1208.1860 189.0969 -153.0325
v  -1167.6160 161.4514 -236.3078
v  -1005.3040 780.2262 156.3984
v  -984.7666 779.6020 110.2109
v  -21.8519 489.0724 -236.2987
v  -21.1897 534.6920 -229.6740
v  -90.8722 534.8823 -251.5485
v  -122.5839 575.0807 -234.0760
v  -182.2111 562.7504 -241.2594
v  -334.4229 966.7421 -652.3710
v  -399.6938 900.0281 -652.6383
v  -305.0482 893.5531 -640.6246
v  -314.5193 825.3104 -534.0804
v  -547.1349 440.6910 -86.3121
v  -526.1302 413.1313 -137.0040
v  -577.7725 486.5721 -163.0288
v  -553.1070 393.3524 -131.5795
v  -553.0366 384.2273 -31.9768
v  -613.3651 354.5769 10.6518
v  -655.6531 260.9272 965.7457
v  -780.4919 335.7480 277.3255
v  -699.3513 313.7190 303.1063
v  -862.6768 377.7300 374.0326
v  -26.3539 21.7045 -1482.8521
v  -73.9509 17.7086 -1527.3700
v  -109.0900 21.4657 -1487.5220
v  -191.0290 87.6019 -1559.7490
v  -238.6345 51.6299 -1456.6580
v  -213.6560 70.4832 -1490.2440
v  -15.0542 700.2758 1169.6190
v  -52.3966 722.6995 1208.3810
v  -155.2045 685.8499 1168.3490
v  -468.6969 398.8431 240.5725
v  -541.5429 442.6249 86.1241
v  -518.9335 440.5748 53.6646
v  -616.9899 528.5184 43.4684
v  -914.9768 426.0105 1696.3380
v  -13.6971 569.7490 -130.3809
v  -102.2005 549.3585 -137.5486
v  71.3993 739.7339 -1086.7930
v  99.0140 727.0864 -1115.3361
v  150.1130 757.2379 -1051.1639
v  227.8266 793.1617 -974.4374
v  267.9424 759.3166 -999.7996
v  248.4003 808.9872 -890.5452
v  -157.5978 245.8989 -539.7701
v  -124.3727 84.8709 -803.8406
v  -249.1362 129.1518 -660.8903
v  -166.1590 163.5885 -678.3625
v  -343.3569 369.1722 1740.0850
v  -491.9448 395.5229 1854.2820
v  -636.5972 314.9366 1644.1000
v  -1200.4220 360.8829 -205.7041
v  -1115.8560 376.5673 -375.8852
v  -1223.8700 344.2838 -80.8012
v  -1252.1370 285.8561 -138.5809
v  -1272.4840 243.8515 -38.6210
v  -635.4871 61.5627 972.6887
v  -546.8805 32.5951 988.2997
v  -626.3358 54.8539 1026.6820
v  -715.8246 76.3535 1095.0900
v  -741.7402 64.8118 1026.1930
v  -686.4244 64.1809 1039.1720
v  -891.5401 761.0580 1388.4969
v  -936.6524 790.6263 1370.3080
v  -861.2770 745.5881 1438.5840
v  -793.1967 682.2005 1481.0040
v  -832.2665 748.5888 1454.6610
v  -589.1536 19.9372 -797.2872
v  -674.3322 82.5040 -895.7523
v  -597.1967 77.1065 -881.0316
v  -591.4364 139.8241 -907.7276
v  -627.6248 91.2031 -902.6620
v  -1808.2990 109.5271 1920.9420
v  -1696.6100 20.9803 2079.8950
v  -539.0677 226.1499 591.1585
v  -558.8147 143.2295 544.9520
v  -589.8895 148.8912 666.2508
v  -599.0930 136.7376 708.1378
v  -1560.0630 722.0189 -13.7092
v  12.5199 633.8073 -1003.4710
v  -42.3517 574.7806 -958.4175
v  -92.3596 683.9693 -1053.3640
v  60.4535 589.5896 -878.5273
v  -42.4637 554.1766 -918.1924
v  -646.5735 796.4408 390.5944
v  -652.7564 854.2841 610.7404
v  -693.2048 845.7211 556.9011
v  -670.6955 878.8970 700.6658
v  -674.3344 894.7355 788.8878
v  -722.2659 893.5135 762.2639
v  -1012.6840 761.3792 160.1792
v  -991.9933 728.1328 -55.6724
v  -979.7056 781.4166 -45.2335
v  -985.9330 811.7919 23.8451
v  -442.6191 672.0749 -376.7408
v  -576.4758 632.9105 -387.2523
v  -448.8537 680.7363 -349.6780
v  -447.7390 314.4440 405.0279
v  -297.5552 353.9910 396.5640
v  -249.0707 341.9402 460.8489
v  -1197.4930 229.1212 2389.9160
v  -1167.1110 214.2268 2415.2380
v  -1242.0250 232.9624 2386.2781
v  -1202.4880 233.0940 2355.3950
v  -1141.1890 235.8253 2267.9529
v  -1140.0380 214.7607 2348.6389
v  -169.3958 994.8562 -376.7947
v  -409.0133 180.1743 18.6477
v  -462.0247 185.0386 182.6849
v  -471.8007 178.4929 99.6856
v  -555.7228 189.3669 511.2147
v  -630.2053 202.8056 690.0422
v  -578.3015 188.6391 481.0683
v  -475.5700 522.0930 234.4394
v  -573.8685 630.0729 244.8309
v  -614.1572 630.4830 110.1708
v  -675.5807 758.5266 262.5114
v  -1169.3571 687.8813 -379.2065
v  -1045.8060 643.5575 -394.6662
v  -1125.0200 608.5269 -379.5050
v  -1029.5291 548.7860 -312.2641
v  -1114.4230 511.4384 -298.6238
v  -1112.2010 598.3029 -384.5550
v  -1340.8390 179.0779 -208.1310
v  -1314.7510 182.6276 -147.9713
v  -1243.1140 317.1596 -143.8503
v  -1165.7290 812.9238 586.8085
v  -1102.5320 908.1590 672.1940
v  -1137.5630 784.0098 482.1600
v  -1235.8890 902.3334 869.2736
v  -1255.9880 867.5109 774.3575
v  -1268.0959 916.5281 878.3068
v  180.4548 593.1610 -383.9023
v  184.6351 606.1566 -331.0429
v  224.1030 557.0475 -555.5714
v  248.1870 521.0562 -617.8658
v  -1803.0200 276.0785 -343.3263
v  -1833.2650 175.7926 -378.1753
v  -1930.2430 197.1072 -304.5246
v  -623.7227 761.3023 175.5339
v  -457.1159 887.5015 466.6917
v  -515.3866 820.0214 323.9378
v  -753.5022 966.0974 1058.9320
v  -801.9506 952.5778 1055.8380
v  -784.0417 967.7054 991.1157
v  -676.2924 942.9199 1099.1750
v  -611.0073 924.2863 1111.2200
v  -683.3235 963.5308 1144.9490
v  -566.1771 1101.3340 813.7311
v  -572.8958 1089.1320 774.0517
v  -651.5848 1064.3640 788.5541
v  -723.7312 1055.5740 638.9099
v  -737.4324 1011.9630 710.7389
v  -1977.3800 208.6290 -143.7848
v  -1952.6479 287.5367 -48.0316
v  -1928.1880 254.6182 62.2942
v  -495.8860 361.0586 -478.7986
v  -604.3958 420.9315 -484.1369
v  -498.4396 354.3754 -372.8641
v  -454.9998 323.5587 -365.1975
v  60.5349 218.8059 1114.2300
v  -63.5723 229.7949 1093.3790
v  -27.2809 178.4067 1127.0100
v  -7.4191 191.9060 1168.1470
v  -1539.8361 77.7802 -320.9439
v  -1581.0770 40.3653 -366.8614
v  -1619.2159 84.4008 -379.3971
v  -1492.9370 28.2373 -148.2382
v  -982.2364 18.5683 -1063.7390
v  -954.0900 16.8213 -995.5418
v  -854.8841 16.7976 -1033.9590
v  -818.5300 89.4622 -967.5479
v  375.8878 113.0005 19.2807
v  326.0914 133.2435 169.3021
v  383.9683 118.0159 115.8486
v  347.0265 104.7943 91.8270
v  -378.8939 371.8308 -146.2652
v  -437.1600 286.4186 -65.8565
v  -397.2392 379.0387 -53.4975
v  -419.7009 399.0856 37.7177
v  -661.2203 631.1310 1070.5790
v  -713.8991 876.6705 989.7425
v  -661.1288 790.5477 1091.7939
v  -1106.1970 146.1741 2096.8110
v  -1037.4250 222.8427 1915.9460
v  -815.8549 400.4675 559.0454
v  -729.3867 373.4269 569.2265
v  -743.4521 359.0420 508.5074
v  -747.2805 366.6200 707.3251
v  -725.1732 339.3514 619.6999
v  -714.3080 935.1421 913.8320
v  -703.4623 878.3049 1034.9110
v  -713.0629 936.9161 969.0553
v  -714.1234 920.5734 846.8980
v  -1313.2340 240.5836 345.6548
v  -1436.9960 207.4853 399.8212
v  -1467.6400 254.1142 502.5525
v  -1491.7040 238.2893 442.0261
v  -238.2906 188.7364 2202.9441
v  -230.0479 175.7977 2272.7209
v  -239.5710 164.9295 2210.0649
v  -730.1537 91.7568 1132.8330
v  -673.8550 191.2839 1175.3450
v  -579.2988 221.9528 1095.8051
v  -1409.2170 192.7377 2254.6689
v  -1292.4340 224.5285 2320.2280
v  -1344.5710 222.5564 2333.3440
v  -1562.0630 168.5209 2235.4790
v  293.3794 96.9439 -1384.6770
v  359.6183 115.0271 -1389.5031
v  224.1369 164.6030 -1418.2330
v  220.9503 95.2667 -1394.3350
v  151.4496 210.4407 -1424.9070
v  81.0184 638.4464 384.2566
v  78.1841 696.9765 338.6537
v  35.9106 693.0606 639.0870
v  52.8671 783.1598 499.1378
v  -388.8824 1047.2791 -588.2904
v  -395.4274 1080.1520 -483.2915
v  -258.4126 1012.6010 -508.8203
v  -388.3676 1022.0000 -620.8747
v  -411.5652 894.7800 -752.9391
v  -644.4000 793.2700 -887.9894
v  -1354.4580 703.6356 247.2867
v  -1314.0370 628.5318 249.2838
v  -1297.6851 748.8430 257.7250
v  -1983.8400 92.2422 267.5063
v  -1993.5630 5.2857 203.5934
v  -1991.3240 47.3050 217.2542
v  -2016.1980 109.9867 48.3688
v  395.2655 255.7977 -568.7629
v  229.0285 400.9802 -387.7736
v  204.2318 459.0072 -113.6152
v  -778.1118 330.5348 483.7683
v  -858.0233 374.7822 469.6306
v  -947.7988 409.9407 427.2885
v  -898.5029 350.5930 430.9385
v  156.8677 491.0033 -154.8590
v  144.2393 514.6821 -108.1912
v  108.7275 523.4732 -164.7192
v  228.9863 499.1433 -18.0110
v  197.7806 540.8848 53.1303
v  170.7691 535.5362 33.7394
v  69.5172 926.0679 -815.2283
v  160.5478 832.9206 -758.2738
v  230.7045 810.1956 -922.0718
v  -33.9249 1189.6100 554.6952
v  -9.0575 1208.9210 453.1147
v  9.7116 1213.6520 534.6147
v  -148.4822 1272.4690 385.3413
v  -49.1625 1207.9100 414.0323
v  -85.5414 1176.5920 345.2811
v  509.2867 240.3996 -1231.2889
v  528.5956 119.4393 -1358.6630
v  446.3118 114.0997 -1419.4420
v  517.8057 111.6564 -1383.3960
v  -813.4389 216.4976 1469.8960
v  -851.7232 224.8975 1495.9871
v  -889.6162 231.9082 1619.2380
v  -989.9600 238.1481 1773.9100
v  -942.6010 231.9471 1754.2340
v  -908.4153 225.2432 1599.8669
v  -118.8854 158.3179 1876.6801
v  -172.4248 146.9709 2075.1790
v  -190.1753 165.5558 2011.6190
v  8.4114 133.5089 1491.2740
v  -16.9678 134.0881 1442.9659
v  -1232.6550 40.2907 846.8948
v  -1296.5010 20.8542 846.3546
v  -1209.1000 56.1636 890.6083
v  -1123.5031 38.9746 889.9660
v  -1146.8910 68.0231 922.5625
v  73.4073 682.0084 -417.2830
v  154.1319 619.6847 -385.4803
v  197.0188 599.8616 -407.3316
v  156.3491 659.2565 -501.5180
v  -1102.3190 24.8794 -502.5814
v  -1102.8480 22.2160 -589.4689
v  -1149.8080 49.0057 -596.5446
v  -1201.1570 42.1772 -339.3264
v  -1183.9980 62.0550 -342.0242
v  -1195.3560 49.2526 -410.4038
v  -1318.2791 337.7505 196.7969
v  -1336.9370 303.4924 322.9204
v  -1000.7380 868.7388 49.9789
v  -987.9908 854.7873 -12.5904
v  -953.7092 866.2325 -0.0474
v  -1100.9150 913.2474 -110.9072
v  -1061.7800 925.3399 -3.0662
v  -997.9335 851.1001 -58.9662
v  -1116.4600 876.2289 1298.8610
v  -1201.7830 933.6458 1283.6510
v  -957.9665 801.6542 1403.7629
v  -1039.8361 839.6985 1367.9091
v  -1224.5430 180.9239 -343.7002
v  -308.8224 781.9415 -460.7928
v  -268.9198 895.0547 -653.2665
v  -421.7508 848.6721 -609.7958
v  -535.5173 13.6023 -773.7549
v  -454.6427 50.6086 -536.4075
v  101.0800 620.7002 -212.0560
v  -9.6132 43.3904 1261.6470
v  27.9262 52.7673 1228.4200
v  62.0783 109.6094 1224.5020
v  -810.0776 688.3066 -508.3705
v  -835.9406 742.5151 -540.5795
v  -755.5084 769.6836 -565.7338
v  -885.9191 705.5676 -461.9082
v  -944.8746 718.9686 -441.9426
v  -921.7385 698.0646 -522.7635
v  -538.2349 626.1981 -211.2764
v  -497.3379 631.9806 -182.6262
v  -562.1756 659.0644 -186.8381
v  -496.3333 623.5241 -245.7320
v  -414.5550 629.9120 -245.9748
v  -448.5557 599.3439 -287.5859
v  -831.6120 536.3510 -188.5574
v  -930.2208 529.1015 -20.2814
v  -1107.2510 743.1293 -387.1634
v  -1005.8120 665.2507 -400.0214
v  -1101.0680 781.0743 -371.8000
v  -640.7739 127.8493 828.8618
v  -678.1777 89.0343 838.1216
v  -633.4167 131.2023 771.5173
v  -636.8265 80.2606 897.8298
v  -433.9982 3.6767 443.7804
v  99.1209 5.9203 569.4498
v  -1406.2710 50.9978 831.9972
v  -1352.0240 92.0151 865.8975
v  -1361.0861 147.6079 818.7942
v  -486.5954 685.9686 1259.3030
v  -919.3176 202.3740 1001.2280
v  -851.7280 187.5310 996.4666
v  -781.3950 233.2393 1046.4659
v  -645.0533 206.3411 967.3149
v  -695.9775 188.0029 978.3439
v  -1742.5100 467.1796 1538.9730
v  -1705.8400 416.9015 1344.3010
v  -1661.4940 411.5493 1239.9330
v  -1663.8470 438.4890 1313.3540
v  -584.0664 74.5033 -401.6247
v  -774.5760 21.2505 -482.8190
v  -572.9448 58.4430 -424.4647
v  131.9109 155.3356 1069.9449
v  115.5098 175.4814 1013.2900
v  134.3911 161.1303 973.6091
v  105.2522 184.0999 1001.5430
v  114.1042 170.7657 1090.1300
v  385.9162 40.6188 -743.0891
v  480.5846 7.7157 -739.7438
v  504.9967 51.6433 -702.4316
v  547.2152 57.1591 -655.0300
v  599.4611 64.3317 -676.1074
v  568.2048 98.5973 -583.4502
v  -1084.7371 251.4085 2001.9330
v  -1035.2180 234.7233 1896.9170
v  -663.3912 76.7211 1102.0620
v  -721.3365 95.1946 1162.0370
v  -709.5483 133.5806 1191.3250
v  -1802.3820 37.4490 -336.5908
v  -1832.1350 11.0899 -324.6377
v  -1822.8459 35.0947 -270.2473
v  -334.0965 19.0245 -335.5544
v  -353.3579 29.0425 -403.2409
v  -274.3233 33.0704 -405.7467
v  -209.3817 107.4440 -352.0995
v  -189.4582 50.7626 -386.0441
v  -457.9500 236.2670 -66.2835
v  -448.6840 183.6818 31.9680
v  -423.1869 182.7706 -62.0403
v  -751.3612 490.6390 108.8745
v  -560.3726 448.4255 74.2823
v  -602.6999 479.4207 76.2453
v  -404.5112 264.5472 -0.2547
v  -447.4427 278.8211 -28.8383
v  -427.5179 272.4109 -112.1542
v  -409.9981 268.6646 -159.3365
v  79.8202 833.0264 -335.0610
v  55.1899 849.4969 -294.0052
v  6.2135 835.8391 -327.9083
v  -10.9878 847.7072 -329.8301
v  -475.4743 873.6973 424.9095
v  6.1185 412.5409 502.4473
v  -86.8109 407.4294 478.2129
v  180.0303 27.8563 -813.7477
v  192.7243 18.0045 -848.8163
v  116.1162 15.0666 -847.9536
v  318.2342 22.3737 -813.7101
v  384.9543 46.3560 -754.0941
v  421.7322 39.5978 -786.1529
v  -1189.1219 74.0077 -166.2101
v  -1195.4880 125.2693 -86.2512
v  -1149.3450 144.5882 -212.7488
v  -1157.8290 189.4725 -51.6120
v  -1219.8800 135.0675 10.3544
v  -521.1293 458.8766 -503.0746
v  -389.9823 447.6052 -651.1815
v  -319.8963 514.9752 -522.6006
v  -240.4293 1184.4150 666.6456
v  -233.8797 1194.7030 704.2816
v  -160.7698 1207.8000 662.2325
v  -439.8720 1115.7889 767.1569
v  -348.7077 1154.1270 723.7185
v  -245.2365 4.4213 -740.0732
v  -274.2610 59.7777 -687.6776
v  -239.7378 45.6763 -790.0974
v  -284.0509 67.7707 -590.4914
v  -3.7113 724.9287 998.2672
v  22.3674 694.1072 1012.1100
v  0.8700 804.7864 862.1839
v  16.1578 823.5121 752.7303
v  -750.3113 140.5259 1048.9060
v  -692.8734 140.5187 1089.1250
v  -668.3624 194.6781 1127.4301
v  -720.7341 180.9848 1068.4990
v  -803.2257 162.1947 1015.0410
v  -1358.0190 974.0964 1046.1591
v  -1306.8101 930.9420 1011.0980
v  -1420.8051 1010.7610 1179.6780
v  -1378.2070 1001.9600 1119.0699
v  -1374.3870 1011.0800 1177.3530
v  -1029.0229 317.5033 -1081.6110
v  -899.3103 412.7103 -1143.1490
v  -934.1599 336.5693 -1117.0031
v  -589.3586 928.3129 1110.1630
v  -497.6624 770.6529 1098.4650
v  -407.3900 859.2811 1135.1980
v  -492.6970 876.9821 1112.8130
v  -269.6514 265.1740 -483.6116
v  -334.0329 241.0774 -656.2678
v  -747.6405 389.0892 282.8557
v  -567.5018 335.2732 263.4501
v  -584.4233 371.4647 192.1700
v  126.0870 338.7417 321.7633
v  234.9078 307.6877 138.4848
v  159.4177 25.7736 -1303.3929
v  31.4597 26.2603 -1465.0120
v  -973.9177 250.3513 2207.7949
v  -995.2332 150.7538 2267.0640
v  -1126.7650 512.2042 1756.7100
v  -1087.8860 423.3462 1630.5320
v  -1032.4780 581.1614 1778.7930
v  -998.2200 559.3828 1759.7371
v  -36.6624 343.7462 -1314.0150
v  -137.8346 326.6194 -1257.7820
v  -1429.3850 40.7986 944.7842
v  -1388.7740 15.9291 862.6723
v  -1318.3030 24.5407 906.3387
v  48.5013 499.2150 860.2280
v  40.2804 517.2639 811.0617
v  -13.0758 501.3676 904.9670
v  -23.3750 568.4714 589.3380
v  -6.5928 554.5159 747.2202
v  54.5836 503.3401 665.2640
v  47.6382 480.0554 458.6999
v  120.0469 482.8694 488.5452
v  23.5288 481.8866 507.9881
v  1.5370 535.6971 508.0583
v  -874.0638 794.2798 -263.4020
v  -872.6235 797.4100 -318.3543
v  -895.6706 778.5640 -330.5446
v  -918.2663 771.5523 -497.7955
v  -916.2495 759.3696 -394.3372
v  177.1423 469.4209 -1121.8280
v  282.3728 389.6183 -1241.9590
v  -1174.9940 774.1731 443.4301
v  -1135.8080 717.6969 335.6821
v  -1095.3400 743.4969 354.9663
v  -1090.2841 814.8858 435.2650
v  -703.0419 179.9540 2344.4641
v  -665.5873 171.6483 2390.1580
v  -744.8703 177.4770 2374.2571
v  -819.2963 190.6383 2344.5710
v  147.3650 585.9194 263.6873
v  114.1775 611.2624 377.9161
v  99.7709 614.8915 316.0772
v  152.0073 575.0223 205.6554
v  134.7726 577.4855 169.2378
v  -1025.1990 499.6377 -390.2361
v  -916.1434 526.9913 -385.2478
v  -841.6892 545.7383 -363.3149
v  -104.3347 3.9884 -1110.3130
v  -1509.5560 64.9321 1131.9561
v  -1583.9080 85.7419 1285.6429
v  -1523.9100 73.6218 1128.2620
v  -1622.0341 89.1120 1383.9080
v  -1650.4120 96.4938 1513.3580
v  -74.2332 502.5407 1232.7050
v  -90.8559 498.5873 1179.3850
v  -47.2714 505.3704 1172.3630
v  -125.7858 392.1861 1238.3409
v  -107.2379 506.2718 1258.2810
v  -1371.3800 232.3231 353.4778
v  -1428.3580 205.3797 353.4091
v  -1351.2581 240.2599 342.4253
v  -387.9524 164.6319 -412.9904
v  -307.9105 83.1048 -603.9053
v  -359.9014 142.9653 -448.2097
v  -419.2881 242.6892 -222.9549
v  -421.6270 207.9380 -305.9535
v  -389.9170 220.4641 -281.5538
v  -1667.0680 114.6130 1558.3459
v  -1698.3500 89.7954 1591.5439
v  -1261.7200 227.0443 -92.5214
v  -1256.4240 200.3186 -110.4041
v  -1282.1610 261.7353 4.5608
v  -459.3029 190.2048 -337.8276
v  -756.1781 920.6422 262.8569
v  -744.2366 939.2335 374.3296
v  -793.5370 897.7831 294.3551
v  -776.4205 949.0356 511.6690
v  -770.2064 933.1700 393.6419
v  -336.8316 203.1591 -683.8464
v  -361.6688 220.1753 -622.9110
v  -256.8228 156.2590 -751.3301
v  -302.2083 184.7376 -699.0116
v  -287.6786 158.7082 -768.2384
v  13.3141 725.9879 -1064.0980
v  20.2725 707.9600 -1100.6030
v  -161.2807 659.7715 -1085.5750
v  -146.4399 678.3727 -1057.8840
v  -1019.2680 494.2026 -354.9696
v  -1141.9380 483.5860 -333.5295
v  -1135.8760 409.9204 -638.8782
v  -1157.3260 418.4164 -534.0589
v  -1141.1331 495.8144 -549.4523
v  417.2299 321.6987 -1029.7250
v  370.3259 372.1684 -927.5385
v  368.2731 336.7538 -995.5033
v  299.9299 425.2959 -805.9874
v  334.4711 443.1019 -792.9207
v  305.9455 471.8974 -717.7985
v  -210.3205 350.3416 -1148.9800
v  -285.3269 282.4333 -1052.3610
v  -521.6753 345.0231 -666.7004
v  -517.4406 356.5712 -556.6520
v  -1434.5160 432.6446 -371.6382
v  -1446.1210 347.7871 -355.2690
v  -1406.4720 371.2732 -367.8333
v  -1426.6760 305.5242 -393.9295
v  -1242.1290 713.0669 1259.5660
v  -1323.9440 692.0869 1115.5220
v  -359.5700 160.0512 -340.9614
v  -383.2348 94.1680 -393.5481
v  -422.7314 123.6208 -373.9597
v  -355.9599 116.8922 -352.1809
v  -1367.1130 323.9225 2211.2549
v  -1436.5580 261.5020 2212.1899
v  -1386.6920 384.5625 2076.7529
v  -1506.9570 312.9303 1470.3020
v  -1537.4990 357.3606 1592.6240
v  311.5819 32.6065 -277.3038
v  212.2135 46.8699 -279.8100
v  390.8733 25.3590 -271.2549
v  499.6062 52.4563 -240.6507
v  446.8450 40.0903 -226.4084
v  -849.4113 356.5204 1187.3090
v  -817.3354 368.5178 1114.4340
v  -816.5520 380.3927 1216.8979
v  -854.9700 380.5663 1427.5210
v  -1274.3070 799.6608 235.7280
v  -1298.4969 866.7803 176.1212
v  -1231.8459 918.1022 180.1762
v  -1178.8760 845.4014 263.8524
v  -1209.6100 703.0627 1673.7090
v  -1261.1281 723.1456 1593.7340
v  -788.7953 469.5203 1207.0970
v  -794.6760 388.0755 1106.5800
v  -821.6754 385.4913 1158.7889
v  -878.4068 109.2516 1887.5950
v  -865.9196 160.7896 1759.0190
v  -994.2297 161.8146 2189.8831
v  -975.6330 179.0507 2096.0149
v  -1444.2650 553.0664 1743.3230
v  -1292.8831 593.3777 1780.9070
v  -0.3186 498.5923 1002.4500
v  -49.8404 505.6123 1060.0081
v  -77.9293 506.1825 1145.0020
v  -285.0050 978.6336 623.4523
v  -1773.3101 88.8580 1778.0959
v  -1891.9990 88.9074 1999.2260
v  -1849.4139 90.9812 1903.5220
v  -805.5040 405.3266 -514.2516
v  -668.7877 597.2771 -395.0095
v  -747.9120 515.1198 -399.4084
v  -607.0446 451.1403 -452.7364
v  -1076.3430 902.2017 287.4140
v  -1110.6520 892.5364 325.6900
v  -1024.2970 890.7595 353.5884
v  -970.8353 938.4605 157.8345
v  -1018.3270 923.5662 226.2362
v  -991.0338 947.3519 270.1001
v  -1045.9440 11.3838 -525.7742
v  -1103.6281 25.6913 -537.9486
v  -1091.9740 6.5548 -580.1584
v  -918.1910 17.0813 -550.1500
v  -582.8256 57.7058 -439.9234
v  -1630.9100 359.0049 180.7889
v  -1577.6840 440.0720 194.8679
v  -1632.6379 393.6503 229.0583
v  -1682.1060 328.5102 231.8510
v  -255.1016 52.8509 1037.0031
v  -213.3804 69.1578 1059.8950
v  -401.2736 73.5327 1023.3970
v  -480.7402 74.7777 960.9501
v  -499.7252 74.3717 991.6493
v  -569.9428 42.5836 948.6796
v  -577.4633 201.1053 640.1489
v  -632.4688 208.0667 864.8654
v  -1738.5350 44.9266 -496.3596
v  -1761.3580 52.1314 -445.5492
v  -1691.1210 68.7316 -478.4420
v  -1655.9880 107.1829 -467.1778
v  -1703.9160 73.5372 -521.1926
v  -1062.7280 407.2610 -1123.4030
v  -1019.4950 399.2596 -1144.9270
v  -926.0922 399.4251 -1141.5070
v  -964.9431 529.8773 1031.6899
v  -981.8729 609.9182 1274.7130
v  585.8871 181.5605 -1344.4960
v  561.1287 221.7870 -1283.9490
v  531.3783 161.2386 -1334.8220
v  -1130.9580 353.3866 -942.2354
v  -1137.0250 371.5012 -832.4355
v  -1124.7720 398.9124 -667.7244
v  -1147.7140 380.4368 -729.2764
v  149.1944 416.8165 524.1860
v  67.6917 425.0769 508.6974
v  114.9043 428.3563 548.6436
v  -110.3545 405.5218 487.5179
v  -21.4836 381.3015 525.7456
v  -15.7521 415.5611 496.9765
v  -547.0157 356.7232 2233.7439
v  -595.2387 396.3927 1921.2010
v  163.9231 272.7170 -1406.7140
v  48.8771 341.5993 -1345.8020
v  -580.8019 1235.1820 498.8167
v  -464.3436 1290.3101 402.1082
v  -362.9090 1309.3210 410.8061
v  -1667.8669 431.6943 1245.7710
v  -1619.5210 404.3090 1107.4449
v  -1579.0220 394.4735 1029.0630
v  121.6591 750.2230 -1083.7939
v  267.4445 798.5165 -959.2007
v  239.4631 773.7399 -1017.8900
v  -1796.3820 216.2743 187.7031
v  -1882.3370 298.8397 69.7222
v  -627.9278 501.6885 -1072.2240
v  -570.8167 425.3696 -1031.2419
v  -1010.1680 65.0565 -516.8811
v  -880.1061 43.0260 -504.4856
v  -188.7272 919.6201 -269.7343
v  -170.7018 870.1648 -136.8926
v  -199.3395 500.4153 1756.7460
v  -159.8041 532.8623 1693.6150
v  -164.7580 519.9286 1780.6680
v  -261.4441 501.7069 1878.9540
v  -200.4116 491.6360 1830.0439
v  -231.0052 460.4080 1874.5770
v  -168.0520 527.2347 1631.8950
v  -130.5719 514.5472 1638.2130
v  -124.7974 528.7587 1724.1639
v  -119.8005 509.4891 1491.3010
v  -149.7008 503.5275 1420.0540
v  -164.2158 614.3406 882.7755
v  -19.1700 627.0998 671.8984
v  -114.4556 623.8915 852.7310
v  -95.1170 595.8544 694.0600
v  -441.7983 71.4610 -132.7780
v  -1092.9041 22.1579 -883.7419
v  -1045.0551 22.2555 -907.8401
v  -1085.7889 23.1713 -824.4348
v  -1019.8140 11.1478 -980.0668
v  -920.1795 12.2310 -989.4048
v  -983.7164 8.0724 -927.4531
v  -533.9598 366.2984 170.7969
v  -597.4819 424.8672 119.1125
v  -449.9145 382.6415 187.1711
v  -465.9980 376.4518 133.7511
v  -1054.3831 33.8205 -831.1002
v  -1081.5800 56.7228 -747.8744
v  -1093.7400 69.3533 -678.8313
v  412.5805 223.2513 -375.1479
v  439.8427 230.8057 -377.2835
v  267.1696 482.6044 -692.2719
v  -462.5081 568.2427 -1061.3060
v  -532.5624 650.7758 -1035.3490
v  -707.3751 601.3846 -1042.1660
v  -516.6361 717.9029 1065.5770
v  -385.6971 681.3440 1096.0680
v  -1146.4630 310.8335 368.2797
v  -1063.3850 340.7373 400.8934
v  -1135.0880 309.7687 338.8220
v  -1255.2830 270.4126 310.7659
v  -1273.1790 276.2891 351.2034
v  -852.8381 822.8539 -37.9525
v  -870.8765 803.0142 -155.2444
v  -793.4457 862.5449 28.6507
v  -823.3820 855.3964 102.3547
v  -609.2589 202.4647 599.5346
v  -510.5309 203.6835 319.0340
v  -464.6607 480.5491 286.0230
v  -505.7261 428.1147 345.7285
v  -983.8303 477.6840 -277.8880
v  -1090.8250 441.9013 -234.7518
v  53.2200 675.1085 514.1771
v  75.4582 726.5118 383.7883
v  50.8011 690.5265 706.3605
v  -479.3041 544.5651 -111.4138
v  -528.3900 582.6446 -135.3107
v  -1539.9290 295.0977 671.2272
v  -1545.6899 331.3835 742.9965
v  -1123.5389 500.1860 356.6400
v  -1140.6040 538.1630 616.0583
v  -415.8822 96.5686 -20.1866
v  -380.5743 65.7070 -197.6157
v  -379.3716 23.5047 -177.1927
v  -395.8685 85.7069 -104.7952
v  -346.4062 1292.3250 245.7731
v  -1169.0970 576.9661 57.7246
v  -1096.6050 598.8585 -27.2167
v  -1091.0490 638.3306 94.7856
v  -1579.9840 259.3733 183.4003
v  -1248.9041 76.2360 80.2066
v  -1233.9611 37.2752 171.2219
v  -1283.5260 78.4644 203.3071
v  -1296.5260 60.1501 104.4620
v  -287.5040 62.4655 -814.7519
v  -262.3288 42.3471 -839.9733
v  -297.2178 62.0358 -733.1615
v  -140.0894 14.4782 -898.8204
v  -214.8443 22.7128 -862.9205
v  -238.2947 32.8024 -910.3568
v  -327.2344 707.7497 -332.2533
v  -531.1786 656.1956 -335.5417
v  -565.5590 623.0506 -386.2363
v  -465.2903 653.5060 -379.9401
v  -924.8961 523.8042 1375.5950
v  -950.6686 547.5165 1482.9919
v  -968.0921 542.9764 1430.8960
v  -363.1051 643.3730 1694.1591
v  -1230.6331 390.3676 -0.9770
v  -1301.6960 263.7764 23.6216
v  -1075.2791 1041.1650 1028.7310
v  90.9402 230.1744 -113.6036
v  -103.8461 250.5769 -89.7751
v  -251.4885 239.6671 -69.3280
v  -188.4027 956.7491 496.3715
v  -468.6501 836.2168 315.6686
v  -151.1250 929.9612 353.9792
v  -64.1500 953.5318 -819.5002
v  22.8569 933.3240 -870.9492
v  -1449.7540 386.7858 1701.4790
v  -1416.7200 405.6369 1827.2080
v  -1278.2380 400.8025 1679.3560
v  -473.0286 393.7017 1761.8240
v  -583.8944 464.3219 1768.2159
v  -449.1954 486.6007 1794.7610
v  -276.5750 124.4321 -818.3102
v  -297.0758 131.4266 -793.5173
v  -306.2610 90.6337 -848.8225
v  -235.8025 123.7508 -808.8730
v  -974.2730 57.4990 974.6458
v  -911.6956 21.6578 1015.6390
v  -891.7934 117.0422 994.6504
v  -983.3741 98.8044 958.5010
v  -1737.3149 258.0034 210.8212
v  -445.0877 513.8985 -390.5350
v  -343.3727 548.4313 -352.0591
v  -269.6475 278.2305 976.5843
v  -575.3737 254.4293 885.8091
v  -260.0681 254.8232 1061.7220
v  -480.1441 303.6233 176.1146
v  -525.2482 240.4721 337.3342
v  -558.0897 262.6362 234.6144
v  -1245.1360 496.0862 -372.0727
v  -1200.3560 552.1005 -387.3644
v  -1232.5640 545.5625 -354.8246
v  -1313.8660 455.8583 -362.4720
v  -1180.7000 61.3967 -150.9092
v  -1175.2330 54.4095 -279.2523
v  -1152.0940 37.7601 -368.9417
v  -385.1732 22.8072 -356.0215
v  -378.1785 54.5015 -296.3287
v  -429.0916 42.9830 -264.2465
v  -377.6579 63.9240 -244.2701
v  -409.8652 74.3835 -151.5271
v  -418.8490 48.2809 -187.1643
v  -230.7384 918.9232 -684.9436
v  -189.8108 953.4890 -686.5421
v  -203.9925 951.0237 -631.6426
v  -206.8488 904.3958 -581.0610
v  -178.0859 995.7623 -533.6269
v  -201.8370 981.9819 -499.3586
v  -1235.0861 5.2133 881.7989
v  -1243.8750 173.1582 843.3357
v  -1070.4160 158.2435 917.0427
v  -1065.8600 217.2293 886.2791
v  -1277.9871 105.8589 872.1725
v  -1384.2830 370.2992 -402.2582
v  -1415.0950 341.9193 -352.4161
v  -948.6357 800.8785 -233.4437
v  -1084.9600 901.8585 -161.3868
v  -864.3168 727.1115 -304.5942
v  -831.8121 691.0397 -314.2712
v  -909.5262 698.4933 -348.1564
v  -966.0228 668.0837 -380.8857
v  -918.5904 661.2716 -399.6861
v  -990.7154 634.2072 -9.9515
v  -1052.3640 624.4738 -24.2952
v  -947.6906 696.3846 -8.3953
v  -931.0441 623.3589 -4.5735
v  -1310.3929 898.8116 1243.0560
v  -1352.3380 976.2224 1228.5300
v  -1229.3990 871.6320 1264.8409
v  -547.4655 855.9005 -645.3031
v  -675.7028 821.7437 -628.4417
v  -788.4776 778.3055 -607.7900
v  -890.0681 685.8364 -565.9224
v  -397.6219 273.0371 -767.0553
v  -425.3364 309.4481 -659.8564
v  -459.2986 298.1205 -713.3530
v  -477.2333 334.6595 -645.1210
v  -492.4088 347.1967 -575.5020
v  -567.3346 409.0706 -474.7318
v  186.6179 804.1870 -801.9926
v  175.5016 721.4790 -670.6190
v  -1108.7330 384.6739 340.0152
v  -1003.4690 409.7845 396.2254
v  -1218.8390 350.5179 320.4183
v  269.6514 411.2298 389.0801
v  269.8624 410.8002 301.2407
v  241.9466 427.4761 356.4001
v  226.9139 413.1765 463.5898
v  -695.0185 367.0550 354.7468
v  -750.2971 363.7154 415.9684
v  -483.6989 409.4958 342.5092
v  -576.4877 347.6350 347.2802
v  -581.5967 355.6000 301.7564
v  -1424.3510 209.3755 2281.3291
v  -1364.7271 214.3727 2281.6440
v  -966.9869 744.9807 -387.0596
v  -933.9164 728.0425 -452.6260
v  -975.5963 729.7258 -447.2498
v  -881.0517 723.5469 -530.4092
v  202.0524 840.4042 -643.1661
v  211.6580 832.7791 -702.6766
v  173.5065 816.1408 -729.7715
v  222.1907 824.0262 -800.4326
v  -357.4160 732.0731 -373.6280
v  -417.8886 753.8490 -461.4129
v  -907.7303 896.7307 1280.4180
v  -924.6989 986.1985 1151.7159
v  -875.8550 928.0103 1239.0389
v  -593.9257 301.1783 319.2540
v  -641.9078 308.2712 349.6735
v  -630.2209 322.2069 343.5785
v  -719.7296 344.0371 356.8956
v  -622.9922 274.5173 394.3990
v  -1887.8960 94.1736 2053.9709
v  -1856.5310 120.3014 2095.2749
v  -1891.3960 96.6540 2110.8740
v  -1857.1990 135.2165 2060.3540
v  -1250.6479 978.3312 1314.8450
v  -1379.6860 1022.4270 1208.4750
v  -1326.2350 1011.7520 1247.2810
v  -561.2900 483.0624 -346.3029
v  -594.7352 510.1322 -317.2912
v  -526.1744 498.8234 -281.5379
v  -553.9077 436.8036 -341.2922
v  -491.4974 433.9574 -274.1440
v  -846.6478 467.2863 1090.7750
v  -915.3894 484.3817 1173.5551
v  -902.6171 505.1719 1220.1100
v  -913.2495 511.4249 1312.0500
v  -1765.7810 503.8208 1603.0601
v  -1798.1710 480.4080 1560.8290
v  -1804.1630 481.7550 1637.4360
v  -1723.6960 516.3376 1661.3929
v  -1261.8220 911.5752 939.9578
v  -1265.7531 889.4664 853.2093
v  -500.6417 384.1784 -968.0574
v  -394.2531 234.0368 53.4379
v  -293.9011 272.5344 143.5150
v  -359.7844 216.3110 19.2927
v  10.0382 147.1319 -743.8588
v  -1616.4449 117.7595 1483.1880
v  -1602.5400 249.9322 1562.0570
v  -1577.9611 230.6038 1451.9301
v  -592.9643 730.3864 153.7984
v  -581.2963 712.7930 76.8727
v  -52.5837 160.2110 1117.2120
v  -146.1095 158.2120 1086.0530
v  -10.0004 173.1811 1148.1350
v  22.6506 129.0705 1118.2670
v  56.1017 156.3744 1152.8170
v  -353.2043 166.6045 1064.2600
v  -454.6893 145.6139 1036.6910
v  -460.6541 60.4145 963.2302
v  -348.3456 14.8254 957.3503
v  -1900.3070 26.0955 -68.2302
v  -1876.4950 11.7847 -194.1351
v  -1943.9449 12.9167 -52.9494
v  -1922.7850 34.1866 -7.7046
v  -930.5108 399.8999 1614.8030
v  -968.1793 385.8926 1711.4449
v  -947.6219 391.1785 1636.7090
v  -975.2050 377.5798 1605.7450
v  332.4136 352.3517 -37.1336
v  267.4006 444.8771 -100.8895
v  275.3412 435.3405 -1.2537
v  329.5157 370.1416 -7.7137
v  -768.0234 582.4850 1522.7990
v  -697.5541 610.3381 1404.2050
v  -777.8144 536.8694 1320.4600
v  -1446.8280 513.4584 733.5199
v  -1311.0129 18.5723 804.9204
v  -1409.8380 25.6924 873.1366
v  -1397.3770 20.3005 808.1274
v  -1440.1240 18.4777 872.5374
v  -376.0088 175.5686 -87.9938
v  -413.7381 168.0538 -68.5689
v  -432.6661 174.2445 9.7773
v  -970.1089 375.0055 -1162.2469
v  -917.0734 401.6053 -1163.5750
v  -762.7157 462.5872 -1117.8770
v  -715.6988 1033.3590 814.3084
v  -742.7746 1029.4630 756.5089
v  -668.3706 1059.6680 806.3719
v  -714.8086 1032.0330 780.3763
v  -729.2054 458.7745 1773.3240
v  -359.6207 247.3936 -585.8279
v  -389.2775 264.8526 -829.0646
v  -379.8699 279.1439 -787.0500
v  -666.7154 616.1894 1074.3990
v  -638.0380 618.1924 1137.1460
v  -649.4661 625.1555 1188.9930
v  -613.0865 590.5345 968.4675
v  -654.1819 598.8743 993.9704
v  -635.6195 576.6495 904.8414
v  -903.6451 717.1832 -243.7989
v  -885.4756 766.6849 -255.8523
v  -16.0631 348.6224 583.2565
v  -21.8248 337.0340 821.2081
v  53.5611 332.9798 565.3839
v  -584.0833 185.6176 2372.3359
v  -647.5496 261.8719 2317.8159
v  -648.3574 180.0423 2378.2419
v  -346.9019 194.2730 2501.8081
v  -472.6807 195.2880 2446.4509
v  -439.5619 193.2387 2475.0449
v  -305.3562 117.9396 -1087.1260
v  -255.9946 97.1953 -1147.9399
v  -1133.0780 15.6170 -496.0899
v  -1074.3000 16.8869 -452.4594
v  -1137.3110 34.2004 -437.8854
v  6.7495 233.2748 -112.8768
v  144.2754 843.4589 -334.6446
v  142.0449 890.1130 -329.4660
v  160.3170 883.7637 -394.2188
v  199.6780 905.3572 -363.8128
v  -26.2575 494.5101 -1089.4410
v  10.4741 76.2802 1127.6720
v  -19.3761 44.4982 1085.1100
v  100.4821 36.3803 1131.5341
v  54.0434 75.9535 1199.7570
v  116.5458 96.9383 1206.3920
v  73.1168 111.3274 1267.0640
v  -89.9472 754.0468 1203.3850
v  -115.1028 746.0408 1247.9480
v  -155.4714 778.7915 1210.4750
v  -3.4078 710.5394 1145.9030
v  -75.7496 723.3146 1215.6580
v  -69.4295 737.1830 1179.4150
v  -633.4313 222.3472 1157.2679
v  -621.9007 202.3702 1082.3260
v  -690.7783 226.8406 1234.0470
v  -1070.0730 494.1276 -237.3050
v  -1118.0129 477.2191 -164.0544
v  -1084.5890 494.4359 -80.1013
v  -593.0266 439.2412 -415.0345
v  -555.4625 422.0134 -448.0349
v  -631.7234 447.9853 -333.6521
v  -507.0263 473.8024 -443.7740
v  374.4381 136.4845 -323.7165
v  420.0888 104.8136 -427.6552
v  -726.4850 1000.3100 579.1829
v  -734.5641 980.5902 500.2779
v  -728.6204 1013.7500 658.2627
v  -772.9022 975.2047 642.0403
v  -257.3367 157.7191 2486.2820
v  -273.4754 125.9228 2526.4199
v  -227.0124 165.3928 2408.7090
v  -530.2398 494.6728 566.1874
v  -509.8431 528.6019 600.1459
v  -503.9047 470.8419 502.8281
v  -1526.9200 204.6770 -360.2398
v  -1558.9650 143.7756 -378.9953
v  -1672.9449 187.5202 -343.3337
v  -809.0596 394.4407 837.1890
v  -897.8779 422.4060 742.0233
v  -894.9525 465.6505 961.5212
v  -843.2579 423.1950 939.3698
v  -243.3230 334.5063 481.6093
v  -843.4040 611.4293 -11.5266
v  -947.9012 636.7305 -43.6345
v  -718.6590 540.1599 30.2794
v  -784.8825 558.8740 -2.2150
v  133.5278 512.9219 45.5382
v  153.8436 557.9377 95.7421
v  -316.0536 1097.0909 -271.3849
v  -188.7675 1010.6500 -451.6593
v  -781.6966 659.8774 1422.0400
v  -842.5992 746.3822 1418.1160
v  -708.8955 263.8414 1149.7900
v  -660.4745 215.5493 988.0274
v  -661.7848 222.2324 921.9075
v  -820.2468 203.6005 1001.3080
v  -721.1891 226.1671 1303.8810
v  -801.0550 215.6677 1390.3530
v  -796.3892 149.6724 1334.4050
v  179.7951 915.0480 -318.2798
v  197.3656 898.0873 -443.3986
v  194.7992 863.2554 -539.7510
v  -109.4601 590.2441 734.8236
v  -216.2975 572.0017 692.2046
v  -516.3243 446.8145 11.1737
v  -594.5205 412.7578 89.4990
v  -542.0081 400.0780 91.4695
v  -1520.8250 285.1773 667.4695
v  -1505.4720 250.9546 519.4091
v  -654.9151 317.6076 513.5000
v  -698.4118 377.0710 592.8624
v  -707.3622 334.4525 555.5035
v  -701.0878 309.6962 505.0405
v  -777.7323 325.4843 484.3459
v  -706.0665 314.5579 463.4496
v  -1073.4390 593.8605 -410.8693
v  -1057.5210 624.7281 -388.5329
v  -1031.1260 610.6849 -424.8415
v  -953.7571 638.7906 -434.0633
v  -386.7371 689.4000 1432.1541
v  -306.7761 656.9233 1571.8311
v  -1237.7760 199.6288 -73.6227
v  -316.0498 383.9015 392.3221
v  -357.8770 344.8801 425.3395
v  -386.6756 318.3744 378.6331
v  -1033.0710 615.3568 1755.2500
v  -1074.1840 597.6875 1811.1630
v  -1110.0770 619.0870 1788.1160
v  -1156.3101 480.2879 -447.4837
v  -874.6528 171.2348 1819.7581
v  -812.5999 279.3272 1819.4460
v  -910.7159 143.0784 1778.3510
v  -886.3591 163.4437 1849.6460
v  470.2364 283.1159 -1170.1410
v  430.9821 294.6785 -1090.8900
v  -246.8083 1042.2910 656.7698
v  -226.9248 1171.4900 665.7081
v  -1079.2939 110.9136 -687.7595
v  -1037.2371 152.7231 -810.7974
v  -1062.7371 64.8442 -767.2958
v  -1142.5010 142.8972 -552.0146
v  -447.9664 896.9532 -686.0673
v  -331.1448 919.5063 -711.7279
v  -364.8194 905.4135 -692.9730
v  -271.5656 935.5960 -670.3352
v  -737.1460 972.7050 1039.2930
v  -706.1281 950.2532 866.3071
v  -202.5685 867.2159 1137.2321
v  -305.3936 1004.6850 966.4687
v  -780.4067 327.5754 345.0104
v  -854.1179 339.2543 342.7314
v  -852.5098 337.8076 278.7616
v  -923.0075 341.5949 336.7263
v  -204.7586 49.9439 -732.6490
v  -560.4890 358.9585 345.6174
v  -385.4344 433.1373 377.8907
v  -409.1418 392.0034 391.2014
v  -289.6738 428.0742 422.8173
v  -251.4115 494.4035 -616.2738
v  -188.4407 486.9164 -739.3771
v  -300.0778 448.2941 -736.1725
v  -886.9451 372.6235 1711.1689
v  -814.5400 416.9344 1740.8420
v  -893.6250 407.7094 1774.1190
v  -963.6575 384.0462 1644.7950
v  -927.8419 402.2866 1704.9910
v  -964.6566 367.0159 1691.0590
v  -1502.9760 21.2452 36.2079
v  -1838.9390 61.9843 -312.2936
v  -1814.5330 55.2881 -398.0476
v  -684.6627 650.8412 1321.8781
v  -684.8351 645.4407 1256.2670
v  -653.1935 630.8384 1334.9100
v  -685.3698 663.6998 1237.0480
v  -1086.0179 225.3110 2186.4670
v  -1101.7510 232.7583 2288.2871
v  -1118.1290 248.2938 2212.0420
v  -1203.7321 337.6594 2202.2461
v  72.3809 68.0045 893.5684
v  9.3942 12.0298 887.3057
v  122.2053 142.9319 837.2994
v  -1223.5990 728.6457 695.8547
v  -1171.3490 638.5824 443.0523
v  -1147.0740 658.1664 415.3085
v  -1150.5150 542.5189 372.9804
v  -893.2510 217.8059 1573.0350
v  -871.5890 219.7552 1620.9430
v  -913.5488 214.8096 1714.4510
v  -963.8505 216.5920 1733.3280
v  -585.2325 556.4285 795.3229
v  -548.4479 532.1938 666.5197
v  -598.1008 542.3748 718.3697
v  -595.3376 570.9146 856.7887
v  -621.5810 604.5078 951.1389
v  -73.4866 16.7761 -876.5196
v  44.2838 4.6547 -897.9218
v  -466.8035 73.4944 94.2901
v  -539.4590 97.8119 394.8587
v  -513.3475 99.1627 272.8467
v  -504.1565 100.4808 318.8536
v  -1389.7280 653.6021 232.9401
v  -1416.6021 642.2555 273.5065
v  -1498.0540 548.8190 235.1265
v  -1436.2670 603.5944 218.4798
v  201.1547 161.5714 585.4360
v  214.0394 157.3813 652.2637
v  180.7321 162.9607 798.4670
v  249.7153 149.3644 535.6326
v  -103.0557 607.9019 -183.2264
v  -228.4763 616.2205 -231.3733
v  -185.7438 601.7489 -174.9814
v  -129.7135 590.0767 -188.3258
v  -589.2745 168.3197 1004.4470
v  -677.0364 157.3178 969.3162
v  -604.8058 157.7480 1015.1580
v  -412.9753 160.1926 1039.5980
v  -1158.3180 689.9698 96.2702
v  -1119.1660 687.3686 261.7581
v  -1133.2820 692.9798 167.2153
v  -1105.3270 689.6635 193.9919
v  -139.1705 158.8759 1823.4640
v  -66.1119 143.3422 1594.1400
v  -45.9767 509.4012 251.8912
v  -791.1474 325.8509 1908.8960
v  -664.6993 113.8174 930.0765
v  -626.9512 147.1404 984.4910
v  -693.5902 130.9135 920.2196
v  -1316.3640 163.8278 2276.0901
v  -1176.5081 208.8638 2307.4209
v  -1195.2740 164.2428 2308.4490
v  310.4761 108.0495 -1391.9330
v  344.6495 89.3335 -1413.1030
v  254.2163 68.0116 -1426.5649
v  -730.3333 1059.9680 383.0517
v  -742.5161 962.0101 408.0337
v  -752.1165 937.7889 302.4191
v  -750.2702 1017.1130 283.1137
v  -780.4333 402.9982 888.8330
v  -807.4572 427.1422 965.0716
v  -887.0621 489.6942 1218.9020
v  -874.8074 465.6978 1133.9890
v  -105.3244 1221.1429 653.2994
v  -38.7301 1209.1689 602.7348
v  -17.5551 1196.6440 658.0761
v  11.0587 1187.2980 584.9261
v  28.3998 1159.2791 562.6801
v  -324.0374 922.2334 -676.9019
v  -100.2039 503.6288 1349.2629
v  -341.3542 429.4065 -851.7200
v  -419.0641 385.6596 -763.3998
v  -373.0002 420.1798 -718.2990
v  -335.4965 140.1144 -293.3425
v  -389.7612 119.4468 -363.7352
v  -489.0401 97.8761 -388.0879
v  -471.3727 100.1261 -428.7903
v  29.0109 692.9682 825.0770
v  29.8517 692.2734 882.9628
v  -558.8868 105.1281 -890.3668
v  -590.7195 75.4472 -915.1551
v  -539.5408 85.5334 -925.7748
v  -490.9421 104.1441 -886.8941
v  -449.5060 105.8725 -922.9430
v  28.9585 696.8391 1103.4940
v  8.3235 722.9487 1061.8220
v  -58.6257 729.1635 1148.4430
v  -363.8185 212.4583 -352.3608
v  -401.3360 212.3317 -326.2021
v  -347.1102 169.5856 -437.3211
v  -342.6406 107.3841 -579.2532
v  -1699.2271 477.3978 1446.3260
v  -1743.5730 475.4282 1507.6591
v  -1708.5990 446.0098 1429.1720
v  -1726.4630 466.6956 1485.2340
v  -1767.9120 439.7726 1475.0110
v  -1676.5400 537.5444 1716.4460
v  -1570.0840 542.5142 1716.3199
v  -1634.0649 530.9449 1683.0129
v  -1521.6290 549.3719 1685.7820
v  -1521.5909 545.7519 1730.5760
v  -695.6713 898.8068 1082.0100
v  -1158.9320 289.6815 343.7802
v  -1032.2360 329.3301 372.5760
v  -989.1952 356.5871 415.2328
v  -874.4513 354.0133 403.2575
v  -1699.5640 52.7732 2120.1079
v  -1673.9771 138.0659 2154.9561
v  -1710.6240 6.2490 1982.1310
v  -1015.6750 831.5287 1339.4740
v  -958.9507 934.4072 1254.5250
v  -1075.1980 873.6493 1315.4640
v  -85.9766 476.3924 464.6410
v  -32.9696 506.4908 434.9287
v  -212.5319 478.5974 422.5198
v  71.8710 490.8543 450.9258
v  66.1730 490.7995 490.5112
v  153.5824 500.5796 469.1692
v  -754.3369 868.0734 441.3255
v  -732.8443 814.6821 295.7625
v  -311.4350 560.2084 -287.7886
v  -335.7395 509.9346 -255.9478
v  -328.5276 528.4130 -207.3332
v  -634.9312 760.0610 420.7248
v  -633.8038 815.8702 480.0683
v  -618.4747 785.7115 352.4051
v  -394.4273 514.2296 1822.5630
v  -305.5517 517.3097 1843.1990
v  -374.2928 508.6250 1863.0970
v  568.3001 21.4728 -683.4546
v  475.4424 50.4962 -726.8698
v  -1243.5500 487.0179 -370.7375
v  -1223.7531 430.6909 -410.1992
v  -1180.0050 444.2709 -398.8801
v  -1205.2620 405.5201 -438.9606
v  -1194.0300 399.2037 -521.1307
v  249.6030 30.0435 -994.7358
v  -1511.9470 255.3050 467.5059
v  -1476.4240 261.4025 457.9008
v  -1495.7271 233.9739 391.2023
v  -1517.9850 216.2361 368.0701
v  -1519.7629 234.9168 432.2996
v  -623.8010 282.6807 712.5965
v  -652.3818 277.2690 842.2476
v  444.3070 75.4738 -131.8424
v  385.3256 23.2808 -189.0856
v  271.3377 4.1006 -230.1128
v  -1360.9630 81.3507 512.4299
v  -1396.4550 73.4193 595.3865
v  -1376.7371 40.4965 658.9025
v  -1425.4230 58.6021 693.3972
v  53.3127 493.6732 804.2422
v  -4.6160 496.8808 949.7932
v  -78.7068 497.1560 1125.4611
v  -45.0820 494.7784 1022.8880
v  -382.2380 703.9920 -356.5006
v  -281.6142 727.9237 -365.6865
v  160.1870 66.5687 -1459.2550
v  22.5697 35.7719 -1507.3199
v  -882.1220 551.7877 -372.8274
v  -938.4344 519.1786 -354.9995
v  -829.4100 630.9638 -447.5829
v  -952.5612 631.7085 -504.3540
v  -850.3114 558.8204 -400.6885
v  -959.0768 860.9859 -50.3758
v  -996.4146 868.3847 1.4672
v  -824.3456 260.0087 -865.8845
v  102.9579 290.7600 142.2860
v  185.0509 231.6010 -64.8268
v  -358.1823 632.4011 -272.1956
v  -1117.1740 951.0300 784.9547
v  -1206.5920 865.8572 763.6969
v  -815.8654 119.7308 1366.3990
v  -778.8959 119.5560 1349.6780
v  -797.3329 132.3759 1424.6010
v  -834.1790 146.6202 1616.6370
v  -837.4072 133.4040 1457.7340
v  -1468.7350 57.5212 784.4777
v  -470.8313 734.7129 -52.8763
v  -525.9803 729.9162 41.2032
v  -574.0887 702.7616 -2.9741
v  -585.7038 725.8301 104.8420
v  -1179.5439 4.6871 228.9493
v  -1224.9100 4.7978 358.0303
v  -834.9491 310.1011 1259.8361
v  -782.6098 273.2016 1238.8790
v  -936.5645 157.6292 2032.3990
v  -969.8148 176.8085 2045.5900
v  -960.7099 159.0990 1945.3250
v  187.6026 572.3575 -247.2958
v  123.2301 519.2029 -238.2652
v  117.5734 593.7904 -227.6869
v  -4.8647 591.1950 -194.1132
v  42.8039 553.3861 -162.7820
v  -48.2018 576.8986 -172.2316
v  -661.9805 121.6372 807.4503
v  -666.0074 103.8753 767.8804
v  -621.5359 108.8532 681.5715
v  -593.1878 136.1293 585.6157
v  -572.3145 120.4026 524.1065
v  -147.7470 1084.1670 41.1043
v  -1042.1379 441.1659 1573.9680
v  -1302.0020 606.6908 1768.3730
v  -1216.1160 617.0525 1803.4580
v  -1441.7100 66.5507 996.6760
v  -1458.1500 88.8323 1053.9100
v  -1522.3330 91.7584 1126.1860
v  -23.1279 1176.5760 364.0863
v  1.3651 1190.5649 406.3472
v  -37.1774 874.3259 1022.0110
v  -0.4728 795.7464 959.2803
v  -6.0761 753.0026 1017.3560
v  -1169.5920 393.0255 -663.7539
v  -1031.0861 18.9787 -546.7991
v  -1978.2480 75.8636 219.2415
v  -1939.2120 118.6935 244.7628
v  -1902.6260 132.0447 269.8398
v  -1066.0470 567.1178 128.1796
v  -967.2078 589.9761 84.3912
v  -1018.4600 571.8721 58.9435
v  -951.4448 612.8771 27.3645
v  -1347.3900 253.4667 196.6309
v  -1355.0320 249.2054 275.5822
v  -1333.1429 284.2197 248.3998
v  -1342.3040 238.4787 196.6888
v  -1342.6560 268.8879 276.3629
v  -1367.5670 197.9058 241.1670
v  196.2535 587.5557 -459.2928
v  108.3149 531.8489 -414.4600
v  204.3431 568.3900 -496.8739
v  185.8942 627.5033 -589.4963
v  205.3818 601.4429 -504.7914
v  248.9224 559.0438 -535.8792
v  -1636.6450 153.4542 2211.8979
v  -1757.4240 134.9818 2149.5891
v  -1028.1140 206.1938 2324.4780
v  -907.5084 191.5318 2319.3081
v  -979.1588 215.9080 2273.8311
v  -1045.0081 187.6463 2265.4561
v  -1322.9480 158.6034 420.0786
v  -1365.4340 86.1295 516.7249
v  198.4900 394.5867 561.7864
v  244.1379 374.3530 500.6265
v  201.7474 415.9482 508.5362
v  153.1985 408.8025 576.6221
v  -913.9811 781.8640 -295.4402
v  -757.9304 107.6909 1272.4440
v  -786.1845 109.5215 1292.1429
v  -731.6629 62.7357 1140.3781
v  -778.6700 93.2555 1201.0640
v  -1894.6870 3.7804 170.0009
v  -1870.7020 8.1803 75.1142
v  -1941.3140 90.6488 247.1879
v  -1773.7870 123.9147 1876.6210
v  -1811.6689 125.3425 1881.3530
v  -1823.9550 111.5928 1942.8320
v  -1742.4630 124.7454 1803.7850
v  -1730.6801 121.9791 1706.8831
v  -1095.1570 376.5079 -907.6471
v  -1090.2111 469.9433 -890.2605
v  -1105.2300 392.6122 -791.7249
v  -1007.3140 818.5506 347.7903
v  -988.2770 192.0308 2300.9600
v  -1036.2500 186.0171 2241.6201
v  -1015.5950 175.7606 2166.1841
v  -1057.7950 175.9992 2196.7200
v  -1020.0460 163.9920 2098.9490
v  -409.5943 293.5640 -421.1968
v  -392.5388 264.2069 -481.6818
v  -370.4536 238.8316 -544.7435
v  -329.2833 214.5308 -609.4402
v  83.2850 380.7578 507.2472
v  159.8260 392.3462 521.8954
v  82.7357 417.0791 512.5237
v  -1042.8459 2.7295 1637.1920
v  -1495.4430 3.1082 1507.9110
v  -1578.8120 29.1068 1544.7870
v  -1516.9091 25.0835 1412.3440
v  -141.7175 1185.2960 639.3265
v  -139.5467 1232.6890 689.6783
v  -1249.4010 204.2749 -262.3928
v  -1232.7020 187.9455 -361.4514
v  -963.4603 706.5395 -492.3963
v  -989.7730 677.4633 -561.1087
v  -941.7544 703.0394 -518.8642
v  -427.0414 1127.1490 719.2610
v  -483.2306 1125.6860 763.6142
v  -490.1396 1114.0081 736.1488
v  -1008.8340 229.7559 -195.6491
v  -873.8611 506.8737 109.1924
v  -218.1104 36.2289 -1367.8250
v  -184.0289 34.3098 -1449.5330
v  -210.0643 43.4431 -1308.7010
v  -211.6418 32.7977 -1376.2550
v  -764.8123 975.6793 1086.5081
v  -689.4735 960.9581 1093.0129
v  -614.2965 950.3186 1152.0790
v  -89.9256 736.7779 -121.2775
v  -23.5971 815.9391 60.4245
v  -355.3646 16.2761 -450.0550
v  -194.3639 27.7856 -431.9642
v  -363.3964 83.6435 -283.7039
v  -355.2407 40.4243 -345.9205
v  -408.0607 34.9320 -345.5966
v  -669.7985 897.3466 741.0285
v  -702.3295 904.8210 755.6772
v  -662.6950 820.4127 458.3315
v  -660.9825 855.1259 541.6053
v  -1184.8120 44.4140 876.1782
v  -1249.0081 24.6544 874.0774
v  -798.7679 881.1127 172.3200
v  -820.7366 855.6674 68.6469
v  -783.0703 917.7297 248.0714
v  -785.1293 895.6093 215.2296
v  -723.4850 671.3416 1408.4780
v  -671.7307 628.9805 1376.7230
v  -706.2053 606.5978 1410.3669
v  -757.2405 675.9557 1455.4790
v  -960.2192 165.2801 956.1830
v  -1174.9189 120.6906 898.2424
v  -1039.0291 177.8899 953.8347
v  -1588.4020 368.8488 1047.7460
v  -1615.2640 413.6940 1193.7810
v  -554.3899 504.3174 543.8707
v  -572.9285 517.7051 619.3769
v  166.8578 712.8846 -1097.9530
v  192.8799 740.2504 -1059.1740
v  166.3112 743.9922 -1089.9050
v  208.8685 784.2136 -1053.8380
v  210.1947 729.8914 -1048.4290
v  -637.4490 367.0046 353.2732
v  -697.5862 376.8145 351.8248
v  -741.2207 242.2171 2309.4790
v  -811.0600 199.0472 2324.0020
v  -291.9802 829.4423 1202.2750
v  -197.2087 795.4633 1229.5490
v  -952.0350 4.9603 -1054.2111
v  -982.4054 800.6526 101.3038
v  -1010.3160 847.3875 72.1319
v  -1004.5960 891.6120 108.5192
v  -990.8163 755.6761 25.1682
v  -119.2308 607.9098 -248.9456
v  -59.1420 598.5420 -213.9170
v  -741.4950 438.6336 1748.9110
v  -682.8865 442.9989 1757.1169
v  -631.4386 453.6848 1800.8180
v  51.7236 20.4714 -366.7039
v  226.9919 12.0977 -361.0256
v  -687.2061 169.2758 876.9137
v  -657.1594 132.4687 754.0737
v  -584.3687 133.4162 513.2650
v  -642.4119 329.5584 76.0475
v  -488.8057 272.1071 145.0032
v  -471.9700 285.2469 93.9988
v  -501.5261 297.9914 195.0218
v  -548.7380 285.4616 178.8847
v  -331.4994 621.0844 -1054.4990
v  -364.6378 588.3840 -1088.0570
v  -252.0400 626.9073 -1086.5400
v  -627.3910 683.3583 -174.8231
v  -788.0246 754.8322 -157.2131
v  -722.4761 734.6298 -56.0781
v  -48.0272 14.8050 -368.0225
v  -285.9282 16.7288 -425.4974
v  -864.2823 392.8209 1339.3240
v  -892.8812 360.8932 1383.6740
v  -206.7836 983.0797 -592.9354
v  -185.8745 979.9500 -620.0749
v  -655.1954 393.6855 569.4262
v  -679.7289 414.9016 644.5945
v  -702.2911 355.8149 587.2172
v  -740.0072 364.6177 556.6246
v  -721.9861 374.1134 688.7470
v  -1597.3550 143.4597 -361.3072
v  -1638.9950 124.2473 -372.8004
v  -885.0510 93.2456 965.7796
v  -810.5217 121.4684 977.2120
v  -853.2377 137.5352 1005.9930
v  -757.4730 126.1721 1005.8390
v  -717.3235 117.3492 1055.8470
v  -440.5642 1210.9110 -108.9819
v  -331.5792 1167.5530 -131.7050
v  -380.6348 1155.8490 -235.5686
v  -386.6425 169.6068 -151.1869
v  -350.3305 161.0994 -254.8493
v  -341.6730 166.0905 -184.1854
v  -303.5461 171.9842 -245.6882
v  -637.1234 831.5507 488.1851
v  -643.5939 854.9365 581.7952
v  -608.0361 871.0776 547.1455
v  -581.5086 832.6609 404.2912
v  -603.5715 773.8066 276.2454
v  -638.1129 797.8292 354.2672
v  -79.0131 808.2487 -315.2683
v  -82.0275 803.9728 -334.1129
v  -18.8601 814.7971 -277.8115
v  -156.5290 775.8923 -347.7307
v  -142.2131 777.6884 -299.3783
v  -1369.6820 99.4687 888.3865
v  -1296.8680 118.4139 908.3358
v  -1407.5770 76.7020 832.2742
v  -1486.1510 31.0168 832.8854
v  -1453.9530 92.1893 860.8715
v  -1850.9050 105.0890 1981.1440
v  -1895.2590 97.3935 2076.4929
v  -1818.8430 126.9660 2122.3999
v  -66.3748 652.4126 -394.2248
v  -1150.4189 144.9080 -520.8306
v  -1165.0920 168.8640 -447.3422
v  -1211.9120 149.3409 -455.5177
v  -828.6583 234.1596 -269.6028
v  -1120.9570 463.2705 -386.6865
v  -1170.3560 458.8819 -389.2459
v  -1320.2629 267.9720 162.7525
v  -1306.4850 260.7557 271.3192
v  -422.2946 140.4774 1047.9709
v  -1123.4280 865.9349 321.5802
v  -1195.6090 827.4141 318.5156
v  -1164.3590 825.6221 323.4927
v  -799.1597 363.4171 1024.1140
v  -819.0456 361.7426 1066.4550
v  -817.6148 366.7365 951.3023
v  -506.1246 181.5192 2449.4700
v  -587.0989 186.4082 2412.7810
v  -502.7465 173.4756 2403.4160
v  -590.9299 199.0158 2403.8760
v  -477.3799 872.6024 1162.7560
v  -395.7625 865.9100 1161.3929
v  -455.5091 878.3973 1119.4730
v  -408.0294 850.3745 1172.6370
v  -369.4101 851.7466 1134.5389
v  -757.5862 701.7050 -968.3759
v  -392.3540 424.9442 -733.7325
v  -252.8280 479.6407 -799.7326
v  -214.9969 504.7859 -654.1942
v  -571.5671 688.6328 -92.8071
v  -526.6393 680.1779 -170.5459
v  -577.5539 655.3822 -223.5158
v  -517.7157 651.5440 -219.6085
v  -508.0084 588.7716 -277.2223
v  -1667.7710 365.7591 216.5319
v  -1575.1281 462.2548 196.1375
v  -1581.4260 453.2502 244.3693
v  -660.6963 277.1511 -172.9589
v  -640.6278 29.0617 935.0491
v  -738.0357 72.7254 977.6058
v  -658.6488 78.8539 983.6987
v  281.0864 513.1805 -628.5414
v  72.4268 506.2977 685.1105
v  30.8037 503.3326 754.1774
v  -471.5226 392.2144 264.6713
v  -490.2583 403.4209 217.4903
v  -477.9717 376.4424 183.4300
v  -422.0956 346.2760 133.7356
v  -429.1470 368.4532 209.9402
v  -957.2275 210.5065 1793.5370
v  -1079.1240 297.1708 317.4835
v  -1358.2371 359.2404 2163.2639
v  -1718.9690 105.2505 1687.2510
v  -1693.1541 92.6562 1668.5010
v  -1631.1570 91.7872 1504.5110
v  -775.3613 234.5729 1383.0389
v  -795.0107 164.0412 1288.0900
v  -766.3015 222.1460 1371.0950
v  -86.2687 683.0518 -1083.9020
v  -1455.0050 34.6777 -216.7537
v  -1561.1650 129.5804 -329.4442
v  -1490.3120 71.8882 -292.4491
v  -392.1010 423.7443 -242.0617
v  -720.0504 420.9028 -492.5449
v  -569.1940 412.9718 -536.0651
v  -1439.5601 224.7576 837.8120
v  -1386.6820 183.4197 839.1665
v  -892.9133 410.8378 1725.5890
v  -943.5801 407.2197 1749.5280
v  -975.0166 346.3414 1748.9771
v  -529.7892 906.8767 1140.2220
v  -1522.3390 515.6031 215.5224
v  -536.7512 186.8360 335.0070
v  -493.6497 190.8577 314.8217
v  -521.9517 187.5792 427.2114
v  216.4661 380.9254 258.3475
v  11.4317 337.3782 427.8497
v  -369.0755 613.4194 -261.9039
v  -599.1442 660.0905 -199.0114
v  -588.3898 634.7086 -306.3450
v  -568.0173 639.6505 -243.6287
v  358.3557 126.6477 164.8528
v  310.3859 155.4165 299.6121
v  275.1230 164.1115 412.8619
v  244.0969 168.7747 526.8658
v  -159.9483 469.0002 1804.2430
v  -332.9599 27.0186 2219.5420
v  -395.1196 14.7273 2248.4890
v  306.9819 132.3111 235.1877
v  -1827.9590 446.4238 1643.9080
v  -1733.8840 518.1634 1710.5120
v  -1745.7310 506.3026 1661.6121
v  -1080.8719 761.7868 219.6051
v  -193.1337 1007.2170 -211.8184
v  -159.4919 1027.9990 -195.1037
v  -192.0343 1004.3080 -260.3901
v  -466.2650 315.8268 -213.4854
v  -530.7061 364.8270 -119.6164
v  -493.9431 378.5721 -168.0033
v  -538.1270 424.7438 -88.1394
v  -513.9513 392.5161 -205.2523
v  -1755.7710 24.0951 -462.1472
v  -1726.0870 6.9560 -427.4433
v  -1715.7419 33.9654 -489.8570
v  -1663.9460 11.2009 -425.5509
v  -1722.4220 52.4755 -415.5863
v  188.1690 502.6431 15.7322
v  -164.6400 449.2263 1555.4900
v  -164.9853 522.1003 1572.0370
v  -134.4564 514.8698 1577.4150
v  -153.3148 511.5509 1480.4530
v  -990.9486 814.9899 1347.0341
v  -1066.5690 756.0499 1318.5950
v  -736.5436 306.7297 615.6218
v  -651.2432 275.8857 494.4221
v  -1199.3590 61.9699 -269.5248
v  -1217.8640 79.9387 -149.0557
v  -676.8615 830.1349 739.6445
v  -652.2603 787.5754 862.6187
v  -1102.2990 504.5063 -10.5770
v  -1729.6510 299.2902 197.2016
v  -929.3078 828.1086 -156.0623
v  -887.4860 780.7168 -198.2907
v  -942.6230 787.0308 -200.6834
v  499.7517 139.6980 -1371.6580
v  543.6359 192.6763 -1322.2140
v  -1574.5811 210.8931 -352.4215
v  -1532.6860 236.6110 -351.6104
v  -1494.3790 274.0303 -366.0060
v  -1465.1890 312.0938 -364.3031
v  -1465.5830 284.5761 -381.5527
v  -1227.1610 47.1419 844.8326
v  -14.5622 701.6092 -1044.8070
v  -24.5366 698.8870 -1090.0389
v  -907.0589 292.0852 1042.6570
v  -1528.4980 723.2756 65.3037
v  -1397.2321 840.0015 66.1346
v  -106.4687 15.1570 -979.3065
v  -194.1401 71.3699 -1001.6100
v  -1427.0120 66.0396 2192.3860
v  -1074.4810 40.2663 909.4445
v  -932.2932 77.4213 945.9402
v  -80.5185 39.9868 1492.4250
v  -88.1690 3.2043 1241.1121
v  -1081.8199 52.0876 -803.2172
v  -1110.1270 76.3958 -717.4260
v  -1213.8800 383.3215 -29.5510
v  -165.8868 155.2359 -1306.6379
v  -242.7424 81.7537 -1241.2870
v  -256.5007 64.6565 -1178.7430
v  94.5606 25.6063 -914.0787
v  211.2570 70.3267 -893.1186
v  -738.2634 86.1074 1044.9330
v  -767.6599 61.8046 1077.5930
v  -688.9452 106.7680 1097.2650
v  -1544.4550 97.3621 1283.8000
v  -1481.8810 76.1119 1211.4680
v  -1537.3400 93.0581 1215.8700
v  -593.8394 475.0262 -344.5651
v  -572.4809 420.8389 -404.9578
v  -561.7836 494.2799 -322.6579
v  -88.0784 1012.6570 327.4951
v  -115.7973 1118.7350 176.7328
v  -76.7504 588.0507 -216.3278
v  393.2086 24.5563 -776.1521
v  304.2346 31.3598 -779.5869
v  266.8485 7.3908 -819.1709
v  -36.5939 950.5380 -474.8506
v  63.1207 925.9527 -353.5417
v  -496.3123 395.4714 -198.9908
v  -495.8330 384.5907 -257.7744
v  -1030.3400 346.8372 -1176.3350
v  -1099.4810 297.3791 -1120.5350
v  -1090.9940 353.6037 -1054.0800
v  -1097.3820 568.5101 1784.3290
v  -1175.8669 618.8735 1794.2880
v  -1056.2581 572.5888 1753.6689
v  -921.0464 499.3006 1241.5460
v  -1371.2720 495.8206 580.7499
v  -1286.0210 473.9657 481.1532
v  27.1120 457.2930 -266.0343
v  -784.6838 40.5030 -965.6835
v  -696.2182 65.7040 -931.5264
v  -700.1285 67.3194 -968.3404
v  -668.5811 95.3513 -940.2192
v  34.6068 399.0436 663.4274
v  -1514.6560 294.7840 555.5354
v  -742.7447 569.3835 1145.5460
v  -736.0248 713.6905 -515.2795
v  -562.8717 831.8609 -629.2051
v  -661.8181 814.1194 -588.1487
v  -483.0849 382.6725 122.7787
v  -519.2213 409.8959 113.3372
v  -496.5464 410.0881 108.9912
v  -493.7303 369.2761 85.5434
v  468.7945 17.4258 -667.6995
v  495.4955 131.5211 -542.8986
v  500.0592 67.4400 -588.3113
v  542.3649 87.8230 -622.3430
v  -370.6890 87.4584 1026.3979
v  -137.2058 10.7141 -1457.5940
v  -30.8280 4.9537 -1515.9430
v  212.2954 501.0443 -72.8394
v  66.3665 575.4543 -162.3150
v  -177.2915 168.1836 2065.7649
v  -271.2868 298.2625 2082.0859
v  -211.3914 179.5325 2093.8369
v  -1277.2800 224.3767 -100.8051
v  -1969.7180 55.2869 166.0378
v  -2003.9871 35.7666 215.2689
v  -1975.0580 4.3957 152.4634
v  -589.1047 1014.1960 774.5876
v  -516.9850 1091.0320 755.2736
v  -577.2943 964.6112 722.3499
v  332.2992 372.9356 67.9986
v  355.1531 342.3156 -25.1230
v  -630.7875 1146.1240 712.6520
v  -1272.0050 527.8528 231.6712
v  -1243.6140 580.2850 204.2276
v  -1312.8010 609.0909 221.4518
v  -1237.2760 552.3979 182.4591
v  -1315.9420 72.6884 869.1850
v  -1280.0170 123.0580 921.3881
v  -1257.8390 64.7917 912.2854
v  -803.7454 994.2790 -154.0504
v  186.8711 500.1003 -51.5974
v  193.3393 480.4626 -112.1431
v  -103.8862 53.1431 -1466.3600
v  -61.0434 68.4175 -1449.9301
v  -1672.8210 446.5932 1379.1780
v  -580.9894 400.9121 87.5114
v  -608.1792 359.4591 148.7027
v  -548.7311 359.9382 130.4952
v  -591.3104 394.6237 137.5501
v  -1548.7070 360.7108 935.2920
v  -98.6120 17.3314 -896.3629
v  -50.3899 38.9531 -854.1001
v  133.1460 564.1069 -219.5991
v  172.9471 605.7708 -260.2559
v  494.7986 85.6618 -203.9766
v  476.6311 89.3059 -147.1589
v  415.8528 49.1546 -240.4303
v  448.4727 67.6742 -186.7381
v  -990.7943 296.2043 -1087.4100
v  -970.7269 269.1258 -939.3048
v  -1093.8190 677.5887 274.6584
v  -1097.7271 697.9092 299.8546
v  -654.3611 208.1330 806.2462
v  -608.0249 198.6482 733.4908
v  -622.9718 195.6001 799.0966
v  -649.1555 215.0964 769.7549
v  -644.2177 216.7179 812.9626
v  -330.0014 122.0228 -332.0916
v  -333.2843 156.2974 -224.2906
v  -797.0909 30.6612 854.0477
v  400.9370 269.8917 -283.0725
v  -1938.9091 27.7937 36.7321
v  -649.1458 628.0386 1253.6260
v  246.8198 398.0880 444.1812
v  238.4194 420.0537 360.3842
v  -848.9545 414.7856 502.0459
v  370.1888 284.5669 -983.6697
v  -1028.1121 629.5244 1593.2240
v  -219.7482 983.2346 -453.3233
v  -518.0124 409.3002 -468.9109
v  -458.0285 341.4264 -602.3762
v  -793.6660 365.7133 885.9277
v  -810.8690 383.0302 816.2558
v  15.3795 1197.9990 571.4477
v  40.1364 1206.1760 505.3982
v  -1127.6660 385.9206 -490.4648
v  -1032.2400 350.7607 -532.3920
v  -403.9928 63.9620 -255.1195
v  -411.0485 74.0386 -196.6677
v  -1150.0710 763.5154 396.8195
v  -1179.4969 805.1193 517.6589
v  -1001.0630 481.9122 1521.2280
v  -963.1345 563.1977 1541.6160
v  -991.6993 565.6027 1518.2950
v  -876.4522 709.7075 -335.3560
v  -876.0532 667.4041 -356.8705
v  -852.5333 670.9885 -342.1042
v  -24.0828 609.7428 -155.2049
v  -128.1670 590.5133 -155.5325
v  -270.9637 490.0186 -85.9081
v  -189.9765 594.4080 -174.1734
v  -144.7627 544.3023 -119.3140
v  -732.5992 495.1856 1727.3311
v  -692.8868 560.6835 1689.5520
v  -1836.6260 235.2560 -348.8065
v  -1463.9700 73.1225 1035.3420
v  -1513.0270 76.0767 1051.9410
v  -1465.3149 21.7663 939.6918
v  -1458.4630 46.6792 982.5209
v  -170.2190 1043.8950 -169.7177
v  -178.3640 1023.5940 -258.3577
v  -161.2546 1004.2470 -304.6365
v  -203.7353 1001.9710 -338.0114
v  -111.0345 872.5423 -989.8689
v  -74.1097 713.3564 -1056.7550
v  -629.4221 718.8461 12.8202
v  -602.1856 699.5709 -41.4990
v  -600.4654 686.4590 -115.1846
v  -368.8353 88.6836 -902.4285
v  -665.7107 493.0386 86.2187
v  -236.0028 296.7733 -1128.4000
v  -184.8992 283.7533 -1233.3030
v  -1819.8070 35.9143 -248.9587
v  -1789.1630 31.1282 -343.4401
v  -1753.7780 17.9625 -299.8357
v  -1754.2570 40.6656 -351.4402
v  -1270.7531 534.1199 -351.5959
v  -1302.5930 512.3353 -372.7658
v  -1237.2500 547.3884 -369.3898
v  -1894.3770 6.1070 -95.7554
v  -1849.9950 4.0673 -258.0799
v  -1045.5811 904.8562 313.8443
v  -1025.0750 922.7698 259.5138
v  115.2572 636.9125 166.8321
v  124.8261 614.2340 308.9307
v  196.7136 821.9380 -829.5194
v  -231.2172 480.0756 -80.2291
v  -1017.2240 22.1271 -700.7820
v  -1043.1479 78.8270 -669.9914
v  -202.5362 47.1533 1049.9650
v  -31.9251 48.8807 1051.0480
v  -59.9652 74.9655 1083.5959
v  -285.0602 158.0657 -1033.2450
v  -2.0615 493.2213 883.3832
v  -526.4771 31.4451 632.4685
v  -480.0147 26.3747 428.7418
v  -1240.9780 337.1491 310.5059
v  -1157.9930 377.9603 369.6531
v  -1317.7590 218.1586 325.5563
v  -1254.8800 274.5346 350.4831
v  -1161.1190 300.8315 409.6116
v  20.8413 697.5899 949.3417
v  2.0661 727.7161 978.4017
v  2.6660 732.1859 922.8737
v  -340.5749 120.1719 -576.7231
v  -329.8867 74.9986 -661.1310
v  -282.6288 73.8548 -645.5475
v  -281.1055 55.3395 -710.5042
v  -1238.4850 56.4289 -49.7904
v  -1183.0400 59.0737 -203.7647
v  -475.9467 874.1682 -672.9643
v  -479.9549 875.6252 -624.5629
v  -410.5177 185.5229 2448.9871
v  -327.4828 160.2823 2464.2729
v  -345.2696 179.8944 2506.2939
v  -247.5108 170.1740 2410.8560
v  -661.3295 519.6091 79.3967
v  -590.3765 471.8159 85.3865
v  -1139.5270 697.0789 43.4849
v  -1103.3521 637.5075 -20.0119
v  132.2538 593.3813 190.0870
v  185.7991 571.6488 132.7321
v  -396.6343 860.6438 -598.0197
v  -1312.7550 206.7662 17.7245
v  -946.7922 363.0289 1527.0861
v  -935.2496 378.0055 1598.8500
v  -1117.6960 702.7150 143.5178
v  -1087.2061 708.0472 189.6534
v  -1114.0680 707.4268 208.7367
v  -890.4662 355.5319 526.8755
v  -759.8531 338.5506 720.9199
v  -536.2759 481.4535 471.7979
v  -510.3451 486.6314 520.4820
v  -498.3493 460.9361 454.1166
v  -473.3487 437.0879 368.6714
v  -505.7825 460.7757 403.8571
v  -768.8821 556.8677 38.9760
v  144.4341 484.2512 -403.2872
v  -1410.7950 65.9267 590.5036
v  -1401.0100 49.1721 514.0340
v  -1352.2220 69.5650 384.8837
v  -1320.6340 69.9262 293.9489
v  -1337.0010 79.7896 405.5933
v  -638.6490 876.0848 498.6635
v  -691.7559 872.3097 348.2001
v  -850.9550 583.5852 28.5200
v  -331.8109 208.9292 -703.8730
v  -784.7712 343.2124 431.7193
v  -784.5781 140.6299 1409.5250
v  -827.4050 152.2633 1469.1750
v  -800.4275 141.1458 1359.0040
v  -77.1266 1041.3550 406.8704
v  -708.4921 991.5337 859.3052
v  -676.2210 1062.7810 840.6890
v  -491.0199 129.8427 283.1048
v  -443.6157 96.7610 -18.3367
v  -1299.3850 806.2485 1045.2939
v  -1279.3640 856.7151 943.5048
v  -568.6332 667.7545 1317.4659
v  -47.3409 774.2904 1193.4860
v  -280.1586 196.8911 -214.8081
v  -229.8751 196.3751 -217.6966
v  -443.5388 424.1396 398.7510
v  -472.2101 438.0829 414.0940
v  -556.0039 395.6606 372.0887
v  -415.5486 62.1930 983.7452
v  -422.0247 27.0643 1010.0430
v  -939.1075 759.3000 -345.8525
v  -166.0829 399.3046 455.8699
v  -148.6171 354.3523 485.0012
v  -933.5391 42.9509 -504.8297
v  -549.4155 91.8371 -400.2303
v  -488.2376 428.4537 304.0364
v  -460.8163 397.3619 276.1470
v  -1413.8300 177.5482 304.2513
v  -1486.6250 178.5485 278.7371
v  -1465.3030 212.5031 337.1644
v  -1485.3979 219.4381 401.9599
v  -1745.4830 81.0209 -466.5937
v  -1642.1580 150.2536 -395.1034
v  42.7795 48.8729 1101.7610
v  -755.4653 357.2057 489.3709
v  -776.2122 360.7170 583.8124
v  -697.0344 339.6665 563.1348
v  -749.7560 385.1458 679.3906
v  -720.7075 385.2967 634.4780
v  -728.9285 402.1649 716.3950
v  -1144.7690 568.2500 -403.0425
v  -1184.3660 584.8538 -377.2927
v  -1215.7230 855.5620 696.7590
v  298.1341 410.3816 200.5316
v  -753.9952 945.7283 884.8295
v  -754.6325 935.5027 951.8403
v  -766.5821 953.4059 941.8456
v  -710.4478 949.3128 932.7144
v  396.8346 307.5046 -1082.5850
v  330.1272 359.8820 -1186.5220
v  319.8932 385.5556 -1136.6160
v  -1133.0840 346.7947 -1035.1260
v  -1091.5460 368.2922 -1001.4800
v  -770.8853 138.8232 981.6884
v  -793.8316 198.7584 1012.9990
v  -737.7677 198.8127 1027.2900
v  -432.6347 72.8539 -37.5961
v  -1153.8020 779.4053 522.4194
v  -1143.4510 758.7618 440.8835
v  -597.4108 500.4281 -1106.8030
v  -628.8043 510.2204 -1075.2010
v  -547.3793 540.0535 -1070.8890
v  -691.0412 484.6985 -1086.2830
v  86.6575 649.4157 545.4093
v  -1536.3890 394.7399 872.8192
v  -1515.0380 365.3271 771.5840
v  -1553.9340 344.9104 825.6119
v  -298.6022 301.5164 -391.4732
v  -155.0482 1274.2030 604.3773
v  -450.0782 1118.6780 -410.0185
v  -1039.4170 195.3382 2200.7429
v  -999.0410 183.3469 2130.7041
v  500.9772 159.0286 -494.2578
v  528.1361 116.9767 -555.9722
v  -250.6741 1147.1100 -18.2362
v  121.0243 176.8763 958.6415
v  149.4728 154.9728 911.5908
v  -1372.1580 20.4214 855.5628
v  -1351.4800 996.4644 1127.8831
v  -1308.1560 949.3089 1007.9970
v  257.5551 41.7644 -1318.9750
v  -1654.0060 597.1895 1614.7629
v  -1328.7050 977.6317 1122.1490
v  -956.4664 340.7413 390.9409
v  -992.5399 350.2256 439.2186
v  -1081.0640 504.2595 -103.2620
v  -931.4896 191.8883 2360.4460
v  -1032.1720 189.4500 2330.0779
v  -510.8236 274.4375 569.0828
v  -371.4225 301.2891 459.3757
v  -1603.6591 414.4479 1141.0460
v  -1647.6890 385.3663 1149.7650
v  -1584.0400 609.6956 1280.4900
v  -554.5884 150.1844 980.1174
v  -457.9451 155.0528 999.4697
v  -1014.4790 22.7821 -977.6098
v  -143.2385 192.8114 1124.6689
v  -294.4788 153.9287 1038.7419
v  -952.3983 622.9984 -24.8894
v  -1057.8170 594.7642 -48.8142
v  -988.8605 615.2584 -14.2787
v  -1189.5940 412.2527 -589.5151
v  -634.7121 28.3903 516.1961
v  -654.9836 807.4081 467.6741
v  -444.6886 312.9196 -417.7947
v  -465.9633 255.9356 -122.6344
v  -1189.9440 516.5711 -315.7048
v  -1146.4530 477.6828 -215.7427
v  -1258.6490 505.2081 -351.4788
v  -1062.1560 328.3722 -1135.3300
v  -1327.0601 418.4443 -391.5917
v  29.3755 127.3973 1292.9940
v  -640.8580 376.8206 301.9799
v  -674.2801 370.7054 409.8582
v  -1202.9170 606.5677 1808.0000
v  -1100.6130 587.7579 1834.0389
v  -793.3323 720.7280 1439.0410
v  -748.1216 679.5645 1458.5389
v  97.2425 152.8660 1140.9580
v  72.1088 140.2666 1207.6550
v  91.4613 168.7476 1075.0800
v  417.4723 259.0571 -273.9427
v  424.8514 201.7509 -392.4972
v  -166.6995 508.8815 -893.1355
v  -202.2100 524.7852 -976.4022
v  -446.3848 333.6881 -583.1822
v  127.0094 883.2437 -248.8540
v  44.9337 853.8933 -272.0587
v  144.6019 866.5225 -244.7469
v  107.3028 882.1694 -285.2549
v  -92.8245 702.0934 1170.4510
v  -774.5855 945.4911 378.0122
v  -491.3476 453.2892 125.5301
v  -511.7870 493.2791 132.7845
v  -935.9424 676.5811 -837.4196
v  -360.4305 256.1730 -830.1947
v  -342.1144 225.8475 -887.0408
v  -933.1279 743.4795 -364.6975
v  -821.7932 731.3433 -300.3641
v  -1812.4750 414.8833 53.2545
v  -1809.4969 263.6294 135.6419
v  -430.9543 267.9406 359.8550
v  -406.4996 279.9510 325.5522
v  -346.1460 588.3975 788.8987
v  -767.0547 404.7161 813.3400
v  -1808.2209 182.0687 -356.6644
v  -683.1328 217.2396 1169.5640
v  -672.5803 174.2112 1091.1830
v  -228.6214 596.4472 1574.4200
v  -178.6715 542.1581 1628.9900
v  -892.4734 26.1403 -995.9595
v  -762.3583 34.5454 -1001.6860
v  -935.7756 64.3477 -921.2980
v  -843.2631 58.3139 -966.3759
v  -1404.3490 585.2041 -367.2182
v  -996.7646 26.3641 -515.9897
v  -946.9769 10.7301 -547.4969
v  -887.2584 33.6284 -493.2477
v  -882.1348 8.9310 -484.7639
v  243.0899 57.0206 -277.3287
v  -1114.1479 329.4535 1903.6090
v  -1055.4590 315.6246 1787.6410
v  -730.0084 986.7130 1118.6310
v  -805.4977 945.6233 1123.9070
v  -328.5588 1265.9550 157.4059
v  -621.5945 19.2023 1028.6960
v  -704.2822 87.8118 1197.1260
v  -650.1390 40.3665 1075.1400
v  522.0477 175.9921 -1307.5500
v  44.2004 671.9486 570.6506
v  -74.9104 571.8311 590.5754
v  -3.3113 625.0557 582.9145
v  -396.1681 595.3890 1768.0190
v  -835.5639 378.1362 370.1881
v  -826.4280 376.6576 413.6941
v  -920.8354 393.8380 365.9334
v  -519.3459 302.6418 250.8424
v  -499.1607 286.6260 145.6997
v  -208.4015 952.6668 -689.6204
v  -242.9635 921.3325 -709.7112
v  116.6007 906.7800 -529.3992
v  153.4735 868.9145 -480.1224
v  -449.0009 328.7761 147.9960
v  -438.7154 315.7189 -5.7919
v  -1433.8149 198.9612 2236.7510
v  -1446.5330 216.5465 2261.7510
v  -693.1454 370.5859 280.8770
v  -731.1174 373.1467 364.2648
v  -705.8652 356.7497 299.0801
v  -736.7498 957.8533 445.1675
v  -939.5376 432.3285 282.5499
v  -952.4283 481.2299 183.1568
v  -446.1411 306.0498 -519.5768
v  -397.0156 255.3513 -551.3886
v  -696.9547 135.1373 896.0840
v  -701.0616 100.7792 881.3264
v  -668.7449 129.7424 855.2054
v  -332.1963 150.1051 -760.7599
v  -344.8604 114.1918 -818.7242
v  -1029.6410 478.8732 -363.4804
v  -679.3495 208.0569 1010.4310
v  -683.5214 193.0984 1084.3730
v  -702.2020 229.5321 1063.3860
v  -826.5717 664.1750 -500.9078
v  -236.8268 181.8988 2376.7620
v  -1752.9871 111.5118 1839.2030
v  -1751.1710 72.2133 1905.4840
v  -1777.8101 90.4994 1855.4871
v  -1597.1810 132.0884 -390.4085
v  -1444.9370 38.8405 902.9821
v  -266.9003 59.7568 -855.6989
v  -228.0766 38.1226 -862.2287
v  179.5344 179.9677 776.7825
v  -485.8978 372.8866 -250.4214
v  -1458.8010 53.4307 748.8978
v  -1471.1541 31.1401 699.5712
v  -1448.3330 36.1747 640.6915
v  -805.9447 840.6241 -50.6367
v  -202.0148 159.4273 -681.8513
v  -644.3687 359.4162 328.7957
v  -761.4637 67.8883 991.5198
v  -718.5726 61.2405 964.9712
v  40.9093 566.3287 325.3935
v  -1160.5320 42.6047 921.0028
v  -1055.3390 77.9975 941.2921
v  -1490.4969 38.8813 755.3400
v  -1473.4041 67.5778 763.7738
v  -1222.7920 44.8435 -261.9568
v  -212.1870 150.2736 -311.6209
v  -745.2930 440.2126 1783.0900
v  -688.9523 443.8267 1791.2540
v  -763.3500 919.1122 209.7931
v  -942.9841 842.3504 -51.6002
v  -1542.3110 651.6354 1284.6400
v  -457.4980 1023.7560 805.2017
v  -1671.6210 152.1413 2188.7681
v  -1563.2581 370.4264 210.0161
v  -887.7924 640.6593 8.8587
v  -862.8908 604.6548 8.6157
v  353.1834 52.9547 -250.0636
v  -148.4131 36.2881 -382.8708
v  -7.5471 43.5735 -332.2785
v  -872.8323 453.4152 1050.5050
v  -841.0715 436.8130 1028.6890
v  -614.4973 612.1299 -358.0894
v  -617.8274 523.4360 -422.0931
v  -1061.6560 219.4760 2110.7720
v  -1101.2260 234.2080 2111.5779
v  -1111.3831 254.1730 2149.6360
v  -965.2672 821.5838 226.6956
v  -885.3538 828.1652 207.2017
v  -509.0272 264.4731 418.7111
v  -543.4183 252.4600 300.6390
v  -535.5670 217.9066 345.4203
v  -515.3450 261.7867 376.0305
v  -1214.6429 203.8202 2346.8311
v  233.8902 578.3713 -473.1323
v  362.1523 162.7985 -988.3026
v  -1313.2180 919.7473 946.0720
v  -538.7693 644.8231 -158.5347
v  -549.9756 657.1464 -104.0948
v  -619.2646 145.9983 741.8727
v  -919.5582 1006.3680 930.0140
v  -469.8627 198.0623 167.0383
v  -247.4435 456.4925 411.6192
v  -223.5670 442.7372 440.9070
v  -1156.1591 434.3765 -453.0301
v  -1054.2990 364.8755 -474.9008
v  -1777.6030 516.5057 1686.4590
v  -1820.6960 440.5903 1698.5980
v  -1797.6960 482.0995 1632.6970
v  -36.4723 488.8239 441.3785
v  -585.5067 241.5075 369.8756
v  -588.5060 314.3027 315.6346
v  -1586.8040 391.0697 1066.9390
v  516.1828 217.9371 -1282.8600
v  473.0798 241.8393 -1242.6851
v  -889.4619 688.3325 -315.7471
v  -1005.9380 642.2465 -409.6392
v  -699.8570 371.9556 243.0382
v  -670.5895 346.5890 329.4259
v  -200.9588 51.4957 -1194.6960
v  -157.6007 19.1089 -1125.5790
v  197.6128 339.4838 570.8167
v  213.1897 385.3507 518.0954
v  14.3747 349.4601 449.5167
v  -1690.1040 224.8974 1752.7159
v  -1896.8420 105.2171 2002.3740
v  -887.9468 417.8032 -1121.2920
v  -821.7213 442.4616 -1108.4330
v  -858.8269 431.0809 -1150.6560
v  -321.4173 154.6664 -1026.0420
v  -302.0567 203.1147 -980.5682
v  -294.1565 336.1452 -1002.1970
v  -900.8694 757.5638 1431.2800
v  -779.9923 709.6157 1434.9139
v  289.0273 70.0046 -1410.4590
v  221.6790 55.6220 -1413.9370
v  319.3283 237.1695 -1398.6530
v  268.2119 194.8975 -1408.0699
v  322.1934 397.2315 -882.2157
v  391.1934 134.7139 -1386.9050
v  -562.1405 539.5634 652.2254
v  -1159.3510 932.0519 1310.4220
v  -661.6162 238.5722 1337.3311
v  -753.6771 979.0406 573.7786
v  -1578.0880 99.3327 1273.4150
v  252.4970 29.8150 -313.1805
v  -674.6451 921.0843 -567.4097
v  -844.0280 714.3797 -581.5085
v  -756.6248 778.8422 -595.3549
v  37.7578 502.5956 -321.8377
v  138.9239 527.9236 -390.7650
v  -453.4451 26.5902 302.3962
v  -471.8041 115.6698 215.9613
v  -712.0443 348.7577 404.4423
v  -1399.2100 1021.4170 1271.5500
v  -1440.1700 996.0809 1259.3860
v  -996.4268 228.2882 1822.3199
v  -1205.1630 242.0796 2373.2939
v  -237.2638 792.2785 -398.0242
v  -1293.2650 877.5915 -132.4131
v  -617.4952 467.0523 -352.6812
v  -623.6381 472.4586 -274.6647
v  -900.0072 11.2697 1360.3690
v  -794.1332 47.8890 1142.6530
v  -600.9315 126.1685 640.2406
v  -543.2962 114.1876 432.3637
v  -453.4162 294.7515 332.5415
v  -429.2250 320.6219 366.7266
v  -391.3629 307.6219 413.3008
v  -317.4286 354.8976 425.4025
v  -709.7498 385.5481 -1049.1820
v  -759.7629 448.5074 -1093.2670
v  -703.9449 464.3738 -1077.0380
v  -291.0538 214.1196 -513.9422
v  -373.1210 310.3759 779.3135
v  -1291.0090 591.9758 1739.3960
v  220.0426 231.0515 -691.2144
v  -897.7159 7.2675 -562.1432
v  -838.0463 416.6822 938.8762
v  -1259.1150 469.3900 -376.7117
v  -739.5244 146.7798 -917.2195
v  -162.0236 59.5548 -857.5322
v  -157.0438 539.0428 -623.1063
v  -232.3451 545.8148 -487.8277
v  -52.3812 774.2230 -353.6483
v  -652.7153 404.5663 79.5820
v  -625.9578 343.7367 125.1265
v  -781.5046 336.5801 244.1761
v  16.9858 714.1345 799.3494
v  23.9198 707.9912 716.4368
v  -821.2606 517.5923 1456.9871
v  -811.1654 471.2512 1330.6219
v  -1106.9280 865.1965 304.2419
v  -989.9893 602.6656 1647.5850
v  -1007.0030 606.0966 1702.7570
v  -257.1584 564.1754 -219.2352
v  -331.3271 524.1042 -244.0793
v  -386.2233 533.6421 -254.1661
v  -1096.0850 508.3381 -215.6780
v  -760.3298 316.7772 1129.7090
v  -790.1374 369.3202 1147.3580
v  -1106.1510 605.8238 118.5219
v  320.8558 388.6740 50.9594
v  -1493.5649 253.1831 -392.3839
v  -746.3857 956.3905 1004.2370
v  -1911.2510 43.5070 2124.4180
v  -1881.5940 116.2628 2136.7810
v  -1917.9670 72.5526 2095.3579
v  -1311.2061 66.1394 224.2489
v  -1134.7970 559.2790 -41.8393
v  -1064.4180 645.9807 -32.6638
v  -675.6644 144.1002 994.4375
v  89.8494 190.0706 -1439.9070
v  -364.9567 54.2394 1013.3080
v  -312.9485 52.9100 1012.3470
v  -1863.6030 157.1328 197.6333
v  -1896.1000 130.4195 218.9419
v  -1872.4611 152.5658 235.8523
v  130.4892 78.5376 746.6631
v  167.4322 158.0525 693.5051
v  91.2634 28.3532 733.8149
v  -1035.2020 568.1240 1773.8740
v  -1078.4410 535.3390 1783.5260
v  -333.1481 636.0838 -218.4595
v  -16.0802 728.2653 -1058.4740
v  -17.1840 830.2239 -1032.9020
v  -982.7667 905.1044 79.1403
v  -994.6818 905.0422 64.5665
v  -253.2008 34.4023 -1308.3760
v  -256.0126 23.8205 -1390.7600
v  -249.0389 44.8901 -1325.7250
v  -562.8918 441.5807 -8.8742
v  -550.5488 404.5084 70.1319
v  -518.0773 410.2147 -101.7033
v  77.1273 52.9240 -1441.4480
v  96.2936 28.9149 -1484.8051
v  18.1388 39.5639 -1457.6490
v  -104.0294 129.7587 -1436.7000
v  32.0296 65.4234 -1467.7640
v  -291.7786 195.8479 -757.9388
v  -226.3072 143.9551 -743.2401
v  -678.1548 320.4280 -980.8138
v  -635.9251 385.0717 -1027.0330
v  -928.8746 504.6898 1032.3230
v  -1478.0880 82.0000 1019.5630
v  -705.4390 244.7540 997.4262
v  -1156.0200 391.8677 364.1653
v  -1252.9950 355.0132 355.4046
v  -430.7261 66.8060 -91.1351
v  -430.3820 82.1339 -118.4997
v  -394.1043 93.4690 -124.5700
v  -399.4377 211.4816 -479.9806
v  -100.9406 1180.8270 643.5977
v  -1156.3180 36.6158 -481.3482
v  -1168.6150 54.9469 -433.1738
v  -1015.0630 929.0951 310.0298
v  -816.4434 554.8163 48.1725
v  -146.2979 1216.3530 694.3397
v  -283.7051 635.7935 -1079.9580
v  -430.4084 97.5418 -912.6339
v  -637.4467 61.2667 -916.8864
v  -1246.1360 763.4522 238.3323
v  -94.5980 1107.8110 136.8008
v  -133.6619 1095.5620 133.6619
v  -115.8652 1113.9910 112.0522
v  -1148.4800 43.5520 -393.5938
v  -1108.4399 83.0416 -431.7693
v  -1074.8850 658.8591 1330.0861
v  -675.6658 768.1110 -544.6397
v  -315.7547 107.3411 -362.9651
v  -322.8682 144.8923 -312.4081
v  -1271.3311 281.1131 260.9659
v  -126.7020 12.1197 -1531.2791
v  -171.9625 44.8574 -1485.8510
v  -203.3556 41.3539 -1463.8120
v  -183.5371 51.8385 -1542.1910
v  -150.0677 29.9714 -1500.3540
v  -727.6370 363.5379 472.2581
v  -766.0085 1002.3650 721.2717
v  -726.7387 1004.9370 801.2272
v  -410.4922 261.2370 -505.7408
v  -1834.1100 81.9451 2096.2170
v  31.8597 854.0685 -312.0948
v  -428.7607 324.9975 -653.6528
v  -418.8401 303.8646 -716.5020
v  -937.6730 363.2473 332.5576
v  -889.8481 355.3676 339.7075
v  -907.5622 364.8188 362.9757
v  200.9430 786.8958 -1028.2240
v  214.4616 748.7846 -989.8817
v  232.8146 761.7368 -1027.5660
v  -360.9011 529.8768 1858.8521
v  -282.7755 515.7586 1886.3020
v  227.9938 522.5074 -752.8488
v  -1401.1169 662.6256 233.5475
v  -1458.1591 609.8775 244.3710
v  146.7712 374.0709 290.0406
v  247.2616 389.1094 212.2510
v  71.2373 368.1665 367.1424
v  62.3448 583.9957 -203.7913
v  95.0997 552.5766 -198.1957
v  70.4582 537.0754 -173.8158
v  8.6040 562.1888 -218.8605
v  -915.8998 157.1461 1876.9540
v  -881.5693 159.5721 1714.2700
v  -1130.3990 191.6968 2370.9919
v  -750.7790 376.5742 507.9191
v  -656.9338 876.0509 662.8321
v  -1242.8580 890.5554 858.6529
v  -679.3560 334.5297 297.6883
v  -707.1674 324.9592 362.9928
v  -129.0888 575.1066 -195.3560
v  -248.9450 610.2443 -239.8564
v  -744.3827 171.8701 1078.7770
v  -712.3071 158.0333 1144.0330
v  -258.0287 126.4963 -1135.7900
v  -1219.9370 819.0753 253.9709
v  -387.2359 167.4688 -144.6932
v  -871.9683 894.9924 -361.1010
v  -311.1471 72.4812 -878.8950
v  -351.2888 114.9018 -864.6686
v  -410.2695 114.0592 -870.1082
v  -233.6060 83.2564 -843.4573
v  -1403.8409 756.2686 169.2328
v  -687.0134 806.9338 -763.2380
v  80.7586 507.4032 -234.0495
v  -620.7886 718.1536 73.9786
v  -613.7888 708.3157 91.7502
v  -658.2931 960.6182 887.3288
v  -398.1529 19.0937 24.3049
v  -367.8080 5.9732 -122.7434
v  -1653.0630 232.5307 2124.9819
v  -1656.1500 151.6171 2160.0630
v  202.2902 865.9227 -254.2068
v  139.9649 514.6005 537.2182
v  109.6653 490.4843 550.2586
v  -138.0786 35.9361 -1443.0990
v  -303.7501 196.5011 -247.7466
v  -284.7960 140.3265 -308.4196
v  -1175.6150 737.9178 -374.7811
v  -1335.0770 253.8559 136.1753
v  -882.9636 341.7509 447.8473
v  321.0083 138.4312 282.6641
v  308.9755 142.9043 346.0842
v  -792.2637 645.2355 1466.1570
v  -743.7283 627.8675 1423.5950
v  -1357.5250 586.8014 1711.6660
v  -1210.2000 309.9045 -261.5603
v  -741.8013 102.7678 1195.8030
v  -746.9239 71.1677 1129.2510
v  361.8947 57.6804 -251.8391
v  -1645.6520 191.2925 1600.5470
v  391.8510 130.6089 -87.1713
v  -290.5186 76.2738 -772.9813
v  -0.4433 488.1306 465.8710
v  -943.4958 378.6342 -1159.1860
v  -752.0030 402.5203 749.3436
v  46.1386 494.8413 725.9906
v  64.0435 517.9059 748.5756
v  242.4018 485.2159 -87.9333
v  231.0129 467.0428 -141.1278
v  166.8569 494.0065 -114.9746
v  -844.8760 424.5506 801.0687
v  -973.1670 471.7599 717.6688
v  -718.8822 665.1144 1370.8090
v  -1216.1240 194.7409 -9.6333
v  -520.7859 681.5710 -213.5884
v  -423.9094 682.6106 -243.3563
v  -509.0045 110.9524 243.0323
v  -482.8845 83.9935 188.8998
v  -368.4050 42.0926 -393.3108
v  -407.7026 30.4223 -426.5071
v  -170.5026 475.7119 453.2581
v  -525.5450 658.4968 1123.7400
v  428.5877 89.1645 -115.6762
v  463.9798 99.2136 -138.1441
v  -828.4566 385.5066 1277.8490
v  -1181.2510 138.7837 -527.7302
v  -722.8524 7.6060 1458.0229
v  -1357.4590 568.5543 1723.1000
v  -506.5759 367.4258 1737.0950
v  578.9470 86.9076 -656.4388
v  549.7951 65.2634 -661.7491
v  530.5013 6.3509 -718.5677
v  579.6467 46.0988 -691.5730
v  603.1049 23.4769 -702.5923
v  115.8640 490.2195 -24.3596
v  171.1661 528.1686 -15.5186
v  -264.9072 498.5922 -614.0861
v  -437.3633 268.4770 -169.0618
v  -476.1849 281.2064 -32.7841
v  -970.4464 735.0016 48.9811
v  -293.3166 179.6300 -749.8065
v  -1839.1639 10.3438 -49.9961
v  -1853.2460 34.3693 -155.7158
v  -1800.8879 16.1688 -233.3670
v  -352.9058 847.0231 1180.5800
v  -190.1432 807.0267 1228.8550
v  -121.9353 771.0480 1229.1110
v  -705.8528 344.8639 537.5236
v  -700.8329 314.1995 514.2282
v  -223.9851 170.9608 2134.5811
v  -215.2708 158.1718 2185.5271
v  -227.6272 151.8138 2310.8191
v  -607.9568 295.1639 641.1447
v  -1905.1110 26.6253 -27.4788
v  466.6120 139.7707 -1368.4360
v  -1050.5900 15.1613 -581.0629
v  -1148.6920 423.8193 -439.2281
v  201.9151 21.6974 -798.4861
v  -634.2124 580.5182 884.3222
v  -617.1904 569.7400 792.5337
v  -74.7246 4.0303 -919.3349
v  -1705.2970 442.2295 -320.2330
v  -633.7975 175.0145 1054.6390
v  -671.6895 135.4466 1071.7650
v  -688.4805 555.0640 29.4295
v  -1382.4160 139.2175 -190.2309
v  -1426.3300 98.2766 -246.3130
v  -686.5717 918.3339 855.3448
v  160.7333 605.3921 -284.6368
v  -981.5681 197.2262 973.1291
v  -502.7536 206.0690 390.9346
v  -1152.3030 570.0569 -365.9962
v  -566.8807 443.1634 -268.2208
v  -227.3716 41.4921 -382.5457
v  -150.4032 13.3443 -411.7625
v  -847.6028 428.3754 1780.9670
v  -362.6606 291.8961 388.6440
v  -566.1917 207.4592 959.8864
v  -177.5739 504.3656 1806.3300
v  -135.0002 516.1047 1768.1110
v  -204.4984 479.0392 1848.8770
v  218.9532 812.7429 -964.2427
v  -1187.3979 192.0224 -400.5739
v  -1064.3500 443.0839 286.7566
v  -1052.8400 75.1104 1909.3270
v  -1128.3950 732.4771 323.6952
v  -1094.8690 712.7553 299.8683
v  -1072.0540 585.3608 1829.2620
v  81.1462 132.6419 994.1434
v  -1901.3210 195.8631 140.0809
v  -1717.7860 450.1284 1422.7469
v  -1620.5811 303.4063 -353.0141
v  -418.8235 262.9458 -733.6240
v  -1181.7520 610.9146 117.2204
v  -666.9844 792.8459 342.3919
v  -26.0746 494.3960 1073.9659
v  -1069.6600 317.0061 -1181.2159
v  -807.5017 367.3267 1264.2770
v  -835.0070 379.7176 1322.3340
v  -1662.4250 110.8781 1624.0780
v  -865.9176 144.9189 1687.6860
v  -864.1777 137.5379 1543.3680
v  -393.1457 220.3585 -44.5606
v  92.8071 516.4953 674.0606
v  95.0636 509.5587 606.5950
v  -326.8466 86.0686 -351.0389
v  -1926.9220 41.6622 216.4789
v  -1959.0410 41.0323 167.5222
v  -500.3389 299.2162 259.5768
v  -1374.9640 388.3007 -374.3215
v  -1220.8719 262.3620 396.5259
v  -139.2895 1100.7260 110.5026
v  -1497.1880 276.2047 568.8661
v  -110.6633 481.1852 1200.7220
v  -1479.0380 65.2908 1169.9320
v  -1363.1121 10.2102 1133.0530
v  -767.5200 787.3893 -564.4758
v  -710.2464 803.4958 -583.8667
v  -1120.7570 628.1431 -102.9001
v  -1077.9730 587.1571 -45.2520
v  -1151.8149 681.5223 23.2876
v  -725.3898 536.9153 -6.2243
v  -559.6557 652.5537 -352.4565
v  -690.6683 870.9775 657.2670
v  -1425.3680 233.0078 363.2032
v  -1392.8680 178.1436 324.1987
v  186.2025 47.9342 514.3812
v  -381.8868 225.4815 1096.3020
v  120.3859 3.6713 -1340.2290
v  102.9724 44.5149 -1436.7330
v  -1769.2500 50.5525 -504.9984
v  -1734.7600 12.3073 -458.5009
v  -437.9870 109.9183 -375.4539
v  -741.3884 424.1716 -467.5628
v  -714.4105 218.7503 1017.7270
v  -640.1414 192.8182 1025.3420
v  -65.7118 645.5164 892.3491
v  -1270.4840 355.4849 59.4063
v  -1026.9170 21.3441 -861.3218
v  250.7369 726.9259 -1000.1310
v  -341.3145 919.7341 -659.5843
v  -1071.0790 134.3850 2318.1331
v  -16.4856 866.7604 915.2300
v  -162.9382 1000.1900 -616.2945
v  -180.6646 988.2455 -696.8148
v  -176.9612 964.5569 -733.4579
v  -471.0808 52.0179 328.2849
v  -1618.0510 151.2210 -365.3345
v  -385.6524 352.0305 397.8557
v  -329.9148 358.9351 398.5945
v  -284.9757 342.8990 435.7225
v  -222.2164 385.9065 436.1279
v  -159.5751 512.6209 -740.7239
v  475.1388 17.9721 -760.8594
v  -636.4481 51.6588 -819.4269
v  -649.3386 20.6995 -842.4208
v  -573.3884 26.1198 -707.6180
v  -129.4218 513.9589 1351.2030
v  -81.7676 499.8032 1269.0060
v  -193.0258 792.2091 1186.4360
v  -1768.8340 362.0215 116.2643
v  -1759.9600 248.6053 197.0703
v  -644.0942 461.8621 137.8415
v  -606.7073 392.5348 251.6398
v  -548.3677 435.6950 -398.2968
v  -953.9982 124.0155 968.6040
v  -1666.3480 354.0027 190.3474
v  -1785.9080 205.3732 188.7122
v  -74.5192 13.9807 -1064.8571
v  -1364.2390 10.1699 770.5799
v  -832.0999 349.6469 615.4229
v  -205.8573 366.1288 472.5513
v  -126.8655 377.2300 495.9284
v  -338.9499 1143.8280 691.9771
v  -279.4862 1167.3540 679.9974
v  58.1106 443.5935 501.7401
v  -966.2652 897.5389 346.5310
v  -624.1798 556.4793 818.7043
v  -486.3129 351.7917 113.6335
v  -1145.1400 553.9081 18.5772
v  -1379.7450 55.8514 452.4088
v  -1366.3320 85.6238 416.5364
v  -1451.2120 75.7354 875.1516
v  -1466.1851 6.6394 849.0150
v  -369.3845 101.6861 1002.4760
v  -399.9146 231.6814 1084.7260
v  -428.5150 357.7837 382.3717
v  -1050.1660 847.3135 1326.0580
v  -1117.6021 879.6956 1346.8630
v  -810.5923 29.0493 -968.8058
v  -824.7751 12.3274 -1019.7790
v  -109.2396 556.9915 -579.7182
v  -766.2607 12.0312 -509.4779
v  -1111.0110 796.8477 215.2791
v  -1180.2480 65.6795 887.9617
v  -1053.9000 88.2628 919.9557
v  -545.1281 414.1205 -495.6775
v  -772.2679 372.9995 210.4909
v  -850.9500 368.0489 278.4286
v  -714.7824 387.5623 348.9709
v  -1309.2900 303.5665 309.5328
v  105.8674 620.5977 251.3057
v  -431.4392 331.7393 -367.7616
v  -1160.3560 44.7328 -527.4243
v  -634.0882 714.2650 -484.3817
v  -18.2170 1224.5950 464.7781
v  -271.7556 925.5331 -747.0399
v  -900.7014 799.4264 -212.9750
v  -1378.9301 181.4372 784.0501
v  -1728.3700 34.2044 -413.3679
v  -562.8746 609.6040 -285.5150
v  -506.9358 615.6969 -240.1597
v  -1189.3970 86.9499 909.5156
v  -1437.9880 269.6875 -319.4917
v  -1680.0750 427.6894 1467.0439
v  372.3286 329.7395 -1020.4780
v  -1008.4560 881.6825 52.3311
v  -597.2863 637.8105 149.0266
v  -784.3425 582.6637 -370.0786
v  -1516.8170 274.0033 547.5748
v  -1574.1410 448.2735 224.1094
v  -1275.9520 193.5170 -97.0684
v  -1306.5660 212.1661 -14.9399
v  -1373.9010 575.0665 1757.9060
v  -1393.4470 572.1944 1745.0310
v  -852.2379 373.2709 1266.2590
v  -854.8131 360.3177 1322.1100
v  -465.2995 628.3082 -238.9566
v  -217.0077 855.0862 -298.6668
v  -344.3095 230.1927 -761.3839
v  -279.2688 195.4104 -656.1421
v  -893.2383 629.4467 -399.3575
v  -876.3367 629.7388 -342.2074
v  -593.5374 525.1234 -290.9099
v  -507.9723 432.0405 -53.8159
v  -553.6122 442.7829 -19.8991
v  -998.5268 583.9011 1542.7841
v  -431.6137 964.4806 1056.4570
v  -217.6216 948.1311 -590.3986
v  -455.2040 292.1223 50.7145
v  -411.9376 275.7081 -771.7685
v  -1225.9730 47.6090 902.7455
v  -1079.8860 484.8235 -134.9970
v  -1331.4709 240.2113 54.2153
v  -921.2798 170.6619 1972.9080
v  -209.9509 969.6884 -461.7224
v  -683.5848 919.7089 506.5258
v  -247.8964 547.1539 -126.7682
v  -233.1161 651.1808 1166.4900
v  -120.5710 548.2184 1131.0081
v  263.6225 417.3188 189.6720
v  275.4400 413.6558 254.3203
v  -939.4326 549.6750 -417.7520
v  -952.3476 531.1751 -372.4452
v  -744.0914 319.2572 533.8553
v  -331.5572 703.1287 -366.7573
v  -518.3503 46.0058 1002.0570
v  -1246.8550 83.3735 51.5143
v  -1031.2280 694.7615 -31.2016
v  -1006.3170 736.6937 10.5938
v  -1010.0390 558.5081 132.1746
v  -1274.8690 1035.9840 1123.2841
v  42.0512 454.9164 552.9159
v  343.5763 143.5175 -757.1191
v  296.7957 37.8364 -778.6290
v  268.0331 92.8713 -792.3579
v  -677.6336 664.0685 -451.0892
v  -1113.0920 38.1180 -753.5687
v  -1364.7321 208.1250 276.4456
v  -2013.6801 83.7683 260.2419
v  -2057.5291 14.8926 261.3571
v  -1601.0050 112.5302 172.1728
v  -782.1456 323.3136 404.4586
v  -185.6622 1015.9700 -144.3227
v  -497.3555 879.0513 -626.9412
v  -972.7794 44.3236 -969.1825
v  -908.3463 402.5033 1491.4520
v  -316.2664 130.9208 -839.0994
v  -545.1826 125.0076 406.5304
v  -869.7045 640.9766 -300.9380
v  -108.0571 38.2418 -834.6078
v  -63.5040 836.7806 -312.2702
v  -918.4477 377.0522 1217.1479
v  28.9208 671.2803 -430.2948
v  169.7504 554.3818 50.1339
v  -588.8063 477.5888 1799.3420
v  -880.8671 61.4783 -952.9527
v  -552.7382 898.0522 1108.8521
v  436.1256 194.4837 -449.7964
v  33.8709 333.0795 374.6426
v  -15.6702 363.2609 426.1637
v  -1498.7780 137.0828 153.5013
v  -755.7458 1002.1330 583.4621
v  -1091.9490 294.8824 -1207.6490
v  -1278.7410 980.2381 1262.5699
v  -1421.7970 1023.1310 1226.4611
v  -297.8205 168.8184 -328.5502
v  -1059.2791 29.3487 -983.1628
v  -1037.6130 40.5247 -1057.7130
v  -1009.4080 20.8389 -1031.5820
v  82.8226 16.7298 -1481.1190
v  -1126.1700 764.3444 422.8760
v  -772.6232 375.9775 227.4381
v  81.0859 486.8089 -14.7215
v  -249.5724 134.2396 -1060.1260
v  2.8879 1169.4230 648.7892
v  -7.1847 1123.1670 603.6845
v  -1518.9730 323.7131 858.2244
v  -1575.1639 337.5980 856.6572
v  -847.0253 148.2971 1571.8730
v  -83.5867 9.7395 -1504.6410
v  -1225.5920 802.9191 275.7381
v  -588.0679 680.7734 -186.9929
v  -691.3154 389.2477 115.6671
v  -1101.6960 123.1384 -550.4167
v  -1120.4100 127.0172 -588.2554
v  -37.7313 39.1415 -888.6741
v  128.4130 72.2984 1137.4940
v  -521.1968 398.9707 -466.1093
v  -537.2388 417.7278 -411.8346
v  -226.2171 514.0871 1797.5820
v  -463.0582 310.2639 92.1081
v  -667.7883 321.2011 58.0267
v  -144.2677 457.5219 -186.2673
v  444.2474 252.0034 -1177.4460
v  -484.9114 372.2346 373.8142
v  -200.0053 1015.5750 -242.9622
v  -1559.8320 372.1242 946.4662
v  -112.7867 545.2148 -665.8204
v  -573.5257 44.3302 932.6934
v  -251.5844 659.5346 -1052.3370
v  56.9878 408.1280 554.9086
v  311.3580 385.3230 -244.4758
v  368.2760 296.0544 -222.0213
v  -468.4297 369.9264 -652.4556
v  -476.0826 374.4247 -556.1045
v  -834.7324 838.1011 14.4431
v  594.6844 137.4883 -1370.6200
v  554.0900 160.9200 -1350.3361
v  -26.1364 665.0051 1167.2581
v  -75.0350 700.3215 1242.7140
v  39.3431 114.6831 1287.9930
v  -5.5942 709.3224 878.7020
v  -54.5755 684.7991 938.7317
v  -1794.4200 105.3941 1860.9139
v  -1310.7400 44.4904 860.1495
v  -534.5950 697.2905 -174.9734
v  -1169.5970 15.1083 884.7311
v  -215.7150 558.8033 -234.3898
v  -776.0675 565.4861 -365.1328
v  -635.2526 359.3448 268.2727
v  -840.9578 339.8081 432.4831
v  -131.5785 599.8901 -148.0445
v  -986.9664 701.7686 -509.4036
v  -957.8997 667.4532 -544.4308
v  -847.1753 851.8929 -256.2879
v  422.8482 58.0877 -198.2031
v  -1299.8990 288.1240 2283.6931
v  -237.4421 56.0889 -923.5698
v  -688.1736 366.3677 516.9089
v  -1397.4020 212.0853 1070.7980
v  -1365.4351 224.0024 197.8319
v  -1440.0270 77.7479 830.4758
v  -1386.7600 11.9550 822.7474
v  -1473.0540 79.6552 1099.4100
v  32.3731 1216.5050 460.3303
v  -180.0175 52.8026 1038.9380
v  99.7153 639.7511 413.4457
v  -607.9857 849.8794 429.4281
v  -1105.7100 711.0587 347.9109
v  -1762.4070 22.4338 -180.0851
v  356.0354 392.1235 -870.2227
v  -739.4521 995.5794 830.7909
v  -884.5470 334.1378 1057.7889
v  -918.3962 309.3570 1105.7500
v  -874.9734 394.4802 1059.3770
v  207.1776 813.5665 -887.9924
v  241.2284 821.6449 -885.9172
v  -716.4125 1056.2460 735.5522
v  -657.6641 223.9215 1204.7260
v  -697.0357 198.6522 1171.3970
v  -359.0578 173.3475 -144.0941
v  -733.8036 52.5659 -442.6604
v  -1071.2800 73.4629 -716.0124
v  -851.8122 409.9385 490.1013
v  -1181.5220 847.8727 691.8426
v  254.4119 506.3845 -669.1608
v  -566.3364 751.6033 178.8796
v  -299.9102 143.1235 -374.6269
v  -299.5831 171.6938 -320.7755
v  -473.9656 103.6797 965.4357
v  -1207.4220 211.5305 -130.3170
v  -1127.6460 613.2593 1833.4700
v  -1041.8140 239.9494 2004.4220
v  95.6457 585.9020 -252.3696
v  -986.1108 345.7711 1676.4960
v  -565.6753 64.2710 -903.5756
v  -996.1108 143.8461 -405.3471
v  -633.8542 608.7656 1071.9340
v  398.8061 101.7630 -19.9982
v  -340.9955 1216.9110 644.2188
v  171.6463 855.2385 -559.7170
v  -630.9357 126.4058 730.5886
v  -1427.7830 56.7942 980.5833
v  119.1717 24.2243 1096.2440
v  -244.5737 366.6608 463.7230
v  -411.0619 501.2809 -334.7384
v  -327.2475 30.6267 -413.1177
v  -104.1117 659.6293 1182.7841
v  -45.3364 687.0527 1179.9100
v  -648.4811 79.4884 980.6617
v  -691.1998 86.9525 938.5704
v  -327.8028 371.0796 1717.4220
v  -286.7141 174.0414 -941.6584
v  -428.9183 331.6972 2296.8081
v  493.0989 192.9005 -1286.6370
v  -682.3082 88.9406 -894.7313
v  -385.6812 189.4628 -403.1691
v  -1091.8710 459.1986 -825.6681
v  -1205.6281 307.4256 364.9270
v  -1032.2660 933.6288 161.6542
v  -1779.2500 11.1281 -481.4521
v  -255.0332 147.4242 -803.5872
v  -493.3346 114.4052 -384.1695
v  -878.5464 708.9650 -530.2559
v  -1661.6840 115.8520 -384.2448
v  522.4025 43.7518 -706.6174
v  -980.7117 356.6733 -1129.4640
v  -780.8144 155.3051 1021.6500
v  -1251.4790 219.5156 99.2966
v  -387.2961 588.5143 -173.2422
v  361.8442 174.8353 -301.5659
v  -470.7026 501.5505 208.0330
v  -148.6235 519.9216 1400.2360
v  -1485.4000 389.5801 654.7136
v  -253.6626 40.5810 -942.9821
v  -216.9044 918.9570 -702.8696
v  -216.8955 874.0281 -557.2446
v  -1028.6949 47.0977 -843.0107
v  -1483.0370 194.4621 2262.9529
v  -1462.4580 183.8880 2226.3530
v  -301.5677 201.5510 -151.9400
v  -199.1572 794.6152 -385.3781
v  -1122.2939 361.7857 -805.2188
v  -64.6770 498.7252 -263.5822
v  -116.3476 495.4752 -229.4130
v  -169.2400 537.6073 1750.0040
v  -1446.9180 648.8187 -349.4668
v  -31.4602 561.5505 -138.9298
v  -89.5308 1127.8760 353.1909
v  -1084.7180 215.1990 2059.4451
v  14.2428 501.7379 823.3687
v  -704.4359 966.2509 1107.4230
v  -1109.1190 876.8869 299.7376
v  -1322.1910 187.7747 313.2442
v  -730.8820 47.2564 887.0341
v  410.3839 122.6297 -1428.7670
v  -1084.6680 711.5137 192.1258
v  -452.3392 337.4325 105.3647
v  48.2913 497.6606 30.1538
v  -234.5098 633.1341 940.5001
v  -386.8416 9.2976 -428.3945
v  -135.4812 372.7882 454.8273
v  -49.5525 352.8289 471.4532
v  -1805.1370 121.0460 2129.9031
v  -1072.9210 326.9664 -1133.0660
v  -1286.9659 208.8598 3.4668
v  -952.4924 784.9232 -158.0554
v  -464.1575 307.4404 -664.4252
v  -197.1477 1188.0940 182.5828
v  -668.7832 466.7215 716.2567
v  -898.7372 378.5643 1473.9440
v  -1104.6720 316.3715 454.8275
v  -92.1738 702.0396 1240.5920
v  -486.2987 277.8271 327.8802
v  -781.8377 608.8872 1418.1250
v  -1126.5291 517.6731 35.5809
v  327.1831 363.0622 -50.7870
v  -544.8912 549.3816 578.8181
v  -980.8430 477.0897 1424.7130
v  -340.8485 97.5682 -353.2589
v  -456.0941 126.2002 142.1159
v  -220.0362 420.4684 1824.1340
v  -524.3867 265.2368 356.2856
v  -243.2184 811.7542 1182.4940
v  -1250.7610 355.8771 -208.0883
v  -1294.0930 330.0117 -250.4299
v  -1363.7440 975.8383 1106.3010
v  -1073.1880 862.1827 271.3538
v  -1066.2970 916.8752 228.0640
v  -1652.6560 442.2858 1299.9810
v  -683.2896 1055.3030 752.9583
v  -665.4571 302.5526 475.6275
v  -69.3673 29.5267 -1461.3560
v  -940.2483 543.0723 1390.2170
v  -755.1269 314.0168 334.3353
v  -1942.6610 47.7912 42.6128
v  -1560.7900 163.3751 -355.8287
v  -637.4243 392.1473 343.8461
v  -562.8500 306.4151 306.7761
v  -115.0881 1202.0680 305.1075
v  64.4677 680.3632 607.1346
v  -395.3529 275.3572 -496.3329
v  -1050.1440 40.4552 -505.7955
v  -1211.9760 830.1842 663.1597
v  -1093.6090 542.0582 210.4792
v  -970.4053 859.9963 1315.3770
v  476.7442 47.7270 -696.8861
v  194.5173 697.1702 -1054.3350
v  -135.7516 57.7258 1083.9740
v  -309.0626 31.0444 -328.4741
v  -801.9583 397.3721 1187.6360
v  -1438.5220 78.1499 781.8585
v  -1489.8840 541.9886 212.5914
v  -322.5720 418.0932 -876.9857
v  -1255.7600 473.8454 -323.1077
v  -901.7687 373.8629 1606.6450
v  143.0130 535.6813 -896.6378
v  -842.3301 137.3776 1689.5370
v  -1485.7159 281.4698 849.4231
v  201.2750 689.9612 -992.3799
# 5000 vertices

vn 0.1450 0.9674 -0.2075
vn 0.0519 0.9383 -0.3418
vn 0.0855 0.9836 -0.1588
vn -0.4207 -0.9042 -0.0732
vn -0.2137 -0.9731 -0.0855
vn 0.2540 -0.9634 0.0854
vn -0.7822 -0.6172 -0.0855
vn -0.6736 -0.7348 -0.0796
vn -0.4513 -0.8903 0.0610
vn 0.0366 0.8851 -0.4639
vn 0.2318 0.9332 -0.2745
vn 0.1954 0.8303 -0.5220
vn -0.5982 -0.7706 0.2197
vn -0.7088 -0.6828 0.1772
vn -0.7168 -0.6970 0.0183
vn -0.2587 0.9279 -0.2686
vn -0.5802 0.7279 -0.3655
vn -0.4472 0.8791 -0.1648
vn 0.7553 -0.6541 -0.0404
vn 0.4506 -0.8856 0.1126
vn 0.0244 -0.9916 -0.1267
vn -0.7914 0.6088 0.0556
vn -0.7462 0.5505 0.3743
vn -0.7077 0.5979 0.3764
vn -0.2927 0.9178 -0.2683
vn -0.3288 0.8981 -0.2922
vn -0.6339 0.7254 -0.2682
vn 0.2257 -0.9741 0.0122
vn 0.3053 -0.6870 -0.6594
vn 0.2135 -0.9491 -0.2318
vn -0.5779 0.8152 -0.0380
vn -0.7484 0.6625 -0.0316
vn -0.6908 0.7214 0.0489
vn 0.7414 -0.6652 -0.0885
vn 0.4052 -0.9141 0.0152
vn 0.4934 -0.8224 -0.2833
vn -0.3542 -0.9221 0.1557
vn -0.2137 -0.9739 -0.0763
vn -0.2200 -0.9686 0.1161
vn 0.2617 0.9189 -0.2951
vn 0.2924 0.9441 -0.1523
vn 0.3911 0.9043 -0.1711
vn 0.1707 -0.9450 0.2789
vn 0.0855 -0.9807 0.1760
vn 0.2199 -0.9649 0.1435
vn 0.1711 0.9504 -0.2598
vn 0.5376 0.8309 -0.1436
vn 0.3906 0.9003 -0.1923
vn -0.9479 -0.3180 -0.0183
vn -0.7956 -0.6058 -0.0061
vn -0.7584 -0.6483 0.0673
vn 0.9291 0.3666 0.0489
vn 0.7857 0.6164 -0.0519
vn 0.7247 0.6887 -0.0244
vn -0.1484 0.8447 -0.5142
vn -0.2073 0.7500 -0.6281
vn -0.2677 0.8701 -0.4138
vn 0.5832 -0.8123 0.0061
vn 0.5093 -0.8320 0.2202
vn 0.3390 -0.9384 0.0670
vn -0.6348 0.7615 -0.1312
vn -0.5998 0.7696 -0.2188
vn -0.8572 0.4562 -0.2388
vn 0.0732 -0.9780 0.1953
vn -0.0975 -0.8840 0.4571
vn -0.1464 -0.9873 -0.0610
vn -0.0426 0.9734 -0.2251
vn 0.3191 0.9465 -0.0489
vn 0.1083 0.9823 -0.1525
vn 0.9208 -0.3506 0.1707
vn 0.8674 -0.4673 0.1710
vn 0.6514 -0.7445 0.1465
vn 0.4767 -0.4401 0.7610
vn 0.5367 -0.7440 0.3979
vn 0.5380 -0.7582 0.3684
vn -0.2069 0.6266 -0.7514
vn -0.3900 0.5972 -0.7008
vn -0.3047 0.8348 -0.4585
vn -0.0351 -0.9899 0.1375
vn 0.0902 -0.9780 0.1880
vn -0.0617 -0.9734 0.2208
vn -0.6631 0.6325 -0.4003
vn -0.3450 0.8548 -0.3877
vn -0.3849 0.7790 -0.4949
vn 0.5746 0.7773 0.2561
vn 0.2872 0.9295 0.2316
vn 0.0408 0.8786 0.4759
vn 0.2746 -0.9561 0.1022
vn -0.2044 -0.9785 -0.0275
vn -0.1678 -0.9855 -0.0259
vn -0.2748 0.9236 -0.2672
vn -0.4635 0.8035 -0.3735
vn -0.5309 0.8101 -0.2487
vn 0.1526 -0.9883 0.0076
vn -0.2560 0.9629 0.0853
vn -0.4641 0.8854 -0.0244
vn -0.4264 0.8833 0.1949
vn 0.0122 -0.8097 0.5867
vn -0.0733 -0.4703 0.8795
vn -0.1959 -0.7130 0.6732
vn -0.0305 0.9869 -0.1584
vn 0.1826 0.9740 -0.1339
vn 0.0244 -0.8580 0.5130
vn -0.3904 -0.8448 0.3660
vn -0.1465 -0.9764 0.1587
vn 0.2563 -0.9491 -0.1831
vn 0.0794 -0.9956 -0.0489
vn 0.1894 -0.8585 -0.4766
vn -0.5853 0.8108 0.0061
vn -0.4755 0.8230 0.3109
vn -0.4567 0.8829 0.1096
vn 0.8098 -0.5856 0.0366
vn 0.9827 -0.0488 -0.1785
vn 0.9688 -0.2319 -0.0870
vn 0.2143 0.9607 0.1763
vn 0.1872 0.9698 -0.1565
vn -0.0273 0.9581 0.2850
vn 0.3901 0.9142 0.1097
vn 0.5197 0.8255 0.2201
vn 0.5908 0.8040 0.0670
vn -0.8214 -0.5701 0.0184
vn -0.6236 -0.7642 0.1651
vn -0.8722 -0.4852 0.0614
vn -0.4762 0.7815 -0.4030
vn -0.3539 0.7902 -0.5004
vn -0.6710 0.5582 -0.4880
vn 0.1770 -0.9670 0.1831
vn 0.1832 -0.7800 0.5984
vn 0.0427 -0.9296 0.3662
vn 0.2257 0.8569 -0.4635
vn -0.0929 0.8313 -0.5481
vn 0.0092 0.8919 -0.4521
vn 0.0214 -0.9417 0.3358
vn 0.2729 -0.8934 0.3568
vn 0.0481 0.9646 -0.2595
vn 0.0183 0.9274 -0.3737
vn -0.2501 0.9393 -0.2348
vn -0.1646 -0.9848 0.0549
vn -0.2656 -0.9555 0.1282
vn -0.4493 -0.8925 0.0390
vn -0.3180 -0.9346 -0.1590
vn 0.0610 -0.9788 0.1954
vn -0.0734 -0.9779 0.1957
vn -0.1098 0.9879 0.1098
vn 0.0731 0.9535 0.2924
vn 0.0610 0.9975 0.0366
vn 0.2378 -0.8710 -0.4299
vn 0.2808 -0.9575 0.0664
vn 0.2077 -0.7853 -0.5833
vn 0.1833 0.7866 -0.5896
vn -0.0244 0.8806 -0.4731
vn 0.2563 0.9290 -0.2670
vn 0.1038 0.8520 -0.5131
vn 0.0640 0.6918 -0.7192
vn -0.1217 0.8183 -0.5618
vn -0.0214 -0.9998 -0.0000
vn 0.0061 -0.9997 -0.0244
vn 0.1466 -0.9630 0.2260
vn -0.2563 0.8117 0.5248
vn 0.1223 0.8564 0.5016
vn -0.0428 0.9746 0.2200
vn 0.4334 0.8957 0.0992
vn 0.5001 0.8569 0.1250
vn 0.4940 0.8600 0.1281
vn 0.3669 -0.9263 -0.0856
vn 0.2809 -0.9313 -0.2321
vn 0.0732 -0.9955 -0.0610
vn 0.7216 -0.6085 0.3302
vn 0.7918 -0.5147 0.3289
vn 0.9340 -0.0488 0.3540
vn 0.0061 -0.9807 0.1953
vn -0.1527 -0.9734 0.1710
vn 0.1923 -0.9794 0.0610
vn 0.4927 0.8694 0.0366
vn 0.7665 0.6156 0.1829
vn 0.7309 0.6736 0.1100
vn 0.4101 -0.9117 -0.0244
vn 0.3181 -0.9447 -0.0792
vn 0.7377 -0.6680 0.0976
vn -0.3723 -0.9247 -0.0793
vn -0.4218 -0.9046 -0.0611
vn -0.6765 -0.7252 -0.1280
vn 0.9215 -0.1602 0.3539
vn 0.7542 -0.4764 0.4519
vn 0.9556 -0.0305 0.2931
vn -0.4599 0.8223 -0.3350
vn -0.3343 0.9158 0.2228
vn -0.2734 0.9091 -0.3142
vn -0.2382 0.8917 -0.3848
vn -0.2472 0.8971 -0.3662
vn -0.4771 0.8013 -0.3609
vn 0.1125 0.9732 0.2007
vn -0.0980 0.9429 0.3184
vn 0.1132 0.7830 0.6117
vn 0.3594 0.9321 0.0457
vn -0.0114 0.9990 -0.0442
vn 0.6022 0.7805 0.1677
vn 0.6409 0.7599 -0.1083
vn 0.6591 0.7445 -0.1060
vn 0.6413 0.7513 -0.1558
vn 0.0366 0.9675 0.2503
vn 0.1524 0.9205 0.3597
vn -0.4079 0.9071 0.1035
vn -0.7695 0.5894 -0.2458
vn -0.6964 0.6231 -0.3562
vn -0.9070 0.3279 -0.2643
vn -0.4506 0.8159 -0.3623
vn -0.1686 0.8584 -0.4844
vn -0.3956 0.6878 -0.6086
vn 0.4725 0.8035 -0.3622
vn 0.3246 0.8758 -0.3573
vn 0.5520 0.8029 -0.2251
vn 0.1710 -0.8833 0.4366
vn -0.0366 -0.9993 -0.0114
vn 0.2076 -0.9356 0.2855
vn 0.1342 -0.1220 0.9834
vn 0.3779 -0.3901 0.8396
vn 0.2075 -0.2441 0.9473
vn -0.1402 0.9202 0.3656
vn -0.1040 0.7434 0.6608
vn -0.1644 0.7125 0.6821
vn -0.4151 0.9095 0.0244
vn -0.7089 0.6570 -0.2567
vn -0.6751 0.6964 -0.2433
vn -0.9064 -0.3958 -0.1477
vn -0.9711 0.0121 0.2382
vn -0.8171 -0.5740 -0.0537
vn -0.1466 -0.4078 -0.9012
vn 0.1467 0.1268 -0.9810
vn -0.0489 0.2214 -0.9740
vn -0.2995 -0.9168 0.2643
vn -0.6360 -0.7155 0.2890
vn -0.6719 -0.6902 0.2687
vn 0.3122 -0.8042 0.5057
vn 0.4694 -0.5121 0.7193
vn 0.3200 -0.5791 0.7498
vn -0.0793 -0.3051 0.9490
vn 0.1799 -0.7195 0.6708
vn 0.1770 -0.5738 0.7996
vn 0.2987 -0.9540 -0.0244
vn 0.2197 -0.9246 0.3112
vn 0.1649 -0.9802 0.1099
vn 0.3674 0.9184 0.1469
vn 0.6449 0.7422 0.1825
vn 0.3543 0.9254 0.1344
vn 0.0612 0.7202 -0.6911
vn 0.1830 0.4286 -0.8847
vn 0.2071 0.1378 -0.9686
vn 0.8387 0.4143 0.3534
vn 0.8802 0.3294 0.3416
vn 0.9145 0.4029 -0.0366
vn 0.0582 -0.9613 0.2694
vn 0.2251 -0.9463 0.2320
vn 0.2175 -0.9219 0.3205
vn -0.8696 0.4011 -0.2878
vn -0.9409 0.2138 -0.2627
vn -0.8919 0.3543 -0.2810
vn -0.0732 0.7437 -0.6645
vn 0.1467 0.4003 -0.9046
vn 0.8389 0.5156 0.1743
vn 0.8228 0.5358 0.1893
vn 0.5707 0.8133 0.1129
vn 0.1701 0.6660 -0.7263
vn 0.1225 0.7965 -0.5921
vn 0.2595 0.7013 -0.6639
vn 0.6112 -0.7301 0.3056
vn 0.2778 -0.9543 0.1099
vn 0.5125 -0.8583 -0.0244
vn -0.2014 -0.2044 0.9580
vn 0.0275 -0.7596 0.6498
vn 0.1618 -0.2840 0.9451
vn 0.8534 -0.4694 0.2269
vn 0.7685 -0.6374 -0.0564
vn 0.6566 -0.7538 -0.0258
vn 0.0610 0.0488 -0.9969
vn -0.2685 0.3662 -0.8910
vn -0.2195 0.7255 0.6523
vn -0.2892 0.8525 0.4354
vn -0.1374 0.8242 0.5494
vn 0.0948 0.9943 0.0488
vn 0.2112 0.9751 -0.0670
vn -0.1404 0.9892 0.0427
vn -0.1288 0.3374 -0.9325
vn -0.1768 0.5488 -0.8171
vn -0.1431 0.4812 -0.8649
vn 0.7033 -0.6957 0.1465
vn 0.8414 -0.5375 -0.0550
vn 0.5921 -0.7326 0.3358
vn 0.2628 -0.9230 0.2812
vn 0.6174 -0.7274 0.2995
vn 0.4686 0.8824 -0.0426
vn 0.6151 0.7856 -0.0670
vn 0.0366 -0.2745 0.9609
vn -0.6702 0.6885 0.2772
vn 0.5365 -0.4511 0.7132
vn 0.2925 0.9324 -0.2125
vn 0.2324 0.9356 -0.2660
vn 0.5906 0.8037 -0.0723
vn 0.3176 0.9224 -0.2199
vn 0.6335 0.7676 -0.0975
vn 0.4758 0.8662 -0.1525
vn -0.2557 0.7306 0.6332
vn -0.2803 0.8408 0.4631
vn -0.2682 0.7254 0.6339
vn -0.8028 0.5479 -0.2350
vn -0.7577 0.6110 -0.2291
vn -0.6317 0.7461 -0.2106
vn -0.2200 0.6066 0.7640
vn -0.2011 0.4098 0.8897
vn -0.1055 0.9115 0.3976
vn 0.5871 0.7828 0.2064
vn 0.4336 0.8397 0.3270
vn 0.1710 0.9771 0.1267
vn 0.2073 -0.9236 0.3224
vn 0.0428 -0.9532 0.2994
vn 0.6073 -0.5783 0.5447
vn -0.6834 0.7017 -0.2014
vn -0.5388 0.6919 -0.4806
vn -0.7927 0.5244 -0.3110
vn 0.1342 -0.9697 -0.2043
vn 0.0672 -0.9959 0.0611
vn 0.0490 -0.9668 -0.2509
vn 0.3842 -0.9010 -0.2013
vn -0.1465 -0.9889 0.0244
vn -0.3237 -0.9438 0.0672
vn -0.9331 0.1872 -0.3069
vn -0.8437 0.3072 -0.4402
vn -0.8319 0.4052 -0.3792
vn -0.1159 -0.8327 -0.5414
vn -0.1221 -0.9679 -0.2198
vn -0.2625 -0.8850 -0.3845
vn 0.1949 0.8711 -0.4508
vn 0.4884 0.7692 -0.4121
vn 0.2201 0.7093 -0.6696
vn -0.0553 -0.9704 0.2351
vn -0.1922 -0.8865 0.4209
vn -0.4028 -0.9071 0.1221
vn -0.2015 -0.9419 0.2687
vn -0.2807 -0.9594 0.0275
vn -0.3783 -0.9244 0.0496
vn -0.7003 -0.4361 0.5651
vn -0.5143 -0.6245 0.5878
vn -0.4892 -0.3302 0.8072
vn -0.0610 -0.9613 0.2686
vn 0.3715 -0.8771 0.3045
vn 0.1934 -0.9809 0.0183
vn 0.3215 -0.8920 0.3177
vn -0.0336 -0.9517 0.3050
vn -0.4018 -0.3348 0.8523
vn -0.5136 -0.4830 0.7092
vn -0.0365 -0.3105 0.9499
vn 0.6299 0.7705 -0.0978
vn 0.5218 0.8513 -0.0549
vn 0.5432 0.8332 -0.1038
vn -0.2995 -0.0298 -0.9536
vn -0.2998 0.5705 -0.7647
vn 0.1826 0.3651 -0.9129
vn -0.1469 0.9365 0.3183
vn -0.2690 0.9537 0.1345
vn -0.3055 0.8736 0.3788
vn -0.9461 0.3235 -0.0122
vn -0.7634 0.6229 -0.1710
vn -0.8174 0.5398 -0.2013
vn -0.3336 0.9181 -0.2142
vn -0.1586 0.9640 -0.2135
vn -0.2679 0.9557 -0.1217
vn 0.7173 0.6899 -0.0977
vn 0.5892 0.7968 -0.1343
vn 0.5627 0.8266 -0.0122
vn 0.4527 -0.4711 0.7571
vn 0.5384 -0.4268 0.7266
vn -0.0122 -0.0656 0.9978
vn -0.5604 0.3777 0.7371
vn -0.6115 0.5595 0.5595
vn -0.6234 0.5317 0.5733
vn -0.3083 0.9464 -0.0962
vn -0.2439 0.9513 -0.1883
vn -0.5461 0.8023 -0.2410
vn -0.2991 0.5647 0.7692
vn -0.2580 0.8090 0.5282
vn -0.4301 0.4880 0.7595
vn -0.5986 0.8002 -0.0367
vn -0.7786 0.5489 -0.3041
vn -0.7940 0.5955 -0.1222
vn -0.4372 0.6634 0.6072
vn -0.5746 0.7916 0.2078
vn -0.7052 0.6080 0.3648
vn 0.2959 0.7870 -0.5414
vn 0.2255 0.6094 -0.7602
vn 0.3523 0.1464 -0.9243
vn 0.9411 0.2564 -0.2206
vn 0.8773 0.4642 0.1222
vn 0.9661 0.2320 0.1129
vn -0.2200 -0.8768 0.4277
vn -0.5946 -0.7349 0.3263
vn -0.5156 -0.8420 0.1586
vn -0.3734 0.8691 -0.3244
vn 0.2356 0.7648 -0.5996
vn 0.4944 0.7569 -0.4273
vn 0.1994 0.3360 -0.9205
vn 0.8698 -0.4288 0.2442
vn 0.8406 -0.4386 0.3179
vn 0.2195 -0.9559 -0.1951
vn 0.3838 -0.9108 -0.1523
vn 0.2078 -0.9749 0.0795
vn 0.1833 -0.9072 0.3788
vn 0.1345 -0.7702 0.6235
vn -0.3204 0.7629 0.5615
vn -0.2434 0.7243 0.6451
vn -0.2320 0.8027 0.5494
vn 0.5988 0.8005 0.0244
vn 0.5222 0.8525 -0.0244
vn 0.6287 0.7752 0.0610
vn -0.0735 -0.7239 0.6860
vn -0.1347 -0.7977 0.5878
vn -0.0245 -0.9197 0.3919
vn 0.8304 -0.3083 0.4641
vn 0.6074 -0.7637 0.2186
vn 0.9261 -0.3153 0.2072
vn 0.1343 0.9830 -0.1252
vn 0.1406 0.9901 0.0023
vn 0.4098 0.9113 0.0401
vn -0.2563 0.9398 0.2258
vn -0.4021 0.9048 0.1401
vn -0.3780 0.8581 0.3475
vn 0.1342 -0.6040 0.7856
vn -0.2918 -0.9545 -0.0620
vn -0.3414 -0.6523 -0.6767
vn -0.5994 -0.7890 0.1346
vn 0.2444 -0.9594 0.1406
vn -0.9851 -0.0912 -0.1459
vn -0.5634 0.7517 -0.3429
vn -0.8078 0.3916 -0.4406
vn -0.8622 0.3962 -0.3157
vn -0.1465 -0.9873 -0.0610
vn -0.0488 -0.9987 -0.0122
vn 0.1676 -0.9688 -0.1828
vn 0.1220 -0.9910 -0.0549
vn -0.2352 0.9407 -0.2443
vn -0.4386 0.8650 -0.2437
vn -0.4324 0.8830 -0.1827
vn 0.9536 -0.2934 0.0672
vn 0.8669 -0.2381 0.4380
vn 0.6768 -0.6768 0.2896
vn 0.6355 -0.6844 -0.3575
vn 0.4636 -0.8846 0.0503
vn 0.2867 0.4697 -0.8350
vn 0.7867 0.3598 -0.5016
vn 0.4948 0.1497 -0.8560
vn 0.9760 0.0427 0.2135
vn 0.9196 0.1039 -0.3788
vn 0.9580 0.1159 0.2624
vn 0.2837 0.8924 -0.3509
vn 0.6068 0.7928 -0.0564
vn 0.5984 0.7388 -0.3099
vn 0.0240 0.9913 -0.1296
vn -0.1464 0.9792 -0.1403
vn -0.0091 0.9973 -0.0732
vn 0.3477 0.8907 -0.2928
vn 0.5930 0.7810 0.1956
vn 0.1465 0.9873 0.0610
vn 0.6771 -0.6943 0.2440
vn 0.9141 -0.2529 0.3169
vn 0.6577 -0.6992 0.2801
vn 0.0603 -0.9980 -0.0183
vn 0.0534 -0.9903 -0.1282
vn 0.7473 0.6619 -0.0580
vn 0.6469 0.7446 -0.1648
vn 0.4217 0.8861 -0.1925
vn 0.1802 0.5453 -0.8187
vn 0.2371 0.7234 -0.6485
vn 0.1846 0.5754 -0.7968
vn -0.7705 0.5886 -0.2446
vn -0.7211 0.6218 -0.3056
vn -0.6777 0.6510 -0.3419
vn 0.8084 -0.5461 0.2196
vn 0.7254 0.6851 0.0673
vn 0.6328 0.7214 0.2812
vn 0.7449 0.6051 0.2811
vn -0.8512 0.5229 0.0456
vn -0.8514 0.5230 0.0410
vn -0.0944 0.8647 0.4933
vn -0.1643 0.8399 0.5173
vn 0.0244 0.6821 0.7308
vn 0.1099 -0.7385 0.6653
vn 0.0915 -0.6101 0.7870
vn 0.1039 -0.3301 0.9382
vn -0.7912 0.6086 0.0609
vn 0.2016 0.9617 0.1856
vn 0.2808 0.7693 0.5739
vn 0.0061 0.8956 -0.4448
vn -0.2138 0.8856 -0.4123
vn -0.0854 0.9393 -0.3324
vn -0.3412 0.9382 0.0586
vn -0.5989 0.8006 -0.0168
vn -0.3908 0.8457 0.3633
vn 0.1589 0.8433 0.5133
vn -0.2064 0.9590 0.1942
vn 0.0245 0.6788 0.7339
vn -0.0671 0.9510 -0.3018
vn -0.3428 0.8816 -0.3245
vn -0.1837 0.9551 -0.2326
vn 0.8426 -0.4518 0.2931
vn 0.4818 -0.8416 0.2440
vn 0.7092 -0.4830 0.5136
vn 0.4129 0.6193 0.6679
vn 0.4878 0.8536 0.1829
vn -0.0122 0.8282 0.5603
vn 0.5644 0.7444 -0.3569
vn 0.3921 0.8510 -0.3495
vn 0.3489 0.9343 -0.0728
vn 0.8725 -0.4507 -0.1888
vn -0.7805 0.3887 -0.4897
vn -0.9267 0.2003 -0.3181
vn -0.8484 0.3433 -0.4029
vn -0.4744 0.4904 -0.7310
vn -0.0780 0.4434 -0.8929
vn -0.1660 0.1928 -0.9671
vn -0.6120 0.7390 -0.2815
vn -0.6780 0.6933 -0.2443
vn -0.8426 -0.5182 -0.1465
vn -0.8773 -0.4531 -0.1584
vn 0.0976 -0.9502 -0.2959
vn 0.4885 -0.8518 -0.1893
vn 0.3180 -0.9479 -0.0183
vn -0.3552 0.6982 -0.6216
vn -0.1586 0.3996 -0.9029
vn -0.4759 0.1830 -0.8603
vn 0.2634 -0.7431 -0.6152
vn 0.6683 -0.4404 -0.5995
vn 0.3765 -0.8370 -0.3971
vn 0.2442 -0.4579 -0.8548
vn 0.2993 -0.7330 -0.6108
vn 0.6853 0.4334 -0.5853
vn 0.8139 0.5314 -0.2351
vn 0.7198 0.6846 -0.1147
vn 0.0000 -0.9918 0.1282
vn -0.0335 -0.9692 0.2438
vn 0.8107 -0.5596 0.1719
vn 0.9308 -0.2930 0.2186
vn 0.9460 -0.2044 0.2517
vn 0.2382 -0.9687 0.0702
vn 0.0487 0.5018 -0.8636
vn -0.1468 0.5444 -0.8258
vn -0.1095 0.3650 -0.9246
vn -0.8798 0.4521 -0.1466
vn -0.8128 0.5763 -0.0849
vn -0.6795 0.7162 -0.1592
vn -0.6119 0.7832 -0.1101
vn -0.5377 0.8432 -0.0005
vn -0.4750 0.8647 -0.1636
vn 0.0731 0.9924 -0.0989
vn -0.2569 0.9540 0.1544
vn 0.1713 0.9851 -0.0153
vn -0.6950 0.7072 -0.1296
vn -0.7188 0.6822 0.1340
vn -0.4509 0.3931 -0.8013
vn -0.1098 0.1891 -0.9758
vn -0.1219 0.1463 -0.9817
vn -0.1708 -0.9852 0.0122
vn -0.1342 -0.9855 -0.1037
vn 0.0703 -0.9867 -0.1466
vn 0.1038 -0.9798 0.1709
vn 0.2228 -0.9721 0.0733
vn 0.1222 -0.9620 0.2443
vn 0.5540 -0.2384 0.7977
vn 0.6406 0.0640 0.7652
vn 0.4966 -0.0366 0.8672
vn 0.2806 -0.6833 0.6741
vn 0.2896 -0.5365 0.7926
vn 0.0795 -0.9361 0.3426
vn 0.2474 -0.9651 -0.0855
vn 0.2469 -0.9572 0.1509
vn -0.4033 -0.8756 -0.2658
vn -0.4282 -0.9035 -0.0184
vn -0.6740 0.7123 -0.1961
vn -0.7690 0.5974 -0.2274
vn -0.7099 0.6709 -0.2142
vn -0.9843 -0.1590 -0.0764
vn -0.7207 -0.6901 0.0657
vn -0.2923 0.9013 -0.3197
vn -0.0550 0.8498 -0.5242
vn -0.4210 -0.3661 0.8299
vn 0.7204 0.6655 0.1954
vn 0.5359 0.7612 0.3654
vn 0.7998 0.4335 0.4152
vn -0.3109 -0.8747 -0.3718
vn -0.1526 -0.9856 -0.0732
vn -0.3535 -0.9326 -0.0731
vn 0.3270 -0.5347 -0.7792
vn 0.3081 -0.4759 -0.8237
vn 0.2089 -0.6556 -0.7257
vn 0.5337 0.8430 -0.0672
vn 0.3403 0.9196 -0.1962
vn 0.6176 -0.7059 0.3468
vn -0.7480 -0.5575 -0.3602
vn -0.6966 -0.6814 -0.2246
vn -0.6343 -0.5382 -0.5550
vn 0.6498 -0.7021 -0.2912
vn 0.5370 -0.8378 -0.0992
vn -0.0366 -0.9983 -0.0458
vn 0.4882 -0.7964 -0.3570
vn 0.8994 -0.2522 -0.3570
vn -0.0488 0.1464 -0.9880
vn -0.0244 0.1619 -0.9865
vn -0.2074 0.3203 -0.9243
vn 0.2328 -0.8788 0.4166
vn 0.0245 -0.7046 0.7092
vn 0.1126 -0.9777 0.1771
vn -0.0382 -0.9320 0.3605
vn -0.2106 -0.9769 -0.0366
vn -0.1526 0.9874 0.0427
vn -0.6534 0.7313 0.1954
vn -0.5367 0.7867 0.3049
vn -0.3173 -0.1983 0.9274
vn 0.1588 -0.9773 0.1405
vn 0.0428 -0.8893 0.4553
vn -0.8006 0.5592 -0.2154
vn -0.7499 0.5030 -0.4298
vn -0.5495 0.8335 -0.0580
vn 0.4920 0.8494 -0.1910
vn 0.2584 0.9479 -0.1865
vn 0.5024 0.8613 -0.0764
vn -0.0061 0.9991 0.0426
vn 0.0859 0.9944 -0.0614
vn 0.0046 -0.1585 0.9874
vn 0.1068 -0.2318 0.9669
vn 0.1955 -0.6477 0.7363
vn 0.9286 -0.3482 0.1283
vn 0.9927 0.0854 0.0854
vn 0.7908 -0.5973 0.1341
vn 0.0733 0.9898 -0.1222
vn 0.0000 0.8575 -0.5145
vn 0.3675 0.5697 -0.7351
vn 0.4166 0.8972 -0.1465
vn 0.3919 0.9148 -0.0976
vn 0.6003 0.7983 -0.0488
vn 0.2942 0.7256 -0.6220
vn -0.2327 0.5971 -0.7677
vn 0.0270 0.7068 -0.7068
vn -0.8691 0.3734 -0.3244
vn -0.7109 0.5766 -0.4027
vn -0.9202 -0.2529 -0.2986
vn -0.8330 0.1556 -0.5309
vn -0.9636 0.1220 -0.2379
vn -0.7937 0.5739 -0.2015
vn -0.1159 0.5171 -0.8481
vn 0.1223 0.2751 -0.9536
vn -0.0488 -0.1464 -0.9880
vn 0.8677 -0.4934 -0.0611
vn 0.7619 -0.5715 0.3048
vn 0.4337 -0.8981 0.0733
vn -0.2808 0.8606 -0.4249
vn -0.1097 0.5304 -0.8406
vn -0.4387 0.5301 -0.7256
vn -0.4765 0.8186 -0.3207
vn -0.4201 0.7368 -0.5297
vn -0.8405 0.4674 -0.2741
vn -0.7841 0.5513 -0.2849
vn -0.2186 0.9714 -0.0926
vn -0.0702 0.9770 -0.2015
vn -0.3367 0.9307 -0.1431
vn -0.1639 0.9227 -0.3490
vn -0.2387 0.9425 -0.2341
vn 0.1033 0.9357 -0.3372
vn 0.5613 -0.7230 0.4027
vn 0.6131 -0.6741 0.4118
vn 0.9678 -0.1694 0.1862
vn 0.6071 -0.6341 0.4789
vn 0.2045 -0.9585 0.1984
vn 0.6492 -0.6565 0.3841
vn 0.4391 0.8783 -0.1891
vn 0.3111 0.9425 -0.1220
vn -0.1098 -0.9940 -0.0000
vn -0.1281 -0.9333 0.3355
vn -0.3785 -0.9097 0.1709
vn -0.8557 0.4493 -0.2567
vn -0.8453 0.4196 -0.3308
vn -0.6231 0.7300 -0.2810
vn -0.5925 -0.8032 -0.0611
vn -0.2317 -0.9727 -0.0122
vn -0.2811 -0.9533 -0.1100
vn -0.1221 -0.9916 -0.0427
vn -0.6119 0.7909 0.0061
vn -0.7470 0.5963 0.2939
vn -0.0977 -0.3023 0.9482
vn 0.0977 -0.2367 0.9667
vn 0.2318 -0.3263 0.9164
vn 0.7309 -0.6274 0.2687
vn 0.8589 -0.4801 0.1783
vn 0.8979 0.4398 -0.0183
vn 0.9891 0.1099 0.0977
vn 0.8773 0.4752 0.0670
vn 0.8659 0.4939 0.0793
vn 0.7922 0.6033 -0.0914
vn 0.8176 0.5735 -0.0519
vn 0.9431 0.1030 0.3161
vn 0.9269 -0.1098 0.3590
vn 0.4974 0.8667 0.0385
vn 0.5674 -0.8013 0.1899
vn 0.5771 -0.7794 0.2437
vn 0.7385 -0.6267 0.2487
vn -0.5940 -0.7348 0.3276
vn -0.2018 -0.9476 0.2476
vn -0.2866 -0.8963 0.3384
vn -0.8741 0.4829 0.0520
vn -0.6393 0.7550 -0.1461
vn 0.7878 -0.2290 0.5718
vn 0.9620 -0.0489 0.2687
vn 0.6615 -0.6249 0.4146
vn 0.9215 -0.3021 0.2441
vn -0.1524 0.9816 -0.1151
vn -0.1770 0.9828 -0.0519
vn 0.0428 0.9989 -0.0214
vn -0.4386 0.8924 -0.1066
vn -0.3297 0.9251 -0.1885
vn -0.7269 -0.6735 -0.1344
vn -0.7864 -0.5970 -0.1585
vn -0.3111 -0.9484 -0.0610
vn -0.1941 -0.5997 0.7763
vn -0.1764 -0.7542 0.6325
vn -0.2120 -0.5618 0.7996
vn -0.6875 0.6691 -0.2824
vn -0.1949 0.9381 -0.2863
vn 0.0854 0.9578 -0.2745
vn -0.0976 0.9154 -0.3906
vn 0.5370 0.7271 0.4277
vn 0.2121 0.7997 0.5616
vn 0.2168 0.6964 0.6841
vn -0.3251 -0.6748 0.6625
vn -0.3059 -0.3610 0.8810
vn -0.4081 -0.4751 0.7796
vn 0.3169 -0.8409 -0.4387
vn 0.3354 -0.8780 -0.3415
vn 0.2507 -0.4954 -0.8317
vn -0.0578 0.2678 -0.9617
vn 0.8408 -0.4433 0.3107
vn 0.6296 -0.6564 0.4157
vn 0.4087 -0.8902 0.2013
vn 0.5125 0.8481 0.1342
vn 0.3295 0.9183 0.2197
vn 0.6167 0.7831 0.0794
vn -0.0222 -0.9997 -0.0122
vn -0.7682 0.4878 -0.4146
vn -0.6831 0.5741 -0.4514
vn -0.7678 0.5636 -0.3047
vn -0.4729 0.7566 -0.4515
vn 0.0637 -0.9832 -0.1708
vn -0.4319 -0.8979 0.0855
vn 0.0282 -0.9993 0.0244
vn -0.4916 -0.8166 -0.3023
vn 0.0244 -0.9943 -0.1038
vn 0.1198 -0.9114 -0.3937
vn -0.1113 0.8846 -0.4530
vn -0.1951 0.6761 -0.7105
vn -0.7317 -0.6097 0.3049
vn -0.1966 0.9459 -0.2580
vn -0.2561 0.8415 -0.4756
vn -0.1219 0.8778 -0.4633
vn 0.4212 -0.9065 -0.0275
vn 0.0915 -0.9546 0.2836
vn -0.4816 -0.8596 -0.1707
vn 0.3053 -0.8945 0.3267
vn 0.9671 0.2509 -0.0428
vn 0.6784 -0.6906 0.2506
vn 0.3980 0.8844 -0.2440
vn 0.5437 0.7432 -0.3899
vn 0.1059 0.9384 -0.3290
vn 0.9106 -0.3722 0.1800
vn 0.4797 0.8771 -0.0244
vn 0.9967 0.0794 -0.0153
vn 0.5731 0.8048 0.1547
vn 0.2805 0.7744 0.5671
vn 0.6354 0.7210 0.2765
vn -0.0244 -0.9975 0.0663
vn 0.4457 -0.7113 0.5434
vn 0.1707 -0.9757 0.1372
vn -0.1527 0.9864 -0.0611
vn -0.1221 0.9920 0.0305
vn -0.4090 0.9125 0.0061
vn -0.5159 0.8394 -0.1709
vn -0.7388 0.6564 -0.1526
vn -0.0183 0.9661 -0.2576
vn 0.6695 -0.7364 0.0976
vn 0.9227 -0.3239 -0.2090
vn 0.5241 -0.6886 0.5012
vn 0.7284 -0.5455 0.4145
vn 0.3365 -0.9024 0.2692
vn 0.6276 -0.7433 0.2315
vn -0.3549 -0.0948 0.9301
vn 0.3347 -0.1795 0.9251
vn 0.0733 -0.8552 0.5131
vn -0.3424 0.8019 0.4897
vn -0.4326 0.8743 0.2201
vn -0.5678 0.7143 0.4091
vn 0.1719 -0.6889 0.7042
vn 0.4761 -0.5494 0.6867
vn 0.0069 -0.3840 0.9233
vn -0.3896 -0.6910 0.6088
vn -0.6201 -0.7812 0.0729
vn -0.2688 -0.9317 0.2444
vn -0.5225 0.6440 -0.5589
vn -0.7073 0.6890 0.1585
vn -0.7416 0.6382 -0.2067
vn 0.7204 -0.6135 0.3235
vn 0.4121 -0.9021 0.1282
vn 0.3754 -0.9142 0.1526
vn 0.1490 -0.8735 0.4634
vn -0.3148 0.3974 -0.8620
vn -0.0884 0.4935 -0.8652
vn -0.3043 0.7120 -0.6329
vn 0.1953 -0.8361 -0.5126
vn 0.1015 -0.9581 -0.2678
vn 0.1628 -0.9736 0.1602
vn -0.0793 -0.9729 -0.2173
vn 0.1644 -0.7674 -0.6197
vn -0.1799 -0.8357 -0.5189
vn -0.1650 -0.7027 -0.6920
vn -0.1832 -0.9582 0.2198
vn -0.5069 -0.8618 0.0183
vn -0.0031 -0.9946 0.1037
vn -0.8720 -0.4345 -0.2256
vn -0.3235 -0.9462 -0.0061
vn 0.1677 0.7280 -0.6647
vn 0.0671 0.6707 -0.7386
vn -0.3123 0.7823 -0.5389
vn 0.0153 -0.8791 -0.4765
vn 0.1773 -0.7613 -0.6237
vn -0.0856 0.9540 -0.2874
vn 0.1150 0.9412 -0.3178
vn 0.0518 0.6190 -0.7837
vn -0.4699 0.7414 -0.4790
vn -0.5488 0.8049 -0.2256
vn -0.3474 0.8441 -0.4084
vn -0.4882 0.8177 -0.3051
vn -0.7097 0.6485 -0.2753
vn -0.8454 0.4288 -0.3185
vn -0.5878 -0.8006 0.1163
vn -0.8154 -0.5750 0.0669
vn -0.7697 -0.6384 -0.0000
vn -0.1895 0.9569 -0.2201
vn -0.4891 0.8407 -0.2323
vn -0.3538 0.9302 -0.0976
vn 0.1830 0.9819 0.0488
vn 0.4005 0.9081 0.1223
vn 0.3597 0.9328 0.0244
vn -0.2077 0.9652 -0.1588
vn -0.1346 0.9909 -0.0000
vn 0.0000 0.9940 -0.1098
vn -0.0122 0.9980 0.0612
vn 0.1462 0.9745 0.1705
vn 0.2073 0.9755 -0.0732
vn 0.7634 -0.6073 0.2199
vn 0.8624 -0.4213 0.2808
vn 0.8717 -0.4099 0.2687
vn 0.2374 0.9404 0.2435
vn 0.4908 0.8007 0.3436
vn 0.6735 0.7192 0.1707
vn -0.1832 -0.8762 0.4457
vn 0.1774 -0.7946 0.5807
vn -0.2698 -0.8932 0.3597
vn -0.3555 -0.8934 0.2747
vn -0.0595 -0.8491 0.5249
vn 0.9029 -0.2044 0.3782
vn 0.9220 -0.3145 0.2259
vn 0.9621 -0.1096 0.2497
vn 0.8717 -0.3261 0.3657
vn 0.7328 -0.5527 0.3969
vn 0.7481 -0.2190 0.6264
vn 0.4645 0.8801 0.0978
vn 0.4021 0.8590 0.3168
vn 0.5220 0.8486 -0.0855
vn 0.0305 0.9995 -0.0122
vn -0.1831 0.9824 0.0366
vn 0.0030 0.9874 0.1585
vn -0.0939 0.9921 -0.0832
vn -0.1988 0.8569 -0.4757
vn 0.1343 -0.9905 0.0305
vn 0.0854 -0.9560 0.2806
vn -0.1464 -0.9744 0.1708
vn -0.1465 -0.9885 0.0366
vn -0.2812 -0.9596 0.0061
vn -0.2623 -0.9547 0.1403
vn -0.6488 -0.7590 -0.0551
vn 0.2809 -0.8366 0.4702
vn 0.1221 -0.7418 0.6594
vn -0.0489 -0.7676 0.6391
vn -0.4746 0.8214 -0.3164
vn -0.3225 0.9371 -0.1339
vn -0.9321 -0.3534 -0.0792
vn -0.7960 -0.6001 0.0796
vn -0.9080 -0.4144 -0.0609
vn 0.3509 0.7294 -0.5872
vn 0.2755 0.6230 -0.7321
vn 0.4876 0.8607 0.1465
vn 0.6868 0.7143 0.1343
vn -0.6816 0.6808 0.2684
vn 0.3840 0.8655 -0.3215
vn 0.7283 -0.5211 0.4449
vn 0.7865 -0.4313 0.4420
vn -0.2501 -0.6922 0.6770
vn -0.4389 0.8839 0.1615
vn -0.2624 0.9396 0.2197
vn -0.3510 0.7753 0.5250
vn 0.6108 -0.5388 -0.5802
vn -0.4146 -0.8552 -0.3110
vn -0.0122 0.7899 -0.6130
vn 0.3787 0.7161 -0.5863
vn -0.3544 0.7776 -0.5194
vn -0.0976 -0.6097 0.7866
vn 0.0000 -0.9852 0.1713
vn -0.3542 -0.8551 0.3787
vn -0.8229 0.5608 0.0914
vn -0.6097 0.6341 0.4756
vn -0.4778 0.8454 0.2389
vn 0.3238 0.9347 -0.1466
vn 0.3482 0.8980 -0.2688
vn 0.5412 -0.4576 0.7054
vn -0.1163 -0.9366 0.3306
vn 0.2689 -0.8801 0.3912
vn -0.2573 -0.6126 0.7474
vn 0.9218 0.3846 0.0488
vn 0.9095 0.3601 0.2075
vn -0.6921 0.3614 -0.6248
vn -0.5812 0.0046 -0.8137
vn 0.2559 -0.8675 -0.4265
vn 0.2199 -0.9304 -0.2931
vn 0.1949 0.1808 -0.9640
vn 0.1863 0.2840 -0.9406
vn 0.5174 0.4033 -0.7548
vn 0.0000 0.7501 0.6613
vn -0.1454 0.7421 0.6543
vn -0.3157 0.8151 0.4857
vn -0.3929 0.6846 0.6140
vn -0.2811 -0.9502 0.1344
vn -0.6111 -0.7914 -0.0122
vn -0.6851 0.6667 -0.2936
vn -0.3672 0.6151 -0.6977
vn -0.8502 0.4463 -0.2793
vn -0.9031 0.3051 -0.3021
vn -0.9540 -0.0122 -0.2996
vn -0.7822 -0.6172 0.0855
vn -0.9383 -0.3351 -0.0853
vn -0.9687 -0.2085 -0.1349
vn -0.9781 -0.0061 -0.2079
vn 0.7213 -0.6021 -0.3423
vn 0.7314 -0.2438 -0.6369
vn 0.4639 -0.3251 -0.8241
vn 0.3292 -0.6188 -0.7133
vn 0.7798 -0.1980 -0.5940
vn 0.6113 -0.7350 0.2934
vn 0.9186 -0.1454 0.3674
vn 0.9059 -0.1672 0.3891
vn 0.6648 0.6923 0.2806
vn 0.6886 0.6581 0.3047
vn 0.4150 0.9032 0.1098
vn 0.2241 0.9725 -0.0640
vn 0.6591 0.7415 0.1251
vn 0.4436 0.8902 0.1037
vn 0.7174 0.6770 0.1647
vn 0.1522 -0.9616 0.2282
vn 0.1747 -0.9480 0.2661
vn 0.5722 -0.7801 0.2529
vn 0.5812 -0.7982 0.1584
vn -0.0988 -0.9903 0.0978
vn 0.6712 -0.7261 0.1495
vn 0.4885 -0.8721 0.0290
vn 0.5188 -0.7405 -0.4273
vn 0.6197 0.7846 -0.0183
vn 0.5174 -0.8456 0.1313
vn 0.1495 -0.9884 -0.0275
vn 0.5282 -0.5496 0.6473
vn 0.7571 -0.5648 0.3282
vn 0.8941 -0.2044 0.3986
vn 0.7210 -0.4552 0.5224
vn 0.9690 -0.0733 -0.2358
vn 0.7725 -0.6351 -0.0023
vn 0.8724 -0.4872 -0.0392
vn 0.2114 0.9489 -0.2342
vn 0.6015 0.7083 -0.3694
vn 0.6330 0.7304 -0.2564
vn -0.2929 -0.9518 0.0915
vn -0.0366 -0.9467 0.3199
vn -0.9742 -0.2253 -0.0091
vn -0.0550 -0.8856 -0.4611
vn 0.2906 -0.8689 0.4008
vn 0.3660 -0.9028 0.2257
vn 0.2043 0.6952 -0.6891
vn 0.3902 0.3742 -0.8413
vn 0.0595 0.6221 -0.7807
vn 0.4548 0.8623 -0.2228
vn 0.5925 0.7910 -0.1527
vn 0.7350 0.6771 -0.0366
vn 0.0061 -0.7237 0.6901
vn -0.1465 -0.3967 0.9062
vn -0.0244 -0.6264 0.7791
vn 0.9165 -0.3849 -0.1085
vn -0.1220 -0.9092 -0.3981
vn 0.1222 -0.9834 -0.1344
vn 0.4393 -0.8795 0.1830
vn 0.7070 -0.5546 0.4388
vn 0.5630 -0.7404 0.3672
vn 0.6437 0.7591 -0.0972
vn 0.3897 0.9072 -0.1583
vn 0.4521 0.8919 0.0122
vn 0.6360 -0.6788 0.3669
vn 0.7686 -0.5246 0.3660
vn 0.9286 -0.1436 0.3421
vn -0.5230 -0.7759 -0.3527
vn -0.3661 -0.9208 -0.1342
vn -0.6457 -0.7276 -0.2315
vn -0.5833 -0.6920 -0.4253
vn -0.1342 -0.9891 -0.0610
vn -0.1467 -0.9892 -0.0000
vn -0.9400 0.3220 0.1124
vn -0.5621 0.7515 0.3452
vn -0.7185 0.5298 0.4506
vn 0.0366 0.1801 0.9830
vn 0.0976 -0.5823 0.8071
vn 0.2322 -0.2781 0.9321
vn -0.7106 0.5758 0.4043
vn -0.6330 0.5113 0.5813
vn -0.6104 0.4944 0.6188
vn -0.0610 0.0305 0.9977
vn -0.1708 0.0183 0.9851
vn 0.0366 -0.0519 0.9980
vn 0.3350 0.8101 -0.4812
vn 0.4159 0.8623 -0.2890
vn 0.4388 0.8349 -0.3321
vn 0.5433 0.2991 -0.7844
vn 0.1528 0.3911 -0.9076
vn 0.2322 0.4276 -0.8736
vn -0.4215 0.8766 -0.2321
vn -0.1221 0.9797 -0.1587
vn 0.0244 -0.9771 0.2114
vn 0.1711 -0.9597 0.2231
vn -0.1950 -0.9261 0.3229
vn 0.6550 -0.7413 0.1464
vn 0.9372 -0.2656 0.2259
vn 0.0442 0.9873 -0.1524
vn 0.3887 0.9206 0.0366
vn -0.0305 -0.1831 0.9826
vn -0.1772 0.9134 0.3666
vn -0.2613 0.7079 0.6562
vn -0.1703 0.7118 0.6814
vn -0.2372 -0.6410 0.7300
vn -0.1090 -0.5906 0.7996
vn -0.1092 -0.7873 0.6068
vn -0.9484 0.2310 0.2173
vn -0.9899 -0.1344 -0.0458
vn -0.5983 0.7937 -0.1099
vn -0.6210 0.7366 -0.2679
vn -0.6356 0.7456 -0.2002
vn -0.5867 -0.8006 -0.1222
vn -0.3653 -0.9285 -0.0670
vn -0.4090 -0.9125 0.0061
vn -0.5130 0.7969 -0.3191
vn -0.2624 0.9338 -0.2434
vn -0.2258 0.9064 -0.3571
vn -0.6454 0.6979 -0.3105
vn -0.4770 0.8569 -0.1957
vn -0.6953 0.6404 0.3263
vn 0.1832 -0.4396 0.8793
vn -0.4014 0.7344 -0.5474
vn -0.8096 0.2921 -0.5091
vn 0.6617 -0.3785 0.6472
vn 0.8804 -0.1222 -0.4582
vn 0.9871 -0.0488 0.1526
vn 0.7175 -0.6946 0.0518
vn -0.3171 -0.9148 0.2501
vn -0.1479 -0.9883 0.0366
vn 0.5419 -0.8287 -0.1401
vn 0.9498 0.2992 0.0916
vn 0.4213 -0.8969 -0.1343
vn 0.5684 0.7961 -0.2078
vn -0.0547 0.8787 -0.4743
vn 0.2990 0.9519 -0.0671
vn 0.1297 0.9215 -0.3661
vn -0.0143 0.9579 -0.2868
vn -0.3232 -0.9075 -0.2683
vn -0.4774 -0.8439 0.2448
vn -0.0732 -0.9252 0.3722
vn 0.0367 -0.6658 0.7452
vn -0.0428 -0.6855 0.7268
vn -0.0366 -0.7768 0.6287
vn 0.1466 0.7086 -0.6902
vn -0.3126 0.9212 -0.2318
vn -0.1253 0.7515 -0.6477
vn 0.5189 0.7937 -0.3175
vn 0.2035 0.9791 0.0031
vn 0.4566 0.8645 -0.2100
vn 0.3155 0.9425 0.1100
vn 0.7803 0.6212 0.0733
vn 0.2950 0.9552 0.0244
vn 0.5934 -0.7809 0.1953
vn 0.5852 -0.7464 -0.3170
vn 0.2811 -0.9493 -0.1405
vn 0.1464 -0.9838 -0.1037
vn 0.3632 -0.9123 -0.1892
vn 0.3723 -0.0793 -0.9247
vn 0.5373 0.4884 -0.6876
vn 0.5067 0.0610 -0.8600
vn -0.1219 -0.8957 -0.4277
vn -0.1221 -0.7998 -0.5877
vn -0.1588 -0.8763 -0.4549
vn 0.4393 0.4820 -0.7581
vn 0.6709 0.7319 -0.1189
vn 0.8720 -0.4276 0.2382
vn 0.5242 -0.7641 0.3759
vn 0.3389 -0.8996 0.2754
vn 0.4702 0.4213 -0.7755
vn 0.5478 0.6540 -0.5218
vn 0.2914 0.9179 -0.2693
vn -0.1210 -0.8465 -0.5184
vn 0.0221 -0.7811 -0.6240
vn -0.0214 -0.4336 -0.9008
vn -0.0551 -0.5115 0.8575
vn -0.0487 -0.6543 0.7547
vn -0.7757 0.6138 0.1466
vn -0.4106 0.7261 0.5515
vn -0.6596 0.7512 0.0244
vn -0.9193 0.2130 -0.3309
vn -0.5141 0.7965 -0.3183
vn -0.7845 0.5585 -0.2697
vn -0.7582 0.5993 -0.2568
vn -0.6481 0.6802 -0.3424
vn -0.8301 0.4745 -0.2930
vn 0.1481 -0.4514 0.8799
vn 0.4553 -0.7779 0.4332
vn 0.4438 -0.4758 0.7594
vn 0.5210 0.8530 -0.0305
vn 0.1347 0.9557 0.2618
vn 0.4414 0.7976 0.4110
vn 0.0825 -0.9955 0.0458
vn 0.0149 -0.7206 0.6932
vn -0.1718 -0.5974 0.7833
vn -0.0929 0.6886 0.7191
vn 0.2987 0.8840 -0.3597
vn 0.0611 0.7149 -0.6966
vn -0.1405 0.9222 -0.3603
vn -0.1646 0.9085 -0.3841
vn 0.1652 0.9453 -0.2814
vn 0.1280 -0.7193 -0.6828
vn 0.3291 -0.8958 -0.2986
vn 0.1041 -0.7590 -0.6427
vn 0.4818 -0.6465 -0.5916
vn 0.6369 0.7270 0.2566
vn 0.9076 -0.3417 0.2441
vn -0.1950 -0.9600 0.2011
vn -0.3667 -0.9197 0.1405
vn -0.0794 -0.9860 0.1465
vn -0.5601 -0.7550 0.3410
vn 0.0367 0.6652 -0.7458
vn 0.2540 -0.0122 -0.9671
vn 0.2511 0.5015 -0.8279
vn 0.1464 -0.9698 -0.1951
vn 0.3279 -0.6741 0.6619
vn -0.0519 0.8674 0.4948
vn -0.8347 0.5156 -0.1933
vn -0.7190 0.6520 -0.2407
vn -0.8390 -0.5001 -0.2143
vn -0.9669 -0.0474 -0.2509
vn -0.7937 -0.1931 -0.5769
vn -0.4087 0.9028 0.1342
vn -0.5556 0.8242 -0.1099
vn -0.5545 0.8044 -0.2133
vn -0.1343 -0.9026 0.4089
vn -0.3300 -0.9433 0.0367
vn -0.7661 0.6126 -0.1946
vn -0.7680 0.6400 -0.0244
vn -0.7895 0.5496 -0.2733
vn 0.5897 -0.6722 0.4478
vn 0.3515 -0.8741 0.3354
vn 0.7717 -0.4911 0.4041
vn 0.7360 0.6566 0.1649
vn 0.7575 0.6506 0.0535
vn 0.6284 0.7779 0.0092
vn 0.8731 -0.0458 0.4854
vn 0.6886 -0.4327 0.5819
vn 0.9104 -0.0640 0.4087
vn 0.6740 0.7014 -0.2318
vn 0.6395 0.7204 -0.2686
vn 0.3499 0.3236 -0.8791
vn 0.1923 0.4272 -0.8835
vn 0.3037 0.4024 -0.8636
vn 0.2230 0.9194 -0.3240
vn -0.5977 -0.7989 0.0671
vn -0.3237 -0.9283 0.1832
vn -0.7614 -0.5786 0.2924
vn -0.5537 -0.7423 0.3773
vn -0.7811 -0.5963 -0.1850
vn -0.6744 -0.7282 -0.1221
vn -0.1953 -0.9782 0.0710
vn -0.8801 0.4171 -0.2269
vn -0.7501 0.5992 -0.2798
vn -0.6620 0.7077 -0.2467
vn 0.9470 -0.1894 0.2596
vn 0.8609 -0.4358 0.2625
vn 0.7375 -0.6423 0.2088
vn 0.5853 0.8033 0.1098
vn 0.7577 0.6386 0.1344
vn 0.6357 0.7579 0.1467
vn -0.1772 -0.9806 0.0840
vn -0.2658 -0.9622 -0.0596
vn -0.6630 -0.7485 0.0137
vn -0.5732 0.7347 0.3628
vn -0.8366 0.3572 0.4153
vn -0.0855 -0.4517 0.8881
vn -0.7786 0.5231 -0.3467
vn -0.5629 0.8169 -0.1256
vn -0.4521 0.8829 -0.1268
vn -0.2013 -0.9546 0.2196
vn -0.5496 -0.8260 0.1252
vn 0.2319 -0.9702 0.0702
vn -0.4733 -0.8734 0.1145
vn -0.3901 0.9203 -0.0286
vn -0.6129 0.6742 0.4122
vn -0.5961 0.6143 0.5170
vn -0.6735 0.7041 0.2250
vn 0.1830 -0.9305 0.3173
vn 0.6973 -0.6423 0.3181
vn 0.4811 0.8587 -0.1766
vn 0.1146 0.9027 -0.4148
vn 0.8809 -0.4694 0.0610
vn 0.7494 -0.6288 0.2076
vn 0.8397 0.5373 0.0794
vn 0.3504 0.8836 0.3108
vn 0.5872 0.8043 0.0914
vn 0.3707 0.9215 0.1159
vn -0.2438 0.9387 0.2438
vn -0.0978 0.8737 0.4766
vn -0.1344 -0.3115 0.9407
vn -0.3288 -0.8950 -0.3014
vn -0.4398 -0.8980 0.0092
vn -0.7831 -0.5690 -0.2509
vn -0.6720 -0.3177 -0.6689
vn -0.1528 -0.7579 -0.6342
vn -0.9784 -0.1957 -0.0669
vn -0.6081 -0.7784 0.1560
vn -0.8377 -0.5442 -0.0466
vn -0.2135 0.9394 -0.2684
vn -0.3077 0.9138 -0.2650
vn -0.1435 0.9828 -0.1160
vn -0.0732 0.9277 -0.3662
vn -0.2198 0.9342 -0.2809
vn -0.2572 0.9124 0.3184
vn -0.3593 0.9197 0.1584
vn -0.3526 0.8693 0.3465
vn -0.8343 0.3742 -0.4049
vn -0.5750 -0.7768 -0.2569
vn 0.9932 -0.0092 0.1161
vn 0.9343 0.1557 -0.3206
vn 0.8686 0.4206 -0.2621
vn 0.0825 -0.9291 0.3606
vn 0.1584 0.7674 0.6213
vn 0.3222 0.7356 0.5958
vn 0.2066 0.8690 0.4497
vn 0.4161 0.7955 0.4406
vn 0.1340 0.7068 0.6946
vn 0.3665 0.8552 0.3665
vn -0.5021 0.7041 -0.5021
vn -0.5727 0.7555 -0.3183
vn -0.4406 0.8078 -0.3916
vn -0.4650 0.4405 -0.7679
vn -0.2438 0.1585 -0.9568
vn -0.0489 0.2659 -0.9628
vn -0.9305 -0.2560 -0.2619
vn -0.7228 0.6585 -0.2094
vn -0.7324 -0.6809 0.0076
vn -0.3898 -0.9163 -0.0917
vn -0.0122 -0.9998 0.0183
vn 0.0871 0.7567 -0.6479
vn 0.0206 0.6098 -0.7923
vn 0.1839 0.1885 -0.9647
vn 0.1708 0.9619 0.2135
vn 0.2517 0.9635 0.0915
vn -0.0336 0.9802 -0.1953
vn -0.1225 -0.9009 0.4165
vn 0.0669 -0.8710 0.4867
vn 0.6085 -0.7470 0.2678
vn 0.5897 -0.7425 0.3178
vn -0.0749 -0.9863 0.1468
vn -0.1349 -0.6048 0.7849
vn -0.1833 -0.5444 0.8185
vn 0.0551 -0.3472 0.9362
vn -0.8082 -0.3528 0.4715
vn -0.3047 -0.7872 0.5362
vn 0.1282 -0.9758 -0.1770
vn 0.6780 -0.7349 0.0183
vn 0.6891 0.5519 -0.4696
vn 0.5562 0.7365 -0.3850
vn 0.4274 -0.9036 -0.0305
vn 0.4157 -0.8498 -0.3240
vn 0.2285 -0.5301 -0.8165
vn 0.1527 -0.4000 -0.9037
vn 0.2997 -0.6239 -0.7218
vn 0.0679 0.9704 -0.2319
vn 0.3806 0.9110 -0.1590
vn 0.2706 0.9452 0.1829
vn 0.2175 0.6045 -0.7663
vn -0.1343 0.9891 0.0611
vn -0.2887 0.7837 0.5500
vn -0.0084 0.9993 -0.0366
vn 0.7742 0.6077 0.1771
vn 0.6637 0.7416 0.0977
vn 0.4419 -0.7924 -0.4206
vn 0.4365 0.7708 -0.4640
vn 0.4822 0.8699 -0.1038
vn 0.6625 0.7038 -0.2565
vn 0.6248 -0.4598 -0.6310
vn 0.9840 0.0524 -0.1701
vn 0.9504 0.0868 -0.2985
vn 0.8624 -0.5056 -0.0243
vn 0.6843 -0.5972 -0.4185
vn 0.5374 -0.2756 -0.7970
vn 0.5762 -0.7881 0.2165
vn 0.5022 -0.8380 0.2137
vn 0.9057 -0.3065 0.2928
vn 0.6882 0.7065 0.1648
vn -0.3057 -0.9292 0.2078
vn -0.5857 -0.7321 0.3478
vn -0.3471 -0.9378 -0.0061
vn -0.4284 0.4284 -0.7956
vn -0.5735 0.2990 -0.7627
vn -0.8781 -0.4368 -0.1951
vn -0.7749 -0.5880 -0.2319
vn -0.2992 -0.9541 -0.0122
vn -0.8378 0.5275 -0.1407
vn -0.7873 0.5005 -0.3601
vn 0.3900 -0.5732 0.7206
vn 0.5252 -0.6168 0.5863
vn 0.7344 -0.5477 0.4008
vn 0.5627 -0.4740 0.6773
vn 0.2197 -0.6775 -0.7019
vn 0.2385 -0.5992 -0.7643
vn 0.0855 -0.9278 -0.3632
vn -0.3180 0.9479 0.0183
vn -0.1342 -0.7234 0.6773
vn -0.0244 -0.7126 0.7012
vn -0.0122 -0.7867 0.6172
vn -0.1527 -0.5055 0.8492
vn -0.0671 -0.6055 0.7930
vn 0.1281 -0.6757 0.7260
vn -0.2929 0.9092 0.2959
vn -0.1230 0.9139 0.3869
vn -0.3412 0.5909 0.7310
vn 0.4707 -0.6694 0.5747
vn 0.5225 -0.6714 0.5255
vn 0.7269 -0.5223 0.4459
vn 0.8220 -0.3117 0.4767
vn -0.7021 -0.7104 0.0488
vn -0.0794 -0.9799 0.1832
vn -0.3385 -0.8814 0.3294
vn -0.8752 -0.3755 0.3050
vn -0.9348 -0.3544 -0.0244
vn -0.0795 0.9169 -0.3912
vn -0.1589 -0.4095 -0.8984
vn -0.2442 0.0611 -0.9678
vn 0.1219 -0.9693 0.2134
vn 0.4629 -0.7614 -0.4538
vn 0.5123 -0.6892 -0.5123
vn -0.2957 0.5243 0.7986
vn 0.0473 -0.0794 0.9957
vn -0.4041 0.7990 0.4453
vn -0.3579 0.6226 0.6959
vn -0.4537 0.8066 0.3789
vn 0.1671 -0.9830 0.0763
vn 0.5054 -0.8406 0.1949
vn -0.0884 0.9483 -0.3049
vn -0.1405 0.9314 -0.3359
vn 0.0183 0.9997 0.0183
vn -0.9851 -0.0122 -0.1713
vn -0.6200 -0.7796 -0.0881
vn -0.0732 -0.9826 0.1709
vn -0.0366 -0.9936 0.1068
vn -0.5613 -0.8039 0.1968
vn -0.6119 -0.7511 0.2478
vn 0.2439 -0.9559 0.1635
vn 0.7836 0.3122 0.5372
vn 0.6450 -0.0304 0.7636
vn 0.9180 -0.0673 0.3909
vn 0.4637 -0.5369 0.7047
vn 0.5625 -0.6970 0.4448
vn -0.4279 0.6601 0.6174
vn 0.0245 0.8929 0.4495
vn 0.9638 -0.0549 0.2608
vn 0.7313 -0.2559 0.6322
vn 0.2936 -0.6790 0.6729
vn -0.1098 0.9733 -0.2014
vn 0.0421 0.9731 -0.2265
vn -0.0290 0.9359 -0.3511
vn -0.8357 0.5429 0.0833
vn -0.9745 0.1766 0.1386
vn -0.6609 0.7466 -0.0765
vn -0.9565 0.2803 0.0807
vn -0.9689 0.2072 0.1352
vn -0.8678 0.4950 0.0435
vn 0.1808 0.6924 0.6985
vn 0.0122 0.7844 0.6202
vn 0.0826 0.8814 0.4652
vn 0.0947 0.7762 0.6234
vn -0.0547 0.6686 0.7416
vn -0.3533 -0.9351 0.0274
vn -0.5626 -0.8073 0.1781
vn 0.4753 -0.8486 0.2323
vn -0.4754 -0.6460 0.5973
vn 0.5375 -0.7848 0.3084
vn -0.0610 -0.4329 0.8994
vn 0.5777 0.7419 -0.3405
vn 0.3630 0.8784 -0.3108
vn 0.4286 0.8450 -0.3199
vn -0.9022 0.2926 -0.3170
vn -0.7790 0.5264 -0.3408
vn -0.8398 0.4321 -0.3286
vn -0.7661 -0.6354 -0.0973
vn -0.5139 -0.8565 0.0489
vn -0.8264 -0.5499 -0.1215
vn -0.9347 0.1466 -0.3238
vn -0.9016 0.2406 -0.3594
vn -0.5250 -0.8455 0.0977
vn -0.7259 -0.6832 0.0793
vn -0.1923 -0.9403 0.2809
vn -0.3169 0.8776 -0.3596
vn -0.4263 0.8221 -0.3775
vn -0.4642 0.8063 -0.3665
vn -0.8339 -0.5519 -0.0061
vn -0.2194 -0.9507 0.2194
vn 0.3552 0.7961 0.4899
vn 0.7056 -0.6980 0.1217
vn 0.1465 -0.9369 0.3174
vn 0.3668 -0.6022 -0.7091
vn 0.1821 0.4734 -0.8618
vn -0.2438 0.6766 -0.6949
vn -0.9285 0.2627 -0.2627
vn -0.9924 -0.1218 0.0167
vn -0.2935 -0.9295 0.2232
vn -0.9825 0.0183 -0.1854
vn -0.9100 -0.4092 -0.0672
vn -0.6422 -0.7661 -0.0245
vn -0.3537 -0.8708 0.3415
vn -0.6729 -0.7134 0.1957
vn -0.8987 0.0963 -0.4279
vn -0.7802 0.0413 -0.6242
vn -0.8899 0.3274 -0.3175
vn -0.3698 0.7488 -0.5501
vn -0.6614 0.5699 -0.4876
vn -0.3627 0.8216 -0.4398
vn 0.4656 0.8840 0.0427
vn 0.4431 0.8954 -0.0426
vn 0.7280 -0.6654 0.1648
vn 0.9156 -0.2991 0.2686
vn 0.4952 -0.8666 0.0611
vn 0.5510 -0.6474 0.5265
vn 0.0610 -0.8527 0.5189
vn 0.9655 0.1586 -0.2063
vn 0.8971 -0.4272 -0.1129
vn 0.7294 -0.6822 0.0518
vn 0.9886 -0.1465 0.0336
vn -0.7510 -0.5855 -0.3053
vn -0.8843 -0.3427 -0.3171
vn -0.6036 0.6531 -0.4573
vn -0.0611 0.5438 -0.8370
vn -0.9363 -0.2671 -0.2280
vn -0.5720 -0.7618 -0.3042
vn -0.0732 -0.9972 -0.0168
vn -0.1830 0.7563 0.6282
vn -0.2384 0.8373 0.4920
vn -0.2682 0.8961 0.3536
vn -0.5242 0.6827 0.5090
vn -0.2018 0.6971 0.6880
vn -0.6318 -0.6447 0.4303
vn -0.2746 -0.8916 0.3600
vn -0.7780 -0.6239 0.0732
vn -0.3753 0.7917 -0.4820
vn -0.3236 0.8104 -0.4884
vn -0.4723 0.7131 -0.5181
vn 0.2626 -0.9620 -0.0748
vn 0.1100 -0.9560 -0.2718
vn 0.8803 -0.1009 0.4636
vn 0.7447 -0.6287 0.2239
vn 0.7096 -0.2845 0.6446
vn 0.8685 -0.4771 0.1346
vn 0.6552 0.7410 -0.1470
vn 0.9423 -0.1040 -0.3182
vn 0.7592 0.6490 -0.0490
vn 0.0488 -0.9807 0.1891
vn 0.1709 -0.9853 0.0061
vn 0.3056 -0.6287 -0.7151
vn -0.5618 0.4564 -0.6900
vn 0.0000 0.6146 -0.7889
vn -0.7901 0.5516 -0.2674
vn -0.6576 0.7086 -0.2557
vn -0.7548 -0.6224 -0.2070
vn 0.0733 -0.9846 0.1589
vn -0.2072 -0.9782 -0.0122
vn 0.0153 0.9987 0.0489
vn -0.0313 0.9737 0.2259
vn -0.1804 0.9388 0.2936
vn -0.3357 0.8912 0.3052
vn 0.8544 0.4707 0.2201
vn 0.8550 0.4579 0.2434
vn 0.0122 0.9999 -0.0030
vn -0.3727 0.9255 -0.0672
vn -0.0244 0.9982 -0.0549
vn -0.4823 0.8760 -0.0061
vn 0.9282 -0.3175 0.1939
vn 0.8356 -0.4574 0.3042
vn 0.8318 -0.1162 0.5428
vn 0.7992 -0.4820 0.3592
vn 0.6979 -0.7131 0.0663
vn 0.4576 -0.8785 0.1373
vn 0.3817 -0.9039 0.1928
vn 0.1405 -0.9529 0.2688
vn 0.2593 -0.9397 0.2229
vn 0.4995 0.8468 0.1828
vn 0.2437 0.9686 0.0487
vn 0.0000 0.9873 -0.1589
vn 0.1832 0.9681 -0.1710
vn -0.1467 0.9446 -0.2935
vn 0.4062 -0.7662 0.4978
vn 0.1434 -0.8098 0.5689
vn -0.1585 -0.6662 0.7287
vn 0.0794 -0.7580 0.6474
vn 0.1528 0.4523 -0.8787
vn -0.2932 -0.6352 -0.7146
vn -0.0671 -0.9887 -0.1343
vn 0.0274 -0.9444 -0.3275
vn -0.3893 0.7968 0.4622
vn -0.4372 0.4918 0.7530
vn -0.3556 0.7632 0.5395
vn -0.2093 -0.4624 0.8616
vn -0.0244 -0.7918 0.6103
vn -0.0727 -0.7305 0.6790
vn 0.9306 -0.3299 0.1588
vn 0.5148 -0.8554 0.0580
vn 0.6399 -0.7684 -0.0122
vn 0.6312 0.7339 0.2508
vn 0.4175 0.8053 0.4209
vn -0.4344 0.8932 -0.1162
vn -0.3233 0.9272 -0.1891
vn -0.3846 0.8363 -0.3907
vn -0.4878 0.7682 -0.4146
vn -0.2809 -0.9597 -0.0000
vn -0.1771 0.9773 -0.1161
vn 0.1099 -0.9921 0.0611
vn 0.0611 0.7298 -0.6809
vn 0.0855 0.6649 -0.7420
vn 0.0916 0.7541 -0.6503
vn -0.2686 -0.8338 -0.4823
vn -0.5130 0.8153 -0.2687
vn -0.8969 0.3417 -0.2807
vn -0.6666 0.7308 -0.1468
vn -0.7251 -0.6672 -0.1706
vn -0.8249 -0.5347 -0.1833
vn -0.5916 0.7136 -0.3751
vn -0.6952 -0.7135 -0.0877
vn -0.8636 0.4669 -0.1903
vn -0.2319 -0.9611 0.1498
vn -0.1464 -0.9546 0.2592
vn -0.0427 -0.5612 0.8266
vn -0.1649 -0.5315 0.8308
vn 0.1648 0.8454 0.5081
vn 0.1038 0.8980 0.4276
vn 0.2442 0.9097 0.3358
vn -0.0244 -0.1525 0.9880
vn 0.6588 -0.5764 0.4834
vn 0.5767 0.7964 -0.1819
vn 0.6957 0.7170 -0.0442
vn -0.0813 0.9892 -0.1221
vn 0.0900 0.9850 -0.1471
vn 0.1174 0.9634 -0.2409
vn -0.6733 0.6152 -0.4101
vn -0.7104 0.4868 -0.5083
vn -0.8993 0.3676 -0.2370
vn -0.3544 -0.9320 -0.0764
vn 0.4524 -0.8834 0.1223
vn 0.7313 -0.6534 0.1954
vn 0.6353 -0.7120 0.2991
vn 0.7040 -0.6222 0.3424
vn 0.2313 -0.7156 0.6591
vn 0.4292 0.8585 0.2806
vn 0.3872 0.7392 0.5510
vn 0.6813 -0.6469 0.3426
vn -0.1038 0.8922 -0.4396
vn -0.2321 0.9616 -0.1466
vn -0.2927 0.9334 -0.2073
vn -0.0122 -0.9996 0.0244
vn -0.9615 -0.2738 0.0243
vn -0.9189 -0.3553 0.1715
vn -0.7426 -0.6696 -0.0122
vn -0.4271 0.3295 0.8420
vn -0.5015 -0.6239 0.5994
vn -0.2204 -0.3612 0.9061
vn 0.0810 0.8684 0.4892
vn -0.2628 -0.3361 0.9044
vn 0.9614 0.2266 -0.1562
vn 0.5129 0.5496 -0.6595
vn 0.3229 0.3229 0.8896
vn 0.6951 -0.3658 0.6189
vn 0.0366 0.9918 0.1221
vn -0.1647 0.9788 0.1220
vn -0.3480 0.8730 0.3419
vn -0.3791 0.9172 -0.1223
vn -0.3903 0.8843 -0.2562
vn -0.5129 0.7999 -0.3114
vn 0.5477 0.8238 0.1465
vn 0.6774 0.7340 0.0489
vn 0.5643 0.8197 0.0979
vn 0.8494 -0.3263 0.4148
vn 0.3778 0.9202 -0.1021
vn 0.8548 -0.5190 0.0076
vn 0.7546 -0.1955 0.6263
vn 0.5271 0.8318 -0.1737
vn -0.2228 0.9095 -0.3510
vn -0.3046 0.8893 -0.3411
vn -0.3485 0.9232 -0.1620
vn -0.3337 0.9417 0.0427
vn -0.9200 0.3899 0.0396
vn -0.2018 -0.9417 0.2691
vn -0.3665 0.8552 0.3665
vn -0.3051 0.9428 0.1343
vn -0.4387 0.8957 0.0731
vn -0.6109 0.7606 -0.2199
vn -0.4160 0.9053 -0.0856
vn 0.5569 -0.7816 -0.2810
vn 0.2564 -0.9663 -0.0244
vn 0.2886 -0.7474 -0.5985
vn 0.7737 -0.5484 0.3173
vn 0.8515 -0.4427 0.2809
vn 0.6481 -0.7473 0.1466
vn -0.2265 0.9427 0.2449
vn -0.4375 0.8992 -0.0030
vn 0.8320 -0.4978 0.2447
vn 0.5980 -0.7552 0.2685
vn 0.7821 -0.5286 0.3300
vn 0.3113 0.9475 0.0732
vn 0.6967 0.6600 0.2811
vn 0.4390 0.8612 0.2561
vn -0.3232 0.9269 -0.1906
vn -0.2651 0.9630 -0.0488
vn -0.2868 0.9490 -0.1312
vn -0.4397 -0.8123 -0.3832
vn -0.9395 -0.1647 -0.3004
vn -0.9965 0.0243 -0.0805
vn -0.1459 0.8849 0.4424
vn -0.0115 0.7078 0.7063
vn 0.2441 0.5188 0.8193
vn 0.3404 0.2259 0.9128
vn -0.2259 0.8581 0.4610
vn -0.2820 0.9267 0.2484
vn 0.9813 0.1585 0.1097
vn 0.9674 0.2312 0.1034
vn -0.1589 0.9348 -0.3177
vn -0.0732 0.9496 -0.3048
vn -0.1616 -0.6038 0.7806
vn 0.3435 -0.6403 0.6871
vn 0.0122 0.9632 0.2686
vn 0.3374 0.7188 0.6079
vn 0.1344 -0.9344 0.3298
vn -0.3057 -0.9233 0.2324
vn 0.3311 -0.5554 -0.7629
vn -0.1367 0.3888 -0.9111
vn -0.2000 0.5741 -0.7940
vn -0.0183 0.3724 -0.9279
vn 0.3680 -0.5353 0.7603
vn 0.4120 -0.6226 0.6653
vn 0.6799 -0.0488 0.7317
vn 0.3514 -0.0489 0.9350
vn 0.6918 -0.5211 0.4998
vn 0.9068 -0.0733 0.4152
vn 0.7724 -0.4335 0.4641
vn 0.4361 0.8570 -0.2745
vn 0.4791 -0.8725 0.0961
vn 0.5249 -0.6477 0.5523
vn 0.3509 -0.8902 0.2906
vn -0.2501 -0.9545 -0.1626
vn -0.3570 -0.9031 -0.2387
vn -0.6547 -0.7526 0.0711
vn -0.9100 -0.3726 -0.1817
vn -0.5728 -0.8165 -0.0725
vn 0.4620 -0.8464 0.2649
vn 0.0817 -0.9585 0.2732
vn 0.3449 -0.9223 0.1741
vn 0.8292 0.5498 -0.1008
vn 0.8863 0.4393 0.1464
vn 0.7850 0.6170 -0.0565
vn -0.1589 0.9108 -0.3809
vn -0.4024 0.8962 -0.1867
vn -0.5869 0.8070 -0.0657
vn -0.7331 -0.6781 -0.0519
vn -0.8310 -0.5560 -0.0183
vn -0.5126 -0.8421 0.1678
vn -0.7820 -0.5957 -0.1833
vn -0.5727 -0.8194 -0.0244
vn -0.0122 -0.9480 0.3180
vn -0.1826 -0.3651 0.9129
vn 0.0122 -0.7540 0.6567
vn -0.0122 -0.6567 0.7540
vn -0.1604 -0.0031 0.9870
vn -0.4852 0.0447 0.8733
vn -0.0737 -0.8044 0.5895
vn -0.4987 -0.8613 0.0973
vn -0.1099 -0.9878 0.1099
vn -0.1950 -0.9679 -0.1584
vn 0.0972 0.9845 0.1459
vn 0.2269 0.9690 0.0981
vn 0.0854 0.9758 -0.2013
vn 0.2059 -0.7650 0.6102
vn -0.0616 -0.9693 0.2381
vn 0.2812 -0.9537 0.1070
vn 0.2072 -0.9780 0.0244
vn 0.1832 -0.9769 -0.1099
vn 0.0854 0.4333 -0.8972
vn -0.0610 0.4790 -0.8757
vn -0.2623 0.9576 -0.1189
vn 0.0550 0.9162 0.3970
vn -0.4133 -0.3949 0.8205
vn 0.2897 -0.7167 0.6344
vn 0.1682 -0.8993 0.4038
vn 0.1066 0.8041 0.5848
vn 0.4209 0.5226 0.7414
vn 0.0338 0.7367 0.6753
vn 0.4086 0.3530 -0.8417
vn 0.1343 0.3930 -0.9097
vn 0.2410 0.4607 -0.8542
vn 0.5293 0.3671 -0.7649
vn 0.3232 0.9451 0.0488
vn 0.6906 0.7195 0.0732
vn 0.5303 0.8351 0.1463
vn 0.4274 -0.7967 -0.4274
vn 0.8047 -0.1859 -0.5639
vn 0.2443 -0.5251 -0.8152
vn -0.0978 0.3575 -0.9288
vn 0.1099 0.2626 -0.9586
vn -0.5748 -0.6992 -0.4250
vn -0.5617 -0.6765 -0.4762
vn 0.4884 -0.8404 0.2350
vn -0.4872 0.0639 -0.8709
vn -0.3915 0.3517 -0.8503
vn -0.0733 0.6595 -0.7481
vn -0.1100 0.9590 -0.2611
vn 0.0366 0.8774 -0.4783
vn 0.5832 -0.7527 0.3054
vn 0.5978 -0.7335 0.3233
vn 0.7168 -0.6436 -0.2684
vn 0.1402 0.1037 -0.9847
vn -0.8374 -0.5265 -0.1467
vn -0.5982 0.7829 -0.1709
vn -0.7992 0.5979 0.0610
vn -0.5677 -0.8222 -0.0427
vn -0.1571 -0.9849 -0.0732
vn -0.5968 -0.1899 -0.7796
vn -0.0122 0.9126 -0.4086
vn 0.1796 0.4775 -0.8601
vn -0.3658 -0.9276 0.0762
vn 0.0610 -0.8805 0.4700
vn -0.3546 -0.9270 0.1223
vn 0.2321 -0.9435 0.2366
vn 0.3528 0.9125 -0.2068
vn 0.4760 0.8726 -0.1098
vn 0.7068 -0.6641 0.2437
vn 0.7997 -0.4090 0.4395
vn -0.7084 0.6702 -0.2214
vn 0.3115 -0.6719 0.6719
vn 0.4690 -0.1462 0.8710
vn 0.1768 -0.1707 0.9693
vn -0.2077 -0.9652 0.1588
vn 0.0672 -0.9772 0.2015
vn 0.8686 0.4832 0.1101
vn 0.9830 0.0122 0.1832
vn 0.9430 0.3245 0.0735
vn 0.3301 -0.9048 0.2690
vn 0.1830 -0.9636 0.1952
vn 0.4831 -0.8561 0.1835
vn 0.1961 0.9315 0.3064
vn -0.3057 0.9292 0.2078
vn -0.2383 0.9350 -0.2628
vn 0.0855 0.8613 0.5009
vn 0.2200 0.5989 0.7700
vn 0.4644 -0.4155 0.7821
vn 0.9095 0.2686 0.3174
vn 0.7204 0.3053 0.6227
vn -0.0214 -0.9767 0.2136
vn 0.1128 -0.9755 0.1890
vn -0.1797 -0.9561 0.2314
vn -0.2407 -0.8777 0.4144
vn -0.4646 -0.8437 0.2690
vn -0.7311 0.5239 0.4371
vn -0.6203 0.5108 0.5952
vn -0.6939 0.3774 0.6133
vn 0.7798 -0.6115 0.1340
vn 0.6449 -0.5453 -0.5354
vn 0.8233 -0.4002 -0.4025
vn 0.6595 -0.6564 0.3664
vn 0.5988 -0.7241 0.3422
vn 0.5313 -0.6549 0.5374
vn -0.9539 0.2507 -0.1651
vn -0.9499 0.2618 -0.1705
vn -0.1590 -0.9845 0.0734
vn -0.3787 -0.9253 0.0183
vn -0.1191 -0.2322 0.9654
vn -0.1250 0.3110 0.9422
vn -0.3540 0.4395 0.8255
vn 0.0457 -0.2744 0.9605
vn -0.2031 0.2260 0.9527
vn 0.2913 0.3294 0.8982
vn 0.5123 0.8462 -0.1464
vn 0.5499 -0.6339 0.5438
vn 0.7119 -0.5072 0.4858
vn -0.1587 -0.3373 0.9279
vn -0.1590 -0.3653 0.9172
vn 0.0244 0.9418 0.3353
vn -0.3477 0.5002 0.7930
vn -0.0794 0.9737 0.2137
vn 0.2318 -0.6406 -0.7321
vn 0.1984 -0.9798 0.0244
vn 0.0671 -0.9910 -0.1159
vn 0.0792 -0.9967 0.0183
vn 0.4149 -0.7810 -0.4668
vn 0.4028 -0.9063 -0.1282
vn 0.3481 -0.9375 -0.0000
vn 0.6213 0.6578 -0.4258
vn 0.3050 0.2440 -0.9206
vn -0.1706 -0.8406 -0.5141
vn -0.3603 -0.4519 -0.8161
vn 0.1862 -0.9715 -0.1465
vn 0.5975 -0.7835 -0.1707
vn 0.3356 -0.8680 -0.3661
vn 0.2547 -0.9471 -0.1952
vn 0.1128 -0.8914 -0.4389
vn 0.4460 -0.8676 -0.2200
vn -0.3289 0.4751 -0.8162
vn -0.3967 0.5370 -0.7445
vn -0.3239 0.7273 -0.6051
vn -0.5934 0.5505 -0.5872
vn -0.1160 0.9466 -0.3008
vn -0.0671 0.9858 -0.1537
vn 0.1223 0.4808 -0.8683
vn 0.1859 0.4419 -0.8776
vn -0.7225 0.6153 0.3153
vn 0.0000 0.3222 0.9467
vn -0.5629 0.7159 0.4130
vn 0.2931 0.0824 0.9525
vn -0.4091 -0.9073 -0.0977
vn -0.6946 0.1252 -0.7084
vn -0.3909 0.2810 0.8765
vn 0.1890 0.0305 0.9815
vn 0.2381 -0.6959 0.6776
vn 0.1956 -0.6296 0.7519
vn -0.2315 0.1401 -0.9627
vn 0.2256 0.2592 -0.9391
vn 0.4272 -0.8879 -0.1709
vn 0.4877 -0.8626 0.1341
vn 0.1101 -0.9568 0.2690
vn -0.1707 -0.8994 0.4024
vn -0.0488 -0.9968 0.0626
vn 0.7843 -0.5295 0.3232
vn -0.9238 -0.3802 0.0456
vn 0.5996 -0.4031 0.6914
vn 0.3667 -0.2735 0.8892
vn -0.3296 -0.9428 -0.0496
vn -0.1464 -0.9891 -0.0122
vn -0.5743 -0.8049 -0.1497
vn -0.1711 -0.9851 -0.0153
vn -0.5755 -0.8095 -0.1163
vn 0.3531 -0.7670 -0.5357
vn 0.1283 0.2261 -0.9656
vn 0.4510 -0.2621 -0.8532
vn 0.3255 -0.8032 -0.4989
vn 0.3052 -0.3663 -0.8790
vn 0.0304 -0.1643 -0.9859
vn -0.9238 -0.3609 -0.1276
vn -0.7799 0.3603 -0.5118
vn -0.9009 -0.3964 0.1765
vn -0.7562 0.4429 -0.4817
vn -0.0854 0.9569 -0.2775
vn -0.2564 0.7974 -0.5463
vn -0.1343 0.7113 -0.6899
vn -0.1897 0.8045 0.5628
vn -0.2871 0.9194 0.2688
vn -0.2557 0.6332 0.7306
vn -0.0857 -0.7344 0.6732
vn -0.0489 -0.7154 0.6970
vn 0.7552 0.4872 0.4385
vn 0.4214 -0.8183 0.3908
vn 0.2444 -0.9533 0.1772
vn 0.5011 -0.7627 0.4088
vn 0.4405 -0.7743 0.4542
vn -0.0823 -0.8110 0.5793
vn 0.0729 -0.3127 0.9471
vn -0.1342 -0.7563 0.6404
vn -0.2350 0.8180 0.5250
vn -0.0975 0.9892 0.1097
vn -0.0595 0.9790 0.1952
vn 0.7004 -0.7096 -0.0765
vn -0.9459 -0.1044 -0.3071
vn -0.9603 0.0790 -0.2674
vn -0.3905 -0.9125 -0.1220
vn 0.1467 -0.9163 0.3728
vn -0.2077 -0.9620 -0.1772
vn -0.5494 -0.7703 -0.3236
vn -0.2812 -0.9311 -0.2323
vn -0.3054 -0.9389 0.1588
vn 0.4527 -0.5798 -0.6774
vn 0.8017 -0.4945 -0.3358
vn 0.2754 -0.8728 -0.4028
vn 0.7287 -0.6715 0.1343
vn 0.7749 0.4764 0.4153
vn 0.4724 -0.8595 0.1951
vn -0.5727 -0.4722 0.6702
vn 0.0244 -0.7190 0.6946
vn -0.2451 0.9068 0.3431
vn -0.1627 0.8593 0.4849
vn -0.1361 0.6851 0.7157
vn 0.5707 0.5364 0.6217
vn 0.1666 0.8844 0.4360
vn 0.2032 -0.1826 0.9620
vn 0.1190 0.9884 -0.0946
vn 0.3357 0.8972 0.2869
vn -0.2688 0.9468 0.1771
vn -0.4022 0.7944 0.4552
vn 0.2990 0.9443 -0.1373
vn 0.5070 0.8613 0.0336
vn 0.5858 0.8101 0.0252
vn 0.0000 -0.9330 0.3598
vn -0.3182 -0.8688 0.3793
vn 0.9595 -0.0183 0.2811
vn 0.9462 -0.1709 0.2747
vn 0.4882 -0.8056 0.3357
vn 0.3781 -0.8720 0.3110
vn 0.3791 -0.8560 0.3516
vn 0.4025 -0.5000 0.7668
vn 0.4032 -0.7269 0.5559
vn 0.2442 0.9523 -0.1831
vn 0.4178 0.8967 -0.1464
vn -0.1435 0.9893 -0.0244
vn 0.3178 -0.8954 0.3117
vn 0.5001 -0.8629 -0.0732
vn 0.6587 -0.7197 -0.2196
vn -0.8244 0.5313 -0.1954
vn -0.9585 0.2747 0.0763
vn -0.8938 -0.4377 -0.0976
vn -0.7732 -0.5852 -0.2445
vn -0.7449 0.4610 -0.4823
vn -0.7997 0.3022 -0.5189
vn 0.0274 -0.8983 0.4385
vn 0.0306 -0.7611 0.6480
vn -0.2138 -0.6016 0.7696
vn -0.0488 -0.9913 0.1220
vn 0.6850 0.6908 -0.2315
vn 0.3700 0.7384 -0.5637
vn 0.5822 0.5929 -0.5563
vn 0.8833 0.3190 0.3435
vn 0.7546 -0.2738 0.5964
vn 0.6983 -0.4472 0.5589
vn 0.8156 -0.5721 -0.0867
vn 0.9697 -0.1688 0.1768
vn -0.0939 0.7611 0.6419
vn -0.1214 0.9566 0.2650
vn 0.0885 -0.9761 -0.1983
vn 0.5140 -0.5491 0.6590
vn 0.1909 -0.9773 -0.0916
vn 0.7939 -0.5687 0.2153
vn -0.3414 0.8658 -0.3658
vn -0.5431 0.8025 -0.2471
vn 0.0305 0.9764 -0.2136
vn -0.0336 0.9916 -0.1251
vn -0.4182 -0.8791 0.2289
vn -0.8652 0.4478 -0.2254
vn -0.1709 0.9798 0.1038
vn -0.2690 0.9631 -0.0122
vn -0.3666 0.9287 0.0550
vn -0.5973 -0.6460 0.4754
vn -0.2076 0.9770 0.0488
vn 0.6649 0.7460 -0.0366
vn 0.3200 0.8838 -0.3413
vn 0.3919 0.9180 -0.0610
vn 0.0566 0.7586 -0.6491
vn 0.4976 0.5798 -0.6452
vn 0.6994 0.7020 -0.1343
vn 0.0244 -0.6466 0.7625
vn -0.3662 -0.6775 0.6378
vn -0.2687 -0.1191 0.9558
vn -0.0732 -0.9908 0.1136
vn 0.0244 -0.6868 0.7265
vn 0.2504 -0.8884 0.3847
vn 0.2809 -0.9313 0.2321
vn 0.4450 -0.8534 0.2713
vn 0.1587 -0.9781 0.1343
vn 0.3904 -0.8970 0.2074
vn 0.9641 -0.0702 0.2563
vn 0.9083 -0.2438 0.3399
vn 0.9874 0.0670 0.1432
vn 0.7105 -0.0579 0.7013
vn 0.1035 0.5129 -0.8522
vn 0.1717 0.5612 -0.8096
vn 0.3295 -0.9152 -0.2319
vn 0.4725 0.8414 -0.2622
vn 0.4465 0.8409 -0.3058
vn 0.6883 0.7050 -0.1709
vn 0.5067 -0.8485 0.1526
vn 0.3973 -0.8695 0.2934
vn 0.3793 -0.8595 0.3426
vn -0.3115 -0.9498 0.0305
vn -0.9771 -0.2107 -0.0305
vn -0.3902 -0.9207 -0.0000
vn -0.2074 0.9698 -0.1281
vn -0.2258 -0.9231 0.3113
vn -0.6040 -0.7924 0.0854
vn -0.1405 -0.8809 0.4519
vn -0.4393 -0.8405 0.3173
vn -0.0550 0.9984 0.0122
vn 0.0611 0.9963 0.0611
vn 0.3780 0.9206 0.0976
vn -0.7885 0.5532 -0.2689
vn -0.9015 0.4325 0.0183
vn -0.5989 0.7914 -0.1222
vn -0.6766 0.6492 -0.3475
vn -0.5187 0.8117 -0.2685
vn -0.4818 0.7990 -0.3598
vn -0.1101 -0.9692 0.2201
vn -0.3910 -0.9164 -0.0855
vn -0.2680 -0.9564 0.1157
vn -0.9135 -0.3502 -0.2071
vn 0.2320 -0.9461 0.2259
vn -0.8849 -0.2909 -0.3637
vn -0.2437 -0.9321 0.2680
vn -0.2803 -0.9446 0.1706
vn -0.8086 -0.5697 0.1470
vn 0.0588 -0.9879 -0.1435
vn 0.3545 -0.4941 -0.7939
vn 0.0412 -0.9989 -0.0244
vn 0.1155 -0.8277 -0.5491
vn 0.2324 0.9725 0.0122
vn 0.3897 0.9193 -0.0548
vn 0.0929 0.9809 -0.1706
vn 0.8973 0.3057 -0.3183
vn 0.9952 -0.0977 -0.0061
vn 0.2675 0.9120 -0.3109
vn 0.4772 0.8146 -0.3298
vn -0.1647 -0.9517 0.2593
vn -0.3774 0.9132 -0.1537
vn -0.8057 0.5860 0.0866
vn -0.6467 0.5796 -0.4957
vn -0.7793 0.4323 -0.4536
vn -0.6090 0.6516 -0.4522
vn -0.4640 0.5068 -0.7266
vn -0.4280 -0.8908 -0.1529
vn -0.7927 0.5381 -0.2866
vn -0.1878 -0.7251 0.6625
vn -0.0137 -0.8565 0.5160
vn -0.2780 -0.8523 0.4430
vn -0.8724 -0.3691 0.3203
vn 0.6586 0.7425 0.1220
vn 0.6949 0.7041 0.1463
vn 0.6591 0.6103 0.4394
vn 0.6725 0.7138 0.1956
vn 0.5438 0.8370 -0.0611
vn 0.5135 0.8559 -0.0611
vn 0.7536 0.6555 -0.0490
vn 0.6357 0.7641 -0.1100
vn 0.3081 -0.1831 -0.9336
vn 0.3507 -0.6100 -0.7106
vn -0.3173 0.7688 -0.5552
vn -0.2437 0.8958 -0.3717
vn -0.5241 0.8410 -0.1341
vn -0.3847 0.8793 -0.2809
vn 0.5293 -0.8481 -0.0214
vn 0.2335 -0.9186 0.3189
vn 0.2353 -0.9717 -0.0214
vn 0.7669 0.6282 0.1311
vn 0.3421 -0.9163 0.2084
vn 0.3291 -0.9354 0.1293
vn -0.7342 -0.6593 0.1621
vn -0.2924 -0.9519 0.0914
vn -0.4587 0.8745 -0.1575
vn -0.1711 0.9347 -0.3116
vn 0.0798 -0.7818 0.6184
vn 0.1390 -0.0549 0.9888
vn 0.0634 0.1527 0.9862
vn 0.0564 -0.8166 0.5744
vn 0.1159 -0.4270 0.8968
vn -0.1191 0.2322 -0.9654
vn 0.2233 -0.9481 -0.2263
vn 0.2714 -0.5183 -0.8110
vn 0.2317 -0.8416 -0.4879
vn 0.7279 0.6851 0.0268
vn 0.7551 0.6546 0.0365
vn 0.6149 0.7884 -0.0198
vn 0.9118 -0.0826 0.4023
vn 0.8340 -0.5418 0.1044
vn 0.8775 -0.3169 0.3601
vn -0.3911 -0.9105 -0.1344
vn -0.2014 -0.9765 -0.0763
vn 0.2382 -0.8794 0.4122
vn -0.2076 -0.9188 0.3358
vn -0.1452 0.9723 -0.1829
vn -0.1258 0.1784 -0.9759
vn 0.1074 0.9668 -0.2317
vn -0.1286 0.6659 -0.7348
vn -0.9383 0.2933 -0.1831
vn -0.0901 0.9555 0.2809
vn 0.7703 -0.0489 0.6358
vn 0.7198 0.1655 0.6742
vn -0.0380 -0.6818 0.7305
vn 0.8491 0.5223 0.0794
vn 0.5866 0.7974 -0.1421
vn 0.4885 0.1191 -0.8644
vn 0.5441 0.5319 -0.6488
vn -0.5801 0.6778 0.4518
vn 0.4848 0.8250 -0.2903
vn -0.1037 -0.3966 -0.9121
vn 0.2843 -0.9537 0.0978
vn -0.3221 -0.3890 -0.8631
vn 0.3271 -0.9371 -0.1217
vn 0.3122 -0.9258 0.2132
vn 0.7837 -0.5855 -0.2074
vn 0.8536 -0.4634 0.2378
vn -0.2057 0.8303 -0.5180
vn -0.4542 0.5634 -0.6901
vn -0.6555 0.5042 -0.5623
vn -0.2582 0.7943 -0.5499
vn 0.0978 0.9843 -0.1467
vn 0.0183 0.9938 -0.1097
vn -0.1466 0.9408 -0.3055
vn -0.7593 0.6215 -0.1929
vn -0.5621 0.7637 -0.3177
vn -0.8952 0.4292 -0.1196
vn -0.9258 0.3350 -0.1751
vn -0.8447 0.4881 -0.2196
vn -0.0915 -0.9572 0.2746
vn 0.0000 -0.4757 -0.8796
vn -0.4869 -0.7555 -0.4383
vn 0.1343 -0.9800 0.1465
vn -0.1647 -0.9845 0.0610
vn -0.5512 -0.6369 0.5390
vn -0.5947 -0.6069 0.5272
vn -0.4036 -0.8745 0.2691
vn -0.2945 -0.3927 0.8712
vn 0.0975 0.7128 0.6945
vn -0.2443 -0.9430 -0.2260
vn 0.3291 -0.8707 -0.3656
vn 0.0672 -0.9959 -0.0610
vn 0.4470 0.1500 -0.8818
vn 0.1892 0.5438 -0.8176
vn -0.0977 -0.9904 -0.0977
vn -0.2450 -0.8755 0.4166
vn -0.8006 0.5470 -0.2445
vn -0.7802 0.5623 -0.2743
vn -0.8438 0.4922 -0.2140
vn -0.2932 -0.9545 -0.0550
vn -0.6565 0.7416 0.1382
vn 0.3446 -0.5730 -0.7436
vn 0.3484 -0.7535 -0.5575
vn 0.1956 -0.8646 -0.4628
vn 0.4336 -0.8892 -0.1462
vn 0.3609 -0.8983 -0.2505
vn -0.2255 -0.9506 0.2133
vn -0.6838 -0.7204 0.1160
vn -0.9861 -0.0243 0.1644
vn -0.5926 -0.8003 0.0916
vn -0.6962 -0.7084 0.1160
vn -0.9600 -0.2262 -0.1651
vn 0.7708 -0.4221 0.4772
vn 0.6971 -0.3608 0.6195
vn 0.9750 -0.0244 0.2209
vn 0.9682 -0.0304 0.2483
vn -0.3137 0.9382 0.1462
vn -0.3231 0.9144 0.2438
vn -0.3572 0.4214 0.8336
vn 0.4027 -0.8969 -0.1830
vn -0.3784 0.0458 0.9245
vn -0.3800 0.0183 0.9248
vn -0.1340 -0.9606 -0.2436
vn 0.0484 -0.2494 0.9672
vn -0.5144 0.0153 0.8574
vn 0.0733 -0.9669 0.2444
vn 0.4993 -0.8495 0.1705
vn -0.4153 -0.8429 -0.3420
vn 0.9901 0.0000 0.1404
vn 0.9398 0.0626 0.3358
vn 0.8304 -0.2442 0.5007
vn 0.6927 -0.6896 0.2113
vn 0.9295 -0.1758 0.3241
vn 0.6117 -0.7723 0.1713
vn 0.7007 -0.6809 0.2132
vn 0.8569 0.5062 -0.0976
vn 0.7608 0.6330 -0.1430
vn 0.6539 0.5806 -0.4851
vn 0.6756 0.7000 -0.2313
vn 0.0122 0.1589 -0.9872
vn -0.2812 0.2628 -0.9230
vn -0.1587 0.2502 -0.9551
vn 0.3773 -0.7423 -0.5537
vn -0.0733 -0.9096 -0.4090
vn 0.4146 -0.9084 -0.0549
vn 0.6351 -0.6045 -0.4809
vn 0.8282 -0.5481 -0.1172
vn 0.9149 -0.3965 -0.0762
vn -0.1219 0.9446 -0.3047
vn -0.5380 0.7703 -0.3424
vn -0.2317 0.9207 -0.3140
vn -0.1587 0.9094 -0.3845
vn -0.9883 0.0061 -0.1525
vn -0.2564 0.8670 -0.4274
vn 0.4037 -0.8958 0.1859
vn 0.1741 -0.9591 0.2230
vn 0.5034 -0.7161 0.4835
vn 0.5630 -0.6530 0.5065
vn -0.4155 0.3483 -0.8402
vn -0.3052 0.7126 -0.6317
vn -0.7907 0.2342 -0.5657
vn -0.0975 0.9508 -0.2941
vn -0.2414 0.9169 -0.3179
vn -0.2747 0.9097 -0.3114
vn -0.1772 -0.9713 0.1588
vn -0.8914 -0.4029 -0.2076
vn -0.9594 0.2811 -0.0244
vn -0.4588 -0.5506 0.6974
vn -0.2625 -0.5983 0.7570
vn -0.4534 0.2819 0.8456
vn -0.0245 0.8710 0.4907
vn -0.2309 0.9481 0.2188
vn -0.4100 0.8934 0.1836
vn -0.9556 0.2940 -0.0184
vn -0.6645 0.7316 -0.1524
vn -0.9386 0.2834 -0.1966
vn -0.8662 0.4911 0.0923
vn -0.6942 0.5267 0.4906
vn 0.5888 0.8055 -0.0671
vn 0.3055 0.9257 -0.2230
vn 0.5312 0.8334 -0.1526
vn 0.6813 -0.5530 0.4797
vn 0.3415 0.6937 0.6342
vn -0.2141 0.5822 0.7844
vn 0.0408 0.9552 0.2930
vn -0.2606 0.6033 0.7537
vn 0.6598 -0.0955 -0.7453
vn 0.7700 0.1211 -0.6264
vn 0.6734 0.4446 -0.5907
vn 0.3542 -0.9093 -0.2183
vn -0.5993 0.1682 -0.7827
vn -0.0732 0.9253 -0.3720
vn 0.1898 0.2729 -0.9431
vn 0.0793 0.1999 -0.9766
vn 0.5736 0.8123 0.1055
vn 0.6281 0.7744 0.0762
vn -0.8358 0.3104 -0.4530
vn 0.6659 -0.6782 0.3108
vn -0.7713 0.5518 -0.3171
vn -0.6260 0.7452 -0.2298
vn -0.8234 0.5032 -0.2623
vn -0.7843 0.6012 -0.1530
vn 0.9317 0.3532 0.0853
vn 0.7732 0.6331 0.0365
vn 0.9129 0.4017 0.0730
vn 0.9022 -0.2926 0.3170
vn 0.5990 -0.7625 0.2445
vn 0.3114 0.9464 -0.0855
vn 0.3117 0.8954 -0.3178
vn 0.5504 0.5107 -0.6605
vn 0.8359 -0.4820 0.2624
vn 0.6539 -0.7181 0.2383
vn -0.5788 -0.8103 -0.0914
vn -0.9105 -0.3422 0.2322
vn -0.7163 -0.6918 0.0918
vn -0.8043 -0.5727 0.1584
vn 0.3795 -0.9074 0.1806
vn -0.1342 -0.9838 -0.1190
vn -0.4389 -0.8809 0.1768
vn -0.1830 -0.9457 0.2685
vn 0.8466 0.5232 0.0976
vn 0.9132 0.4009 0.0732
vn 0.4047 -0.9132 0.0489
vn -0.6840 0.7061 -0.1832
vn -0.6492 0.6660 -0.3675
vn -0.2746 0.8940 -0.3540
vn -0.1955 -0.7026 0.6842
vn -0.1219 -0.8503 0.5120
vn -0.4046 0.1149 0.9072
vn -0.3043 -0.0791 0.9493
vn 0.2045 -0.9776 0.0488
vn 0.3112 -0.9503 -0.0122
vn 0.0688 -0.1147 -0.9910
vn 0.0229 0.1435 -0.9894
vn 0.1935 0.1082 -0.9751
vn 0.7469 0.6646 -0.0213
vn 0.9826 0.1649 0.0855
vn 0.9074 0.4148 0.0671
vn 0.9826 0.1709 0.0732
vn 0.0882 0.8885 -0.4503
vn 0.2572 0.9186 -0.3001
vn 0.6952 0.5976 -0.3994
vn -0.0854 0.7629 -0.6408
vn -0.2505 0.9653 0.0733
vn -0.3185 0.8574 -0.4042
vn 0.5125 -0.5918 0.6223
vn 0.0611 -0.2871 0.9560
vn 0.5506 -0.6974 0.4588
vn -0.0855 0.4674 0.8799
vn -0.2196 -0.9697 0.1068
vn 0.7955 -0.4761 0.3748
vn -0.9960 0.0600 0.0668
vn 0.6170 0.7682 -0.1710
vn 0.2773 0.9081 -0.3139
vn 0.3021 0.9397 -0.1602
vn 0.3723 0.8208 -0.4333
vn 0.4334 0.4273 -0.7935
vn 0.3237 0.5283 -0.7849
vn 0.2986 0.8655 -0.4023
vn 0.5917 -0.7534 -0.2867
vn -0.2729 -0.9573 -0.0953
vn -0.1780 -0.4583 -0.8708
vn 0.8148 -0.3174 0.4852
vn 0.9375 -0.1402 0.3186
vn 0.1759 -0.9302 0.3221
vn 0.4922 0.8683 -0.0611
vn 0.5178 0.8553 -0.0183
vn 0.2476 -0.9233 0.2935
vn 0.8407 -0.4514 0.2989
vn 0.4710 -0.8818 0.0245
vn -0.1946 -0.9571 -0.2147
vn 0.3367 0.6704 -0.6612
vn 0.3826 0.7835 -0.4897
vn 0.4340 0.8082 -0.3980
vn 0.7618 0.4875 0.4266
vn 0.0427 -0.7819 0.6219
vn 0.1126 -0.5112 -0.8520
vn 0.1765 -0.7214 -0.6696
vn 0.9585 -0.0488 0.2808
vn 0.5065 0.8452 0.1709
vn 0.1709 0.9826 0.0732
vn 0.5319 0.8070 0.2568
vn 0.5561 0.7776 0.2933
vn 0.3418 0.9263 0.1587
vn 0.9850 -0.1709 -0.0244
vn 0.5859 -0.7725 0.2448
vn 0.4106 -0.9066 0.0977
vn 0.8288 -0.4608 0.3174
vn 0.5691 -0.8017 0.1829
vn -0.6847 -0.2323 -0.6908
vn -0.0733 0.9345 -0.3483
vn 0.0366 0.9089 -0.4153
vn 0.0366 -0.4399 -0.8973
vn 0.1344 0.3613 -0.9227
vn 0.0800 0.9939 -0.0762
vn 0.5652 0.8249 -0.0031
vn 0.5435 0.8367 0.0672
vn 0.4508 0.8925 -0.0122
vn 0.0122 0.9689 -0.2472
vn 0.1345 0.2900 -0.9475
vn -0.5476 0.3977 -0.7362
vn -0.9052 -0.4113 -0.1070
vn -0.2197 0.9718 -0.0854
vn -0.9548 0.0122 -0.2969
vn -0.8271 0.5595 -0.0532
vn -0.7290 0.6713 0.1337
vn 0.8348 -0.3961 0.3824
vn 0.7514 -0.5804 0.3139
vn 0.9484 0.1224 0.2924
vn 0.3301 0.9291 -0.1666
vn 0.4867 0.8700 -0.0781
vn 0.4079 0.8524 -0.3272
vn -0.5236 -0.5418 0.6575
vn -0.4505 -0.5905 0.6696
vn -0.5569 0.2387 0.7956
vn -0.1582 -0.0608 0.9855
vn -0.1343 -0.9690 0.2075
vn -0.3686 0.7859 0.4965
vn -0.2770 0.9072 0.3166
vn -0.1773 0.8863 0.4279
vn 0.1281 -0.9457 -0.2989
vn 0.4302 -0.8139 0.3905
vn 0.3665 0.5730 0.7330
vn 0.6167 -0.7559 0.2196
vn 0.5960 -0.7723 0.2200
vn 0.5694 0.8220 -0.0122
vn -0.1771 -0.8123 -0.5558
vn 0.2937 -0.9302 -0.2203
vn 0.2195 -0.8108 -0.5426
vn 0.1282 -0.9276 0.3509
vn -0.1403 -0.9086 0.3933
vn 0.2019 -0.8809 0.4282
vn -0.3359 -0.8916 0.3038
vn -0.5261 -0.6546 -0.5429
vn -0.2864 -0.9020 0.3230
vn -0.1493 0.5852 -0.7970
vn -0.0214 0.5928 -0.8051
vn -0.2903 -0.4950 -0.8189
vn -0.0916 0.9831 -0.1588
vn -0.1650 0.9839 0.0691
vn -0.1343 0.2014 -0.9703
vn -0.1833 0.2749 -0.9438
vn -0.0122 0.6284 -0.7778
vn -0.3238 -0.9454 0.0367
vn -0.4518 -0.8426 0.2931
vn -0.0305 -0.9848 -0.1710
vn -0.7324 -0.6805 0.0244
vn -0.2258 -0.9721 -0.0641
vn 0.2006 -0.9769 0.0732
vn -0.2928 -0.7464 0.5977
vn -0.2809 0.9519 0.1221
vn -0.4886 0.7101 0.5070
vn -0.1648 0.9826 -0.0854
vn -0.3421 0.6690 0.6598
vn -0.1162 -0.5782 0.8076
vn -0.3973 0.6112 0.6845
vn 0.9754 -0.2118 0.0610
vn 0.5368 -0.8113 0.2318
vn -0.0854 -0.9915 -0.0976
vn -0.7332 -0.6690 0.1222
vn -0.4137 -0.9005 0.1339
vn -0.1585 -0.9813 0.1097
vn 0.3235 -0.9225 -0.2106
vn 0.0855 -0.9903 0.1099
vn 0.2623 -0.9233 0.2806
vn 0.8489 -0.4481 -0.2804
vn 0.0351 -0.9987 0.0366
vn 0.7645 -0.5173 0.3846
vn 0.7529 0.6499 0.1037
vn 0.7257 0.6334 0.2686
vn 0.1221 -0.9898 -0.0732
vn -0.1525 -0.9745 0.1647
vn -0.1007 -0.8803 0.4636
vn -0.1953 -0.7628 0.6164
vn 0.9535 0.2521 -0.1650
vn 0.6001 0.0781 0.7961
vn 0.6943 0.6928 0.1949
vn 0.5975 0.7835 0.1707
vn -0.7153 -0.6984 -0.0245
vn 0.1159 -0.9563 0.2684
vn -0.8091 0.5292 -0.2555
vn -0.8644 -0.1971 -0.4626
vn -0.7227 -0.6086 -0.3277
vn -0.9234 -0.0300 -0.3827
vn 0.0366 -0.9368 0.3479
vn -0.0732 -0.9685 0.2380
vn 0.0244 0.7896 -0.6131
vn 0.0748 0.7047 -0.7055
vn 0.1220 0.7284 -0.6742
vn 0.6953 0.6983 0.1700
vn 0.4606 0.8831 0.0890
vn 0.5369 0.8343 0.1254
vn -0.3423 -0.5470 -0.7640
vn -0.3909 -0.6748 -0.6260
vn -0.4205 -0.6277 -0.6551
vn -0.7054 -0.6901 -0.1620
vn 0.1127 -0.9934 0.0229
vn -0.2568 -0.9598 0.1131
vn -0.5191 0.7847 -0.3389
vn -0.3397 -0.7633 0.5496
vn 0.2489 -0.9239 0.2906
vn 0.2559 -0.7885 0.5593
vn -0.3244 0.7501 0.5763
vn 0.1926 -0.9294 0.3149
vn 0.1408 -0.9070 0.3970
vn -0.0580 -0.9580 0.2807
vn 0.1967 0.5415 -0.8173
vn 0.2231 0.4992 -0.8373
vn 0.0023 0.9863 -0.1648
vn 0.2998 0.1504 -0.9421
vn 0.1952 0.6169 -0.7625
vn 0.7650 0.2080 -0.6095
vn -0.5123 0.8302 -0.2196
vn -0.8504 0.4594 -0.2566
vn -0.7358 0.5855 -0.3403
vn -0.6213 0.7492 -0.2296
vn -0.8536 0.4634 -0.2382
vn 0.3479 -0.8361 0.4242
vn 0.3145 -0.9068 0.2809
vn 0.2869 -0.8852 0.3663
vn -0.2324 0.9112 0.3402
vn -0.0107 0.3671 0.9301
vn -0.2820 0.9440 0.1716
vn -0.2950 0.7420 -0.6021
vn 0.1341 0.9751 0.1767
vn -0.5277 -0.8206 -0.2196
vn -0.6321 -0.7737 -0.0428
vn -0.4651 -0.8776 -0.1159
vn -0.7532 -0.6282 0.1952
vn -0.0557 -0.9953 0.0794
vn 0.5368 -0.8178 0.2075
vn 0.9777 0.1709 0.1221
vn 0.9679 0.2260 0.1100
vn -0.6101 -0.5827 0.5369
vn -0.0549 -0.6232 0.7801
vn 0.4572 -0.8107 0.3657
vn 0.3952 0.4469 -0.8026
vn 0.2621 0.5761 -0.7742
vn -0.7682 0.1524 -0.6218
vn -0.3903 -0.8843 0.2561
vn -0.6805 -0.0729 -0.7291
vn -0.8628 0.5043 0.0365
vn -0.4147 -0.9087 0.0488
vn -0.3666 -0.8829 -0.2933
vn 0.5246 -0.7900 -0.3172
vn 0.2936 -0.6269 -0.7217
vn 0.3730 0.8623 0.3425
vn -0.2735 -0.2675 0.9239
vn -0.3472 -0.7859 0.5117
vn -0.3537 -0.5976 0.7196
vn 0.0550 -0.9162 0.3970
vn -0.4726 -0.8736 0.1159
vn 0.3594 0.8650 0.3503
vn 0.9936 -0.0457 0.1036
vn 0.6949 0.6797 0.2347
vn 0.5972 -0.3757 0.7087
vn 0.7966 -0.4639 0.3876
vn 0.2166 -0.9612 -0.1708
vn 0.1220 -0.9850 -0.1221
vn -0.6172 0.7853 0.0489
vn -0.6017 -0.6336 0.4862
vn 0.1585 -0.5547 0.8168
vn 0.4503 -0.7637 0.4625
vn 0.6081 -0.0730 0.7905
vn 0.3186 -0.8883 0.3308
vn -0.3121 0.7060 -0.6357
vn -0.5845 0.5722 -0.5753
vn -0.6588 0.6904 -0.2989
vn -0.0244 -0.9850 0.1709
vn -0.1099 -0.9878 -0.1099
vn 0.8455 -0.0549 0.5311
vn -0.0065 0.9977 0.0673
vn 0.4947 0.8544 0.1587
vn 0.3249 0.9379 -0.1218
vn 0.6173 0.7680 0.1707
vn 0.1797 0.9830 0.0366
vn 0.0279 -0.9133 -0.4063
vn 0.3192 -0.9469 -0.0397
vn 0.3917 -0.8272 -0.4029
vn 0.2136 0.8412 -0.4968
vn -0.6232 0.7821 0.0031
vn -0.8738 0.4033 0.2719
vn -0.6332 0.7733 0.0335
vn -0.8537 0.3415 -0.3933
vn -0.6902 0.7208 -0.0641
vn 0.3213 0.8924 -0.3168
vn 0.3880 0.8738 -0.2933
vn -0.9566 -0.0429 -0.2882
vn -0.7947 -0.5991 0.0978
vn -0.3666 0.8309 -0.4185
vn -0.6441 0.6866 -0.3372
vn -0.1826 -0.8398 0.5112
vn -0.1940 -0.3970 0.8971
vn -0.3935 -0.2921 0.8717
vn -0.0183 0.0502 0.9986
vn 0.8265 -0.5489 0.1250
vn 0.6128 -0.7397 0.2781
vn 0.0822 -0.9686 0.2345
vn 0.7205 -0.5496 0.4229
vn 0.3001 -0.9202 0.2514
vn -0.2688 0.8522 0.4490
vn 0.2501 -0.7443 0.6192
vn 0.0857 -0.4650 0.8811
vn -0.1861 -0.9630 0.1952
vn 0.1099 -0.9791 0.1709
vn -0.5753 -0.7941 -0.1959
vn -0.8404 -0.5009 -0.2071
vn -0.8701 -0.4664 -0.1593
vn -0.6705 -0.6918 -0.2682
vn 0.9106 -0.1343 0.3908
vn 0.6007 -0.7614 0.2436
vn 0.9585 0.0947 0.2688
vn 0.9579 -0.2868 0.0122
vn 0.5256 -0.8464 0.0856
vn 0.2196 -0.9316 0.2897
vn 0.0977 -0.9127 0.3968
vn -0.2075 0.2106 -0.9553
vn -0.8832 -0.3530 -0.3087
vn -0.5283 -0.8131 0.2443
vn 0.0122 -0.9231 0.3845
vn -0.1220 -0.9379 0.3248
vn -0.9550 -0.2868 0.0763
vn 0.2166 -0.9168 0.3356
vn -0.6360 0.7086 -0.3057
vn -0.7294 -0.5934 -0.3404
vn 0.3794 -0.9057 0.1889
vn 0.8050 -0.5412 0.2432
vn -0.8579 0.4259 -0.2873
vn 0.3513 -0.6933 0.6292
vn -0.1407 -0.9601 0.2416
vn -0.1957 -0.9481 0.2508
vn -0.7166 -0.6553 0.2389
vn -0.8322 -0.5263 0.1744
vn -0.5427 -0.7500 0.3781
vn 0.4270 -0.8127 0.3965
vn 0.4827 -0.7775 0.4032
vn 0.7705 -0.1575 0.6176
vn 0.6887 -0.3291 0.6460
vn -0.0122 -0.8472 0.5312
vn 0.4147 -0.9033 -0.1099
vn 0.2309 -0.4595 -0.8577
vn 0.2732 -0.3907 -0.8791
vn 0.2662 -0.9180 -0.2938
vn -0.0671 0.2898 0.9547
vn -0.4028 0.3357 0.8515
vn -0.7111 0.6590 -0.2452
vn -0.7547 0.6513 -0.0791
vn -0.9536 0.2934 -0.0672
vn 0.8770 0.1620 0.4523
vn 0.9854 0.1434 0.0915
vn 0.6491 -0.5455 0.5302
vn 0.7567 -0.4546 0.4699
vn 0.9813 0.1920 0.0122
vn 0.9087 0.0337 0.4161
vn -0.7589 0.4023 -0.5120
vn -0.8942 0.0766 -0.4410
vn 0.4215 0.8797 -0.2199
vn 0.5183 0.8415 -0.1524
vn -0.1586 -0.1007 -0.9822
vn -0.2074 0.2135 -0.9547
vn -0.4886 0.2260 -0.8428
vn 0.3056 -0.5684 -0.7639
vn 0.1590 0.9723 -0.1712
vn -0.0487 0.9745 -0.2193
vn 0.4695 0.6326 -0.6159
vn 0.6319 -0.5373 -0.5586
vn 0.1554 0.6773 -0.7192
vn 0.3352 0.4800 -0.8107
vn -0.3677 0.6772 0.6374
vn -0.4408 0.4377 0.7836
vn -0.1470 0.9583 0.2449
vn -0.0489 -0.9653 0.2566
vn -0.0854 -0.9001 0.4272
vn -0.1068 -0.8608 0.4976
vn 0.0854 -0.9551 -0.2837
vn 0.1436 -0.6908 -0.7087
vn 0.8962 -0.1696 -0.4100
vn 0.1373 -0.9309 0.3386
vn -0.7698 -0.6354 0.0611
vn -0.3775 -0.9195 0.1096
vn -0.2137 -0.9768 0.0122
vn -0.3665 -0.9284 -0.0611
vn -0.5489 0.5550 0.6251
vn -0.5629 0.5935 0.5752
vn -0.4533 0.7780 0.4350
vn -0.5619 0.6719 0.4825
vn -0.1464 0.8604 0.4882
vn -0.0980 0.9676 0.2327
vn -0.9075 0.3654 -0.2071
vn -0.7877 0.5984 -0.1465
vn -0.6295 0.7579 -0.1711
vn -0.8842 -0.4055 -0.2317
vn -0.3724 -0.9280 -0.0122
vn -0.6696 -0.7229 -0.1704
vn -0.2562 -0.9638 0.0732
vn -0.1338 -0.1885 0.9729
vn -0.2205 -0.4165 0.8820
vn 0.9861 -0.0214 0.1648
vn 0.5608 0.8074 0.1835
vn 0.4381 0.8960 0.0731
vn -0.1036 0.9506 -0.2925
vn -0.7293 -0.6130 -0.3039
vn -0.5367 -0.8179 -0.2073
vn -0.8324 -0.4621 -0.3060
vn 0.1219 -0.8871 0.4451
vn 0.1707 -0.7619 0.6248
vn 0.0244 -0.2746 0.9612
vn 0.1280 -0.7193 0.6828
vn -0.2555 0.9187 0.3012
vn -0.6244 0.6550 0.4255
vn -0.2199 -0.4641 0.8580
vn 0.7819 0.6230 0.0229
vn -0.2381 0.9709 0.0260
vn 0.3354 0.7806 -0.5275
vn 0.1342 -0.9905 0.0305
vn -0.2681 -0.9631 0.0244
vn -0.1465 -0.9189 -0.3662
vn 0.2435 -0.0643 -0.9678
vn 0.3109 -0.3082 -0.8991
vn 0.1342 -0.2807 0.9504
vn 0.3544 -0.4430 0.8235
vn -0.0122 0.0427 0.9990
vn 0.1954 -0.2626 0.9449
vn 0.1906 -0.9595 -0.2074
vn 0.1007 -0.9801 -0.1709
vn -0.0641 -0.7843 -0.6171
vn 0.4000 -0.0275 -0.9161
vn 0.2346 -0.8904 -0.3900
vn 0.1832 -0.9582 0.2199
vn 0.9769 -0.0031 0.2137
vn 0.9697 -0.2440 -0.0122
vn -0.3056 0.8976 0.3178
vn -0.7833 -0.4226 -0.4559
vn -0.5360 0.8292 -0.1584
vn 0.2689 0.7394 -0.6172
vn -0.0852 0.4389 -0.8945
vn -0.6866 0.3709 -0.6253
vn -0.2307 0.4736 -0.8500
vn -0.2019 0.8412 -0.5017
vn -0.3843 -0.8967 0.2196
vn -0.4070 -0.8019 0.4374
vn 0.9284 0.2688 -0.2565
vn 0.8125 0.4887 0.3177
vn 0.3894 -0.6693 0.6328
vn -0.9256 -0.3714 0.0731
vn -0.8316 -0.2110 -0.5137
vn -0.3784 -0.9217 0.0855
vn -0.1097 -0.9840 0.1401
vn 0.2105 0.9365 0.2806
vn -0.1815 0.6984 0.6923
vn -0.2566 0.5270 0.8102
vn -0.2566 0.5361 0.8042
vn -0.0807 -0.7878 0.6107
vn -0.2159 0.6874 0.6935
vn -0.0551 0.9283 0.3677
vn -0.1159 0.9914 -0.0610
vn 0.0794 0.4458 -0.8916
vn -0.1248 0.7091 -0.6939
vn -0.4432 0.8864 0.1336
vn -0.2678 0.9617 0.0578
vn -0.1043 0.9944 0.0184
vn -0.7087 0.6170 -0.3421
vn -0.5974 0.7467 -0.2926
vn -0.8373 0.4702 -0.2791
vn -0.0631 0.6934 -0.7178
vn 0.8813 0.4635 -0.0915
vn 0.6387 0.4695 -0.6097
vn -0.5378 0.7731 0.3361
vn -0.5728 0.5027 0.6474
vn 0.3608 -0.8408 -0.4036
vn 0.2511 -0.4716 -0.8453
vn -0.2932 -0.8582 0.4214
vn -0.1770 -0.7365 0.6529
vn 0.8775 0.0183 -0.4792
vn 0.9581 -0.2624 -0.1144
vn 0.6972 -0.5937 0.4019
vn 0.3697 -0.9288 0.0244
vn -0.1286 -0.8942 -0.4287
vn 0.7975 -0.3697 0.4767
vn -0.5359 -0.4747 -0.6982
vn -0.4523 -0.3594 0.8163
vn 0.5016 -0.8564 0.1223
vn 0.8801 -0.4210 0.2196
vn 0.9725 0.0183 -0.2322
vn 0.9605 -0.2502 0.1221
vn 0.7551 -0.6389 0.1467
vn 0.1600 -0.9327 0.3231
vn 0.6446 -0.7283 0.2326
vn 0.3904 -0.9089 0.1464
vn 0.2872 -0.9324 0.2194
vn 0.8393 -0.5005 0.2121
vn -0.9183 -0.1978 -0.3428
vn -0.0488 -0.9920 0.1160
vn -0.5361 -0.8082 0.2437
vn -0.1953 -0.9723 -0.1282
vn 0.0122 -0.9999 0.0122
vn -0.0976 -0.9952 -0.0000
vn 0.0000 -0.9435 -0.3313
vn -0.5071 -0.7057 -0.4949
vn 0.8483 0.5279 -0.0412
vn 0.7445 0.4088 -0.5278
vn -0.0732 -0.9865 0.1465
vn -0.0367 -0.9321 0.3605
vn 0.2194 -0.8267 0.5181
vn 0.5309 0.8253 -0.1922
vn 0.1312 0.9914 -0.0000
vn 0.6645 -0.5609 0.4938
vn -0.1960 0.6492 -0.7349
vn -0.0978 0.3239 -0.9410
vn -0.0122 0.4027 -0.9152
vn -0.3859 -0.6431 0.6615
vn -0.2348 -0.7258 0.6465
vn -0.0244 0.7913 -0.6110
vn 0.0854 0.5520 -0.8295
vn 0.1709 0.3785 -0.9097
vn 0.1832 0.0092 -0.9830
vn -0.1707 0.6462 -0.7438
vn -0.5977 -0.7258 0.3404
vn -0.5740 -0.6839 0.4503
vn -0.1527 -0.9526 0.2633
vn -0.7607 -0.5112 0.4001
vn 0.5309 0.8452 0.0610
vn 0.1922 0.9808 0.0336
vn 0.9940 -0.0244 0.1067
vn 0.3207 -0.8796 0.3512
vn -0.3173 0.9030 -0.2898
vn -0.5127 0.8331 -0.2075
vn 0.9059 0.4206 0.0488
vn 0.9805 0.1769 0.0854
vn 0.8950 0.4389 0.0793
vn -0.3148 -0.8862 -0.3400
vn -0.7440 -0.5550 -0.3720
vn -0.9591 -0.0941 -0.2671
vn -0.3777 0.8863 -0.2680
vn -0.7537 -0.6564 -0.0334
vn -0.5875 -0.8017 0.1102
vn -0.1739 -0.9795 0.1018
vn -0.6861 -0.7159 -0.1296
vn -0.8320 -0.5069 -0.2255
vn -0.5003 -0.8603 -0.0984
vn 0.0824 0.9769 -0.1969
vn 0.9188 -0.1715 0.3556
vn 0.7605 -0.6378 0.1219
vn 0.5519 -0.7850 0.2813
vn -0.0732 -0.1038 0.9919
vn -0.2077 -0.9782 -0.0061
vn -0.5990 -0.7904 -0.1284
vn -0.1343 -0.9906 -0.0259
vn -0.8657 -0.4785 -0.1471
vn -0.8175 0.3058 -0.4881
vn -0.5855 -0.8074 -0.0732
vn -0.7667 -0.0244 0.6415
vn -0.0885 -0.9934 0.0732
vn -0.2701 -0.9628 0.0122
vn -0.4410 -0.8972 0.0244
vn 0.1767 -0.7982 0.5758
vn 0.0244 0.1221 0.9922
vn 0.1405 -0.5618 0.8152
vn 0.0915 -0.4331 0.8967
vn 0.8377 -0.4525 0.3057
vn 0.8726 -0.3234 0.3661
vn 0.5080 -0.8140 0.2815
vn 0.0275 0.9347 0.3543
vn 0.7286 -0.6557 0.1981
vn 0.8403 -0.4506 0.3016
vn 0.0367 0.9918 -0.1224
vn -0.1014 -0.9214 0.3753
vn 0.0221 -0.9516 0.3065
vn 0.2272 -0.9440 0.2394
vn 0.3405 -0.8794 0.3328
vn 0.2163 -0.9324 0.2895
vn 0.5228 -0.8291 0.1981
vn 0.0266 0.9805 -0.1949
vn 0.1893 0.9526 -0.2382
vn -0.2204 0.9580 -0.1836
vn -0.1707 0.9846 -0.0366
vn -0.0244 0.9850 -0.1708
vn -0.0152 -0.5441 0.8389
vn 0.0548 -0.8006 0.5967
vn -0.0092 -0.7267 0.6869
vn 0.3120 0.6033 -0.7340
vn 0.0519 -0.8037 0.5928
vn -0.3173 -0.7505 0.5797
vn 0.9707 -0.1748 0.1648
vn 0.4211 -0.1991 -0.8849
vn 0.4564 -0.6193 -0.6389
vn 0.4457 -0.8693 -0.2137
vn 0.2870 -0.9541 -0.0855
vn 0.4157 -0.3118 0.8544
vn -0.4199 0.9067 -0.0396
vn -0.5550 0.7989 0.2318
vn 0.1828 -0.9386 -0.2926
vn -0.0366 -0.9824 -0.1831
vn 0.2504 -0.9604 -0.1221
vn -0.5941 0.7739 -0.2194
vn 0.8947 -0.2389 -0.3774
vn -0.7322 -0.6468 0.2136
vn 0.8202 -0.5111 -0.2571
vn 0.0000 -0.6284 -0.7779
vn 0.8274 -0.5597 -0.0456
vn 0.6958 -0.7111 -0.1007
vn -0.4637 -0.8859 0.0153
vn -0.2684 -0.9595 0.0854
vn -0.3173 -0.9474 -0.0427
vn -0.3266 -0.9395 -0.1038
vn 0.0916 -0.9439 0.3174
vn -0.8968 -0.4141 -0.1556
vn -0.0763 -0.9932 0.0885
vn 0.4791 -0.8498 0.2197
vn -0.4518 -0.8521 0.2641
vn 0.2478 -0.9546 0.1652
vn 0.8032 -0.5925 0.0611
vn 0.7040 -0.7025 0.1039
vn 0.8314 -0.3478 -0.4333
vn 0.7685 0.6356 0.0733
vn 0.8885 -0.4152 0.1954
vn -0.0611 -0.8079 -0.5861
vn -0.3051 0.6438 0.7018
vn -0.3298 0.4596 0.8246
vn -0.3543 0.5956 0.7209
vn -0.2690 0.9248 0.2690
vn 0.1344 -0.2504 -0.9588
vn 0.5126 -0.6865 -0.5157
vn 0.5186 0.8542 -0.0366
vn 0.3289 0.9196 -0.2147
vn -0.0183 -0.8310 0.5560
vn 0.4630 -0.7737 0.4325
vn 0.2870 -0.9526 0.1008
vn 0.5786 -0.8040 -0.1370
vn -0.2930 -0.6776 0.6745
vn 0.0427 0.4938 -0.8686
vn 0.0489 0.4276 -0.9026
vn 0.1649 0.4275 -0.8889
vn 0.2874 0.7826 -0.5522
vn -0.6248 -0.3492 0.6983
vn -0.8039 -0.1096 0.5846
vn -0.3395 -0.1880 0.9216
vn 0.1712 0.1162 -0.9784
vn -0.3901 0.1524 -0.9081
vn -0.2872 0.3788 -0.8798
vn 0.1959 -0.5815 -0.7896
vn -0.3323 -0.9298 0.1585
vn -0.3751 -0.9088 0.1830
vn -0.8630 -0.1653 -0.4774
vn -0.6981 0.5609 -0.4451
vn -0.4215 -0.8797 0.2199
vn -0.9907 -0.1009 -0.0917
vn 0.8407 -0.4891 0.2323
vn 0.9687 -0.2197 0.1159
vn -0.2078 0.9689 0.1345
vn -0.0671 0.8055 0.5888
vn -0.4028 0.9094 0.1038
vn 0.9409 -0.2627 0.2138
vn 0.7728 -0.6261 0.1038
vn 0.6642 0.7390 0.1130
vn 0.7003 0.6439 0.3082
vn -0.2686 -0.9586 -0.0946
vn -0.8485 0.1801 -0.4975
vn -0.3325 0.6864 -0.6467
vn 0.1645 -0.8469 -0.5057
vn 0.3900 -0.0366 -0.9201
vn -0.2071 0.0838 0.9747
vn -0.3432 0.8643 0.3678
vn -0.9951 -0.0549 0.0824
vn -0.5787 0.7919 -0.1949
vn -0.9754 0.2195 -0.0213
vn -0.4829 0.4279 -0.7640
vn 0.9898 0.0733 -0.1222
vn 0.9774 0.1525 0.1464
vn 0.8385 -0.5132 0.1833
vn 0.9056 0.2810 0.3177
vn 0.3323 -0.9086 -0.2531
vn 0.2101 -0.8405 -0.4994
vn 0.0975 0.6883 0.7188
vn 0.3285 0.8942 0.3041
vn 0.2810 0.8186 0.5009
vn -0.3054 -0.7880 -0.5345
vn -0.3719 -0.8656 -0.3353
vn 0.4209 0.7290 0.5399
vn 0.3533 0.9169 0.1858
vn 0.4946 -0.7602 0.4213
vn 0.7211 -0.6890 0.0733
vn -0.0244 -0.9560 0.2925
vn 0.7928 -0.6075 0.0488
vn -0.7721 0.6312 0.0735
vn 0.0244 0.4568 0.8892
vn -0.0244 0.9960 -0.0855
vn 0.3180 0.9417 0.1101
vn -0.3296 0.8240 -0.4608
vn -0.3535 0.8075 -0.4723
vn -0.4219 -0.5686 0.7062
vn -0.6540 -0.5898 0.4737
vn -0.4524 -0.3148 0.8344
vn 0.8948 0.4383 0.0852
vn 0.3118 0.9323 -0.1834
vn 0.2753 0.9481 -0.1590
vn 0.9636 -0.1525 0.2196
vn -0.6698 0.7094 0.2192
vn -0.8099 0.5000 -0.3068
vn -0.7106 0.6983 -0.0858
vn -0.3049 0.9511 0.0488
vn -0.8185 -0.5742 -0.0183
vn -0.7314 -0.6766 0.0853
vn 0.3329 -0.8064 -0.4887
vn -0.3205 -0.9431 0.0881
vn 0.2806 -0.9486 0.1464
vn 0.0031 -0.9726 0.2325
vn -0.1373 0.8123 -0.5669
vn -0.7194 0.6241 -0.3048
vn -0.8564 0.4160 -0.3059
vn -0.8793 0.3847 -0.2809
vn -0.8974 -0.4395 -0.0397
vn -0.6787 -0.7338 0.0298
vn -0.2239 -0.6287 0.7447
vn -0.2483 -0.5503 0.7972
vn -0.2608 -0.6811 0.6842
vn 0.0358 -0.7381 0.6738
vn -0.1377 -0.9829 0.1221
vn -0.2626 -0.1542 0.9525
vn -0.2788 -0.1777 0.9438
vn -0.2904 -0.4279 0.8559
vn -0.1373 -0.8438 0.5188
vn -0.8684 0.2249 -0.4419
vn -0.6813 -0.7191 -0.1369
vn -0.9487 -0.2845 -0.1376
vn -0.9310 0.0727 -0.3578
vn -0.6819 0.6758 -0.2800
vn -0.7759 0.6232 0.0978
vn -0.5914 0.8018 -0.0854
vn -0.9697 -0.1860 -0.1586
vn 0.3998 -0.8545 0.3315
vn 0.5130 0.8580 -0.0275
vn 0.7313 0.6795 -0.0586
vn 0.7296 0.6777 -0.0910
vn -0.5515 0.8334 -0.0368
vn -0.5009 0.8613 -0.0855
vn -0.7810 0.6041 -0.1586
vn -0.6841 0.6474 -0.3359
vn 0.7583 0.1127 -0.6421
vn -0.2930 0.8394 -0.4578
vn -0.6716 0.2852 -0.6838
vn -0.6953 -0.2874 -0.6587
vn 0.9936 0.0853 0.0747
vn 0.6312 -0.7409 0.2294
vn 0.1800 -0.9761 0.1221
vn -0.2628 0.8648 -0.4278
vn 0.5501 0.3759 -0.7457
vn -0.0792 0.7890 -0.6093
vn -0.6427 0.7100 0.2877
vn -0.7143 0.6960 0.0733
vn 0.4466 -0.8687 0.2141
vn 0.4093 -0.9042 0.1222
vn -0.1405 0.9653 0.2200
vn -0.5124 -0.8403 0.1769
vn -0.5385 0.7067 -0.4589
vn -0.7951 0.4037 -0.4526
vn 0.2258 -0.9518 0.2075
vn 0.9265 -0.2865 0.2438
vn 0.8857 -0.4642 -0.0000
vn 0.8419 -0.3660 0.3965
vn 0.3058 -0.9114 0.2753
vn 0.3976 -0.8809 0.2569
vn 0.8740 -0.0856 0.4783
vn 0.2080 -0.7891 0.5780
vn 0.1080 0.9926 -0.0550
vn 0.1971 0.9719 0.1284
vn 0.3182 0.9480 0.0061
vn -0.1346 0.9205 0.3670
vn -0.1410 0.5702 0.8093
vn -0.1589 0.8280 0.5377
vn 0.0856 0.8815 0.4644
vn -0.0855 0.9888 0.1221
vn -0.2669 0.1135 0.9570
vn -0.7691 -0.6249 -0.1343
vn -0.7789 -0.5918 0.2077
vn -0.3538 -0.9311 -0.0884
vn -0.3178 -0.9258 -0.2048
vn -0.1952 -0.9698 0.1464
vn 0.0749 0.9201 -0.3845
vn 0.7399 -0.2319 0.6315
vn 0.6412 -0.6290 0.4397
vn 0.7764 -0.5918 0.2166
vn 0.9750 0.0793 0.2075
vn -0.1511 0.8860 -0.4384
vn 0.1186 -0.9902 0.0733
vn -0.3330 -0.8881 0.3168
vn 0.1645 -0.8773 0.4508
vn 0.4093 -0.8825 0.2317
vn 0.8723 0.2775 0.4026
vn 0.8511 0.1956 0.4872
vn -0.5599 -0.8228 -0.0975
vn -0.1681 -0.3300 0.9289
vn -0.4658 -0.8431 0.2688
vn -0.6920 -0.5074 -0.5135
vn -0.7562 -0.3358 -0.5616
vn -0.2028 -0.9514 0.2318
vn 0.9234 0.3639 0.1223
vn 0.8122 0.5404 -0.2198
vn 0.6153 0.5285 0.5849
vn 0.0489 -0.9863 -0.1573
vn 0.8084 -0.3522 -0.4716
vn 0.9881 0.1159 0.1006
vn -0.6237 0.1773 -0.7613
vn -0.1770 0.9460 -0.2716
vn -0.7449 -0.5800 0.3297
vn -0.2839 0.8823 -0.3755
vn 0.6775 -0.3662 0.6378
vn 0.7609 -0.2957 0.5776
vn -0.6907 0.6907 -0.2139
vn -0.8424 0.5372 -0.0427
vn -0.8892 0.4507 -0.0792
vn -0.7725 -0.6083 0.1825
vn 0.7268 0.4566 0.5131
vn 0.2830 -0.6122 0.7383
vn 0.8986 -0.3041 0.3163
vn -0.4763 0.7877 -0.3908
vn -0.5042 0.8006 -0.3239
vn -0.4274 0.7967 -0.4274
vn 0.5983 -0.6853 -0.4152
vn 0.4148 -0.7412 -0.5277
vn -0.0489 0.1314 -0.9901
vn 0.2137 0.9707 -0.1099
vn 0.4707 0.8589 -0.2017
vn 0.5443 0.8378 -0.0428
vn 0.3722 0.9184 -0.1342
vn 0.3086 -0.8159 -0.4889
vn 0.4884 0.5189 -0.7016
vn 0.2381 0.4334 -0.8692
vn 0.9211 0.0061 -0.3893
vn 0.1464 0.0244 -0.9889
vn 0.3048 -0.8534 0.4229
vn 0.2167 -0.9156 0.3388
vn 0.5244 0.8096 -0.2637
vn 0.5803 0.8043 -0.1279
vn 0.0488 -0.5554 0.8301
vn -0.5234 -0.7912 0.3165
vn -0.5321 -0.8410 -0.0979
vn 0.5009 0.8338 0.2321
vn 0.5551 0.8280 0.0793
vn -0.2929 0.9260 0.2380
vn 0.8808 0.3135 0.3548
vn 0.5265 -0.7883 0.3184
vn 0.9566 -0.1767 0.2315
vn 0.6191 0.7197 0.3141
vn 0.5330 0.8186 -0.2138
vn 0.9466 0.3176 -0.0550
vn 0.0517 0.9919 -0.1156
vn -0.0717 0.9701 -0.2318
vn 0.9920 0.1248 -0.0184
vn 0.3416 0.8357 0.4300
vn 0.9863 -0.0670 0.1507
vn 0.1589 -0.9565 0.2445
vn -0.2564 -0.9064 0.3357
vn 0.8665 -0.2776 -0.4149
vn 0.8336 0.5476 0.0730
vn 0.3057 -0.8345 0.4585
vn -0.0610 -0.9789 0.1952
vn -0.1892 -0.9764 -0.1037
vn 0.3171 -0.0183 -0.9482
vn 0.1099 -0.7695 -0.6291
vn 0.4142 -0.9075 -0.0700
vn -0.0244 -0.7069 -0.7069
vn 0.3840 -0.4937 -0.7802
vn 0.0914 0.9931 0.0731
vn 0.3623 0.9256 0.1096
vn -0.3779 -0.9143 -0.1455
vn -0.1861 0.4576 0.8695
vn -0.1373 0.1281 0.9822
vn -0.4397 0.0275 0.8977
vn -0.1832 -0.9830 -0.0122
vn -0.5409 -0.3811 -0.7498
vn 0.1220 -0.9273 0.3538
vn -0.9188 0.3093 0.2450
vn -0.6959 0.6944 -0.1831
vn -0.7638 0.6111 -0.2078
vn -0.8667 -0.4730 0.1587
vn -0.4703 -0.8811 -0.0489
vn 0.7756 0.6168 0.1344
vn 0.9594 0.0855 0.2689
vn 0.3924 -0.3542 0.8489
vn 0.3026 -0.4768 0.8253
vn -0.7441 0.4498 -0.4940
vn -0.8687 0.1866 -0.4588
vn -0.7064 0.5869 -0.3958
vn -0.7192 0.5577 -0.4144
vn -0.3136 0.4750 -0.8222
vn 0.3057 0.1406 -0.9417
vn 0.2019 -0.9543 -0.2202
vn 0.0548 -0.9566 0.2864
vn -0.0977 0.9952 -0.0000
vn 0.3970 0.8611 -0.3176
vn -0.0091 0.6696 0.7427
vn 0.1891 0.9392 0.2866
vn -0.0670 -0.9020 0.4266
vn -0.2744 -0.9513 0.1403
vn 0.4700 -0.6226 0.6257
vn 0.2441 -0.8849 0.3967
vn -0.3770 0.8655 -0.3297
vn -0.1832 0.9344 -0.3054
vn -0.2076 0.9709 -0.1191
vn -0.3177 0.9377 -0.1405
vn -0.1343 0.9428 -0.3051
vn -0.3174 0.9095 -0.2686
vn -0.3530 0.9291 -0.1100
vn -0.3423 0.9290 -0.1406
vn -0.3118 -0.7274 0.6113
vn 0.1409 -0.7964 0.5881
vn -0.2687 -0.3328 0.9039
vn 0.3361 -0.9411 -0.0367
vn 0.0305 -0.9436 0.3298
vn 0.7324 -0.6622 -0.1587
vn 0.4646 -0.8067 0.3652
vn -0.4031 -0.8920 -0.2046
vn -0.4145 -0.8163 -0.4023
vn -0.1341 -0.9873 0.0853
vn 0.0794 -0.9893 0.1221
vn 0.7539 -0.5107 0.4134
vn 0.9375 0.3470 -0.0244
vn 0.9265 -0.3353 0.1707
vn 0.9277 -0.2594 0.2685
vn 0.6709 0.7380 0.0732
vn 0.4495 0.8596 0.2430
vn 0.7689 -0.6026 0.2136
vn 0.3558 -0.9176 0.1771
vn 0.8884 -0.4030 0.2198
vn -0.9591 0.1093 -0.2610
vn -0.9435 0.0796 -0.3216
vn -0.9108 0.1761 -0.3734
vn -0.9425 -0.3121 -0.1193
vn 0.6482 -0.7124 0.2691
vn 0.9085 -0.2408 0.3415
vn 0.8200 -0.4758 0.3182
vn 0.6358 -0.7321 0.2445
vn 0.9604 0.0918 0.2630
vn 0.9145 0.0427 0.4024
vn 0.8092 0.5658 0.1582
vn 0.9995 0.0305 0.0122
vn 0.5623 0.8251 -0.0550
vn -0.0458 -0.9967 0.0671
vn 0.2212 -0.6510 -0.7262
vn -0.4092 -0.9091 -0.0779
vn -0.2929 -0.9475 0.1282
vn -0.7550 -0.6355 -0.1614
vn 0.6405 -0.7465 0.1800
vn 0.2926 -0.4998 0.8152
vn -0.0977 -0.0183 0.9951
vn -0.1343 -0.2259 0.9648
vn 0.3051 -0.4332 0.8481
vn 0.4915 -0.8472 0.2015
vn 0.9234 -0.3572 0.1404
vn 0.7165 -0.5610 0.4146
vn 0.6789 -0.6057 0.4150
vn 0.0343 0.1954 -0.9801
vn 0.3689 0.7317 -0.5732
vn 0.3889 0.7198 -0.5750
vn 0.3559 -0.2932 -0.8873
vn 0.1038 0.9828 0.1526
vn -0.6166 0.7723 0.1526
vn -0.3307 -0.0367 0.9430
vn -0.2445 0.9383 0.2445
vn -0.9773 0.0489 0.2061
vn -0.9194 -0.3800 0.1011
vn -0.9726 -0.1459 0.1808
vn -0.7720 -0.6249 0.1164
vn 0.5598 -0.8023 0.2074
vn 0.4186 -0.8982 0.1342
vn -0.2855 0.9556 -0.0733
vn -0.6111 0.7638 -0.2078
vn -0.5175 -0.7649 0.3836
vn -0.0428 -0.8781 0.4765
vn 0.6094 -0.7876 -0.0914
vn -0.3144 -0.4746 0.8222
vn 0.7754 -0.2968 0.5573
vn 0.3780 -0.5975 0.7072
vn 0.0214 0.3301 -0.9437
vn 0.6585 -0.4413 -0.6097
vn -0.2022 -0.5698 -0.7965
vn -0.9574 0.2683 0.1067
vn -0.7707 0.6361 -0.0367
vn -0.8854 0.4641 -0.0244
vn -0.9841 0.1589 0.0795
vn 0.9215 0.1953 0.3357
vn 0.8113 0.2318 0.5368
vn 0.8494 -0.2506 0.4644
vn 0.3543 -0.8919 0.2810
vn 0.1059 -0.8966 0.4299
vn 0.2319 -0.9415 0.2445
vn -0.0587 -0.7298 0.6811
vn -0.8232 -0.4629 -0.3289
vn 0.5285 -0.6441 -0.5530
vn -0.2320 0.8303 -0.5067
vn 0.9782 -0.1984 0.0610
vn -0.7171 0.5554 -0.4211
vn -0.8452 -0.0610 -0.5309
vn -0.3597 0.8475 -0.3902
vn 0.3999 -0.8653 0.3022
vn 0.0519 -0.9834 0.1739
vn 0.3173 -0.8810 -0.3509
vn 0.1584 -0.0800 -0.9841
vn 0.5754 -0.8167 0.0427
vn 0.7457 -0.6661 -0.0183
vn 0.0426 0.3455 -0.9375
vn 0.0914 0.0686 -0.9934
vn 0.3184 -0.0964 -0.9430
vn -0.0367 0.6361 -0.7707
vn 0.0487 0.3440 -0.9377
vn 0.7389 -0.6602 -0.1345
vn -0.3124 -0.9497 0.0244
vn 0.3082 -0.8728 0.3784
vn -0.6563 0.6563 -0.3724
vn -0.4301 0.8252 -0.3661
vn -0.6137 0.6274 -0.4793
vn -0.8639 -0.2938 -0.4091
vn -0.7535 0.5013 -0.4254
vn -0.6959 0.5860 -0.4151
vn 0.2565 -0.9284 0.2688
vn -0.0978 -0.9904 0.0978
vn -0.6721 -0.5957 -0.4399
vn -0.0854 0.6891 0.7196
vn -0.2333 0.2272 0.9455
vn -0.1949 0.9501 0.2436
vn -0.1837 0.8451 0.5021
vn -0.0731 0.1462 -0.9866
vn -0.6488 -0.4835 0.5876
vn 0.3302 -0.9020 -0.2782
vn 0.3666 -0.2536 -0.8952
vn 0.0855 0.4914 -0.8668
vn 0.5129 0.2595 -0.8183
vn -0.3774 -0.5992 0.7061
vn -0.0367 -0.7036 0.7097
vn -0.2684 -0.9632 -0.0122
vn 0.2618 0.8402 0.4749
vn 0.1346 0.6789 0.7218
vn 0.2204 0.7593 0.6123
vn -0.0282 0.9404 -0.3389
vn -0.0799 0.7703 -0.6327
vn -0.2960 0.8544 -0.4272
vn 0.3106 0.2320 -0.9218
vn 0.1077 0.9500 -0.2932
vn 0.8250 0.1464 -0.5459
vn 0.4817 0.8536 -0.1982
vn 0.5009 0.8186 -0.2810
vn -0.4966 0.7739 0.3930
vn -0.2137 -0.3267 0.9206
vn -0.3235 -0.0183 0.9461
vn -0.9880 -0.1464 -0.0488
vn -0.8014 -0.5873 0.1132
vn -0.8324 -0.5508 0.0612
vn -0.2989 0.8051 0.5123
vn -0.0581 -0.9542 0.2936
vn -0.5209 -0.4535 0.7232
vn 0.0793 -0.7589 0.6463
vn 0.3760 0.4661 -0.8008
vn -0.9312 0.3492 0.1042
vn 0.6211 -0.4780 -0.6211
vn -0.0853 -0.7953 0.6002
vn -0.8581 -0.2820 0.4291
vn -0.8559 -0.4340 0.2812
vn 0.4012 -0.8397 0.3661
vn -0.3295 0.8802 -0.3417
vn -0.6222 0.7320 -0.2776
vn -0.4145 0.8306 -0.3719
vn -0.9499 -0.1446 -0.2771
vn -0.9638 -0.2653 -0.0274
vn -0.3298 -0.9284 -0.1710
vn -0.4217 -0.8984 -0.1222
vn 0.4366 -0.8663 0.2427
vn 0.4671 -0.8458 -0.2579
vn 0.1434 -0.9183 -0.3691
vn -0.0854 -0.9948 -0.0549
vn -0.0366 -0.9894 -0.1405
vn -0.4649 -0.8621 -0.2018
vn -0.0122 -0.9917 -0.1282
vn 0.6607 -0.7481 0.0611
vn 0.1229 -0.9915 0.0427
vn 0.6951 -0.6882 0.2080
vn 0.6338 -0.7484 0.1955
vn -0.3334 0.9422 0.0336
vn -0.4001 0.8980 0.1833
vn 0.6733 0.2219 -0.7053
vn 0.3357 0.3595 -0.8707
vn -0.1708 0.8542 0.4911
vn 0.1525 -0.3171 0.9361
vn -0.2259 0.7143 0.6624
vn -0.3060 0.8201 0.4835
vn -0.2813 0.8867 0.3669
vn 0.3057 0.7521 -0.5839
vn 0.2813 0.9174 -0.2816
vn -0.1835 0.8226 -0.5382
vn 0.1532 0.9754 -0.1585
vn 0.1587 0.9354 -0.3159
vn 0.4395 0.3907 -0.8088
vn -0.4875 0.7984 -0.3535
vn -0.2936 0.8993 -0.3242
vn -0.8257 -0.5413 -0.1590
vn -0.5619 -0.8268 -0.0244
vn -0.5433 -0.8394 -0.0122
vn -0.5197 -0.8529 -0.0489
vn -0.8679 -0.4782 -0.1345
vn 0.4028 -0.9150 0.0244
vn -0.3386 0.9272 -0.1601
vn -0.3293 0.9208 -0.2092
vn -0.0855 0.9767 -0.1966
vn -0.0915 0.9581 -0.2716
vn -0.1952 -0.9790 -0.0580
vn -0.2440 -0.9688 -0.0427
vn 0.5016 0.8595 0.0979
vn 0.6655 0.7235 0.1832
vn -0.6612 -0.7331 -0.1592
vn -0.7712 0.3581 -0.5264
vn -0.6382 -0.2462 -0.7294
vn 0.6593 -0.6456 0.3853
vn -0.8277 -0.5178 0.2163
vn -0.1909 -0.7882 -0.5850
vn -0.1284 -0.9883 -0.0824
vn -0.0588 -0.6537 0.7545
vn -0.1131 -0.4523 0.8847
vn -0.8663 0.4598 -0.1952
vn -0.5123 -0.5512 -0.6586
vn -0.5501 -0.8160 -0.1773
vn -0.8050 0.5291 -0.2683
vn -0.7250 -0.6656 -0.1767
vn 0.3335 0.8934 -0.3010
vn 0.7847 -0.5241 0.3310
vn -0.2672 0.9293 0.2551
vn -0.2808 0.7693 0.5739
vn -0.6351 0.5664 -0.5252
vn -0.6797 0.6296 -0.3763
vn -0.5967 0.7565 -0.2679
vn 0.6881 -0.3172 -0.6526
vn 0.9478 -0.2316 -0.2194
vn 0.7582 0.6160 0.2135
vn 0.9819 0.1769 0.0671
vn 0.9663 0.2564 0.0244
vn -0.9556 -0.2144 0.2021
vn -0.0244 0.9303 -0.3659
vn -0.8447 0.5188 -0.1316
vn -0.4516 0.8872 0.0946
vn 0.3422 0.3453 0.8739
vn -0.4504 -0.8277 -0.3347
vn -0.4447 -0.6152 -0.6510
vn -0.0857 -0.9423 -0.3235
vn 0.0366 -0.9446 -0.3262
vn -0.9152 0.3874 -0.1113
vn -0.9285 0.3711 -0.0122
vn -0.8644 0.5022 0.0243
vn 0.7319 -0.6770 0.0778
vn 0.5864 -0.7574 0.2871
vn -0.3294 -0.9410 -0.0778
vn 0.2697 -0.9266 0.2621
vn 0.8854 -0.0244 0.4641
vn 0.5670 -0.6523 0.5030
vn 0.6550 0.7345 -0.1775
vn 0.7121 0.7014 0.0305
vn 0.9070 -0.3476 0.2378
vn 0.2296 0.3218 -0.9185
vn -0.2571 0.8722 0.4162
vn -0.4514 0.7900 0.4148
vn -0.0733 0.9175 0.3908
vn -0.3185 0.8928 0.3185
vn -0.7295 0.6839 -0.0000
vn -0.8801 0.4034 -0.2506
vn -0.8569 0.4568 -0.2387
vn 0.5611 0.5245 0.6404
vn 0.8161 -0.5614 -0.1373
vn 0.4987 0.7473 0.4392
vn -0.3539 0.2197 0.9091
vn -0.8587 0.1279 0.4963
vn -0.0855 -0.9888 0.1222
vn -0.8413 -0.3742 -0.3902
vn 0.2749 -0.9483 0.1588
vn -0.9696 -0.1753 -0.1707
vn -0.3170 -0.9106 0.2652
vn -0.1099 -0.9905 -0.0824
vn 0.3174 -0.5814 0.7492
vn -0.6097 0.6966 -0.3780
vn -0.4521 0.8424 -0.2933
vn -0.6719 0.6902 -0.2687
vn -0.7821 0.5431 -0.3055
vn -0.6617 0.6602 -0.3554
vn -0.8057 0.5768 -0.1343
vn -0.9808 0.1778 -0.0797
vn -0.7845 0.5883 -0.1961
vn -0.5246 0.7199 -0.4545
vn -0.1587 -0.9263 0.3418
vn 0.1099 -0.9936 0.0244
vn -0.1159 -0.9930 0.0244
vn -0.9216 -0.3759 -0.0970
vn -0.8633 -0.4102 -0.2939
vn 0.9247 -0.1404 0.3540
vn 0.7116 -0.5711 0.4092
vn 0.8213 -0.2366 0.5191
vn 0.9047 -0.2766 0.3240
vn 0.0488 -0.4122 0.9098
vn -0.1205 -0.9638 0.2379
vn -0.0313 -0.7567 0.6530
vn 0.1464 -0.9873 0.0610
vn -0.1709 -0.9826 -0.0732
vn -0.6086 -0.7552 -0.2434
vn -0.5503 -0.8087 -0.2079
vn 0.3174 -0.2686 0.9095
vn -0.1165 0.9071 0.4045
vn -0.7481 0.5963 -0.2913
vn -0.9512 0.2256 -0.2104
vn -0.0792 -0.9442 0.3198
vn -0.7935 -0.1404 -0.5921
vn -0.3048 0.8107 -0.4998
vn -0.1410 0.8703 0.4719
vn 0.0030 0.9978 0.0669
vn -0.0699 0.9482 0.3100
vn 0.2871 -0.9134 0.2887
vn 0.0000 -0.8892 -0.4576
vn -0.2825 0.9498 -0.1344
vn 0.1312 0.9694 0.2075
vn -0.4943 -0.8689 0.0244
vn -0.2961 -0.9551 0.0122
vn -0.2683 0.9633 0.0122
vn 0.1585 0.9813 0.1097
vn 0.2256 0.4695 0.8536
vn 0.3315 0.4155 -0.8470
vn 0.4251 0.8536 -0.3011
vn 0.0428 -0.1098 -0.9930
vn -0.2256 -0.1457 -0.9633
vn -0.6014 0.7304 -0.3236
vn -0.3632 0.8473 -0.3876
vn -0.9055 0.0229 -0.4238
vn -0.3903 0.8598 -0.3293
vn -0.3045 0.7613 -0.5725
vn -0.8744 0.3791 -0.3027
vn -0.0183 0.9818 -0.1890
vn 0.3050 -0.2417 -0.9212
vn 0.0000 0.0402 -0.9992
vn -0.7902 -0.5758 0.2098
vn -0.6481 0.7582 -0.0711
vn -0.7338 0.6727 -0.0948
vn -0.9571 -0.2500 0.1463
vn -0.5143 -0.8142 -0.2694
vn 0.4525 -0.6604 0.5993
vn 0.4928 -0.8578 -0.1460
vn -0.6713 -0.2197 -0.7079
vn -0.2014 0.9719 0.1221
vn -0.1709 0.9852 -0.0122
vn -0.4391 0.8233 0.3598
vn 0.4994 -0.8314 0.2436
vn 0.8907 0.4545 -0.0000
vn 0.5561 0.8311 -0.0000
vn 0.2911 -0.8230 -0.4877
vn -0.5769 -0.2693 0.7712
vn 0.3644 0.3720 -0.8537
vn 0.6057 0.4272 -0.6713
vn 0.7290 -0.1284 -0.6724
vn 0.0610 0.9980 0.0153
vn 0.0244 0.9976 0.0641
vn -0.1881 0.5687 0.8007
vn -0.0733 0.7685 0.6356
vn -0.1954 0.1770 0.9646
vn -0.6248 -0.2994 0.7211
vn 0.0183 -0.8360 -0.5484
vn 0.9952 -0.0733 -0.0656
vn 0.9968 0.0795 -0.0099
vn 0.9612 -0.2755 0.0153
vn 0.9558 -0.1218 -0.2675
vn -0.2883 0.7403 0.6073
vn -0.2317 0.7975 0.5570
vn 0.0854 -0.8392 0.5371
vn 0.0489 -0.8339 0.5498
vn -0.0306 -0.5331 0.8455
vn -0.1331 -0.8167 0.5615
vn 0.0534 -0.9290 0.3662
vn 0.9011 -0.3668 0.2314
vn 0.9406 -0.2077 0.2687
vn 0.9586 -0.1099 0.2626
vn 0.4457 -0.8579 0.2557
vn 0.3567 -0.8902 0.2835
vn 0.3661 -0.9304 0.0183
vn -0.1007 -0.9948 0.0153
vn -0.7010 0.0000 -0.7132
vn -0.2663 0.5939 -0.7592
vn 0.0091 -0.4078 -0.9130
vn 0.4243 -0.5453 -0.7230
vn 0.0061 -0.9772 0.2122
vn -0.6838 -0.6838 0.2549
vn -0.5507 -0.7833 0.2884
vn -0.0950 -0.9194 0.3817
vn 0.0824 -0.9966 0.0031
vn -0.4995 0.8468 -0.1828
vn -0.8007 -0.5990 -0.0122
vn -0.0228 0.9982 -0.0548
vn 0.7035 -0.6898 0.1709
vn -0.6592 0.7294 -0.1831
vn -0.7133 0.6188 -0.3292
vn -0.2567 0.9533 -0.1589
vn 0.0305 0.9973 -0.0671
vn -0.4210 0.8816 -0.2135
vn 0.5476 -0.7529 -0.3651
vn 0.6836 -0.2106 -0.6988
vn 0.4884 -0.7189 -0.4945
vn 0.2373 -0.5279 -0.8155
vn 0.3722 -0.9123 -0.1709
vn 0.9339 -0.1053 0.3418
vn -0.0791 -0.9176 -0.3896
vn 0.0517 0.9603 -0.2743
vn 0.4605 0.8417 -0.2821
vn 0.3673 0.8499 -0.3779
vn 0.4152 0.9083 0.0504
vn 0.2504 0.9665 -0.0565
vn 0.7877 0.1939 0.5847
vn 0.8384 0.4055 0.3643
vn -0.2255 0.9202 -0.3199
vn -0.3363 0.9111 -0.2385
vn -0.4453 0.8418 -0.3050
vn -0.2993 0.9040 -0.3054
vn -0.0915 0.9573 -0.2744
vn -0.1461 0.9497 -0.2770
vn 0.1742 -0.7304 0.6604
vn 0.1819 -0.8342 0.5206
vn 0.1262 -0.3967 0.9092
vn 0.2807 -0.7507 0.5981
vn -0.0611 -0.2016 0.9776
vn -0.0731 0.4965 0.8650
vn -0.4275 0.4321 0.7940
vn -0.3168 0.9452 -0.0792
vn -0.9693 0.0134 0.2454
vn -0.5631 0.8263 -0.0122
vn -0.4992 0.8279 -0.2557
vn -0.6096 0.7741 0.1707
vn -0.3786 0.8779 0.2931
vn 0.3374 -0.5984 0.7267
vn -0.1951 -0.9679 0.1585
vn -0.2809 -0.9421 0.1832
vn -0.8466 -0.5123 -0.1442
vn 0.0671 -0.8987 0.4333
vn -0.3913 0.9201 -0.0153
vn -0.0488 0.8502 -0.5242
vn 0.2926 -0.9296 0.2240
vn 0.2563 -0.8758 0.4089
vn 0.1410 0.3968 -0.9070
vn -0.2072 0.1097 0.9721
vn -0.6127 0.0980 0.7842
vn 0.2926 -0.6158 0.7316
vn 0.1832 -0.9830 -0.0122
vn -0.8106 -0.5638 0.1585
vn -0.8561 -0.5167 0.0122
vn -0.2879 -0.3349 0.8972
vn -0.3388 -0.3554 0.8712
vn -0.2246 -0.7422 0.6314
vn -0.2683 0.9252 0.2683
vn -0.2263 -0.1957 0.9542
vn 0.5167 0.6849 0.5137
vn 0.2292 0.8192 0.5257
vn 0.0183 -0.5602 0.8281
vn 0.1404 0.8238 0.5492
vn -0.2677 0.7422 -0.6144
vn 0.4208 -0.8873 0.1890
vn 0.3444 -0.9387 0.0183
vn 0.3434 -0.9187 0.1953
vn -0.1469 0.9730 -0.1782
vn -0.4201 0.8828 -0.2101
vn 0.0305 0.9087 -0.4163
vn -0.3051 0.3600 -0.8817
vn -0.0763 -0.8114 -0.5795
vn -0.7323 0.5950 0.3311
vn -0.7097 0.5751 0.4069
vn -0.1465 0.0854 0.9855
vn 0.0000 0.9552 -0.2960
vn -0.3112 -0.7337 -0.6040
vn -0.1525 0.9511 -0.2685
vn -0.2866 0.5961 -0.7500
vn 0.9508 -0.1829 0.2499
vn 0.6715 -0.7165 0.1890
vn 0.1952 0.9792 0.0549
vn -0.4000 -0.8763 0.2687
vn 0.1404 -0.9644 0.2243
vn -0.2500 -0.9390 0.2363
vn 0.8080 -0.4543 -0.3751
vn 0.8033 -0.3360 0.4918
vn 0.6417 -0.5699 0.5133
vn -0.2691 0.9571 -0.1070
vn -0.2066 0.8751 0.4376
vn -0.7802 -0.5463 -0.3048
vn 0.2927 -0.9361 0.1951
vn 0.4162 -0.8905 0.1836
vn 0.3847 0.9021 0.1954
vn 0.8606 -0.3983 0.3174
vn 0.7468 -0.4499 0.4897
vn -0.0176 -0.4471 -0.8943
vn 0.4403 -0.8287 -0.3455
vn 0.3788 -0.2963 -0.8768
vn 0.5872 -0.4763 -0.6545
vn -0.2044 -0.2227 0.9532
vn 0.0488 -0.8878 0.4576
vn 0.2564 -0.8729 0.4151
vn -0.6334 -0.7719 -0.0548
vn -0.4271 -0.8786 0.2136
vn -0.2865 0.9265 0.2438
vn -0.1522 0.7154 0.6819
vn -0.2936 -0.6667 0.6851
vn 0.1523 -0.8223 -0.5482
vn 0.4395 -0.4639 0.7692
vn 0.6970 -0.6940 0.1804
vn 0.9361 -0.2592 0.2378
vn 0.8669 -0.1374 0.4792
vn 0.4542 -0.8901 -0.0366
vn -0.3085 -0.9303 -0.1983
vn 0.3396 -0.9056 -0.2539
vn -0.8855 -0.3542 -0.3008
vn -0.6037 0.2866 -0.7439
vn -0.4268 -0.8597 0.2805
vn 0.9498 0.0672 0.3054
vn 0.3634 0.9314 0.0214
vn 0.2075 0.9782 -0.0061
vn 0.4458 0.8809 0.1588
vn 0.8088 -0.4495 -0.3792
vn 0.4524 -0.8701 0.1956
vn 0.1956 -0.9557 0.2200
vn 0.6012 -0.7553 0.2609
vn -0.6970 -0.7154 -0.0489
vn -0.3181 -0.2386 0.9176
vn -0.1585 -0.7953 0.5851
vn 0.3788 -0.1833 0.9072
vn 0.8953 -0.4454 -0.0092
vn 0.9846 -0.0733 -0.1588
vn 0.7776 -0.6282 0.0274
vn 0.9255 0.1069 0.3635
vn 0.7573 0.4977 0.4229
vn 0.4639 -0.6195 0.6333
vn 0.2444 -0.9624 0.1184
vn 0.4577 -0.6408 0.6164
vn -0.8770 0.1749 0.4476
vn 0.5121 -0.8589 -0.0061
vn 0.1710 -0.8277 -0.5345
vn -0.0244 -0.9798 -0.1984
vn 0.1708 -0.9813 -0.0884
vn 0.1387 0.9724 -0.1878
vn 0.9809 -0.1281 0.1464
vn 0.5797 -0.8015 0.1468
vn 0.9160 -0.3780 0.1341
vn 0.6220 -0.7714 0.1342
vn -0.5077 -0.5811 0.6361
vn -0.4260 -0.0852 0.9007
vn 0.2874 0.9569 0.0428
vn 0.4877 0.8688 0.0854
vn -0.3665 0.9197 -0.1405
vn -0.4650 0.8842 -0.0444
vn 0.8356 0.5490 -0.0183
vn 0.9016 0.4325 0.0122
vn 0.7822 0.6020 0.1605
vn -0.8401 0.5388 0.0624
vn 0.6958 0.7141 0.0763
vn 0.8997 -0.0551 0.4330
vn 0.3921 0.9129 -0.1133
vn 0.3369 0.4052 -0.8499
vn 0.1528 0.7669 -0.6233
vn 0.2321 0.0932 -0.9682
vn -0.2928 0.0549 -0.9546
vn -0.4030 0.2839 -0.8701
vn -0.2196 0.2837 -0.9334
vn 0.2933 -0.3360 -0.8950
vn -0.4274 -0.3713 0.8243
vn 0.3085 -0.8007 -0.5135
vn -0.0796 -0.3808 -0.9212
vn 0.7618 -0.6003 0.2438
vn -0.6464 0.6464 0.4055
vn -0.5728 0.7922 0.2102
vn -0.2783 -0.9441 0.1769
vn -0.6457 -0.7556 0.1099
vn -0.1711 -0.5293 0.8310
vn 0.2811 -0.9573 -0.0672
vn 0.2871 -0.7757 -0.5620
vn 0.6781 -0.7013 0.2199
vn 0.1305 -0.9902 0.0488
vn -0.5372 0.7974 -0.2747
vn -0.7660 0.5251 -0.3708
vn -0.7438 0.6432 -0.1818
vn -0.8863 0.2980 -0.3545
vn -0.7194 0.6789 -0.1466
vn -0.6071 -0.7115 0.3539
vn 0.1115 -0.8617 0.4949
vn 0.3330 -0.7615 0.5561
vn -0.5799 0.8035 -0.1343
vn -0.8908 -0.4408 0.1098
vn -0.5919 0.7902 -0.1587
vn -0.2196 -0.9744 -0.0488
vn -0.5263 -0.8415 -0.1224
vn 0.2567 -0.9283 0.2689
vn 0.2077 -0.6871 0.6963
vn -0.4092 -0.9100 0.0672
vn -0.4088 -0.5979 0.6895
vn 0.9538 -0.2991 -0.0275
vn 0.7059 -0.7074 0.0351
vn 0.0252 -0.9283 0.3710
vn 0.2929 -0.9518 0.0915
vn 0.0336 -0.9858 0.1648
vn 0.1373 -0.9711 -0.1952
vn -0.1532 0.9661 0.2079
vn -0.0347 0.8668 0.4975
vn 0.7692 0.6349 0.0733
vn 0.6381 0.7602 -0.1221
vn -0.5492 0.7780 -0.3051
vn -0.8309 -0.5498 -0.0855
vn -0.7649 0.5615 -0.3157
vn 0.3321 -0.2890 0.8979
vn -0.0244 -0.9871 0.1584
vn 0.6208 -0.3651 0.6938
vn 0.5856 -0.7351 0.3416
vn -0.4514 0.7868 -0.4209
vn -0.2320 0.8149 -0.5311
vn -0.0838 0.9371 -0.3388
vn 0.0122 0.7116 -0.7025
vn -0.3913 0.8147 -0.4280
vn 0.8191 0.3889 -0.4218
vn -0.2564 0.4517 -0.8545
vn 0.7731 -0.6319 0.0549
vn -0.4513 0.8294 -0.3293
vn 0.5315 -0.7636 0.3665
vn 0.2438 -0.6949 -0.6766
vn 0.4448 -0.8713 -0.2072
vn 0.2012 -0.8597 -0.4695
vn -0.5620 -0.6383 0.5261
vn -0.4638 -0.7963 -0.3883
vn 0.7808 0.3050 -0.5452
vn -0.2839 -0.1954 -0.9387
vn 0.4151 -0.8797 -0.2319
vn 0.3756 -0.7024 0.6046
vn 0.7750 -0.4920 0.3966
vn -0.0244 -0.8506 0.5253
vn 0.1672 0.5729 -0.8024
vn -0.1709 -0.9743 -0.1465
vn 0.2137 -0.8070 -0.5505
vn 0.5314 0.8002 -0.2779
vn 0.2147 0.6967 -0.6845
vn 0.6974 0.6959 0.1713
vn 0.7424 0.6477 0.1711
vn 0.6448 0.7546 0.1219
vn -0.9612 0.2053 -0.1840
vn -0.9526 -0.2317 -0.1969
vn -0.7431 0.2524 -0.6198
vn -0.4637 -0.8206 -0.3340
vn 0.2378 -0.4024 0.8840
vn 0.4343 -0.5627 0.7034
vn 0.1342 -0.8481 0.5125
vn 0.8053 -0.3355 0.4888
vn 0.7999 -0.5709 0.1849
vn -0.2811 0.7822 0.5561
vn 0.3171 -0.0122 0.9483
vn 0.6334 -0.2497 0.7324
vn 0.2193 -0.4873 0.8452
vn 0.8550 0.2626 0.4473
vn 0.1585 0.4855 -0.8597
vn 0.1958 0.1637 -0.9669
vn 0.1710 0.5205 -0.8365
vn -0.9207 0.3841 0.0686
vn -0.1512 -0.9438 0.2940
vn -0.3156 -0.9271 0.2020
vn -0.2293 0.1614 -0.9599
vn -0.0749 0.2196 -0.9727
vn -0.4508 -0.8925 0.0122
vn 0.2135 -0.8692 -0.4460
vn 0.6468 -0.7414 -0.1785
vn 0.7389 -0.6718 -0.0519
vn 0.6702 0.7037 0.2361
vn -0.3672 -0.9272 0.0734
vn 0.1472 0.9753 -0.1648
vn 0.2341 0.3323 -0.9136
vn 0.5282 -0.0550 0.8473
vn 0.4553 0.6723 0.5837
vn 0.8481 0.5171 -0.1159
vn 0.9234 -0.1257 0.3627
vn 0.1466 0.7596 -0.6336
vn 0.0122 0.9402 -0.3404
vn -0.1894 -0.8217 -0.5376
vn -0.2564 -0.9646 -0.0611
vn -0.9972 -0.0730 0.0152
vn -0.7831 -0.5996 0.1652
vn 0.4641 -0.8640 0.1954
vn 0.9289 -0.3315 0.1650
vn 0.7383 -0.6239 0.2563
vn 0.4701 0.8821 0.0305
vn 0.6948 0.7161 0.0670
vn 0.2933 -0.7821 0.5499
vn 0.4643 -0.8384 0.2856
vn 0.2986 -0.8711 0.3900
vn 0.6746 0.7265 -0.1313
vn -0.0122 -0.9971 0.0748
vn 0.8213 -0.5658 0.0730
vn 0.7820 -0.6232 -0.0061
vn 0.2597 -0.9657 -0.0061
vn -0.2810 -0.9408 0.1894
vn 0.9539 0.0183 0.2996
vn 0.7353 0.6557 -0.1716
vn 0.0716 0.9687 -0.2376
vn -0.7669 0.4108 -0.4930
vn -0.6479 0.4706 -0.5990
vn -0.0611 -0.9959 -0.0672
vn -0.9639 0.1068 -0.2440
vn 0.8422 0.4747 0.2556
vn 0.9624 -0.2440 -0.1190
vn -0.5757 -0.8054 0.1409
vn 0.0977 -0.9253 0.3665
vn -0.5613 0.7992 -0.2151
vn -0.7902 0.5972 -0.1373
vn -0.3307 0.8328 -0.4440
vn -0.0732 0.9515 -0.2989
vn 0.8969 -0.1830 0.4027
vn 0.9248 -0.3797 0.0245
vn 0.5259 -0.7889 0.3180
vn 0.0427 -0.8115 0.5827
vn -0.7677 -0.1889 0.6123
vn 0.8372 -0.2628 -0.4797
vn -0.8347 0.4635 -0.2973
vn 0.1193 -0.8073 -0.5780
vn -0.2167 -0.6776 -0.7028
vn 0.0275 -0.8916 -0.4519
vn -0.1754 -0.4027 -0.8984
vn -0.2929 0.3142 0.9030
vn -0.2686 0.7021 0.6594
vn -0.3780 0.2073 -0.9023
vn -0.1833 -0.9721 0.1466
vn -0.8767 -0.1317 -0.4627
vn -0.7609 -0.2972 0.5768
vn -0.3662 0.7683 -0.5249
vn 0.1124 0.9723 -0.2051
vn 0.0243 0.9799 -0.1978
vn 0.9107 -0.1342 -0.3905
vn 0.3262 0.9329 -0.1524
vn -0.1099 0.6780 -0.7268
vn -0.1562 0.5180 -0.8410
vn -0.8263 0.2571 -0.5012
vn -0.7980 0.4142 0.4378
vn -0.2444 0.9594 -0.1406
vn -0.0581 -0.4599 -0.8861
vn -0.1711 -0.7392 -0.6514
vn -0.8727 0.1498 -0.4646
vn -0.7922 0.3504 -0.4997
vn 0.0977 -0.9919 0.0809
vn 0.3051 -0.9333 0.1892
vn -0.2077 -0.9676 -0.1435
vn -0.1098 -0.9939 0.0092
vn -0.0976 -0.0915 -0.9910
vn 0.3294 -0.3050 -0.8936
vn -0.2808 -0.0916 -0.9554
vn 0.3422 -0.9296 0.1367
vn -0.0733 -0.9971 -0.0214
vn 0.3895 -0.8703 -0.3013
vn 0.7547 -0.5843 0.2982
vn 0.9013 0.3911 0.1864
vn 0.6996 0.7141 0.0275
vn 0.2612 0.9652 0.0122
vn -0.0717 -0.7531 -0.6540
vn -0.5187 -0.7782 0.3539
vn -0.5247 -0.8397 0.1403
vn -0.1068 -0.9423 0.3173
vn 0.0154 -0.3799 -0.9249
vn 0.0095 -0.9952 -0.0976
vn -0.2537 -0.9291 0.2690
vn 0.6873 -0.6863 0.2379
vn -0.6353 -0.7594 -0.1405
vn -0.5981 -0.7780 -0.1923
vn 0.1220 -0.7807 0.6129
vn -0.0733 -0.3635 0.9287
vn 0.1709 -0.8469 -0.5036
vn 0.4262 -0.8951 -0.1309
vn 0.4138 -0.9098 -0.0304
vn 0.6063 -0.7551 0.2497
vn 0.9457 0.3236 0.0305
vn 0.9530 0.2989 0.0488
vn -0.4882 0.6880 -0.5370
vn -0.6741 -0.1365 -0.7259
vn -0.3231 0.7796 -0.5365
vn 0.3753 0.9143 -0.1526
vn 0.2195 -0.9712 0.0926
vn -0.3050 -0.9509 0.0519
vn -0.0213 -0.7735 -0.6334
vn 0.1582 -0.9432 -0.2921
vn -0.2269 -0.8265 0.5152
vn -0.1863 -0.9210 0.3421
vn -0.3785 -0.3385 0.8615
vn -0.0397 -0.9944 -0.0978
vn 0.3592 0.8463 -0.3935
vn 0.6289 0.7358 -0.2511
vn -0.1711 0.9472 -0.2712
vn 0.3651 0.7544 -0.5455
vn 0.7513 0.6462 0.1341
vn 0.9501 -0.0244 0.3111
vn 0.0825 -0.8009 -0.5931
vn -0.4629 -0.8481 -0.2579
vn -0.8259 -0.5475 -0.1346
vn -0.0488 -0.9976 -0.0488
vn -0.3897 0.9195 -0.0518
vn -0.3899 0.9200 -0.0396
vn -0.5376 0.8431 0.0092
vn -0.0916 -0.9958 -0.0061
vn 0.7885 -0.6082 -0.0917
vn 0.9192 0.3744 0.1218
vn 0.8269 0.0305 0.5615
vn 0.8815 -0.2013 0.4270
vn 0.9758 -0.1403 0.1677
vn 0.9046 0.3942 0.1620
vn 0.4634 0.6158 -0.6372
vn 0.7081 0.0397 0.7050
vn 0.1955 -0.9788 0.0611
vn -0.7191 -0.6940 -0.0366
vn -0.3541 -0.9280 -0.1160
vn 0.4031 -0.9078 0.1160
vn -0.0366 -0.9971 -0.0671
vn -0.3906 -0.8727 0.2929
vn -0.6707 -0.6950 0.2591
vn -0.2193 -0.7007 -0.6790
vn 0.6402 0.7682 0.0061
vn 0.5667 0.2468 -0.7861
vn -0.4453 0.8738 -0.1952
vn -0.3905 0.9107 -0.1342
vn -0.3839 0.8836 -0.2681
vn 0.9808 -0.1708 0.0946
vn 0.1283 -0.5683 0.8127
vn 0.2139 0.6846 0.6968
vn -0.8151 0.5373 -0.2167
vn -0.8525 0.4713 -0.2263
vn -0.9769 -0.1282 -0.1710
vn -0.9678 0.1654 -0.1899
vn -0.3485 0.9353 -0.0611
vn 0.6409 0.3676 0.6739
vn 0.0274 -0.9865 0.1616
vn 0.0748 -0.9351 0.3463
vn -0.3359 0.0916 -0.9374
vn -0.1496 0.6899 -0.7082
vn -0.2077 0.7851 -0.5835
vn 0.0457 -0.4534 -0.8901
vn 0.1675 -0.2134 -0.9625
vn -0.8733 0.1893 0.4489
vn 0.4056 -0.7442 0.5307
vn 0.0610 -0.0061 0.9981
vn 0.0671 0.7964 -0.6011
vn -0.0550 0.7304 -0.6808
vn 0.9552 0.2960 0.0061
vn 0.8367 -0.2474 0.4886
vn 0.4036 -0.5121 -0.7582
vn -0.4037 -0.3379 -0.8502
vn -0.0489 0.8494 -0.5255
vn -0.1830 -0.9483 0.2592
vn -0.2691 0.2928 -0.9175
vn -0.2322 0.8721 -0.4307
vn 0.3448 0.7121 -0.6116
vn -0.9955 -0.0336 -0.0886
vn -0.9377 -0.0670 -0.3410
vn -0.3656 -0.9263 -0.0914
vn -0.0794 0.9950 -0.0610
vn 0.7399 0.6604 0.1284
vn 0.6217 0.6827 0.3840
vn 0.2442 -0.4639 -0.8516
vn -0.1343 0.0671 -0.9887
vn -0.3162 0.8757 -0.3649
vn 0.8937 -0.3538 0.2760
vn -0.8984 0.1222 -0.4217
vn -0.4264 -0.9016 0.0731
vn -0.8475 0.3902 -0.3597
vn -0.2505 0.9166 -0.3116
vn 0.4938 0.8474 -0.1951
vn 0.6343 0.7715 -0.0488
vn 0.6571 0.7457 -0.1100
vn -0.9768 0.1435 0.1587
vn -0.7947 0.5991 -0.0978
vn 0.0974 -0.6484 0.7550
vn -0.1467 -0.5974 0.7884
vn 0.1885 -0.4895 0.8514
vn -0.2533 -0.9644 0.0763
vn -0.8936 -0.4468 -0.0428
vn -0.8761 -0.4746 -0.0852
vn 0.2143 -0.3643 -0.9063
vn -0.1458 0.5955 -0.7900
vn -0.1225 0.5757 -0.8084
vn -0.0550 0.6506 -0.7575
vn 0.8585 -0.4949 0.1344
vn -0.9162 0.3176 -0.2443
vn -0.8890 0.3623 -0.2801
vn -0.7066 0.6549 -0.2680
vn 0.1097 -0.8746 0.4723
vn 0.0000 0.8158 0.5784
vn 0.0699 0.9602 -0.2704
vn -0.6488 0.7467 -0.1469
vn -0.5640 0.7617 -0.3188
vn 0.9614 0.1877 0.2014
vn 0.7573 -0.1962 0.6229
vn 0.5915 0.7317 -0.3388
vn 0.7780 0.6163 0.1220
vn 0.8406 -0.5416 -0.0000
vn -0.0611 0.9158 -0.3970
vn -0.0490 0.9425 -0.3305
vn -0.4158 0.6787 -0.6053
vn 0.3167 -0.7826 -0.5359
vn -0.4032 0.7576 0.5132
vn -0.7426 -0.6696 0.0122
vn 0.0916 -0.9958 -0.0000
vn 0.2991 -0.9217 -0.2472
vn 0.9169 0.1773 0.3576
vn -0.0609 0.0167 0.9980
vn -0.3031 -0.3820 0.8730
vn 0.0274 -0.9996 0.0061
vn 0.2626 -0.8976 -0.3541
vn -0.7794 0.5663 -0.2679
vn -0.7673 -0.6181 -0.1705
vn -0.7588 0.5813 -0.2937
vn 0.0305 0.8004 0.5987
vn -0.2071 0.7128 0.6701
vn 0.1343 0.9909 0.0061
vn -0.3875 0.1083 0.9155
vn -0.1309 -0.5801 0.8039
vn 0.0000 -0.8977 -0.4406
vn 0.6363 -0.4588 -0.6202
vn 0.1585 -0.9630 -0.2181
vn -0.8767 0.0761 -0.4749
vn 0.5978 -0.7743 0.2074
vn -0.6092 0.7006 -0.3716
vn 0.5186 0.8359 -0.1800
vn -0.8146 -0.5614 -0.1457
vn 0.7457 -0.0061 -0.6662
vn 0.8935 0.1010 -0.4376
vn 0.7086 -0.6902 -0.1466
vn 0.5761 -0.8151 0.0613
vn 0.6106 -0.3603 -0.7052
vn 0.4463 0.8919 -0.0732
vn -0.1405 -0.9897 -0.0275
vn 0.0671 -0.9948 -0.0763
vn -0.0857 -0.7226 0.6859
vn -0.2333 -0.6752 0.6998
vn 0.4196 0.6628 0.6202
vn 0.5168 0.1702 0.8390
vn -0.3910 -0.8874 -0.2444
vn 0.0871 -0.5849 0.8064
vn 0.3091 -0.9510 0.0122
vn 0.9132 -0.2260 0.3390
vn 0.5004 -0.6667 0.5523
vn 0.3291 -0.9356 -0.1280
vn 0.3928 -0.7458 -0.5380
vn -0.5192 -0.8430 0.1405
vn -0.2098 0.6226 0.7539
vn -0.3571 0.0061 0.9340
vn 0.1039 -0.6478 0.7547
vn 0.4277 -0.8584 -0.2831
vn 0.3688 -0.6292 0.6842
vn -0.8212 0.5699 0.0276
vn 0.6044 0.3633 -0.7090
vn 0.5406 0.5833 -0.6062
vn -0.5293 0.8213 -0.2129
vn -0.2900 -0.9220 0.2565
vn -0.3851 -0.8664 0.3178
vn -0.0673 -0.9487 0.3091
vn -0.5182 -0.6828 0.5151
vn -0.6251 0.5178 0.5841
vn -0.4408 0.5510 0.7086
vn -0.3299 -0.7759 0.5377
vn 0.0793 -0.9917 0.1007
vn -0.0091 0.9756 -0.2195
vn 0.6852 0.7158 0.1346
vn -0.0611 0.7298 -0.6809
vn 0.1952 0.9746 -0.1098
vn -0.0365 0.6683 -0.7429
vn 0.6761 0.7342 0.0612
vn 0.6282 0.7765 -0.0489
vn -0.0794 0.8432 -0.5317
vn 0.4145 -0.1589 -0.8961
vn -0.3778 0.5980 -0.7069
vn -0.0549 0.3861 -0.9208
vn -0.1098 0.1098 -0.9879
vn 0.0061 -0.9909 -0.1342
vn 0.0427 -0.9968 -0.0671
vn 0.1159 -0.9381 -0.3263
vn 0.1890 -0.7698 -0.6097
vn 0.1601 0.6724 -0.7227
vn 0.6564 0.7142 0.2431
vn 0.6823 0.6701 0.2924
vn -0.0975 0.8224 0.5605
vn -0.6170 -0.3665 0.6964
vn 0.2339 0.9356 -0.2643
vn -0.5425 -0.6143 -0.5730
vn -0.7673 -0.5709 -0.2923
vn -0.8438 -0.4643 -0.2690
vn 0.5796 -0.5262 0.6223
vn 0.1464 -0.9783 0.1467
vn 0.3363 -0.9111 0.2385
vn 0.6728 -0.7066 0.2193
vn -0.2197 0.7079 0.6713
vn 0.2199 0.9620 0.1619
vn 0.1646 0.6371 0.7530
vn 0.1772 0.9718 0.1558
vn -0.6967 0.7150 -0.0581
vn -0.6618 0.5154 -0.5444
vn -0.5736 0.7445 -0.3417
vn -0.1051 -0.3472 -0.9319
vn 0.6545 0.7497 -0.0975
vn 0.2279 0.9606 -0.1591
vn -0.8037 0.5929 -0.0504
vn -0.8583 0.3604 -0.3651
vn -0.4160 0.8519 0.3181
vn -0.3049 0.9511 -0.0488
vn -0.0672 0.2261 -0.9718
vn -0.9802 0.1827 0.0761
vn -0.5921 -0.6775 -0.4364
vn -0.1402 -0.9572 0.2530
vn -0.1342 -0.9367 -0.3234
vn -0.0978 -0.9138 -0.3942
vn 0.6317 0.7690 -0.0977
vn 0.6164 0.7797 -0.1099
vn -0.9008 0.4245 -0.0913
vn -0.4822 -0.8750 0.0427
vn 0.3417 -0.8969 0.2807
vn 0.6947 -0.5835 0.4205
vn 0.7327 -0.6716 -0.1099
vn 0.2443 -0.9193 0.3085
vn -0.0305 -0.9948 0.0976
vn 0.2553 -0.5015 0.8267
vn 0.2013 0.8874 0.4147
vn -0.2383 0.8187 0.5224
vn 0.8231 0.5594 0.0976
vn -0.1465 -0.9880 -0.0488
vn -0.6916 -0.6090 -0.3883
vn 0.1709 -0.9681 0.1831
vn 0.6220 -0.3720 -0.6891
vn -0.4387 0.8538 -0.2803
vn -0.6404 0.7551 -0.1403
vn 0.1771 0.9621 -0.2076
vn 0.5817 0.8001 0.1466
vn 0.5711 -0.7116 0.4092
vn 0.0122 -0.9984 0.0549
vn -0.6967 -0.6675 -0.2628
vn -0.5989 -0.7181 -0.3545
vn -0.2375 -0.9318 0.2744
vn -0.1525 -0.8998 0.4087
vn -0.1159 -0.9482 -0.2957
vn -0.9970 0.0382 0.0673
vn 0.4273 -0.4334 0.7935
vn 0.5538 -0.7950 0.2477
vn -0.1589 -0.2784 -0.9472
vn 0.5351 -0.8126 -0.2311
vn -0.7708 -0.5621 -0.2998
vn -0.5990 0.7968 -0.0795
vn -0.8807 -0.4522 -0.1407
vn -0.0885 -0.7872 0.6103
vn 0.0610 -0.4268 0.9023
vn 0.0244 0.8978 -0.4397
vn -0.8634 0.5021 -0.0490
vn 0.9272 -0.3111 -0.2085
vn -0.5729 0.7862 -0.2316
vn -0.0978 0.9662 -0.2385
vn 0.0122 0.3038 0.9527
vn -0.2320 0.0275 0.9723
vn 0.2443 0.0550 -0.9681
vn 0.4807 0.8336 -0.2720
vn 0.0854 -0.9906 0.1068
vn -0.0336 -0.9990 0.0305
vn 0.0383 -0.9812 -0.1892
vn 0.4029 0.8914 -0.2076
vn 0.9740 -0.1157 0.1948
vn 0.1955 -0.8735 0.4459
vn -0.1831 -0.4212 0.8883
vn 0.8822 -0.4702 0.0245
vn 0.5346 -0.8278 0.1701
vn 0.6855 0.7177 0.1224
vn -0.3915 0.8809 -0.2661
vn -0.0183 0.9044 -0.4262
vn 0.2867 0.2837 -0.9151
vn -0.9469 -0.3131 0.0733
vn -0.5434 -0.8013 -0.2503
vn -0.9028 0.1342 0.4087
vn 0.0489 -0.5150 0.8558
vn 0.8725 -0.2075 0.4424
vn 0.8932 -0.1585 0.4207
vn -0.9753 -0.0914 -0.2012
vn -0.7336 0.0367 -0.6786
vn -0.9001 -0.3831 -0.2075
vn -0.7993 0.5064 -0.3234
vn 0.2750 0.9595 -0.0611
vn 0.2288 0.9669 0.1129
vn 0.0503 0.7837 -0.6191
vn -0.2577 0.9027 -0.3446
vn -0.8332 0.5453 -0.0919
vn -0.3409 0.8583 -0.3835
vn -0.8782 0.2927 0.3781
vn -0.2573 -0.5973 0.7596
vn 0.6351 -0.7328 0.2443
vn 0.0298 -0.5281 -0.8487
vn -0.6154 -0.0594 0.7860
vn 0.4335 0.7022 0.5648
vn -0.1341 -0.9540 0.2682
vn 0.2686 0.9095 -0.3174
vn 0.4272 0.8941 -0.1343
vn 0.8783 -0.4391 -0.1891
vn 0.5134 -0.7456 0.4248
vn 0.2256 0.8658 0.4466
vn 0.2259 0.8883 0.3999
vn -0.8317 -0.4380 0.3412
vn -0.4289 -0.9004 0.0733
vn -0.0153 -0.9009 0.4337
vn -0.4274 -0.8152 -0.3908
vn -0.1251 -0.9696 0.2104
vn -0.8399 0.4123 -0.3530
vn -0.7294 0.6481 -0.2188
vn -0.1956 0.7856 -0.5869
vn -0.1834 0.7794 -0.5991
vn -0.1036 0.2498 -0.9627
vn -0.8725 -0.4622 -0.1586
vn -0.8214 0.2840 -0.4947
vn -0.8587 0.1070 -0.5012
vn -0.4497 -0.2309 0.8628
vn -0.5259 -0.8378 0.1468
vn 0.0946 -0.9681 0.2319
vn 0.2586 -0.8099 -0.5264
vn 0.1216 0.1231 -0.9849
vn 0.1731 0.0380 -0.9842
vn 0.5033 0.8418 -0.1952
vn -0.0766 0.4410 -0.8942
vn -0.0243 0.9861 -0.1644
vn 0.7289 0.6074 0.3159
vn -0.2503 0.9507 -0.1831
vn -0.3487 -0.8748 0.3364
vn -0.7180 0.6373 -0.2799
vn 0.3528 -0.1369 -0.9256
vn -0.3306 0.3367 -0.8816
vn 0.3601 -0.7873 -0.5005
vn 0.3113 -0.8607 -0.4029
vn 0.4462 -0.8367 0.3176
vn 0.5181 -0.8497 -0.0978
vn -0.7180 -0.6868 -0.1130
vn -0.2594 -0.9657 -0.0076
vn 0.4096 0.7581 0.5074
vn 0.1469 0.2572 0.9551
vn -0.6815 -0.4564 0.5720
vn 0.5191 0.8260 0.2198
vn -0.0122 0.9091 0.4163
vn -0.4266 0.6765 0.6003
vn -0.3551 0.9062 -0.2296
vn -0.6406 0.5979 -0.4819
vn -0.3289 -0.2010 0.9227
vn 0.3786 -0.9190 0.1099
vn 0.6538 -0.7566 0.0122
vn 0.6902 -0.7016 0.1771
vn 0.7579 -0.5997 0.2567
vn -0.3086 -0.8249 0.4736
vn 0.1343 -0.7203 0.6806
vn -0.1894 -0.9804 0.0550
vn -0.2929 -0.1922 0.9366
vn 0.2436 -0.4841 -0.8404
vn 0.3531 -0.7913 -0.4991
vn 0.3730 -0.7644 -0.5259
vn -0.6690 0.5376 -0.5132
vn -0.1952 0.9731 0.1220
vn -0.1715 0.9741 0.1470
vn -0.0472 0.7818 -0.6218
vn -0.1708 -0.9531 0.2500
vn 0.6278 -0.5699 0.5302
vn 0.8096 -0.4692 -0.3527
vn 0.0733 -0.1222 -0.9898
vn 0.0397 0.9060 -0.4215
vn -0.3238 0.9347 -0.1466
vn -0.3160 0.8672 -0.3848
vn -0.0530 -0.4816 0.8748
vn 0.4204 -0.7891 0.4479
vn 0.1890 -0.8718 -0.4519
vn -0.4577 -0.7567 -0.4668
vn 0.9450 0.3173 0.0793
vn 0.8720 0.4877 0.0427
vn -0.8122 0.5496 -0.1954
vn -0.8961 0.3627 -0.2560
vn 0.4388 -0.8349 0.3321
vn 0.0061 -0.9301 0.3672
vn 0.1830 -0.9819 -0.0488
vn -0.2136 0.9642 0.1571
vn -0.2382 0.9712 0.0076
vn 0.0396 0.9084 -0.4161
vn -0.1585 -0.9755 -0.1524
vn -0.7937 -0.5983 0.1099
vn -0.5915 -0.8049 -0.0488
vn -0.8514 -0.4804 -0.2106
vn 0.7456 0.6661 0.0206
vn 0.1341 -0.2332 -0.9631
vn -0.4749 -0.8707 0.1279
vn -0.1589 -0.7941 0.5867
vn -0.8253 0.3854 0.4127
vn -0.9885 0.1510 -0.0000
vn -0.3899 -0.9208 -0.0091
vn 0.8194 0.1468 -0.5542
vn 0.7442 -0.6649 -0.0640
vn -0.5535 -0.0973 0.8272
vn 0.1411 0.1273 -0.9818
vn -0.1433 -0.9473 0.2867
vn 0.1893 -0.4938 -0.8487
vn -0.6447 0.6994 0.3086
vn -0.4273 0.8927 0.1434
vn -0.4393 0.0046 0.8983
vn 0.8484 -0.4524 0.2747
vn 0.6575 -0.7277 0.1953
vn 0.5960 -0.7773 0.2015
vn -0.4908 0.0000 -0.8712
vn -0.2551 -0.8685 -0.4251
vn 0.3210 0.5442 -0.7751
vn -0.2227 0.5309 -0.8177
vn -0.0132 0.3724 -0.9280
vn 0.9841 0.1650 -0.0649
vn -0.2624 0.8971 -0.3555
vn -0.5507 -0.8325 -0.0610
vn -0.8844 -0.3820 0.2684
vn -0.7382 0.3725 -0.5624
vn 0.6515 -0.7368 0.1806
vn 0.1708 -0.9239 -0.3423
vn 0.7865 -0.4878 0.3788
vn 0.1274 0.4822 -0.8667
vn 0.4508 0.0561 -0.8909
vn -0.0678 0.5413 -0.8381
vn -0.4194 0.1666 -0.8924
vn 0.2258 -0.0706 -0.9716
vn -0.6098 -0.7821 0.1281
vn -0.5138 -0.8019 0.3049
vn 0.2931 -0.8029 -0.5190
vn 0.2576 -0.5458 -0.7973
vn 0.6295 0.7487 -0.2078
vn -0.3057 0.7978 -0.5197
vn 0.4031 0.8092 0.4275
vn -0.2928 0.9212 0.2562
vn -0.4144 0.7587 0.5027
vn -0.4182 -0.9082 0.0145
vn -0.8424 0.5059 -0.1854
vn -0.6713 0.7163 -0.1907
vn 0.9686 0.0963 0.2292
vn 0.1886 -0.4170 0.8891
vn -0.8454 0.4120 -0.3400
vn -0.0122 0.9719 -0.2350
vn -0.2384 0.8862 0.3973
vn -0.2812 -0.7459 -0.6038
vn 0.2148 -0.4753 0.8532
vn -0.2602 0.6919 -0.6735
vn 0.0183 -0.9806 -0.1952
vn -0.1283 -0.9529 -0.2749
vn 0.2815 -0.4100 0.8675
vn 0.9903 -0.1221 0.0656
vn 0.8413 -0.5384 -0.0474
vn 0.1792 0.9066 -0.3821
vn -0.2200 0.9609 -0.1680
vn -0.6098 0.6791 -0.4086
vn 0.6097 0.7866 -0.0976
vn 0.1039 -0.7214 -0.6847
vn 0.6835 -0.3761 -0.6256
vn -0.3020 0.8038 -0.5125
vn -0.1833 -0.8403 0.5103
vn -0.0490 -0.7694 -0.6368
vn 0.4271 0.8829 0.1953
vn -0.3374 -0.9057 -0.2565
vn -0.4729 -0.6489 -0.5961
vn -0.3969 -0.9097 -0.1221
vn -0.0305 0.9990 -0.0336
vn -0.9758 -0.1891 0.1098
vn 0.7448 -0.5617 -0.3602
vn 0.6621 -0.5980 0.4516
vn -0.5496 -0.6183 0.5618
vn -0.5023 0.7273 0.4676
vn -0.6493 0.4999 -0.5731
vn -0.5152 0.7835 -0.3475
vn -0.1341 -0.0793 0.9878
vn -0.1219 -0.9874 0.1006
vn -0.2684 -0.6191 0.7380
vn 0.1800 -0.9641 0.1953
vn 0.8845 -0.3300 -0.3300
vn -0.6216 -0.3108 0.7191
vn -0.2863 0.8954 0.3411
vn 0.2223 0.3715 0.9014
vn 0.6813 0.7072 -0.1890
vn -0.6952 0.6160 0.3705
vn -0.7670 0.5905 0.2511
vn 0.5667 -0.5132 0.6446
vn 0.8290 -0.2748 0.4870
vn 0.0298 -0.9982 0.0519
vn -0.0691 -0.9895 -0.1267
vn -0.6334 -0.0061 -0.7738
vn -0.1951 -0.7255 0.6600
vn -0.6234 -0.7210 0.3025
vn -0.3664 0.9146 -0.1710
vn -0.7630 0.5631 -0.3174
vn 0.4767 -0.8571 0.1956
vn -0.1956 -0.9045 0.3789
vn -0.3369 0.8944 -0.2941
vn -0.7600 -0.6497 -0.0184
vn 0.2628 -0.8985 0.3515
vn -0.3597 -0.9266 -0.1097
vn -0.0076 -0.6097 0.7926
vn 0.1540 -0.5855 -0.7959
vn 0.5060 -0.8520 0.1341
vn 0.8051 -0.5931 -0.0000
vn -0.8511 0.3031 -0.4286
vn -0.5483 0.6518 0.5239
vn 0.6110 -0.7424 0.2749
vn -0.9157 0.3907 0.0946
vn 0.2780 -0.7875 -0.5500
vn 0.0305 -0.8978 0.4394
vn 0.0793 -0.9695 -0.2319
vn 0.8193 -0.5188 -0.2441
vn -0.4164 0.6123 0.6720
vn -0.3491 0.9369 -0.0184
vn 0.9044 0.3816 -0.1908
vn -0.9153 0.4027 0.0107
vn -0.2989 -0.9270 0.2264
vn -0.6119 0.7343 -0.2937
vn -0.6438 -0.7539 -0.1308
vn -0.3693 -0.9277 -0.0542
vn -0.3205 0.4853 0.8135
vn -0.2700 0.8283 0.4909
vn 0.8814 -0.3416 0.3263
vn 0.8951 0.4452 0.0244
vn 0.4752 -0.8665 0.1526
vn -0.2970 0.8212 -0.4873
vn 0.1739 -0.9824 0.0686
vn -0.4581 -0.7344 0.5008
vn -0.2683 0.1524 -0.9512
vn -0.9383 0.3001 -0.1721
vn 0.0305 -0.9878 -0.1524
vn 0.8074 -0.5286 0.2620
vn 0.8883 -0.1679 0.4274
vn -0.8615 -0.3238 0.3910
vn -0.3941 0.3214 -0.8610
vn -0.3291 0.8228 0.4632
vn -0.9102 0.3216 -0.2609
vn -0.5247 0.7993 -0.2929
vn -0.9145 -0.3894 -0.1097
vn 0.2259 0.5957 -0.7708
vn -0.9476 0.2703 -0.1701
vn 0.7601 0.6456 0.0740
vn -0.4915 0.8701 -0.0366
vn -0.1478 0.9888 0.0214
vn 0.4636 -0.7625 -0.4514
vn 0.4340 0.8956 -0.0978
vn 0.8056 -0.5427 0.2378
vn 0.7690 0.6335 -0.0853
vn 0.9759 -0.1680 -0.1390
vn 0.6011 -0.3906 -0.6972
vn 0.4932 0.7145 -0.4962
vn 0.7136 0.5733 -0.4026
vn 0.5078 0.8076 -0.2998
vn -0.0122 -0.9522 0.3052
vn 0.0610 -0.9976 -0.0330
vn -0.3537 0.7439 -0.5671
vn -0.0274 0.5181 -0.8549
vn -0.9159 0.3397 -0.2137
vn 0.1281 -0.9512 0.2807
vn 0.0153 0.9895 -0.1434
vn -0.9415 0.1961 -0.2742
vn 0.1497 0.1833 -0.9716
vn -0.2571 0.9488 -0.1836
vn 0.3297 0.9432 -0.0412
vn 0.1618 0.9868 -0.0092
vn -0.6898 0.6898 -0.2198
vn -0.8344 -0.3804 -0.3988
vn -0.3477 -0.9363 -0.0488
vn 0.0000 -0.6533 0.7571
vn -0.0366 0.9344 -0.3542
vn 0.2322 0.8675 -0.4399
vn 0.2015 0.7457 -0.6350
vn 0.2870 -0.8746 -0.3908
vn 0.0550 0.6127 -0.7884
vn 0.8586 -0.3469 -0.3775
vn 0.1612 -0.9746 0.1558
vn 0.0703 -0.9289 0.3636
vn 0.3082 -0.9031 0.2990
vn -0.4644 0.8005 -0.3789
vn -0.9008 0.4275 -0.0756
vn 0.0489 0.8254 -0.5625
vn 0.5953 0.7968 -0.1038
vn -0.1831 -0.9825 -0.0355
vn 0.2438 -0.9697 -0.0137
vn -0.5966 -0.7829 0.1765
vn -0.3620 -0.2577 -0.8958
vn -0.1034 0.7964 0.5958
vn 0.2926 0.6158 0.7316
vn 0.3358 0.7326 -0.5921
vn 0.1709 0.8486 -0.5006
vn 0.3570 -0.9290 0.0976
vn 0.6903 -0.7132 0.1222
vn 0.3540 -0.9340 0.0488
vn -0.3239 -0.9441 -0.0611
vn 0.0366 -0.9970 0.0687
vn 0.1160 -0.9841 0.1343
vn 0.6625 -0.0339 -0.7483
vn -0.1830 -0.9305 0.3173
vn 0.0534 -0.9983 0.0244
vn 0.7779 0.6248 -0.0674
vn 0.9650 -0.0550 0.2565
vn 0.0359 -0.9274 -0.3723
vn -0.4266 0.4418 -0.7892
vn 0.4907 -0.0199 -0.8711
vn 0.7337 -0.6068 -0.3057
vn -0.9208 -0.3049 0.2433
vn 0.6947 -0.5911 -0.4098
vn 0.6322 -0.5045 -0.5881
vn -0.7060 -0.7060 0.0548
vn 0.2653 -0.9635 -0.0366
vn -0.2137 0.9769 -0.0061
vn 0.4451 -0.2607 0.8567
vn 0.2316 -0.9143 -0.3322
vn 0.5440 0.7916 -0.2781
vn 0.0473 -0.8382 -0.5433
vn 0.0214 -0.9725 -0.2319
vn -0.1830 0.6130 0.7686
vn 0.3021 -0.8851 0.3540
vn -0.3172 0.6176 0.7197
vn 0.6745 0.4193 0.6077
vn 0.7829 -0.2880 0.5515
vn 0.6270 0.2233 0.7463
vn 0.4508 0.8619 -0.2323
vn -0.7960 0.4715 -0.3796
vn -0.1464 0.8967 0.4178
vn 0.8046 -0.4678 0.3657
vn -0.4769 0.7154 -0.5106
vn -0.4272 0.8239 -0.3723
vn 0.4274 -0.0305 0.9036
vn 0.8458 -0.4744 0.2441
vn -0.5725 0.4994 0.6502
vn -0.9035 -0.0336 -0.4273
vn -0.0122 -0.0061 -0.9999
vn 0.4147 0.9087 -0.0488
vn 0.6244 -0.6060 0.4928
vn -0.9967 0.0673 -0.0459
vn 0.7194 -0.2506 0.6478
vn -0.6580 0.7494 -0.0731
vn -0.7645 -0.6330 -0.1223
vn -0.1341 -0.9907 -0.0244
vn -0.1953 -0.9697 -0.1465
vn -0.2075 -0.9782 0.0122
vn -0.9515 -0.2379 -0.1952
vn -0.6752 -0.7333 0.0798
vn 0.7650 0.4820 0.4271
vn -0.0069 0.9981 0.0610
vn -0.5591 0.5828 -0.5897
vn 0.2567 -0.7173 0.6478
vn 0.6489 -0.6952 0.3092
vn -0.0762 -0.9971 -0.0000
vn 0.6955 -0.7047 -0.1403
vn 0.5234 -0.7912 -0.3165
vn 0.1034 0.9121 -0.3968
vn -0.4529 -0.8813 0.1346
vn 0.8937 -0.3596 0.2682
vn -0.4648 -0.8853 0.0122
vn -0.3187 -0.7619 -0.5638
vn -0.4147 0.6525 -0.6342
vn -0.4014 0.7602 -0.5109
vn -0.3288 0.0974 -0.9393
vn -0.1835 -0.9788 0.0906
vn -0.9809 0.0429 -0.1895
vn 0.2377 0.9203 0.3106
vn -0.3290 0.9443 -0.0000
vn -0.9977 -0.0673 -0.0061
vn -0.2073 0.2637 -0.9421
vn 0.6341 -0.7347 -0.2409
vn 0.7430 -0.6255 0.2380
vn 0.0670 0.8085 -0.5847
vn 0.3698 -0.9028 -0.2196
vn 0.0542 -0.9816 0.1833
vn -0.5736 0.5324 -0.6225
vn 0.5381 -0.7978 -0.2721
vn 0.1496 -0.9816 -0.1191
vn -0.0854 0.8721 -0.4818
vn 0.2320 0.9236 0.3053
vn 0.9148 -0.4010 0.0488
vn 0.5537 -0.7981 0.2376
vn 0.8058 -0.5433 0.2354
vn -0.2809 -0.9592 0.0305
vn 0.7019 -0.2197 0.6775
vn 0.2685 -0.8910 -0.3662
vn -0.4740 -0.7641 0.4375
vn 0.9108 0.4027 0.0915
vn 0.8144 0.5673 0.1220
vn 0.3357 0.8056 -0.4882
vn 0.4674 0.1522 -0.8708
vn -0.8543 -0.4909 -0.1709
vn 0.0122 0.6458 -0.7634
vn 0.2959 -0.9548 -0.0275
vn 0.0610 -0.8994 0.4329
vn -0.3447 -0.8938 0.2868
vn -0.1786 -0.7692 0.6135
vn 0.3252 -0.9406 0.0977
vn 0.2230 -0.2056 -0.9529
vn 0.3173 -0.7899 -0.5248
vn 0.7068 -0.4753 -0.5240
vn -0.2380 -0.9643 -0.1160
vn 0.5164 0.8556 0.0367
vn 0.8671 -0.3236 0.3786
vn -0.3963 -0.6732 0.6243
vn -0.5979 0.3050 0.7413
vn -0.5989 0.7104 0.3697
vn -0.2504 -0.8276 -0.5024
vn -0.6049 -0.6202 -0.4995
vn -0.5671 0.7134 -0.4116
vn 0.1767 0.4578 -0.8713
vn 0.5743 -0.5162 0.6354
vn 0.5117 -0.2817 0.8117
vn -0.1128 -0.9845 0.1342
vn -0.0977 -0.1073 -0.9894
vn -0.1161 -0.9932 -0.0061
vn 0.1342 -0.9486 0.2867
vn -0.1505 -0.7978 0.5838
vn 0.4549 -0.5984 0.6595
vn 0.3978 -0.6364 0.6609
vn -0.1615 0.5897 0.7913
vn 0.8408 -0.2803 0.4631
vn 0.4511 -0.8473 0.2804
vn -0.6190 -0.7013 0.3537
vn 0.9070 0.1716 0.3846
vn -0.6360 -0.7717 0.0061
vn -0.7339 0.6467 -0.2079
vn -0.3418 -0.2983 0.8912
vn 0.1832 -0.8731 0.4518
vn -0.2223 -0.3410 0.9134
vn 0.0884 -0.9958 0.0244
vn -0.2227 0.5582 0.7992
vn -0.5501 -0.6174 0.5623
vn -0.3408 0.0730 0.9373
vn 0.2564 -0.9466 -0.1954
vn 0.3173 -0.8642 -0.3906
vn -0.4009 0.8568 -0.3244
vn -0.0671 -0.8768 0.4761
vn 0.4154 -0.1344 0.8996
vn -0.3540 -0.4310 0.8300
vn -0.1098 -0.3875 0.9153
vn -0.1649 0.8888 -0.4276
vn 0.6239 -0.5015 0.5994
vn 0.2014 -0.9337 0.2960
vn -0.0550 -0.9962 -0.0672
vn -0.5842 0.7789 -0.2282
vn 0.8710 0.4881 0.0549
vn 0.5684 0.8006 -0.1895
vn -0.8789 0.4265 -0.2136
vn -0.2563 0.7446 0.6164
vn 0.3757 0.8465 -0.3772
vn -0.2234 0.9548 0.1959
vn -1.0000 0.0000 -0.0046
vn -0.0854 -0.9960 -0.0244
vn 0.9783 -0.1120 0.1743
vn -0.4871 -0.8708 -0.0670
vn 0.0031 -0.8604 0.5095
vn 0.0612 -0.0459 -0.9971
vn 0.4275 -0.3969 -0.8122
vn -0.7644 -0.6067 -0.2184
vn 0.4246 0.8767 -0.2260
vn -0.0917 0.9658 -0.2426
vn -0.9131 -0.4078 -0.0015
vn -0.0488 0.8362 0.5463
vn -0.8757 -0.4470 0.1824
vn 0.7348 -0.6307 0.2495
vn -0.4386 -0.8986 0.0091
vn -0.9495 0.0715 -0.3056
vn -0.1703 0.0122 0.9853
vn -0.3430 0.9187 0.1960
vn -0.7529 -0.1102 -0.6488
vn 0.2198 -0.9736 0.0610
vn 0.0396 -0.9450 0.3247
vn 0.9619 -0.1099 -0.2504
vn -0.7813 -0.6241 0.0122
vn -0.4913 -0.8361 0.2441
vn -0.0918 -0.7528 -0.6518
vn -0.2263 -0.9663 0.1223
vn -0.2196 0.7870 0.5765
vn 0.9414 0.2772 -0.1923
vn 0.4949 0.8371 -0.2331
vn 0.6843 0.7209 -0.1100
vn 0.0668 0.5771 0.8140
vn 0.9054 -0.3597 -0.2256
vn -0.1373 -0.9854 0.1011
vn -0.9359 -0.1402 -0.3231
vn 0.3531 -0.4791 -0.8036
vn 0.8025 -0.5958 -0.0334
vn -0.7435 0.5607 -0.3645
vn -0.3788 -0.9072 -0.1833
vn 0.9805 -0.1952 0.0213
vn -0.6921 -0.6921 0.2052
vn -0.0275 -0.7204 -0.6930
vn 0.4503 0.8915 0.0489
vn 0.7239 0.6652 0.1831
vn 0.4334 -0.8332 0.3434
vn 0.7231 -0.6255 0.2929
vn -0.2016 0.8126 0.5468
vn -0.3113 0.8361 0.4516
vn 0.1586 -0.6525 0.7410
vn 0.3963 -0.0812 -0.9145
vn -0.7795 0.5953 -0.1949
vn 0.9522 -0.3052 0.0084
vn 0.8040 -0.0365 -0.5936
vn -0.6785 -0.1223 -0.7244
vn -0.3643 0.8621 -0.3521
vn 0.8859 -0.2196 -0.4086
vn 0.2321 0.9725 -0.0183
vn 0.2225 0.5596 -0.7984
vn 0.2897 0.1487 -0.9455
vn -0.1826 0.7365 0.6513
vn -0.7705 -0.6364 -0.0367
vn -0.9239 -0.2796 0.2614
vn -0.6464 0.7279 0.2287
vn -0.7858 -0.5013 0.3622
vn 0.3170 -0.2622 0.9115
vn 0.1891 0.9819 0.0122
vn 0.8845 -0.4644 -0.0443
vn -0.4576 0.6468 -0.6102
vn -0.3720 0.5789 -0.7256
vn -0.3176 0.9252 -0.2076
vn -0.6382 -0.4916 0.5924
vn -0.8800 0.4072 -0.2445
vn -0.1283 -0.4214 0.8978
vn -0.1930 0.9488 0.2502
vn -0.4480 0.8127 0.3727
vn 0.9609 -0.2418 0.1347
vn 0.3201 -0.8105 0.4906
vn 0.7318 0.6769 -0.0793
vn -0.1469 0.9029 0.4040
vn -0.1342 0.6545 -0.7441
vn -0.2322 -0.5438 0.8065
vn 0.5893 0.8016 -0.1008
vn 0.2845 -0.8023 0.5247
vn -0.0861 -0.9951 0.0488
vn 0.2928 -0.4590 0.8388
vn -0.6103 0.7384 -0.2868
vn -0.4370 -0.3278 -0.8376
vn 0.3529 0.9066 0.2312
vn -0.4997 0.8654 -0.0366
vn -0.7536 -0.6422 0.1403
vn -0.8696 0.2652 -0.4164
vn -0.4750 0.3581 -0.8038
vn -0.2806 -0.9397 -0.1952
vn 0.1908 -0.9567 -0.2198
vn -0.2320 0.8974 -0.3754
vn -0.3722 -0.8084 -0.4561
vn -0.0885 0.9920 -0.0901
vn -0.6805 -0.7262 0.0976
vn 0.2029 -0.6452 0.7365
vn -0.4047 -0.9128 0.0548
vn -0.8087 -0.5851 -0.0613
vn -0.9002 -0.4258 -0.0912
vn -0.5435 0.8351 -0.0855
vn -0.0748 -0.9911 -0.1098
vn -0.5607 0.0609 0.8258
vn 0.0488 0.9148 -0.4010
vn 0.7322 0.0336 0.6803
vn -0.5364 -0.8434 0.0305
vn -0.2321 -0.9313 0.2809
vn -0.0950 -0.8047 0.5861
vn 0.7791 0.3223 -0.5377
vn -0.4771 -0.8685 0.1346
vn -0.4513 -0.8844 0.1189
vn -0.8368 0.5467 -0.0290
vn 0.0489 -0.9680 0.2462
vn -0.1862 0.9339 -0.3052
vn 0.7832 -0.2926 0.5486
vn -0.1680 0.9744 -0.1497
vn 0.1390 0.9655 -0.2200
vn -0.7679 0.5698 -0.2925
vn 0.4132 -0.8920 0.1833
vn 0.1585 -0.2420 -0.9572
vn -0.1738 0.5672 -0.8050
vn -0.1526 -0.2739 0.9496
vn 0.7148 0.6965 -0.0626
vn 0.6355 0.7608 -0.1314
vn -0.8214 -0.4153 -0.3909
vn -0.9211 -0.3172 -0.2257
vn -0.7876 -0.4396 0.4318
vn 0.9527 -0.1420 -0.2687
vn -0.0732 0.5886 -0.8051
vn 0.3703 -0.8682 -0.3302
vn 0.3846 -0.2974 0.8739
vn 0.5647 -0.6550 0.5020
vn 0.1941 -0.9681 0.1583
vn 0.5633 -0.8172 0.1220
vn -0.7558 -0.4747 -0.4510
vn 0.1469 0.4838 -0.8628
vn 0.1898 -0.9614 0.1990
vn 0.2192 -0.0551 -0.9741
vn -0.2306 0.9711 0.0611
vn 0.3358 -0.4151 0.8455
vn 0.1706 0.8166 0.5515
vn -0.0366 -0.9565 -0.2894
vn 0.0808 0.6894 -0.7199
vn -0.8720 0.2500 0.4208
vn -0.0122 -0.9900 0.1406
vn -0.9183 0.3061 0.2510
vn 0.2715 -0.9472 0.1708
vn -0.4143 0.5422 0.7310
vn 0.5978 0.5955 -0.5368
vn -0.3849 0.9226 -0.0244
vn -0.1830 0.9305 -0.3173
vn -0.8415 -0.4162 -0.3445
vn -0.0244 -0.9348 0.3544
vn -0.1830 -0.9816 -0.0549
vn -0.1708 -0.9853 -0.0000
vn 0.8898 0.1589 -0.4277
vn 0.0518 -0.2181 -0.9745
vn 0.7582 0.6468 0.0824
vn 0.0855 -0.9402 0.3297
vn -0.9227 0.0000 -0.3855
vn -0.2811 -0.9547 0.0978
vn 0.9030 0.0458 0.4271
vn -0.8120 -0.3541 0.4640
vn 0.9413 -0.2751 -0.1956
vn 0.7599 -0.5745 0.3040
vn 0.9328 -0.1158 0.3414
vn 0.2437 0.9689 -0.0427
vn 0.4446 0.8952 0.0304
vn -0.8227 0.2925 0.4875
vn 0.8222 0.1918 0.5359
vn 0.6052 -0.7351 0.3056
vn 0.8641 0.2580 0.4321
vn 0.2197 -0.9379 -0.2685
vn -0.1098 -0.8660 0.4879
vn 0.4018 0.8006 -0.4445
vn -0.2690 0.9048 -0.3301
vn 0.6682 0.6865 -0.2868
vn -0.2926 0.9142 -0.2804
vn 0.3294 0.2211 -0.9180
vn 0.5585 0.6242 -0.5463
vn -0.2985 -0.3899 0.8711
vn -0.7458 -0.6648 0.0428
vn 0.0612 0.5871 0.8072
vn 0.6126 0.7657 0.1960
vn 0.5801 -0.4824 0.6564
vn -0.5312 -0.8182 -0.2198
vn 0.2565 -0.9665 -0.0061
vn -0.1161 0.8292 -0.5467
vn 0.9034 -0.4029 0.1465
vn 0.3145 -0.9015 0.2971
vn 0.4324 0.8160 0.3836
vn 0.1358 0.9824 -0.1281
vn -0.6896 -0.5935 -0.4150
vn 0.1098 -0.9289 0.3537
vn 0.6582 -0.4410 -0.6101
vn -0.4513 0.0579 0.8905
vn -0.7177 0.5864 0.3756
vn -0.0611 0.8976 -0.4366
vn -0.8097 -0.4767 -0.3422
vn -0.5310 0.2680 -0.8039
vn 0.6280 -0.6425 0.4390
vn -0.4999 -0.6751 -0.5425
vn 0.2016 -0.8980 0.3910
vn -0.6935 -0.7195 0.0367
vn 0.0704 0.9064 0.4165
vn 0.8194 -0.3180 0.4770
vn 0.0244 0.4574 -0.8889
vn -0.5528 0.6566 -0.5131
vn -0.9833 0.1457 -0.1093
vn -0.0611 0.5925 -0.8032
vn 0.5365 0.8353 -0.1204
vn -0.8065 -0.5312 -0.2597
vn 0.3068 0.7938 -0.5251
vn 0.0457 0.5184 -0.8539
vn 0.4090 -0.4395 0.7997
vn 0.1341 0.8212 -0.5546
vn 0.4338 0.4682 -0.7698
vn 0.2313 -0.8277 -0.5112
vn 0.1343 -0.9323 0.3357
vn -0.4763 -0.8778 -0.0519
vn -0.0823 -0.7130 -0.6963
vn 0.4306 -0.3802 0.8185
vn 0.8967 0.3843 -0.2196
vn 0.5791 0.8129 0.0611
vn -0.9236 0.2339 -0.3038
vn -0.3752 -0.1026 -0.9212
vn -0.3241 0.8825 0.3408
vn -0.5300 0.7737 0.3472
vn -0.6084 0.7723 -0.1825
vn -0.5493 0.0961 0.8301
vn -0.1334 -0.7217 0.6792
vn 0.1921 -0.9636 0.1860
vn -0.3969 0.6289 0.6686
vn 0.1221 -0.9825 -0.1404
vn 0.4829 -0.5880 0.6489
vn 0.3707 -0.2105 0.9046
vn 0.5807 0.7640 0.2812
vn -0.1588 0.3604 -0.9192
vn 0.0000 -0.2504 -0.9681
vn 0.9399 -0.2561 -0.2256
vn 0.7572 -0.5954 0.2687
vn 0.1125 0.9936 0.0122
vn -0.5063 -0.7808 0.3660
vn -0.6345 0.7565 0.1586
vn 0.6459 -0.5850 0.4905
vn -0.2629 -0.0967 -0.9600
vn 0.0608 -0.0380 -0.9974
vn 0.5115 -0.4689 0.7201
vn 0.4820 -0.7139 -0.5080
vn 0.0492 -0.9693 0.2408
vn 0.1554 -0.9751 -0.1584
vn -0.4824 -0.8757 0.0214
vn 0.0717 0.3418 0.9370
vn -0.0694 -0.9488 0.3081
vn -0.1587 -0.8715 0.4640
vn -0.6844 0.4491 -0.5744
vn 0.5629 -0.3274 -0.7589
vn 0.9265 -0.0670 0.3703
vn -0.5001 -0.8477 0.1769
vn 0.5900 0.7299 -0.3452
vn 0.5799 -0.7477 0.3235
vn -0.5860 -0.8088 -0.0488
vn 0.3175 -0.9432 -0.0977
vn -0.7766 -0.4943 0.3906
vn 0.1131 -0.9933 -0.0245
vn -0.7639 -0.5133 -0.3911
vn 0.8040 0.5604 0.1987
vn 0.6873 0.7209 -0.0890
vn 0.9385 -0.1219 0.3230
vn 0.9525 -0.2107 0.2198
vn -0.1129 -0.9904 -0.0794
vn -0.8630 0.4666 -0.1936
vn -0.3509 -0.8971 -0.2685
vn 0.9471 -0.2444 -0.2078
vn -0.3567 -0.7378 0.5731
vn 0.5747 -0.8009 -0.1681
vn 0.8189 -0.0550 -0.5714
vn -0.5484 -0.7739 0.3169
vn 0.2819 -0.9559 0.0827
vn 0.1836 0.6118 0.7694
vn -0.5986 0.7300 -0.3299
vn -0.5916 0.6465 0.4818
vn 0.8347 -0.2620 -0.4844
vn 0.0345 0.6629 -0.7479
vn 0.2316 0.9385 -0.2560
vn 0.2137 0.9737 -0.0794
vn -0.9551 -0.2353 -0.1799
vn 0.8346 -0.4280 -0.3467
vn -0.0427 -0.9874 0.1524
vn 0.9564 -0.2680 0.1157
vn 0.6428 0.6489 -0.4071
vn 0.5995 0.7993 -0.0427
vn -0.4631 0.5141 -0.7220
vn -0.9284 -0.3665 -0.0611
vn -0.7562 0.0183 -0.6541
vn 0.0184 0.6497 0.7600
vn 0.1434 -0.8709 -0.4700
vn -0.2729 -0.8292 -0.4878
vn 0.1989 -0.4288 -0.8812
vn -0.5307 -0.8463 -0.0457
vn -0.8043 0.5789 -0.1341
vn -0.5998 0.7758 0.1959
vn 0.1343 -0.1404 0.9810
vn -0.7201 0.6072 -0.3357
vn 0.4506 -0.1675 -0.8769
vn -0.3596 -0.8776 -0.3169
vn 0.3607 0.9192 -0.1583
vn -0.9203 -0.3520 -0.1707
vn -0.7836 -0.6091 -0.1224
vn -0.2881 -0.5549 0.7805
# 4992 vertex normals

vt 0.6916 0.4732 0.0000
vt 0.7071 0.4912 0.0000
vt 0.6520 0.4775 0.0000
vt 0.5862 0.2562 0.0000
vt 0.5506 0.2529 0.0000
vt 0.5762 0.1742 0.0000
vt 0.3897 0.8329 0.0000
vt 0.3581 0.8297 0.0000
vt 0.3911 0.8226 0.0000
vt 0.7062 0.3610 0.0000
vt 0.6928 0.3553 0.0000
vt 0.7225 0.3473 0.0000
vt 0.1176 0.3985 0.0000
vt 0.1290 0.4050 0.0000
vt 0.1224 0.4121 0.0000
vt 0.1297 0.0699 0.0000
vt 0.1226 0.0949 0.0000
vt 0.1169 0.0915 0.0000
vt 0.0903 0.6260 0.0000
vt 0.0707 0.6381 0.0000
vt 0.0695 0.6164 0.0000
vt 0.6705 0.8002 0.0000
vt 0.6815 0.8145 0.0000
vt 0.6526 0.8123 0.0000
vt 0.3651 0.6660 0.0000
vt 0.3858 0.6753 0.0000
vt 0.3681 0.6781 0.0000
vt 0.8033 0.0492 0.0000
vt 0.7769 0.0889 0.0000
vt 0.7853 0.0615 0.0000
vt 0.8574 0.8012 0.0000
vt 0.8862 0.8110 0.0000
vt 0.8167 0.8151 0.0000
vt 0.5742 0.6096 0.0000
vt 0.5773 0.6212 0.0000
vt 0.5594 0.6116 0.0000
vt 0.3417 0.0809 0.0000
vt 0.3203 0.0638 0.0000
vt 0.3279 0.0570 0.0000
vt 0.4202 0.2304 0.0000
vt 0.3580 0.2238 0.0000
vt 0.3843 0.2199 0.0000
vt 0.8991 0.3673 0.0000
vt 0.9240 0.3458 0.0000
vt 0.9437 0.3638 0.0000
vt 0.8687 0.4751 0.0000
vt 0.8897 0.4594 0.0000
vt 0.8927 0.4690 0.0000
vt 0.1474 0.9788 0.0000
vt 0.1309 0.9539 0.0000
vt 0.1680 0.9542 0.0000
vt 0.1375 0.7437 0.0000
vt 0.1628 0.7516 0.0000
vt 0.1223 0.7563 0.0000
vt 0.3232 0.3294 0.0000
vt 0.3510 0.3291 0.0000
vt 0.3625 0.3388 0.0000
vt 0.2056 0.1935 0.0000
vt 0.2032 0.2205 0.0000
vt 0.1704 0.1991 0.0000
vt 0.0896 0.5398 0.0000
vt 0.1247 0.5404 0.0000
vt 0.1004 0.5503 0.0000
vt 0.4575 0.4863 0.0000
vt 0.4700 0.5140 0.0000
vt 0.4298 0.5406 0.0000
vt 0.8951 0.2152 0.0000
vt 0.8882 0.1777 0.0000
vt 0.9075 0.1831 0.0000
vt 0.4224 0.8819 0.0000
vt 0.3996 0.8854 0.0000
vt 0.4060 0.8658 0.0000
vt 0.1874 0.6809 0.0000
vt 0.1778 0.6759 0.0000
vt 0.1876 0.6669 0.0000
vt 0.5657 0.7539 0.0000
vt 0.5979 0.7624 0.0000
vt 0.5686 0.7715 0.0000
vt 0.6827 0.0614 0.0000
vt 0.6720 0.0783 0.0000
vt 0.6548 0.0632 0.0000
vt 0.6220 0.9736 0.0000
vt 0.6109 0.9593 0.0000
vt 0.6483 0.9717 0.0000
vt 0.7923 0.5942 0.0000
vt 0.8028 0.6053 0.0000
vt 0.7852 0.6055 0.0000
vt 0.8453 0.8877 0.0000
vt 0.8720 0.9688 0.0000
vt 0.8444 0.9696 0.0000
vt 0.9416 0.6765 0.0000
vt 0.9609 0.6881 0.0000
vt 0.9268 0.6882 0.0000
vt 0.7884 0.8845 0.0000
vt 0.5534 0.3654 0.0000
vt 0.5511 0.3852 0.0000
vt 0.5400 0.3870 0.0000
vt 0.4615 0.7866 0.0000
vt 0.4704 0.7623 0.0000
vt 0.4676 0.8177 0.0000
vt 0.8668 0.2048 0.0000
vt 0.8753 0.1880 0.0000
vt 0.4666 0.9556 0.0000
vt 0.4726 0.9754 0.0000
vt 0.4510 0.9666 0.0000
vt 0.0761 0.1845 0.0000
vt 0.0496 0.1881 0.0000
vt 0.0437 0.1712 0.0000
vt 0.4452 0.3696 0.0000
vt 0.4559 0.3964 0.0000
vt 0.4302 0.3719 0.0000
vt 0.6491 0.6077 0.0000
vt 0.6261 0.5962 0.0000
vt 0.6572 0.6010 0.0000
vt 0.7836 0.7445 0.0000
vt 0.8102 0.7536 0.0000
vt 0.7932 0.7627 0.0000
vt 0.3128 0.2182 0.0000
vt 0.3040 0.1948 0.0000
vt 0.3256 0.2008 0.0000
vt 0.4014 0.1006 0.0000
vt 0.4258 0.0917 0.0000
vt 0.4461 0.1057 0.0000
vt 0.9074 0.5337 0.0000
vt 0.9402 0.5269 0.0000
vt 0.9329 0.5367 0.0000
vt 0.8129 0.3390 0.0000
vt 0.8329 0.3331 0.0000
vt 0.8250 0.3515 0.0000
vt 0.6938 0.9001 0.0000
vt 0.6846 0.9141 0.0000
vt 0.6649 0.9089 0.0000
vt 0.6313 0.0289 0.0000
vt 0.6651 0.0330 0.0000
vt 0.1478 0.7777 0.0000
vt 0.1963 0.7879 0.0000
vt 0.1837 0.8107 0.0000
vt 0.0757 0.9366 0.0000
vt 0.1086 0.9354 0.0000
vt 0.0695 0.9479 0.0000
vt 0.9188 0.1140 0.0000
vt 0.9506 0.0598 0.0000
vt 0.9632 0.0968 0.0000
vt 0.3149 0.6338 0.0000
vt 0.2956 0.6102 0.0000
vt 0.3326 0.6263 0.0000
vt 0.2765 0.4788 0.0000
vt 0.3280 0.4656 0.0000
vt 0.2700 0.5072 0.0000
vt 0.2247 0.4563 0.0000
vt 0.2035 0.4907 0.0000
vt 0.2062 0.4580 0.0000
vt 0.1841 0.0519 0.0000
vt 0.1995 0.0565 0.0000
vt 0.1742 0.0682 0.0000
vt 0.0716 0.3733 0.0000
vt 0.0504 0.3566 0.0000
vt 0.0748 0.3526 0.0000
vt 0.0271 0.4716 0.0000
vt 0.0228 0.4504 0.0000
vt 0.0383 0.4662 0.0000
vt 0.1440 0.4382 0.0000
vt 0.1248 0.4541 0.0000
vt 0.1119 0.4381 0.0000
vt 0.2853 0.7926 0.0000
vt 0.3107 0.7804 0.0000
vt 0.3228 0.8188 0.0000
vt 0.3645 0.7236 0.0000
vt 0.3808 0.7243 0.0000
vt 0.3732 0.7315 0.0000
vt 0.7041 0.1987 0.0000
vt 0.7047 0.2339 0.0000
vt 0.6417 0.1801 0.0000
vt 0.6465 0.4649 0.0000
vt 0.6406 0.4549 0.0000
vt 0.6871 0.4520 0.0000
vt 0.3382 0.8919 0.0000
vt 0.3026 0.8907 0.0000
vt 0.3072 0.8834 0.0000
vt 0.3671 0.9896 0.0000
vt 0.3414 0.9904 0.0000
vt 0.3666 0.9772 0.0000
vt 0.0994 0.3165 0.0000
vt 0.0987 0.2946 0.0000
vt 0.1197 0.3088 0.0000
vt 0.0347 0.0711 0.0000
vt 0.0263 0.0561 0.0000
vt 0.0415 0.0431 0.0000
vt 0.0752 0.8215 0.0000
vt 0.0970 0.8250 0.0000
vt 0.0788 0.8363 0.0000
vt 0.0471 0.8014 0.0000
vt 0.0305 0.8236 0.0000
vt 0.0297 0.8047 0.0000
vt 0.5682 0.8853 0.0000
vt 0.5634 0.8928 0.0000
vt 0.5473 0.8786 0.0000
vt 0.6309 0.8850 0.0000
vt 0.6273 0.8652 0.0000
vt 0.6385 0.8663 0.0000
vt 0.7671 0.4978 0.0000
vt 0.7778 0.4920 0.0000
vt 0.8076 0.4980 0.0000
vt 0.8014 0.5438 0.0000
vt 0.8050 0.5601 0.0000
vt 0.7923 0.5560 0.0000
vt 0.9430 0.7944 0.0000
vt 0.9538 0.7688 0.0000
vt 0.9629 0.7878 0.0000
vt 0.8278 0.7251 0.0000
vt 0.8383 0.7230 0.0000
vt 0.8197 0.7438 0.0000
vt 0.0493 0.6725 0.0000
vt 0.0338 0.6587 0.0000
vt 0.0615 0.6565 0.0000
vt 0.1779 0.7003 0.0000
vt 0.1753 0.6850 0.0000
vt 0.1954 0.6880 0.0000
vt 0.5138 0.4709 0.0000
vt 0.5318 0.4705 0.0000
vt 0.5348 0.4945 0.0000
vt 0.5523 0.5325 0.0000
vt 0.5616 0.5449 0.0000
vt 0.5467 0.5472 0.0000
vt 0.7384 0.8234 0.0000
vt 0.7282 0.8345 0.0000
vt 0.7270 0.8182 0.0000
vt 0.6832 0.7413 0.0000
vt 0.6739 0.7354 0.0000
vt 0.6802 0.7235 0.0000
vt 0.6116 0.6801 0.0000
vt 0.6401 0.6891 0.0000
vt 0.6158 0.6904 0.0000
vt 0.7092 0.6340 0.0000
vt 0.7164 0.6192 0.0000
vt 0.7209 0.6527 0.0000
vt 0.1116 0.2667 0.0000
vt 0.1351 0.2561 0.0000
vt 0.1630 0.2600 0.0000
vt 0.0940 0.1939 0.0000
vt 0.0981 0.2205 0.0000
vt 0.0677 0.1954 0.0000
vt 0.3074 0.6062 0.0000
vt 0.3229 0.5988 0.0000
vt 0.3297 0.6107 0.0000
vt 0.4716 0.6412 0.0000
vt 0.4868 0.6457 0.0000
vt 0.4825 0.6574 0.0000
vt 0.0286 0.7324 0.0000
vt 0.0290 0.7218 0.0000
vt 0.0404 0.7241 0.0000
vt 0.1292 0.9152 0.0000
vt 0.1064 0.8980 0.0000
vt 0.1182 0.8936 0.0000
vt 0.6464 0.3997 0.0000
vt 0.6287 0.4074 0.0000
vt 0.6093 0.4025 0.0000
vt 0.7164 0.3688 0.0000
vt 0.7284 0.3505 0.0000
vt 0.9483 0.5862 0.0000
vt 0.8663 0.5921 0.0000
vt 0.8975 0.5807 0.0000
vt 0.9880 0.6500 0.0000
vt 0.9676 0.6446 0.0000
vt 0.9811 0.5998 0.0000
vt 0.0547 0.3256 0.0000
vt 0.0526 0.3391 0.0000
vt 0.0362 0.3249 0.0000
vt 0.2241 0.3685 0.0000
vt 0.2115 0.3782 0.0000
vt 0.2204 0.3512 0.0000
vt 0.1349 0.6348 0.0000
vt 0.1356 0.6177 0.0000
vt 0.1493 0.6150 0.0000
vt 0.5752 0.7353 0.0000
vt 0.5883 0.7493 0.0000
vt 0.3793 0.4060 0.0000
vt 0.3558 0.4130 0.0000
vt 0.3649 0.3915 0.0000
vt 0.2917 0.3777 0.0000
vt 0.2944 0.3552 0.0000
vt 0.3072 0.3642 0.0000
vt 0.3764 0.3115 0.0000
vt 0.3848 0.3220 0.0000
vt 0.3436 0.3161 0.0000
vt 0.2104 0.2059 0.0000
vt 0.2222 0.1759 0.0000
vt 0.4058 0.0206 0.0000
vt 0.3781 0.0354 0.0000
vt 0.3769 0.0160 0.0000
vt 0.3465 0.2152 0.0000
vt 0.3651 0.2090 0.0000
vt 0.5640 0.8552 0.0000
vt 0.5773 0.8508 0.0000
vt 0.5816 0.8552 0.0000
vt 0.5136 0.7801 0.0000
vt 0.5137 0.7680 0.0000
vt 0.5221 0.7798 0.0000
vt 0.6129 0.3435 0.0000
vt 0.6203 0.3084 0.0000
vt 0.6517 0.3197 0.0000
vt 0.5282 0.3748 0.0000
vt 0.5130 0.3594 0.0000
vt 0.5309 0.3534 0.0000
vt 0.8944 0.6949 0.0000
vt 0.8516 0.7031 0.0000
vt 0.8677 0.6878 0.0000
vt 0.7759 0.6628 0.0000
vt 0.7735 0.6422 0.0000
vt 0.7857 0.6245 0.0000
vt 0.8205 0.4528 0.0000
vt 0.8310 0.4447 0.0000
vt 0.8352 0.4658 0.0000
vt 0.8958 0.3216 0.0000
vt 0.8913 0.3458 0.0000
vt 0.8675 0.3123 0.0000
vt 0.9461 0.8141 0.0000
vt 0.9584 0.8076 0.0000
vt 0.9666 0.8263 0.0000
vt 0.5501 0.6634 0.0000
vt 0.5622 0.6643 0.0000
vt 0.5367 0.6789 0.0000
vt 0.7912 0.3556 0.0000
vt 0.8232 0.3899 0.0000
vt 0.8078 0.4079 0.0000
vt 0.8807 0.5510 0.0000
vt 0.9137 0.5456 0.0000
vt 0.8921 0.5598 0.0000
vt 0.2807 0.0526 0.0000
vt 0.3025 0.0481 0.0000
vt 0.2971 0.0592 0.0000
vt 0.4497 0.2343 0.0000
vt 0.4509 0.2179 0.0000
vt 0.4665 0.2361 0.0000
vt 0.5768 0.0738 0.0000
vt 0.5802 0.1024 0.0000
vt 0.5706 0.1156 0.0000
vt 0.6146 0.1316 0.0000
vt 0.6249 0.1228 0.0000
vt 0.6452 0.1201 0.0000
vt 0.4675 0.1023 0.0000
vt 0.4618 0.0691 0.0000
vt 0.4677 0.0805 0.0000
vt 0.4177 0.0400 0.0000
vt 0.4190 0.0293 0.0000
vt 0.1908 0.8902 0.0000
vt 0.2107 0.8837 0.0000
vt 0.2055 0.8981 0.0000
vt 0.2281 0.9686 0.0000
vt 0.2177 0.9599 0.0000
vt 0.2299 0.9609 0.0000
vt 0.9350 0.4484 0.0000
vt 0.9457 0.4376 0.0000
vt 0.9484 0.4534 0.0000
vt 0.9743 0.5350 0.0000
vt 0.9610 0.5249 0.0000
vt 0.9733 0.5190 0.0000
vt 0.8001 0.2004 0.0000
vt 0.8112 0.2171 0.0000
vt 0.7944 0.2241 0.0000
vt 0.8673 0.2642 0.0000
vt 0.8571 0.2524 0.0000
vt 0.8913 0.2606 0.0000
vt 0.0830 0.0656 0.0000
vt 0.0866 0.0331 0.0000
vt 0.1168 0.0559 0.0000
vt 0.1488 0.0188 0.0000
vt 0.1607 0.0292 0.0000
vt 0.1290 0.0254 0.0000
vt 0.0830 0.7043 0.0000
vt 0.0700 0.7041 0.0000
vt 0.0729 0.6876 0.0000
vt 0.6606 0.8326 0.0000
vt 0.6467 0.8448 0.0000
vt 0.6445 0.8198 0.0000
vt 0.5555 0.9590 0.0000
vt 0.5967 0.9554 0.0000
vt 0.5918 0.9663 0.0000
vt 0.5159 0.9260 0.0000
vt 0.5286 0.9323 0.0000
vt 0.5162 0.9393 0.0000
vt 0.2988 0.6781 0.0000
vt 0.3075 0.6857 0.0000
vt 0.2855 0.6909 0.0000
vt 0.2758 0.6788 0.0000
vt 0.2857 0.6806 0.0000
vt 0.2730 0.6911 0.0000
vt 0.2381 0.8010 0.0000
vt 0.2161 0.7991 0.0000
vt 0.2254 0.7888 0.0000
vt 0.1853 0.7444 0.0000
vt 0.1586 0.7445 0.0000
vt 0.1709 0.7346 0.0000
vt 0.1990 0.3905 0.0000
vt 0.2177 0.4050 0.0000
vt 0.2011 0.4025 0.0000
vt 0.0688 0.0564 0.0000
vt 0.2010 0.0413 0.0000
vt 0.2141 0.0256 0.0000
vt 0.2216 0.0338 0.0000
vt 0.0303 0.3067 0.0000
vt 0.0428 0.3135 0.0000
vt 0.3320 0.8039 0.0000
vt 0.3402 0.7537 0.0000
vt 0.3496 0.7680 0.0000
vt 0.4437 0.7596 0.0000
vt 0.4629 0.7606 0.0000
vt 0.7657 0.1969 0.0000
vt 0.7834 0.1980 0.0000
vt 0.7651 0.2126 0.0000
vt 0.8240 0.1504 0.0000
vt 0.8351 0.1507 0.0000
vt 0.8240 0.1699 0.0000
vt 0.9683 0.0539 0.0000
vt 0.9704 0.0838 0.0000
vt 0.9614 0.0690 0.0000
vt 0.9360 0.0020 0.0000
vt 0.9255 0.0087 0.0000
vt 0.9096 0.0020 0.0000
vt 0.1820 0.4663 0.0000
vt 0.1476 0.4734 0.0000
vt 0.1807 0.4566 0.0000
vt 0.0497 0.4981 0.0000
vt 0.0487 0.5298 0.0000
vt 0.0313 0.5303 0.0000
vt 0.2639 0.1322 0.0000
vt 0.2657 0.1183 0.0000
vt 0.2745 0.1219 0.0000
vt 0.3864 0.1333 0.0000
vt 0.3824 0.1373 0.0000
vt 0.3669 0.1407 0.0000
vt 0.4250 0.6857 0.0000
vt 0.4386 0.6923 0.0000
vt 0.3935 0.6895 0.0000
vt 0.8542 0.1101 0.0000
vt 0.8105 0.1017 0.0000
vt 0.3322 0.9279 0.0000
vt 0.3137 0.9149 0.0000
vt 0.9331 0.2290 0.0000
vt 0.9123 0.2384 0.0000
vt 0.8711 0.2319 0.0000
vt 0.2206 0.6027 0.0000
vt 0.2172 0.6183 0.0000
vt 0.1972 0.6132 0.0000
vt 0.2081 0.5971 0.0000
vt 0.1889 0.6111 0.0000
vt 0.4790 0.1910 0.0000
vt 0.4674 0.1824 0.0000
vt 0.4805 0.1831 0.0000
vt 0.4357 0.1619 0.0000
vt 0.4387 0.1715 0.0000
vt 0.4193 0.1637 0.0000
vt 0.9621 0.6028 0.0000
vt 0.9590 0.5929 0.0000
vt 0.9775 0.5893 0.0000
vt 0.8993 0.6335 0.0000
vt 0.8896 0.6555 0.0000
vt 0.8570 0.6293 0.0000
vt 0.4648 0.6000 0.0000
vt 0.4549 0.5863 0.0000
vt 0.4582 0.5802 0.0000
vt 0.8341 0.0348 0.0000
vt 0.8407 0.0242 0.0000
vt 0.8933 0.0346 0.0000
vt 0.5154 0.0852 0.0000
vt 0.5257 0.0588 0.0000
vt 0.6568 0.8793 0.0000
vt 0.6749 0.8851 0.0000
vt 0.6438 0.8924 0.0000
vt 0.7242 0.4962 0.0000
vt 0.7191 0.4756 0.0000
vt 0.7373 0.4702 0.0000
vt 0.6608 0.5497 0.0000
vt 0.6795 0.5502 0.0000
vt 0.6768 0.5606 0.0000
vt 0.3476 0.8851 0.0000
vt 0.9298 0.1610 0.0000
vt 0.8875 0.1693 0.0000
vt 0.8943 0.1618 0.0000
vt 0.8337 0.8213 0.0000
vt 0.8633 0.8191 0.0000
vt 0.7909 0.7826 0.0000
vt 0.7865 0.8035 0.0000
vt 0.7758 0.7940 0.0000
vt 0.0371 0.2610 0.0000
vt 0.0743 0.2607 0.0000
vt 0.0563 0.2689 0.0000
vt 0.4712 0.3959 0.0000
vt 0.5451 0.8883 0.0000
vt 0.5275 0.8796 0.0000
vt 0.8867 0.4772 0.0000
vt 0.8743 0.5038 0.0000
vt 0.8690 0.4854 0.0000
vt 0.8082 0.5132 0.0000
vt 0.7869 0.5381 0.0000
vt 0.7768 0.5273 0.0000
vt 0.2829 0.2430 0.0000
vt 0.2787 0.2616 0.0000
vt 0.2688 0.2527 0.0000
vt 0.4187 0.2374 0.0000
vt 0.3615 0.2485 0.0000
vt 0.3169 0.2487 0.0000
vt 0.4508 0.7390 0.0000
vt 0.4495 0.7233 0.0000
vt 0.4626 0.7380 0.0000
vt 0.5190 0.3023 0.0000
vt 0.5334 0.3060 0.0000
vt 0.5240 0.3137 0.0000
vt 0.9317 0.7422 0.0000
vt 0.9383 0.7522 0.0000
vt 0.9233 0.7526 0.0000
vt 0.5472 0.5955 0.0000
vt 0.1457 0.1319 0.0000
vt 0.1675 0.1163 0.0000
vt 0.1597 0.1304 0.0000
vt 0.2009 0.0984 0.0000
vt 0.2077 0.0840 0.0000
vt 0.2139 0.0976 0.0000
vt 0.5648 0.5611 0.0000
vt 0.5801 0.5607 0.0000
vt 0.5994 0.2652 0.0000
vt 0.5864 0.2673 0.0000
vt 0.2775 0.8281 0.0000
vt 0.2742 0.8179 0.0000
vt 0.3127 0.8204 0.0000
vt 0.7144 0.3907 0.0000
vt 0.7288 0.3956 0.0000
vt 0.7297 0.4072 0.0000
vt 0.2087 0.1651 0.0000
vt 0.2217 0.1649 0.0000
vt 0.2007 0.1748 0.0000
vt 0.0553 0.1573 0.0000
vt 0.0651 0.1731 0.0000
vt 0.2290 0.7326 0.0000
vt 0.2147 0.7395 0.0000
vt 0.2196 0.7226 0.0000
vt 0.1003 0.9245 0.0000
vt 0.1123 0.9274 0.0000
vt 0.3214 0.4554 0.0000
vt 0.3168 0.4468 0.0000
vt 0.3388 0.4470 0.0000
vt 0.3858 0.4674 0.0000
vt 0.4345 0.3044 0.0000
vt 0.4156 0.3206 0.0000
vt 0.4248 0.3062 0.0000
vt 0.4652 0.3498 0.0000
vt 0.4646 0.3766 0.0000
vt 0.4526 0.3551 0.0000
vt 0.6121 0.7921 0.0000
vt 0.5796 0.8065 0.0000
vt 0.5765 0.7961 0.0000
vt 0.5359 0.8085 0.0000
vt 0.5390 0.8233 0.0000
vt 0.5292 0.8213 0.0000
vt 0.6403 0.7917 0.0000
vt 0.6446 0.8024 0.0000
vt 0.6691 0.7629 0.0000
vt 0.6669 0.7514 0.0000
vt 0.6786 0.7475 0.0000
vt 0.3979 0.9602 0.0000
vt 0.3640 0.9555 0.0000
vt 0.3637 0.9409 0.0000
vt 0.4152 0.9404 0.0000
vt 0.3748 0.9112 0.0000
vt 0.4463 0.9352 0.0000
vt 0.1940 0.3305 0.0000
vt 0.1976 0.3257 0.0000
vt 0.2084 0.3408 0.0000
vt 0.2081 0.3458 0.0000
vt 0.7252 0.6711 0.0000
vt 0.6898 0.6781 0.0000
vt 0.5642 0.6407 0.0000
vt 0.5766 0.6409 0.0000
vt 0.2849 0.5527 0.0000
vt 0.3118 0.5531 0.0000
vt 0.0893 0.5613 0.0000
vt 0.1177 0.5611 0.0000
vt 0.1052 0.5653 0.0000
vt 0.1024 0.9826 0.0000
vt 0.0922 0.9587 0.0000
vt 0.2167 0.8329 0.0000
vt 0.2161 0.8068 0.0000
vt 0.4718 0.0464 0.0000
vt 0.3026 0.1816 0.0000
vt 0.2926 0.1844 0.0000
vt 0.2826 0.1655 0.0000
vt 0.2721 0.9826 0.0000
vt 0.2884 0.9656 0.0000
vt 0.2831 0.9895 0.0000
vt 0.2728 0.9105 0.0000
vt 0.2629 0.9163 0.0000
vt 0.2637 0.8990 0.0000
vt 0.7831 0.7306 0.0000
vt 0.7991 0.7435 0.0000
vt 0.7017 0.6132 0.0000
vt 0.7382 0.7735 0.0000
vt 0.7246 0.7770 0.0000
vt 0.7229 0.7559 0.0000
vt 0.0519 0.6082 0.0000
vt 0.0627 0.6276 0.0000
vt 0.0332 0.6138 0.0000
vt 0.1360 0.6024 0.0000
vt 0.1563 0.6086 0.0000
vt 0.6134 0.7425 0.0000
vt 0.6075 0.7254 0.0000
vt 0.6197 0.7232 0.0000
vt 0.9545 0.0438 0.0000
vt 0.9722 0.0381 0.0000
vt 0.9531 0.9016 0.0000
vt 0.9643 0.9198 0.0000
vt 0.9360 0.9643 0.0000
vt 0.7661 0.6910 0.0000
vt 0.7811 0.6910 0.0000
vt 0.7731 0.6975 0.0000
vt 0.7256 0.0986 0.0000
vt 0.6950 0.0835 0.0000
vt 0.7229 0.0685 0.0000
vt 0.5493 0.9779 0.0000
vt 0.5371 0.9786 0.0000
vt 0.5474 0.9613 0.0000
vt 0.1670 0.7631 0.0000
vt 0.1373 0.7721 0.0000
vt 0.1193 0.7631 0.0000
vt 0.0468 0.8139 0.0000
vt 0.0653 0.7964 0.0000
vt 0.1612 0.2654 0.0000
vt 0.1813 0.2676 0.0000
vt 0.1650 0.2757 0.0000
vt 0.2346 0.2371 0.0000
vt 0.2304 0.2241 0.0000
vt 0.2372 0.2168 0.0000
vt 0.3864 0.6156 0.0000
vt 0.4636 0.6167 0.0000
vt 0.4764 0.6031 0.0000
vt 0.2629 0.3677 0.0000
vt 0.2626 0.3546 0.0000
vt 0.2792 0.3608 0.0000
vt 0.2750 0.3061 0.0000
vt 0.2946 0.2948 0.0000
vt 0.2951 0.3153 0.0000
vt 0.0492 0.1214 0.0000
vt 0.0765 0.1161 0.0000
vt 0.0616 0.1223 0.0000
vt 0.1251 0.1114 0.0000
vt 0.1037 0.1216 0.0000
vt 0.1085 0.1117 0.0000
vt 0.9634 0.5178 0.0000
vt 0.9715 0.4923 0.0000
vt 0.9746 0.5071 0.0000
vt 0.7826 0.3097 0.0000
vt 0.8115 0.3173 0.0000
vt 0.8019 0.3249 0.0000
vt 0.4664 0.2608 0.0000
vt 0.4776 0.2604 0.0000
vt 0.4794 0.2673 0.0000
vt 0.3949 0.2556 0.0000
vt 0.4118 0.2544 0.0000
vt 0.8467 0.5606 0.0000
vt 0.8669 0.5606 0.0000
vt 0.8395 0.7807 0.0000
vt 0.8605 0.7739 0.0000
vt 0.8700 0.7871 0.0000
vt 0.9377 0.7743 0.0000
vt 0.9041 0.7822 0.0000
vt 0.9204 0.7657 0.0000
vt 0.5966 0.0086 0.0000
vt 0.6217 0.0088 0.0000
vt 0.6087 0.0182 0.0000
vt 0.5641 0.0293 0.0000
vt 0.5594 0.0381 0.0000
vt 0.5455 0.0240 0.0000
vt 0.6933 0.3335 0.0000
vt 0.7138 0.3350 0.0000
vt 0.2727 0.7382 0.0000
vt 0.2911 0.7348 0.0000
vt 0.2729 0.7509 0.0000
vt 0.8000 0.2616 0.0000
vt 0.8015 0.2723 0.0000
vt 0.7918 0.2760 0.0000
vt 0.4519 0.9750 0.0000
vt 0.4585 0.9897 0.0000
vt 0.4494 0.9911 0.0000
vt 0.4601 0.5416 0.0000
vt 0.0479 0.5446 0.0000
vt 0.0258 0.5500 0.0000
vt 0.0972 0.6818 0.0000
vt 0.0888 0.6763 0.0000
vt 0.1182 0.6733 0.0000
vt 0.0902 0.6396 0.0000
vt 0.1151 0.6327 0.0000
vt 0.3501 0.1547 0.0000
vt 0.3413 0.1677 0.0000
vt 0.3382 0.1509 0.0000
vt 0.4100 0.1728 0.0000
vt 0.4318 0.1960 0.0000
vt 0.4029 0.1987 0.0000
vt 0.9477 0.5736 0.0000
vt 0.9653 0.5736 0.0000
vt 0.9598 0.5786 0.0000
vt 0.7962 0.8799 0.0000
vt 0.8071 0.8668 0.0000
vt 0.8286 0.8788 0.0000
vt 0.5673 0.6981 0.0000
vt 0.5775 0.7047 0.0000
vt 0.5601 0.7053 0.0000
vt 0.9389 0.8227 0.0000
vt 0.9195 0.8054 0.0000
vt 0.8965 0.3124 0.0000
vt 0.8577 0.3072 0.0000
vt 0.8180 0.2958 0.0000
vt 0.7981 0.3075 0.0000
vt 0.1403 0.5023 0.0000
vt 0.0982 0.5035 0.0000
vt 0.1164 0.4855 0.0000
vt 0.0965 0.5305 0.0000
vt 0.1494 0.5207 0.0000
vt 0.6761 0.2567 0.0000
vt 0.6378 0.2597 0.0000
vt 0.6388 0.2511 0.0000
vt 0.7224 0.1959 0.0000
vt 0.7401 0.2013 0.0000
vt 0.7217 0.2196 0.0000
vt 0.6173 0.3886 0.0000
vt 0.6434 0.3681 0.0000
vt 0.6549 0.3607 0.0000
vt 0.6884 0.3679 0.0000
vt 0.0335 0.7447 0.0000
vt 0.0310 0.7562 0.0000
vt 0.0199 0.7454 0.0000
vt 0.2378 0.9233 0.0000
vt 0.2175 0.9289 0.0000
vt 0.2357 0.9136 0.0000
vt 0.1330 0.1513 0.0000
vt 0.1535 0.1507 0.0000
vt 0.1550 0.1642 0.0000
vt 0.3575 0.3102 0.0000
vt 0.4481 0.4515 0.0000
vt 0.4588 0.4572 0.0000
vt 0.4367 0.4676 0.0000
vt 0.0427 0.4490 0.0000
vt 0.0323 0.4513 0.0000
vt 0.0415 0.4370 0.0000
vt 0.5168 0.0953 0.0000
vt 0.6442 0.9804 0.0000
vt 0.1930 0.1315 0.0000
vt 0.1982 0.1135 0.0000
vt 0.2018 0.1319 0.0000
vt 0.0213 0.3791 0.0000
vt 0.0516 0.4085 0.0000
vt 0.0152 0.3985 0.0000
vt 0.7836 0.9763 0.0000
vt 0.7691 0.9769 0.0000
vt 0.7719 0.9530 0.0000
vt 0.9608 0.6769 0.0000
vt 0.9826 0.6907 0.0000
vt 0.4519 0.0986 0.0000
vt 0.2964 0.2553 0.0000
vt 0.3004 0.2734 0.0000
vt 0.2899 0.2759 0.0000
vt 0.2827 0.0187 0.0000
vt 0.3035 0.0230 0.0000
vt 0.2854 0.0274 0.0000
vt 0.3275 0.0091 0.0000
vt 0.3397 0.0020 0.0000
vt 0.3334 0.0230 0.0000
vt 0.0917 0.0283 0.0000
vt 0.1175 0.0344 0.0000
vt 0.1175 0.0456 0.0000
vt 0.0515 0.0020 0.0000
vt 0.0400 0.0084 0.0000
vt 0.0342 0.0020 0.0000
vt 0.8151 0.4552 0.0000
vt 0.7884 0.4448 0.0000
vt 0.7989 0.4447 0.0000
vt 0.9326 0.3334 0.0000
vt 0.9497 0.3349 0.0000
vt 0.9667 0.3577 0.0000
vt 0.8450 0.6536 0.0000
vt 0.8252 0.6456 0.0000
vt 0.8048 0.6817 0.0000
vt 0.8351 0.6850 0.0000
vt 0.8003 0.6912 0.0000
vt 0.5143 0.8166 0.0000
vt 0.1979 0.6532 0.0000
vt 0.2098 0.6510 0.0000
vt 0.1994 0.6686 0.0000
vt 0.4619 0.8803 0.0000
vt 0.4397 0.8953 0.0000
vt 0.4281 0.8889 0.0000
vt 0.4953 0.9119 0.0000
vt 0.4953 0.9259 0.0000
vt 0.4896 0.9184 0.0000
vt 0.2983 0.3998 0.0000
vt 0.3169 0.3788 0.0000
vt 0.3191 0.4002 0.0000
vt 0.2004 0.2555 0.0000
vt 0.2206 0.2610 0.0000
vt 0.2048 0.2669 0.0000
vt 0.4740 0.8300 0.0000
vt 0.4543 0.8305 0.0000
vt 0.4450 0.8197 0.0000
vt 0.5326 0.4168 0.0000
vt 0.5280 0.4061 0.0000
vt 0.5467 0.3992 0.0000
vt 0.9367 0.8593 0.0000
vt 0.9521 0.8664 0.0000
vt 0.9268 0.8652 0.0000
vt 0.9673 0.8934 0.0000
vt 0.9770 0.7652 0.0000
vt 0.9785 0.7503 0.0000
vt 0.9914 0.7577 0.0000
vt 0.5391 0.6614 0.0000
vt 0.0229 0.8817 0.0000
vt 0.0466 0.8890 0.0000
vt 0.0431 0.9310 0.0000
vt 0.0188 0.9395 0.0000
vt 0.0386 0.9409 0.0000
vt 0.0269 0.9535 0.0000
vt 0.9648 0.9602 0.0000
vt 0.9632 0.9709 0.0000
vt 0.8866 0.9902 0.0000
vt 0.8990 0.9812 0.0000
vt 0.9095 0.9924 0.0000
vt 0.7383 0.5269 0.0000
vt 0.7402 0.5402 0.0000
vt 0.7208 0.5417 0.0000
vt 0.5282 0.2404 0.0000
vt 0.5253 0.2077 0.0000
vt 0.9662 0.2022 0.0000
vt 0.9737 0.1768 0.0000
vt 0.9803 0.2114 0.0000
vt 0.9629 0.2611 0.0000
vt 0.9578 0.2512 0.0000
vt 0.9742 0.2471 0.0000
vt 0.6948 0.4175 0.0000
vt 0.6791 0.4185 0.0000
vt 0.6859 0.4001 0.0000
vt 0.3277 0.8276 0.0000
vt 0.3360 0.8387 0.0000
vt 0.3131 0.8362 0.0000
vt 0.6041 0.5140 0.0000
vt 0.6182 0.5365 0.0000
vt 0.5749 0.5256 0.0000
vt 0.5881 0.4846 0.0000
vt 0.5666 0.4679 0.0000
vt 0.6227 0.4731 0.0000
vt 0.5895 0.3646 0.0000
vt 0.5639 0.3538 0.0000
vt 0.5789 0.3484 0.0000
vt 0.5548 0.3393 0.0000
vt 0.5423 0.3221 0.0000
vt 0.5693 0.3327 0.0000
vt 0.6883 0.1686 0.0000
vt 0.6077 0.1602 0.0000
vt 0.6818 0.1613 0.0000
vt 0.5541 0.4709 0.0000
vt 0.5365 0.4531 0.0000
vt 0.5576 0.4564 0.0000
vt 0.1603 0.3851 0.0000
vt 0.1338 0.3538 0.0000
vt 0.1227 0.3878 0.0000
vt 0.0994 0.3887 0.0000
vt 0.1070 0.3787 0.0000
vt 0.3181 0.7246 0.0000
vt 0.3104 0.7305 0.0000
vt 0.3069 0.7223 0.0000
vt 0.3346 0.7347 0.0000
vt 0.3500 0.7248 0.0000
vt 0.3480 0.7375 0.0000
vt 0.7996 0.1709 0.0000
vt 0.7857 0.1665 0.0000
vt 0.7965 0.1506 0.0000
vt 0.8441 0.1988 0.0000
vt 0.8288 0.2103 0.0000
vt 0.8128 0.1956 0.0000
vt 0.5800 0.9276 0.0000
vt 0.6349 0.9306 0.0000
vt 0.3484 0.7914 0.0000
vt 0.3890 0.7927 0.0000
vt 0.3594 0.8091 0.0000
vt 0.3460 0.8108 0.0000
vt 0.0128 0.2113 0.0000
vt 0.0345 0.2074 0.0000
vt 0.0225 0.2220 0.0000
vt 0.0402 0.2752 0.0000
vt 0.0248 0.2771 0.0000
vt 0.0258 0.2657 0.0000
vt 0.0598 0.8323 0.0000
vt 0.0442 0.8270 0.0000
vt 0.1852 0.9751 0.0000
vt 0.1876 0.9593 0.0000
vt 0.2028 0.9739 0.0000
vt 0.7220 0.4580 0.0000
vt 0.7379 0.4579 0.0000
vt 0.6696 0.4380 0.0000
vt 0.6162 0.4377 0.0000
vt 0.6417 0.4307 0.0000
vt 0.8667 0.4625 0.0000
vt 0.8412 0.2955 0.0000
vt 0.8416 0.3135 0.0000
vt 0.2194 0.3897 0.0000
vt 0.0249 0.0759 0.0000
vt 0.0123 0.0737 0.0000
vt 0.0153 0.0630 0.0000
vt 0.0370 0.5932 0.0000
vt 0.0218 0.6002 0.0000
vt 0.7011 0.7413 0.0000
vt 0.6945 0.7323 0.0000
vt 0.7111 0.7255 0.0000
vt 0.7285 0.6904 0.0000
vt 0.7068 0.7049 0.0000
vt 0.7083 0.6888 0.0000
vt 0.8001 0.8273 0.0000
vt 0.7801 0.8321 0.0000
vt 0.7958 0.8156 0.0000
vt 0.1867 0.0090 0.0000
vt 0.2016 0.0091 0.0000
vt 0.1935 0.0228 0.0000
vt 0.0432 0.2930 0.0000
vt 0.4447 0.0393 0.0000
vt 0.4612 0.0231 0.0000
vt 0.4715 0.0338 0.0000
vt 0.2907 0.1523 0.0000
vt 0.2973 0.1708 0.0000
vt 0.9517 0.5413 0.0000
vt 0.9665 0.5408 0.0000
vt 0.7702 0.3831 0.0000
vt 0.7797 0.3695 0.0000
vt 0.2238 0.0906 0.0000
vt 0.2352 0.0256 0.0000
vt 0.2276 0.0203 0.0000
vt 0.2663 0.5892 0.0000
vt 0.2735 0.5981 0.0000
vt 0.2622 0.6029 0.0000
vt 0.2846 0.6498 0.0000
vt 0.0114 0.2009 0.0000
vt 0.0254 0.1941 0.0000
vt 0.4591 0.3372 0.0000
vt 0.4649 0.3124 0.0000
vt 0.4699 0.3267 0.0000
vt 0.3261 0.1210 0.0000
vt 0.3260 0.1107 0.0000
vt 0.3406 0.1337 0.0000
vt 0.3491 0.1040 0.0000
vt 0.4193 0.1106 0.0000
vt 0.3623 0.1123 0.0000
vt 0.0973 0.5806 0.0000
vt 0.0962 0.6014 0.0000
vt 0.0902 0.5943 0.0000
vt 0.1334 0.5891 0.0000
vt 0.1552 0.5990 0.0000
vt 0.8998 0.0089 0.0000
vt 0.9113 0.0217 0.0000
vt 0.8842 0.0221 0.0000
vt 0.3812 0.5966 0.0000
vt 0.4101 0.5915 0.0000
vt 0.4028 0.6037 0.0000
vt 0.8905 0.6148 0.0000
vt 0.8689 0.5982 0.0000
vt 0.8327 0.6063 0.0000
vt 0.8100 0.5943 0.0000
vt 0.0996 0.8664 0.0000
vt 0.1144 0.8656 0.0000
vt 0.1163 0.8799 0.0000
vt 0.2013 0.8792 0.0000
vt 0.1874 0.8659 0.0000
vt 0.2932 0.4512 0.0000
vt 0.2953 0.4624 0.0000
vt 0.2757 0.4590 0.0000
vt 0.2107 0.4467 0.0000
vt 0.7111 0.0219 0.0000
vt 0.7128 0.0082 0.0000
vt 0.7220 0.0257 0.0000
vt 0.6091 0.0239 0.0000
vt 0.6328 0.0188 0.0000
vt 0.6570 0.0280 0.0000
vt 0.6375 0.5736 0.0000
vt 0.6420 0.5800 0.0000
vt 0.6238 0.5801 0.0000
vt 0.8978 0.7245 0.0000
vt 0.9095 0.7369 0.0000
vt 0.8925 0.7379 0.0000
vt 0.0365 0.9906 0.0000
vt 0.0446 0.9946 0.0000
vt 0.0323 0.9980 0.0000
vt 0.0109 0.9466 0.0000
vt 0.1587 0.2437 0.0000
vt 0.1070 0.2071 0.0000
vt 0.7134 0.9018 0.0000
vt 0.7285 0.8899 0.0000
vt 0.7216 0.9238 0.0000
vt 0.6953 0.8653 0.0000
vt 0.7099 0.8655 0.0000
vt 0.7097 0.8757 0.0000
vt 0.9895 0.3542 0.0000
vt 0.9979 0.3600 0.0000
vt 0.9902 0.3678 0.0000
vt 0.9624 0.2878 0.0000
vt 0.9721 0.2935 0.0000
vt 0.9732 0.2992 0.0000
vt 0.8694 0.0396 0.0000
vt 0.9622 0.0238 0.0000
vt 0.9457 0.0344 0.0000
vt 0.5720 0.3140 0.0000
vt 0.5853 0.3279 0.0000
vt 0.5489 0.3156 0.0000
vt 0.4054 0.7228 0.0000
vt 0.4202 0.7438 0.0000
vt 0.3987 0.7347 0.0000
vt 0.8331 0.1169 0.0000
vt 0.8452 0.1140 0.0000
vt 0.8510 0.1256 0.0000
vt 0.9184 0.1203 0.0000
vt 0.9311 0.1335 0.0000
vt 0.9190 0.1328 0.0000
vt 0.7144 0.8148 0.0000
vt 0.7192 0.8366 0.0000
vt 0.7096 0.8248 0.0000
vt 0.0535 0.6973 0.0000
vt 0.0375 0.6868 0.0000
vt 0.0619 0.6792 0.0000
vt 0.6082 0.8463 0.0000
vt 0.5983 0.8336 0.0000
vt 0.6070 0.8289 0.0000
vt 0.1490 0.6925 0.0000
vt 0.1323 0.6937 0.0000
vt 0.1425 0.6853 0.0000
vt 0.5305 0.7503 0.0000
vt 0.5301 0.7603 0.0000
vt 0.5146 0.7437 0.0000
vt 0.5214 0.7230 0.0000
vt 0.5322 0.7238 0.0000
vt 0.5313 0.7310 0.0000
vt 0.6495 0.5438 0.0000
vt 0.6674 0.5202 0.0000
vt 0.6181 0.6709 0.0000
vt 0.6006 0.6600 0.0000
vt 0.6596 0.6798 0.0000
vt 0.3150 0.8662 0.0000
vt 0.3219 0.8752 0.0000
vt 0.9197 0.1812 0.0000
vt 0.9375 0.1695 0.0000
vt 0.4025 0.3910 0.0000
vt 0.1343 0.2667 0.0000
vt 0.5450 0.5134 0.0000
vt 0.5274 0.5355 0.0000
vt 0.5328 0.5161 0.0000
vt 0.7214 0.2351 0.0000
vt 0.7384 0.2360 0.0000
vt 0.7398 0.2497 0.0000
vt 0.3103 0.1270 0.0000
vt 0.3158 0.1106 0.0000
vt 0.4383 0.2707 0.0000
vt 0.4290 0.2626 0.0000
vt 0.4337 0.2587 0.0000
vt 0.3314 0.9790 0.0000
vt 0.2947 0.9849 0.0000
vt 0.3056 0.9745 0.0000
vt 0.1874 0.5419 0.0000
vt 0.1687 0.5186 0.0000
vt 0.1938 0.5269 0.0000
vt 0.2056 0.5507 0.0000
vt 0.1886 0.5606 0.0000
vt 0.7718 0.5445 0.0000
vt 0.9794 0.3578 0.0000
vt 0.4556 0.6860 0.0000
vt 0.4541 0.6960 0.0000
vt 0.7233 0.6027 0.0000
vt 0.6683 0.5736 0.0000
vt 0.6819 0.5736 0.0000
vt 0.6746 0.5798 0.0000
vt 0.1561 0.8661 0.0000
vt 0.1667 0.8648 0.0000
vt 0.1678 0.8760 0.0000
vt 0.1064 0.7410 0.0000
vt 0.7923 0.0463 0.0000
vt 0.4725 0.5897 0.0000
vt 0.1629 0.0627 0.0000
vt 0.1303 0.0381 0.0000
vt 0.1556 0.0503 0.0000
vt 0.1275 0.0550 0.0000
vt 0.8288 0.4019 0.0000
vt 0.8394 0.4027 0.0000
vt 0.8355 0.4205 0.0000
vt 0.8565 0.3881 0.0000
vt 0.8435 0.3523 0.0000
vt 0.8632 0.3553 0.0000
vt 0.9819 0.7339 0.0000
vt 0.9826 0.7228 0.0000
vt 0.9918 0.7351 0.0000
vt 0.9411 0.7466 0.0000
vt 0.9394 0.7223 0.0000
vt 0.9507 0.7369 0.0000
vt 0.6708 0.4337 0.0000
vt 0.7037 0.4307 0.0000
vt 0.6879 0.4377 0.0000
vt 0.6030 0.1707 0.0000
vt 0.7649 0.3708 0.0000
vt 0.7651 0.3396 0.0000
vt 0.7649 0.3250 0.0000
vt 0.7854 0.3219 0.0000
vt 0.4792 0.1987 0.0000
vt 0.4884 0.2087 0.0000
vt 0.4716 0.1995 0.0000
vt 0.2627 0.0718 0.0000
vt 0.2640 0.0610 0.0000
vt 0.2900 0.0713 0.0000
vt 0.4676 0.2160 0.0000
vt 0.4015 0.2090 0.0000
vt 0.2190 0.2410 0.0000
vt 0.2070 0.2420 0.0000
vt 0.1751 0.2270 0.0000
vt 0.2247 0.7424 0.0000
vt 0.2370 0.7388 0.0000
vt 0.2366 0.7480 0.0000
vt 0.0139 0.8842 0.0000
vt 0.0239 0.9033 0.0000
vt 0.0124 0.8965 0.0000
vt 0.4783 0.9485 0.0000
vt 0.4749 0.9662 0.0000
vt 0.7795 0.2641 0.0000
vt 0.7798 0.2488 0.0000
vt 0.7948 0.2532 0.0000
vt 0.4152 0.6948 0.0000
vt 0.4286 0.7048 0.0000
vt 0.4122 0.7029 0.0000
vt 0.3532 0.7029 0.0000
vt 0.3339 0.7027 0.0000
vt 0.3464 0.6849 0.0000
vt 0.2246 0.3190 0.0000
vt 0.2128 0.3130 0.0000
vt 0.2210 0.3095 0.0000
vt 0.0422 0.0192 0.0000
vt 0.0323 0.0261 0.0000
vt 0.0289 0.0160 0.0000
vt 0.7181 0.0333 0.0000
vt 0.7280 0.0357 0.0000
vt 0.7310 0.0494 0.0000
vt 0.5213 0.9106 0.0000
vt 0.9535 0.4870 0.0000
vt 0.9537 0.4681 0.0000
vt 0.9634 0.4895 0.0000
vt 0.9453 0.5073 0.0000
vt 0.9107 0.5106 0.0000
vt 0.9218 0.4691 0.0000
vt 0.5246 0.6541 0.0000
vt 0.5143 0.6376 0.0000
vt 0.5309 0.6319 0.0000
vt 0.5294 0.5955 0.0000
vt 0.7833 0.1579 0.0000
vt 0.4520 0.8787 0.0000
vt 0.3872 0.0453 0.0000
vt 0.3700 0.0634 0.0000
vt 0.3552 0.0401 0.0000
vt 0.4482 0.0838 0.0000
vt 0.2378 0.0817 0.0000
vt 0.2333 0.0754 0.0000
vt 0.2376 0.0718 0.0000
vt 0.0357 0.3440 0.0000
vt 0.7404 0.6178 0.0000
vt 0.7662 0.7868 0.0000
vt 0.6840 0.7896 0.0000
vt 0.6531 0.7865 0.0000
vt 0.7235 0.8011 0.0000
vt 0.7140 0.7919 0.0000
vt 0.7178 0.7621 0.0000
vt 0.8049 0.2328 0.0000
vt 0.8461 0.2413 0.0000
vt 0.8814 0.2456 0.0000
vt 0.4707 0.5329 0.0000
vt 0.4716 0.5527 0.0000
vt 0.0325 0.5623 0.0000
vt 0.0385 0.5497 0.0000
vt 0.0450 0.5632 0.0000
vt 0.6490 0.0111 0.0000
vt 0.6620 0.0090 0.0000
vt 0.6695 0.0228 0.0000
vt 0.5673 0.8676 0.0000
vt 0.5819 0.8672 0.0000
vt 0.5791 0.8805 0.0000
vt 0.1735 0.3078 0.0000
vt 0.1629 0.3208 0.0000
vt 0.1567 0.3096 0.0000
vt 0.0853 0.0079 0.0000
vt 0.0961 0.0079 0.0000
vt 0.2211 0.7538 0.0000
vt 0.2304 0.7705 0.0000
vt 0.2156 0.7705 0.0000
vt 0.1885 0.7778 0.0000
vt 0.1397 0.9475 0.0000
vt 0.1505 0.9429 0.0000
vt 0.2107 0.9629 0.0000
vt 0.2039 0.9518 0.0000
vt 0.8394 0.9791 0.0000
vt 0.8599 0.9752 0.0000
vt 0.8531 0.9895 0.0000
vt 0.9082 0.7057 0.0000
vt 0.9277 0.6931 0.0000
vt 0.9252 0.7036 0.0000
vt 0.3626 0.4460 0.0000
vt 0.4025 0.4541 0.0000
vt 0.3564 0.4582 0.0000
vt 0.0668 0.4374 0.0000
vt 0.0826 0.4453 0.0000
vt 0.0618 0.4487 0.0000
vt 0.7048 0.1168 0.0000
vt 0.7066 0.1249 0.0000
vt 0.6917 0.1258 0.0000
vt 0.5287 0.9690 0.0000
vt 0.5202 0.9830 0.0000
vt 0.5047 0.9735 0.0000
vt 0.8843 0.5429 0.0000
vt 0.8130 0.5296 0.0000
vt 0.8363 0.5148 0.0000
vt 0.7040 0.1094 0.0000
vt 0.6905 0.1181 0.0000
vt 0.6832 0.1112 0.0000
vt 0.6378 0.1325 0.0000
vt 0.5549 0.8098 0.0000
vt 0.5708 0.8459 0.0000
vt 0.5807 0.8254 0.0000
vt 0.5819 0.8458 0.0000
vt 0.3796 0.7688 0.0000
vt 0.3772 0.7442 0.0000
vt 0.2771 0.3223 0.0000
vt 0.2941 0.3239 0.0000
vt 0.2180 0.1959 0.0000
vt 0.2360 0.1858 0.0000
vt 0.0748 0.7469 0.0000
vt 0.0461 0.7632 0.0000
vt 0.0682 0.7556 0.0000
vt 0.0639 0.7692 0.0000
vt 0.5140 0.3291 0.0000
vt 0.5144 0.3152 0.0000
vt 0.4751 0.7874 0.0000
vt 0.3083 0.0913 0.0000
vt 0.3281 0.0889 0.0000
vt 0.3161 0.1031 0.0000
vt 0.2971 0.1010 0.0000
vt 0.2785 0.0899 0.0000
vt 0.0563 0.9838 0.0000
vt 0.0540 0.9920 0.0000
vt 0.0448 0.9795 0.0000
vt 0.1498 0.7980 0.0000
vt 0.1626 0.8260 0.0000
vt 0.3178 0.3505 0.0000
vt 0.3141 0.3369 0.0000
vt 0.3380 0.3431 0.0000
vt 0.3748 0.3746 0.0000
vt 0.4060 0.3701 0.0000
vt 0.4186 0.3829 0.0000
vt 0.2988 0.6930 0.0000
vt 0.9546 0.1173 0.0000
vt 0.4645 0.1589 0.0000
vt 0.4788 0.1597 0.0000
vt 0.4720 0.1666 0.0000
vt 0.2953 0.0076 0.0000
vt 0.2640 0.1879 0.0000
vt 0.2824 0.1819 0.0000
vt 0.2617 0.1964 0.0000
vt 0.2603 0.2310 0.0000
vt 0.2811 0.2296 0.0000
vt 0.2631 0.2429 0.0000
vt 0.6057 0.7715 0.0000
vt 0.6124 0.7815 0.0000
vt 0.5882 0.7760 0.0000
vt 0.6430 0.7667 0.0000
vt 0.6243 0.7479 0.0000
vt 0.6417 0.7445 0.0000
vt 0.1489 0.5694 0.0000
vt 0.1540 0.5628 0.0000
vt 0.1745 0.5694 0.0000
vt 0.3550 0.5488 0.0000
vt 0.3415 0.5408 0.0000
vt 0.7378 0.9525 0.0000
vt 0.7276 0.9617 0.0000
vt 0.7313 0.9359 0.0000
vt 0.7100 0.9898 0.0000
vt 0.7243 0.9770 0.0000
vt 0.7215 0.9875 0.0000
vt 0.7119 0.2147 0.0000
vt 0.7141 0.1864 0.0000
vt 0.7229 0.1575 0.0000
vt 0.7119 0.1682 0.0000
vt 0.7063 0.1505 0.0000
vt 0.9775 0.8979 0.0000
vt 0.9775 0.9177 0.0000
vt 0.9846 0.9624 0.0000
vt 0.9821 0.9776 0.0000
vt 0.9733 0.9672 0.0000
vt 0.5264 0.0365 0.0000
vt 0.5316 0.0233 0.0000
vt 0.7269 0.8774 0.0000
vt 0.7132 0.8862 0.0000
vt 0.1114 0.1943 0.0000
vt 0.1463 0.1769 0.0000
vt 0.1118 0.1679 0.0000
vt 0.1219 0.1627 0.0000
vt 0.1454 0.1690 0.0000
vt 0.9833 0.1526 0.0000
vt 0.9732 0.1674 0.0000
vt 0.9721 0.1571 0.0000
vt 0.9804 0.1782 0.0000
vt 0.7646 0.6225 0.0000
vt 0.7560 0.6330 0.0000
vt 0.7586 0.6125 0.0000
vt 0.8167 0.5808 0.0000
vt 0.8385 0.5814 0.0000
vt 0.7747 0.3145 0.0000
vt 0.9722 0.4563 0.0000
vt 0.9630 0.4481 0.0000
vt 0.9732 0.4440 0.0000
vt 0.0284 0.5832 0.0000
vt 0.0365 0.5771 0.0000
vt 0.0431 0.5801 0.0000
vt 0.0762 0.5800 0.0000
vt 0.0855 0.5807 0.0000
vt 0.0778 0.5970 0.0000
vt 0.8664 0.8655 0.0000
vt 0.8814 0.8656 0.0000
vt 0.8763 0.8740 0.0000
vt 0.8573 0.5801 0.0000
vt 0.5634 0.6793 0.0000
vt 0.5515 0.6943 0.0000
vt 0.5374 0.6861 0.0000
vt 0.9751 0.8124 0.0000
vt 0.9796 0.8290 0.0000
vt 0.9251 0.9817 0.0000
vt 0.9550 0.9785 0.0000
vt 0.9244 0.9901 0.0000
vt 0.7916 0.6977 0.0000
vt 0.7837 0.7041 0.0000
vt 0.0684 0.6660 0.0000
vt 0.0831 0.6577 0.0000
vt 0.1017 0.6506 0.0000
vt 0.1245 0.6667 0.0000
vt 0.2673 0.9670 0.0000
vt 0.2652 0.9528 0.0000
vt 0.2798 0.9626 0.0000
vt 0.9804 0.2638 0.0000
vt 0.4785 0.5380 0.0000
vt 0.4882 0.5327 0.0000
vt 0.4900 0.5465 0.0000
vt 0.4893 0.4784 0.0000
vt 0.4731 0.4919 0.0000
vt 0.4718 0.4673 0.0000
vt 0.5322 0.9496 0.0000
vt 0.5330 0.9107 0.0000
vt 0.5262 0.9541 0.0000
vt 0.1339 0.3261 0.0000
vt 0.0884 0.3324 0.0000
vt 0.0790 0.3249 0.0000
vt 0.1320 0.3169 0.0000
vt 0.1077 0.4042 0.0000
vt 0.0504 0.4215 0.0000
vt 0.0648 0.4174 0.0000
vt 0.0587 0.4265 0.0000
vt 0.1661 0.9758 0.0000
vt 0.0578 0.8481 0.0000
vt 0.5891 0.7316 0.0000
vt 0.5940 0.7442 0.0000
vt 0.1719 0.5803 0.0000
vt 0.1696 0.6011 0.0000
vt 0.1667 0.5849 0.0000
vt 0.3431 0.4265 0.0000
vt 0.3254 0.4265 0.0000
vt 0.3208 0.4188 0.0000
vt 0.3091 0.4075 0.0000
vt 0.3033 0.4169 0.0000
vt 0.0802 0.9001 0.0000
vt 0.1007 0.8839 0.0000
vt 0.0104 0.1061 0.0000
vt 0.0120 0.0957 0.0000
vt 0.0184 0.1053 0.0000
vt 0.0437 0.1250 0.0000
vt 0.9019 0.4265 0.0000
vt 0.8881 0.4189 0.0000
vt 0.9075 0.4180 0.0000
vt 0.9606 0.4057 0.0000
vt 0.9635 0.4106 0.0000
vt 0.9444 0.4177 0.0000
vt 0.1666 0.6626 0.0000
vt 0.1555 0.6713 0.0000
vt 0.1630 0.6499 0.0000
vt 0.2098 0.6308 0.0000
vt 0.2018 0.6367 0.0000
vt 0.5370 0.8377 0.0000
vt 0.5280 0.8342 0.0000
vt 0.2272 0.6788 0.0000
vt 0.2291 0.6926 0.0000
vt 0.2149 0.6932 0.0000
vt 0.9160 0.6540 0.0000
vt 0.9244 0.6373 0.0000
vt 0.9478 0.6621 0.0000
vt 0.9007 0.8468 0.0000
vt 0.9179 0.8362 0.0000
vt 0.9276 0.8469 0.0000
vt 0.8635 0.8269 0.0000
vt 0.8979 0.8309 0.0000
vt 0.8851 0.8470 0.0000
vt 0.0152 0.8063 0.0000
vt 0.0242 0.8206 0.0000
vt 0.0109 0.7681 0.0000
vt 0.0321 0.7810 0.0000
vt 0.0211 0.7785 0.0000
vt 0.9695 0.4265 0.0000
vt 0.9583 0.4265 0.0000
vt 0.9592 0.4196 0.0000
vt 0.9979 0.4153 0.0000
vt 0.9925 0.4011 0.0000
vt 0.9979 0.3962 0.0000
vt 0.8639 0.7412 0.0000
vt 0.8744 0.7566 0.0000
vt 0.8400 0.7511 0.0000
vt 0.5812 0.4071 0.0000
vt 0.5647 0.4180 0.0000
vt 0.5664 0.3991 0.0000
vt 0.4096 0.8314 0.0000
vt 0.4360 0.8255 0.0000
vt 0.4314 0.8386 0.0000
vt 0.0879 0.1282 0.0000
vt 0.0995 0.1149 0.0000
vt 0.1864 0.4022 0.0000
vt 0.1654 0.4105 0.0000
vt 0.1841 0.3914 0.0000
vt 0.3133 0.2750 0.0000
vt 0.3125 0.2599 0.0000
vt 0.3279 0.2584 0.0000
vt 0.4032 0.1331 0.0000
vt 0.3980 0.1373 0.0000
vt 0.2740 0.5893 0.0000
vt 0.9535 0.0089 0.0000
vt 0.9623 0.0078 0.0000
vt 0.0488 0.1536 0.0000
vt 0.4403 0.3043 0.0000
vt 0.4384 0.3238 0.0000
vt 0.1010 0.9980 0.0000
vt 0.0816 0.9980 0.0000
vt 0.0878 0.9938 0.0000
vt 0.0771 0.9806 0.0000
vt 0.0992 0.9900 0.0000
vt 0.7072 0.2570 0.0000
vt 0.7134 0.2440 0.0000
vt 0.7236 0.2628 0.0000
vt 0.1783 0.1175 0.0000
vt 0.1895 0.1093 0.0000
vt 0.1769 0.1338 0.0000
vt 0.1656 0.0844 0.0000
vt 0.1345 0.0977 0.0000
vt 0.1407 0.0812 0.0000
vt 0.2733 0.3960 0.0000
vt 0.2828 0.3755 0.0000
vt 0.2387 0.2472 0.0000
vt 0.2262 0.2547 0.0000
vt 0.4661 0.4388 0.0000
vt 0.4758 0.4496 0.0000
vt 0.4639 0.4851 0.0000
vt 0.6322 0.5890 0.0000
vt 0.5630 0.5800 0.0000
vt 0.5774 0.5795 0.0000
vt 0.5662 0.5945 0.0000
vt 0.5557 0.2590 0.0000
vt 0.5738 0.2664 0.0000
vt 0.7241 0.5533 0.0000
vt 0.7330 0.5449 0.0000
vt 0.7393 0.7825 0.0000
vt 0.7360 0.7932 0.0000
vt 0.0327 0.6330 0.0000
vt 0.4140 0.4033 0.0000
vt 0.4140 0.4189 0.0000
vt 0.4010 0.4190 0.0000
vt 0.4721 0.4078 0.0000
vt 0.4544 0.4090 0.0000
vt 0.5971 0.1177 0.0000
vt 0.5827 0.1329 0.0000
vt 0.5786 0.1215 0.0000
vt 0.6821 0.9899 0.0000
vt 0.6681 0.9898 0.0000
vt 0.6830 0.9736 0.0000
vt 0.9637 0.3056 0.0000
vt 0.9568 0.2942 0.0000
vt 0.9207 0.3030 0.0000
vt 0.9293 0.3001 0.0000
vt 0.9309 0.3171 0.0000
vt 0.5508 0.2878 0.0000
vt 0.5459 0.2937 0.0000
vt 0.5340 0.2878 0.0000
vt 0.5648 0.3059 0.0000
vt 0.7705 0.1239 0.0000
vt 0.7620 0.1270 0.0000
vt 0.7663 0.1133 0.0000
vt 0.4699 0.6963 0.0000
vt 0.4678 0.6732 0.0000
vt 0.3859 0.7035 0.0000
vt 0.4000 0.7043 0.0000
vt 0.8712 0.1260 0.0000
vt 0.8872 0.1335 0.0000
vt 0.8674 0.1333 0.0000
vt 0.8278 0.6213 0.0000
vt 0.8068 0.6188 0.0000
vt 0.7943 0.6492 0.0000
vt 0.7844 0.6810 0.0000
vt 0.5938 0.4513 0.0000
vt 0.5463 0.4449 0.0000
vt 0.9722 0.2760 0.0000
vt 0.9143 0.2754 0.0000
vt 0.9151 0.2801 0.0000
vt 0.8871 0.2801 0.0000
vt 0.2377 0.6825 0.0000
vt 0.2360 0.6413 0.0000
vt 0.2218 0.6305 0.0000
vt 0.2391 0.6316 0.0000
vt 0.6323 0.6107 0.0000
vt 0.5984 0.6174 0.0000
vt 0.6287 0.6153 0.0000
vt 0.6375 0.6696 0.0000
vt 0.6191 0.6391 0.0000
vt 0.3557 0.6057 0.0000
vt 0.3577 0.6150 0.0000
vt 0.4319 0.6109 0.0000
vt 0.4486 0.6041 0.0000
vt 0.4430 0.6167 0.0000
vt 0.5795 0.0378 0.0000
vt 0.6069 0.0294 0.0000
vt 0.5903 0.0644 0.0000
vt 0.5902 0.0406 0.0000
vt 0.2248 0.8114 0.0000
vt 0.0246 0.9700 0.0000
vt 0.0127 0.9680 0.0000
vt 0.0111 0.9559 0.0000
vt 0.2616 0.6441 0.0000
vt 0.2760 0.6426 0.0000
vt 0.2631 0.6539 0.0000
vt 0.9773 0.0836 0.0000
vt 0.9915 0.0736 0.0000
vt 0.9910 0.0837 0.0000
vt 0.7140 0.5950 0.0000
vt 0.6890 0.5791 0.0000
vt 0.6999 0.5802 0.0000
vt 0.7675 0.7299 0.0000
vt 0.7733 0.7366 0.0000
vt 0.4212 0.3566 0.0000
vt 0.3880 0.3506 0.0000
vt 0.4225 0.3392 0.0000
vt 0.4440 0.3337 0.0000
vt 0.6871 0.2459 0.0000
vt 0.6962 0.2958 0.0000
vt 0.2768 0.7320 0.0000
vt 0.2187 0.5078 0.0000
vt 0.2382 0.4876 0.0000
vt 0.2366 0.5077 0.0000
vt 0.2713 0.5453 0.0000
vt 0.8089 0.2755 0.0000
vt 0.8134 0.2690 0.0000
vt 0.8230 0.2743 0.0000
vt 0.4054 0.9750 0.0000
vt 0.4296 0.9803 0.0000
vt 0.6220 0.9900 0.0000
vt 0.5660 0.9980 0.0000
vt 0.5730 0.9916 0.0000
vt 0.5785 0.9980 0.0000
vt 0.9884 0.3194 0.0000
vt 0.9979 0.3106 0.0000
vt 0.9979 0.3413 0.0000
vt 0.8002 0.4615 0.0000
vt 0.8167 0.4719 0.0000
vt 0.7761 0.4740 0.0000
vt 0.1143 0.6831 0.0000
vt 0.1418 0.6617 0.0000
vt 0.5989 0.8838 0.0000
vt 0.5900 0.8658 0.0000
vt 0.6141 0.9266 0.0000
vt 0.6088 0.9012 0.0000
vt 0.6331 0.9079 0.0000
vt 0.7037 0.3963 0.0000
vt 0.7200 0.4048 0.0000
vt 0.7023 0.4098 0.0000
vt 0.2895 0.8334 0.0000
vt 0.3769 0.9012 0.0000
vt 0.3773 0.8935 0.0000
vt 0.9643 0.8823 0.0000
vt 0.9772 0.8738 0.0000
vt 0.9752 0.8835 0.0000
vt 0.7672 0.5843 0.0000
vt 0.7594 0.5828 0.0000
vt 0.7689 0.5736 0.0000
vt 0.9768 0.5475 0.0000
vt 0.9727 0.5635 0.0000
vt 0.9605 0.5623 0.0000
vt 0.7898 0.4036 0.0000
vt 0.4574 0.1135 0.0000
vt 0.4735 0.1184 0.0000
vt 0.4556 0.1320 0.0000
vt 0.4953 0.1228 0.0000
vt 0.4895 0.1114 0.0000
vt 0.4953 0.0952 0.0000
vt 0.0105 0.7565 0.0000
vt 0.2234 0.9082 0.0000
vt 0.5075 0.7328 0.0000
vt 0.5178 0.7311 0.0000
vt 0.5047 0.7401 0.0000
vt 0.2368 0.6169 0.0000
vt 0.5718 0.4933 0.0000
vt 0.5619 0.5125 0.0000
vt 0.5345 0.5353 0.0000
vt 0.5738 0.3762 0.0000
vt 0.6141 0.3752 0.0000
vt 0.6456 0.3834 0.0000
vt 0.8715 0.1518 0.0000
vt 0.8713 0.1694 0.0000
vt 0.8580 0.1530 0.0000
vt 0.3700 0.8808 0.0000
vt 0.8517 0.4589 0.0000
vt 0.8781 0.4307 0.0000
vt 0.8918 0.4307 0.0000
vt 0.8892 0.4372 0.0000
vt 0.0510 0.0836 0.0000
vt 0.0574 0.1032 0.0000
vt 0.0342 0.0914 0.0000
vt 0.1013 0.0816 0.0000
vt 0.8154 0.8279 0.0000
vt 0.6897 0.7040 0.0000
vt 0.2934 0.6489 0.0000
vt 0.3079 0.6470 0.0000
vt 0.3061 0.6626 0.0000
vt 0.3371 0.6738 0.0000
vt 0.3311 0.6615 0.0000
vt 0.5280 0.1676 0.0000
vt 0.5364 0.1745 0.0000
vt 0.5242 0.1789 0.0000
vt 0.5531 0.1551 0.0000
vt 0.5765 0.1595 0.0000
vt 0.5502 0.1658 0.0000
vt 0.7980 0.7847 0.0000
vt 0.8314 0.7939 0.0000
vt 0.8181 0.0304 0.0000
vt 0.8329 0.0088 0.0000
vt 0.8432 0.0103 0.0000
vt 0.4407 0.5808 0.0000
vt 0.4273 0.5908 0.0000
vt 0.4225 0.5806 0.0000
vt 0.9000 0.6737 0.0000
vt 0.8222 0.6705 0.0000
vt 0.8588 0.6686 0.0000
vt 0.2961 0.1094 0.0000
vt 0.3094 0.1143 0.0000
vt 0.3016 0.1232 0.0000
vt 0.0235 0.0376 0.0000
vt 0.0103 0.0322 0.0000
vt 0.0102 0.0216 0.0000
vt 0.0021 0.0681 0.0000
vt 0.0050 0.0503 0.0000
vt 0.0087 0.0539 0.0000
vt 0.4027 0.1653 0.0000
vt 0.3593 0.1707 0.0000
vt 0.4414 0.6395 0.0000
vt 0.4429 0.6610 0.0000
vt 0.7270 0.1758 0.0000
vt 0.7278 0.1660 0.0000
vt 0.5131 0.4562 0.0000
vt 0.5231 0.4473 0.0000
vt 0.0519 0.2289 0.0000
vt 0.0265 0.2460 0.0000
vt 0.1733 0.1664 0.0000
vt 0.3226 0.2971 0.0000
vt 0.3346 0.2938 0.0000
vt 0.3239 0.3087 0.0000
vt 0.7392 0.6621 0.0000
vt 0.7399 0.6492 0.0000
vt 0.7466 0.6418 0.0000
vt 0.7302 0.6465 0.0000
vt 0.0756 0.2941 0.0000
vt 0.0621 0.3110 0.0000
vt 0.0627 0.2946 0.0000
vt 0.1579 0.0079 0.0000
vt 0.7840 0.8792 0.0000
vt 0.7832 0.8700 0.0000
vt 0.7909 0.8649 0.0000
vt 0.0516 0.9424 0.0000
vt 0.0473 0.9564 0.0000
vt 0.0691 0.9632 0.0000
vt 0.0545 0.9750 0.0000
vt 0.0555 0.9635 0.0000
vt 0.0633 0.8751 0.0000
vt 0.0751 0.8653 0.0000
vt 0.0814 0.8867 0.0000
vt 0.2039 0.7425 0.0000
vt 0.1939 0.7333 0.0000
vt 0.1987 0.7249 0.0000
vt 0.4697 0.2739 0.0000
vt 0.4590 0.2747 0.0000
vt 0.4532 0.2651 0.0000
vt 0.2783 0.1269 0.0000
vt 0.2933 0.1322 0.0000
vt 0.2796 0.1350 0.0000
vt 0.4706 0.8552 0.0000
vt 0.4694 0.8376 0.0000
vt 0.4765 0.8463 0.0000
vt 0.4743 0.8076 0.0000
vt 0.4893 0.7926 0.0000
vt 0.4889 0.8123 0.0000
vt 0.9979 0.1035 0.0000
vt 0.9979 0.1173 0.0000
vt 0.9895 0.1081 0.0000
vt 0.9738 0.1202 0.0000
vt 0.9780 0.1319 0.0000
vt 0.9706 0.1331 0.0000
vt 0.2909 0.2481 0.0000
vt 0.3059 0.2341 0.0000
vt 0.3530 0.2324 0.0000
vt 0.1031 0.3461 0.0000
vt 0.0874 0.3731 0.0000
vt 0.2641 0.7902 0.0000
vt 0.2639 0.7790 0.0000
vt 0.2888 0.7766 0.0000
vt 0.7276 0.3642 0.0000
vt 0.7258 0.3816 0.0000
vt 0.8400 0.5000 0.0000
vt 0.7975 0.4886 0.0000
vt 0.4820 0.8901 0.0000
vt 0.4692 0.8897 0.0000
vt 0.4809 0.8790 0.0000
vt 0.7653 0.1690 0.0000
vt 0.7707 0.1593 0.0000
vt 0.7753 0.1709 0.0000
vt 0.9913 0.4500 0.0000
vt 0.9896 0.4642 0.0000
vt 0.9752 0.4677 0.0000
vt 0.9844 0.4498 0.0000
vt 0.8414 0.1864 0.0000
vt 0.8439 0.1679 0.0000
vt 0.8510 0.1783 0.0000
vt 0.1268 0.5844 0.0000
vt 0.1228 0.6049 0.0000
vt 0.1083 0.5897 0.0000
vt 0.6508 0.7529 0.0000
vt 0.6474 0.7373 0.0000
vt 0.7466 0.7479 0.0000
vt 0.7387 0.7430 0.0000
vt 0.7466 0.7391 0.0000
vt 0.7233 0.7420 0.0000
vt 0.7130 0.7478 0.0000
vt 0.7134 0.7362 0.0000
vt 0.5452 0.7876 0.0000
vt 0.5429 0.7648 0.0000
vt 0.2787 0.4424 0.0000
vt 0.2885 0.4379 0.0000
vt 0.2716 0.4498 0.0000
vt 0.2232 0.4769 0.0000
vt 0.6154 0.2639 0.0000
vt 0.6188 0.5603 0.0000
vt 0.6215 0.5463 0.0000
vt 0.5549 0.1240 0.0000
vt 0.5265 0.1207 0.0000
vt 0.7466 0.9871 0.0000
vt 0.7386 0.9827 0.0000
vt 0.7466 0.9644 0.0000
vt 0.8531 0.4061 0.0000
vt 0.8628 0.3971 0.0000
vt 0.8696 0.4089 0.0000
vt 0.8949 0.4020 0.0000
vt 0.6679 0.3496 0.0000
vt 0.6736 0.3099 0.0000
vt 0.3185 0.7345 0.0000
vt 0.3301 0.7235 0.0000
vt 0.9513 0.6992 0.0000
vt 0.7391 0.6844 0.0000
vt 0.7466 0.6682 0.0000
vt 0.7466 0.6867 0.0000
vt 0.7163 0.7007 0.0000
vt 0.7214 0.7049 0.0000
vt 0.3222 0.1525 0.0000
vt 0.3188 0.1666 0.0000
vt 0.3131 0.1535 0.0000
vt 0.4406 0.0286 0.0000
vt 0.4353 0.0089 0.0000
vt 0.4516 0.0198 0.0000
vt 0.0123 0.8255 0.0000
vt 0.0233 0.8371 0.0000
vt 0.0313 0.8449 0.0000
vt 0.2631 0.1808 0.0000
vt 0.2690 0.1729 0.0000
vt 0.2644 0.1507 0.0000
vt 0.2804 0.1520 0.0000
vt 0.2724 0.1592 0.0000
vt 0.1853 0.9132 0.0000
vt 0.1524 0.9013 0.0000
vt 0.1731 0.9378 0.0000
vt 0.2043 0.9278 0.0000
vt 0.1837 0.9440 0.0000
vt 0.6181 0.8482 0.0000
vt 0.6246 0.8226 0.0000
vt 0.6252 0.8444 0.0000
vt 0.7900 0.0278 0.0000
vt 0.7799 0.0390 0.0000
vt 0.7775 0.0292 0.0000
vt 0.7914 0.0109 0.0000
vt 0.8042 0.0085 0.0000
vt 0.8004 0.0218 0.0000
vt 0.4730 0.3621 0.0000
vt 0.4767 0.3759 0.0000
vt 0.0115 0.2534 0.0000
vt 0.0115 0.2421 0.0000
vt 0.2363 0.3863 0.0000
vt 0.2440 0.3816 0.0000
vt 0.2440 0.3986 0.0000
vt 0.2362 0.3578 0.0000
vt 0.2264 0.3598 0.0000
vt 0.2247 0.3447 0.0000
vt 0.7203 0.8668 0.0000
vt 0.5639 0.0075 0.0000
vt 0.5528 0.0100 0.0000
vt 0.4899 0.5150 0.0000
vt 0.4890 0.4931 0.0000
vt 0.4953 0.5144 0.0000
vt 0.0193 0.4757 0.0000
vt 0.0122 0.4510 0.0000
vt 0.2759 0.9462 0.0000
vt 0.3036 0.9334 0.0000
vt 0.3322 0.9621 0.0000
vt 0.3147 0.9575 0.0000
vt 0.2721 0.7659 0.0000
vt 0.3052 0.7359 0.0000
vt 0.3281 0.7417 0.0000
vt 0.4897 0.2258 0.0000
vt 0.4751 0.2337 0.0000
vt 0.2631 0.0984 0.0000
vt 0.2743 0.0946 0.0000
vt 0.0105 0.3184 0.0000
vt 0.0228 0.3098 0.0000
vt 0.0289 0.3272 0.0000
vt 0.0117 0.3532 0.0000
vt 0.0224 0.3559 0.0000
vt 0.0133 0.3656 0.0000
vt 0.9720 0.7794 0.0000
vt 0.9909 0.7790 0.0000
vt 0.9912 0.7913 0.0000
vt 0.9909 0.8246 0.0000
vt 0.1816 0.5037 0.0000
vt 0.1584 0.4924 0.0000
vt 0.7412 0.4832 0.0000
vt 0.7386 0.4958 0.0000
vt 0.6677 0.8465 0.0000
vt 0.6897 0.8552 0.0000
vt 0.6956 0.8472 0.0000
vt 0.7028 0.8552 0.0000
vt 0.0289 0.4143 0.0000
vt 0.2121 0.1156 0.0000
vt 0.1028 0.2836 0.0000
vt 0.0898 0.2836 0.0000
vt 0.0880 0.2755 0.0000
vt 0.0729 0.2735 0.0000
vt 0.0113 0.1449 0.0000
vt 0.0272 0.1449 0.0000
vt 0.0206 0.1519 0.0000
vt 0.0056 0.1563 0.0000
vt 0.0121 0.1674 0.0000
vt 0.0048 0.1691 0.0000
vt 0.0121 0.6821 0.0000
vt 0.0053 0.6926 0.0000
vt 0.0021 0.6732 0.0000
vt 0.0335 0.7043 0.0000
vt 0.0451 0.7032 0.0000
vt 0.3332 0.5474 0.0000
vt 0.3450 0.5609 0.0000
vt 0.4187 0.5540 0.0000
vt 0.4008 0.5612 0.0000
vt 0.4035 0.5500 0.0000
vt 0.0612 0.1502 0.0000
vt 0.0571 0.1449 0.0000
vt 0.0794 0.1449 0.0000
vt 0.1155 0.1517 0.0000
vt 0.1038 0.1449 0.0000
vt 0.1178 0.1449 0.0000
vt 0.9084 0.5694 0.0000
vt 0.9204 0.5616 0.0000
vt 0.9263 0.5694 0.0000
vt 0.9614 0.5508 0.0000
vt 0.2227 0.5620 0.0000
vt 0.2178 0.5456 0.0000
vt 0.2291 0.5459 0.0000
vt 0.7651 0.2299 0.0000
vt 0.7643 0.2520 0.0000
vt 0.7813 0.2138 0.0000
vt 0.4882 0.7560 0.0000
vt 0.4887 0.7670 0.0000
vt 0.5273 0.2928 0.0000
vt 0.1512 0.8594 0.0000
vt 0.1448 0.8668 0.0000
vt 0.1348 0.8594 0.0000
vt 0.1040 0.8594 0.0000
vt 0.9921 0.9480 0.0000
vt 0.9979 0.9627 0.0000
vt 0.9905 0.9686 0.0000
vt 0.7654 0.6546 0.0000
vt 0.7589 0.6456 0.0000
vt 0.7648 0.6323 0.0000
vt 0.6969 0.6053 0.0000
vt 0.4453 0.1284 0.0000
vt 0.4153 0.1197 0.0000
vt 0.7983 0.1276 0.0000
vt 0.7847 0.1320 0.0000
vt 0.7858 0.1148 0.0000
vt 0.8053 0.1241 0.0000
vt 0.7951 0.1150 0.0000
vt 0.8161 0.1192 0.0000
vt 0.2697 0.8892 0.0000
vt 0.2808 0.8800 0.0000
vt 0.2830 0.9056 0.0000
vt 0.2807 0.8702 0.0000
vt 0.2793 0.8594 0.0000
vt 0.2858 0.8638 0.0000
vt 0.4815 0.8370 0.0000
vt 0.4891 0.8240 0.0000
vt 0.5419 0.3603 0.0000
vt 0.7656 0.7777 0.0000
vt 0.7716 0.7615 0.0000
vt 0.7597 0.7330 0.0000
vt 0.7659 0.7440 0.0000
vt 0.7560 0.7428 0.0000
vt 0.2637 0.4019 0.0000
vt 0.2702 0.4079 0.0000
vt 0.2653 0.4168 0.0000
vt 0.2778 0.4181 0.0000
vt 0.9319 0.6076 0.0000
vt 0.8951 0.6031 0.0000
vt 0.9329 0.5977 0.0000
vt 0.5346 0.7061 0.0000
vt 0.5453 0.7026 0.0000
vt 0.3641 0.1631 0.0000
vt 0.3892 0.1607 0.0000
vt 0.3564 0.0095 0.0000
vt 0.3535 0.0309 0.0000
vt 0.2106 0.7032 0.0000
vt 0.2024 0.7010 0.0000
vt 0.1938 0.7054 0.0000
vt 0.9732 0.7388 0.0000
vt 0.9627 0.7328 0.0000
vt 0.9636 0.7233 0.0000
vt 0.7352 0.1219 0.0000
vt 0.7385 0.1275 0.0000
vt 0.7228 0.1344 0.0000
vt 0.5300 0.9771 0.0000
vt 0.5237 0.9885 0.0000
vt 0.1340 0.1407 0.0000
vt 0.1119 0.1407 0.0000
vt 0.1289 0.1327 0.0000
vt 0.1200 0.1312 0.0000
vt 0.4894 0.9035 0.0000
vt 0.4673 0.9044 0.0000
vt 0.4794 0.8945 0.0000
vt 0.4303 0.9598 0.0000
vt 0.1926 0.7538 0.0000
vt 0.2068 0.7735 0.0000
vt 0.2160 0.7493 0.0000
vt 0.1800 0.6334 0.0000
vt 0.1875 0.6201 0.0000
vt 0.1920 0.6324 0.0000
vt 0.1593 0.6202 0.0000
vt 0.1655 0.6354 0.0000
vt 0.5272 0.9021 0.0000
vt 0.5389 0.9023 0.0000
vt 0.7287 0.0133 0.0000
vt 0.7268 0.0220 0.0000
vt 0.7191 0.0106 0.0000
vt 0.2891 0.4470 0.0000
vt 0.6728 0.3778 0.0000
vt 0.0252 0.1204 0.0000
vt 0.0116 0.1157 0.0000
vt 0.0215 0.1130 0.0000
vt 0.1961 0.4185 0.0000
vt 0.0628 0.5509 0.0000
vt 0.0653 0.4969 0.0000
vt 0.0851 0.5137 0.0000
vt 0.0671 0.5214 0.0000
vt 0.4859 0.1259 0.0000
vt 0.2738 0.2670 0.0000
vt 0.7075 0.4516 0.0000
vt 0.7067 0.4666 0.0000
vt 0.6821 0.4654 0.0000
vt 0.7373 0.4371 0.0000
vt 0.7313 0.4471 0.0000
vt 0.7198 0.4467 0.0000
vt 0.9909 0.3833 0.0000
vt 0.9769 0.3952 0.0000
vt 0.9836 0.3819 0.0000
vt 0.9524 0.4016 0.0000
vt 0.9780 0.3818 0.0000
vt 0.3153 0.0093 0.0000
vt 0.3364 0.0310 0.0000
vt 0.3143 0.0210 0.0000
vt 0.9292 0.0481 0.0000
vt 0.9205 0.0418 0.0000
vt 0.6033 0.0020 0.0000
vt 0.6239 0.0020 0.0000
vt 0.5596 0.0020 0.0000
vt 0.5783 0.0020 0.0000
vt 0.4876 0.6211 0.0000
vt 0.4753 0.6207 0.0000
vt 0.7678 0.0386 0.0000
vt 0.1140 0.0077 0.0000
vt 0.1282 0.0098 0.0000
vt 0.1212 0.0207 0.0000
vt 0.3454 0.7521 0.0000
vt 0.3560 0.7539 0.0000
vt 0.4237 0.7521 0.0000
vt 0.3234 0.9903 0.0000
vt 0.3218 0.9980 0.0000
vt 0.3144 0.9846 0.0000
vt 0.9358 0.2800 0.0000
vt 0.1343 0.4265 0.0000
vt 0.1121 0.4265 0.0000
vt 0.1167 0.4204 0.0000
vt 0.0792 0.4026 0.0000
vt 0.0861 0.4196 0.0000
vt 0.0769 0.4170 0.0000
vt 0.0920 0.4913 0.0000
vt 0.0717 0.4735 0.0000
vt 0.0503 0.4536 0.0000
vt 0.9145 0.2647 0.0000
vt 0.9122 0.2719 0.0000
vt 0.8863 0.2754 0.0000
vt 0.9245 0.2618 0.0000
vt 0.9163 0.2470 0.0000
vt 0.9420 0.2472 0.0000
vt 0.0087 0.1776 0.0000
vt 0.0263 0.1766 0.0000
vt 0.0110 0.1866 0.0000
vt 0.3639 0.8552 0.0000
vt 0.3654 0.8517 0.0000
vt 0.3864 0.8552 0.0000
vt 0.3201 0.8473 0.0000
vt 0.3448 0.8478 0.0000
vt 0.3389 0.8552 0.0000
vt 0.7639 0.9222 0.0000
vt 0.7560 0.9368 0.0000
vt 0.7579 0.9092 0.0000
vt 0.7710 0.9309 0.0000
vt 0.0715 0.7804 0.0000
vt 0.1006 0.7704 0.0000
vt 0.0875 0.7849 0.0000
vt 0.8787 0.7165 0.0000
vt 0.8943 0.7165 0.0000
vt 0.8833 0.7227 0.0000
vt 0.8485 0.7271 0.0000
vt 0.6287 0.7052 0.0000
vt 0.9212 0.8503 0.0000
vt 0.9071 0.8531 0.0000
vt 0.6533 0.7775 0.0000
vt 0.6902 0.7764 0.0000
vt 0.6348 0.7760 0.0000
vt 0.6148 0.7661 0.0000
vt 0.4426 0.5502 0.0000
vt 0.0519 0.5603 0.0000
vt 0.5936 0.0950 0.0000
vt 0.6168 0.0992 0.0000
vt 0.5984 0.1319 0.0000
vt 0.6017 0.1231 0.0000
vt 0.3139 0.5813 0.0000
vt 0.3080 0.5932 0.0000
vt 0.2649 0.5801 0.0000
vt 0.2802 0.5799 0.0000
vt 0.5789 0.2944 0.0000
vt 0.6049 0.2961 0.0000
vt 0.5900 0.3026 0.0000
vt 0.6034 0.3138 0.0000
vt 0.2573 0.9457 0.0000
vt 0.2627 0.9364 0.0000
vt 0.9709 0.2331 0.0000
vt 0.9586 0.2303 0.0000
vt 0.8928 0.7971 0.0000
vt 0.9267 0.7884 0.0000
vt 0.7009 0.0188 0.0000
vt 0.6830 0.0094 0.0000
vt 0.6975 0.0085 0.0000
vt 0.5592 0.8723 0.0000
vt 0.9215 0.3806 0.0000
vt 0.9368 0.3979 0.0000
vt 0.9122 0.4097 0.0000
vt 0.8978 0.4070 0.0000
vt 0.4476 0.2580 0.0000
vt 0.4554 0.2550 0.0000
vt 0.2178 0.3292 0.0000
vt 0.2253 0.3265 0.0000
vt 0.2289 0.3361 0.0000
vt 0.2378 0.3374 0.0000
vt 0.2371 0.3476 0.0000
vt 0.9845 0.7446 0.0000
vt 0.5138 0.6131 0.0000
vt 0.5218 0.6017 0.0000
vt 0.5381 0.6106 0.0000
vt 0.8481 0.4394 0.0000
vt 0.8579 0.4365 0.0000
vt 0.8571 0.4497 0.0000
vt 0.8979 0.2997 0.0000
vt 0.9135 0.3017 0.0000
vt 0.9161 0.3134 0.0000
vt 0.3621 0.9674 0.0000
vt 0.9717 0.3249 0.0000
vt 0.9758 0.3127 0.0000
vt 0.9916 0.3355 0.0000
vt 0.2386 0.1081 0.0000
vt 0.2440 0.1166 0.0000
vt 0.2370 0.1212 0.0000
vt 0.2438 0.1401 0.0000
vt 0.2255 0.1407 0.0000
vt 0.2325 0.1382 0.0000
vt 0.0197 0.7219 0.0000
vt 0.0133 0.7285 0.0000
vt 0.2212 0.8905 0.0000
vt 0.4678 0.1511 0.0000
vt 0.4894 0.1736 0.0000
vt 0.4953 0.1720 0.0000
vt 0.4953 0.1912 0.0000
vt 0.7707 0.2663 0.0000
vt 0.2362 0.7601 0.0000
vt 0.0158 0.9143 0.0000
vt 0.2082 0.1495 0.0000
vt 0.2120 0.1449 0.0000
vt 0.2205 0.1561 0.0000
vt 0.2370 0.1681 0.0000
vt 0.2440 0.1609 0.0000
vt 0.2440 0.1809 0.0000
vt 0.6698 0.9601 0.0000
vt 0.7157 0.9673 0.0000
vt 0.6907 0.9800 0.0000
vt 0.6927 0.9673 0.0000
vt 0.6240 0.4814 0.0000
vt 0.6023 0.4967 0.0000
vt 0.6278 0.5240 0.0000
vt 0.8457 0.5412 0.0000
vt 0.8720 0.5326 0.0000
vt 0.8270 0.5442 0.0000
vt 0.8361 0.5534 0.0000
vt 0.8210 0.5599 0.0000
vt 0.5163 0.2643 0.0000
vt 0.5237 0.2484 0.0000
vt 0.5285 0.2607 0.0000
vt 0.5414 0.2758 0.0000
vt 0.5283 0.2793 0.0000
vt 0.5306 0.2699 0.0000
vt 0.4878 0.0443 0.0000
vt 0.4889 0.0527 0.0000
vt 0.2534 0.1778 0.0000
vt 0.2534 0.1620 0.0000
vt 0.2569 0.1742 0.0000
vt 0.7813 0.3478 0.0000
vt 0.7654 0.3612 0.0000
vt 0.7661 0.3487 0.0000
vt 0.9834 0.4889 0.0000
vt 0.9905 0.4963 0.0000
vt 0.9577 0.1334 0.0000
vt 0.9706 0.1044 0.0000
vt 0.8300 0.6921 0.0000
vt 0.8363 0.7041 0.0000
vt 0.8172 0.7033 0.0000
vt 0.9452 0.9899 0.0000
vt 0.6080 0.8073 0.0000
vt 0.1909 0.1659 0.0000
vt 0.1796 0.1738 0.0000
vt 0.1789 0.1518 0.0000
vt 0.1949 0.1849 0.0000
vt 0.1786 0.1800 0.0000
vt 0.1204 0.9937 0.0000
vt 0.1547 0.9903 0.0000
vt 0.1469 0.9980 0.0000
vt 0.1694 0.9908 0.0000
vt 0.1833 0.9897 0.0000
vt 0.1795 0.9980 0.0000
vt 0.2131 0.6740 0.0000
vt 0.2200 0.6387 0.0000
vt 0.2278 0.6419 0.0000
vt 0.2280 0.6547 0.0000
vt 0.4076 0.4265 0.0000
vt 0.3946 0.4265 0.0000
vt 0.3654 0.4184 0.0000
vt 0.3868 0.4184 0.0000
vt 0.3644 0.4265 0.0000
vt 0.7419 0.1162 0.0000
vt 0.7354 0.0906 0.0000
vt 0.7286 0.0810 0.0000
vt 0.9954 0.0154 0.0000
vt 0.9979 0.0081 0.0000
vt 0.9979 0.0218 0.0000
vt 0.9889 0.0171 0.0000
vt 0.9715 0.0100 0.0000
vt 0.9865 0.0062 0.0000
vt 0.6239 0.5736 0.0000
vt 0.6083 0.5736 0.0000
vt 0.5677 0.5736 0.0000
vt 0.3220 0.4307 0.0000
vt 0.3488 0.4307 0.0000
vt 0.3377 0.4370 0.0000
vt 0.3996 0.4307 0.0000
vt 0.4292 0.4369 0.0000
vt 0.3967 0.4373 0.0000
vt 0.4590 0.1712 0.0000
vt 0.4490 0.1893 0.0000
vt 0.4665 0.1997 0.0000
vt 0.4377 0.2090 0.0000
vt 0.5649 0.7373 0.0000
vt 0.5496 0.7241 0.0000
vt 0.5650 0.7248 0.0000
vt 0.1942 0.5950 0.0000
vt 0.1800 0.5954 0.0000
vt 0.1869 0.5789 0.0000
vt 0.1018 0.6112 0.0000
vt 0.1050 0.6197 0.0000
vt 0.1275 0.6193 0.0000
vt 0.3770 0.2754 0.0000
vt 0.3631 0.2606 0.0000
vt 0.3941 0.2747 0.0000
vt 0.3303 0.2747 0.0000
vt 0.3434 0.2836 0.0000
vt 0.3266 0.2798 0.0000
vt 0.1979 0.2945 0.0000
vt 0.2069 0.2931 0.0000
vt 0.1663 0.2944 0.0000
vt 0.1539 0.2938 0.0000
vt 0.6850 0.7585 0.0000
vt 0.7056 0.7528 0.0000
vt 0.7054 0.7698 0.0000
vt 0.1451 0.8552 0.0000
vt 0.1596 0.8518 0.0000
vt 0.1645 0.8552 0.0000
vt 0.1173 0.8208 0.0000
vt 0.1387 0.8322 0.0000
vt 0.2330 0.9899 0.0000
vt 0.2334 0.9980 0.0000
vt 0.2229 0.9980 0.0000
vt 0.2350 0.9754 0.0000
vt 0.2366 0.9645 0.0000
vt 0.2440 0.9760 0.0000
vt 0.7588 0.8227 0.0000
vt 0.7654 0.8218 0.0000
vt 0.7667 0.8348 0.0000
vt 0.7949 0.8399 0.0000
vt 0.7835 0.8477 0.0000
vt 0.7063 0.7926 0.0000
vt 0.6942 0.8059 0.0000
vt 0.6966 0.8219 0.0000
vt 0.9115 0.4507 0.0000
vt 0.9046 0.4665 0.0000
vt 0.8970 0.4442 0.0000
vt 0.8563 0.2943 0.0000
vt 0.7752 0.5897 0.0000
vt 0.7737 0.6075 0.0000
vt 0.7651 0.6004 0.0000
vt 0.7560 0.5953 0.0000
vt 0.0610 0.5962 0.0000
vt 0.0470 0.5951 0.0000
vt 0.0498 0.5864 0.0000
vt 0.0660 0.6232 0.0000
vt 0.9979 0.5599 0.0000
vt 0.9883 0.5536 0.0000
vt 0.9979 0.5406 0.0000
vt 0.9806 0.5261 0.0000
vt 0.9487 0.5807 0.0000
vt 0.9245 0.5805 0.0000
vt 0.9343 0.5736 0.0000
vt 0.8189 0.8675 0.0000
vt 0.6026 0.9749 0.0000
vt 0.5919 0.9897 0.0000
vt 0.5885 0.9755 0.0000
vt 0.5742 0.9740 0.0000
vt 0.3294 0.1529 0.0000
vt 0.3319 0.1917 0.0000
vt 0.3214 0.1747 0.0000
vt 0.9414 0.0205 0.0000
vt 0.9124 0.0085 0.0000
vt 0.7203 0.3115 0.0000
vt 0.7253 0.2990 0.0000
vt 0.7331 0.3040 0.0000
vt 0.2972 0.7230 0.0000
vt 0.2825 0.7247 0.0000
vt 0.2059 0.9903 0.0000
vt 0.2186 0.9756 0.0000
vt 0.2143 0.9874 0.0000
vt 0.1937 0.9980 0.0000
vt 0.2611 0.8237 0.0000
vt 0.2739 0.8405 0.0000
vt 0.2945 0.8452 0.0000
vt 0.2839 0.8486 0.0000
vt 0.5619 0.4385 0.0000
vt 0.5505 0.4357 0.0000
vt 0.6922 0.1515 0.0000
vt 0.7054 0.5625 0.0000
vt 0.6963 0.5463 0.0000
vt 0.7101 0.5340 0.0000
vt 0.9914 0.0535 0.0000
vt 0.9918 0.0330 0.0000
vt 0.9979 0.0388 0.0000
vt 0.9979 0.0762 0.0000
vt 0.0118 0.3383 0.0000
vt 0.0104 0.3277 0.0000
vt 0.2265 0.0602 0.0000
vt 0.2371 0.0637 0.0000
vt 0.2173 0.0683 0.0000
vt 0.1501 0.7236 0.0000
vt 0.1543 0.7330 0.0000
vt 0.1089 0.7236 0.0000
vt 0.1271 0.7395 0.0000
vt 0.9669 0.7518 0.0000
vt 0.9505 0.7532 0.0000
vt 0.9569 0.7325 0.0000
vt 0.9730 0.7516 0.0000
vt 0.3550 0.3583 0.0000
vt 0.3928 0.3411 0.0000
vt 0.1684 0.7057 0.0000
vt 0.1646 0.6935 0.0000
vt 0.1802 0.7061 0.0000
vt 0.1847 0.7123 0.0000
vt 0.1671 0.7123 0.0000
vt 0.0184 0.7123 0.0000
vt 0.0021 0.6999 0.0000
vt 0.0125 0.7021 0.0000
vt 0.7227 0.8184 0.0000
vt 0.6961 0.8857 0.0000
vt 0.6568 0.9000 0.0000
vt 0.6161 0.8920 0.0000
vt 0.7392 0.3088 0.0000
vt 0.7340 0.3213 0.0000
vt 0.7305 0.3355 0.0000
vt 0.7404 0.3287 0.0000
vt 0.0021 0.8746 0.0000
vt 0.0130 0.8760 0.0000
vt 0.0048 0.8828 0.0000
vt 0.0233 0.8594 0.0000
vt 0.0382 0.8594 0.0000
vt 0.0367 0.8662 0.0000
vt 0.2851 0.3425 0.0000
vt 0.2647 0.3466 0.0000
vt 0.2390 0.1766 0.0000
vt 0.7235 0.5904 0.0000
vt 0.7118 0.5792 0.0000
vt 0.7268 0.5800 0.0000
vt 0.8086 0.7408 0.0000
vt 0.8012 0.7250 0.0000
vt 0.8151 0.7253 0.0000
vt 0.0357 0.2878 0.0000
vt 0.0065 0.3002 0.0000
vt 0.0021 0.3147 0.0000
vt 0.0021 0.3033 0.0000
vt 0.4157 0.5736 0.0000
vt 0.4103 0.5788 0.0000
vt 0.3906 0.5768 0.0000
vt 0.3637 0.5826 0.0000
vt 0.3689 0.5764 0.0000
vt 0.3926 0.5809 0.0000
vt 0.6370 0.1449 0.0000
vt 0.6682 0.1449 0.0000
vt 0.6605 0.1512 0.0000
vt 0.5476 0.1449 0.0000
vt 0.5759 0.1449 0.0000
vt 0.5712 0.1509 0.0000
vt 0.4953 0.6826 0.0000
vt 0.4904 0.6926 0.0000
vt 0.4907 0.6756 0.0000
vt 0.4953 0.6618 0.0000
vt 0.4877 0.6637 0.0000
vt 0.0499 0.0287 0.0000
vt 0.0492 0.0136 0.0000
vt 0.0543 0.0074 0.0000
vt 0.0659 0.0213 0.0000
vt 0.2298 0.5589 0.0000
vt 0.2440 0.5614 0.0000
vt 0.2435 0.5694 0.0000
vt 0.1988 0.5694 0.0000
vt 0.2001 0.5655 0.0000
vt 0.2098 0.5694 0.0000
vt 0.7823 0.5483 0.0000
vt 0.7560 0.5582 0.0000
vt 0.7560 0.5391 0.0000
vt 0.7596 0.5503 0.0000
vt 0.2374 0.6608 0.0000
vt 0.2374 0.6506 0.0000
vt 0.2440 0.6518 0.0000
vt 0.5352 0.7854 0.0000
vt 0.5263 0.7994 0.0000
vt 0.5158 0.7867 0.0000
vt 0.4875 0.0841 0.0000
vt 0.4889 0.0995 0.0000
vt 0.4953 0.0541 0.0000
vt 0.4953 0.0687 0.0000
vt 0.8455 0.4265 0.0000
vt 0.8275 0.4265 0.0000
vt 0.8852 0.4265 0.0000
vt 0.3417 0.4021 0.0000
vt 0.3338 0.3719 0.0000
vt 0.3570 0.3790 0.0000
vt 0.7845 0.3402 0.0000
vt 0.8180 0.3253 0.0000
vt 0.0196 0.0176 0.0000
vt 0.5440 0.1637 0.0000
vt 0.5366 0.1601 0.0000
vt 0.7197 0.4384 0.0000
vt 0.5261 0.6831 0.0000
vt 0.5154 0.6848 0.0000
vt 0.5148 0.6713 0.0000
vt 0.5265 0.6965 0.0000
vt 0.5274 0.7060 0.0000
vt 0.5143 0.7006 0.0000
vt 0.0188 0.9861 0.0000
vt 0.0248 0.9792 0.0000
vt 0.0254 0.9898 0.0000
vt 0.2365 0.8381 0.0000
vt 0.2370 0.8251 0.0000
vt 0.2440 0.8310 0.0000
vt 0.8508 0.4852 0.0000
vt 0.8243 0.4943 0.0000
vt 0.5519 0.7405 0.0000
vt 0.5416 0.7251 0.0000
vt 0.5488 0.7457 0.0000
vt 0.9658 0.9884 0.0000
vt 0.9696 0.9980 0.0000
vt 0.9568 0.9915 0.0000
vt 0.9741 0.9794 0.0000
vt 0.8983 0.9667 0.0000
vt 0.8958 0.8929 0.0000
vt 0.4834 0.5506 0.0000
vt 0.0107 0.5412 0.0000
vt 0.0234 0.5404 0.0000
vt 0.8523 0.2106 0.0000
vt 0.4953 0.4735 0.0000
vt 0.4888 0.4652 0.0000
vt 0.4953 0.4522 0.0000
vt 0.4742 0.4307 0.0000
vt 0.4768 0.4426 0.0000
vt 0.4657 0.8468 0.0000
vt 0.4318 0.8552 0.0000
vt 0.4145 0.8552 0.0000
vt 0.4267 0.8484 0.0000
vt 0.2634 0.4821 0.0000
vt 0.2564 0.5118 0.0000
vt 0.2570 0.4819 0.0000
vt 0.9735 0.8593 0.0000
vt 0.9643 0.8646 0.0000
vt 0.9565 0.8593 0.0000
vt 0.7935 0.5812 0.0000
vt 0.7785 0.5791 0.0000
vt 0.5146 0.0397 0.0000
vt 0.5075 0.0249 0.0000
vt 0.5157 0.0198 0.0000
vt 0.5192 0.0102 0.0000
vt 0.5131 0.0020 0.0000
vt 0.5297 0.0020 0.0000
vt 0.3257 0.5837 0.0000
vt 0.3436 0.5815 0.0000
vt 0.5445 0.2660 0.0000
vt 0.5530 0.2758 0.0000
vt 0.6947 0.5562 0.0000
vt 0.7393 0.7540 0.0000
vt 0.7466 0.7582 0.0000
vt 0.7403 0.7650 0.0000
vt 0.7759 0.9849 0.0000
vt 0.7656 0.9893 0.0000
vt 0.9917 0.6908 0.0000
vt 0.9804 0.6785 0.0000
vt 0.9905 0.6776 0.0000
vt 0.1856 0.4471 0.0000
vt 0.1724 0.4371 0.0000
vt 0.1874 0.4383 0.0000
vt 0.2743 0.0605 0.0000
vt 0.2605 0.0335 0.0000
vt 0.2619 0.0415 0.0000
vt 0.2534 0.0483 0.0000
vt 0.6680 0.1249 0.0000
vt 0.6673 0.1337 0.0000
vt 0.6535 0.1335 0.0000
vt 0.6075 0.9895 0.0000
vt 0.2187 0.2690 0.0000
vt 0.2191 0.2775 0.0000
vt 0.2093 0.2750 0.0000
vt 0.2922 0.4168 0.0000
vt 0.6752 0.6614 0.0000
vt 0.7397 0.0415 0.0000
vt 0.7397 0.0559 0.0000
vt 0.7391 0.9288 0.0000
vt 0.7466 0.9287 0.0000
vt 0.7421 0.9390 0.0000
vt 0.7466 0.9098 0.0000
vt 0.7401 0.8979 0.0000
vt 0.7466 0.8942 0.0000
vt 0.1734 0.5604 0.0000
vt 0.1605 0.5539 0.0000
vt 0.1801 0.5492 0.0000
vt 0.1560 0.5432 0.0000
vt 0.1455 0.5535 0.0000
vt 0.1109 0.2435 0.0000
vt 0.1267 0.2205 0.0000
vt 0.1411 0.2379 0.0000
vt 0.7652 0.7682 0.0000
vt 0.7560 0.7674 0.0000
vt 0.7641 0.7558 0.0000
vt 0.7583 0.8021 0.0000
vt 0.7560 0.7847 0.0000
vt 0.7601 0.7871 0.0000
vt 0.5427 0.1258 0.0000
vt 0.5527 0.1338 0.0000
vt 0.5343 0.1312 0.0000
vt 0.5687 0.1291 0.0000
vt 0.1972 0.8659 0.0000
vt 0.1989 0.8594 0.0000
vt 0.0718 0.7350 0.0000
vt 0.0882 0.7391 0.0000
vt 0.7621 0.0264 0.0000
vt 0.7620 0.0158 0.0000
vt 0.7731 0.0095 0.0000
vt 0.4852 0.5934 0.0000
vt 0.4877 0.6090 0.0000
vt 0.4568 0.1407 0.0000
vt 0.4452 0.1372 0.0000
vt 0.4816 0.1407 0.0000
vt 0.4698 0.1407 0.0000
vt 0.4793 0.1334 0.0000
vt 0.0214 0.1668 0.0000
vt 0.0435 0.1489 0.0000
vt 0.0369 0.1597 0.0000
vt 0.0114 0.8185 0.0000
vt 0.2208 0.9409 0.0000
vt 0.2379 0.9319 0.0000
vt 0.2363 0.9451 0.0000
vt 0.1765 0.3837 0.0000
vt 0.1572 0.4025 0.0000
vt 0.7789 0.4633 0.0000
vt 0.7811 0.4307 0.0000
vt 0.7954 0.4373 0.0000
vt 0.6920 0.0362 0.0000
vt 0.6618 0.0257 0.0000
vt 0.0296 0.3613 0.0000
vt 0.0099 0.3850 0.0000
vt 0.5322 0.5502 0.0000
vt 0.7303 0.2654 0.0000
vt 0.4717 0.7483 0.0000
vt 0.4484 0.7499 0.0000
vt 0.5167 0.2948 0.0000
vt 0.5189 0.2878 0.0000
vt 0.1822 0.0831 0.0000
vt 0.1719 0.0957 0.0000
vt 0.4623 0.7054 0.0000
vt 0.7729 0.1328 0.0000
vt 0.7791 0.1194 0.0000
vt 0.9293 0.1449 0.0000
vt 0.9373 0.1482 0.0000
vt 0.9211 0.1524 0.0000
vt 0.9659 0.1705 0.0000
vt 0.9445 0.1620 0.0000
vt 0.9604 0.1533 0.0000
vt 0.2580 0.8785 0.0000
vt 0.2588 0.8670 0.0000
vt 0.2664 0.8806 0.0000
vt 0.9821 0.1700 0.0000
vt 0.9415 0.8482 0.0000
vt 0.9495 0.8441 0.0000
vt 0.9535 0.8484 0.0000
vt 0.9787 0.8368 0.0000
vt 0.9653 0.8465 0.0000
vt 0.1610 0.0442 0.0000
vt 0.1866 0.0375 0.0000
vt 0.3506 0.1407 0.0000
vt 0.3307 0.1407 0.0000
vt 0.4164 0.2734 0.0000
vt 0.4011 0.2669 0.0000
vt 0.7402 0.2215 0.0000
vt 0.7466 0.2142 0.0000
vt 0.7466 0.2261 0.0000
vt 0.7466 0.2394 0.0000
vt 0.0747 0.8594 0.0000
vt 0.0936 0.8594 0.0000
vt 0.0861 0.8648 0.0000
vt 0.0652 0.8594 0.0000
vt 0.0612 0.8663 0.0000
vt 0.4601 0.4173 0.0000
vt 0.0569 0.2768 0.0000
vt 0.0681 0.2836 0.0000
vt 0.0675 0.3920 0.0000
vt 0.8257 0.1376 0.0000
vt 0.8515 0.1407 0.0000
vt 0.8253 0.1407 0.0000
vt 0.8681 0.1407 0.0000
vt 0.8885 0.1407 0.0000
vt 0.3820 0.8594 0.0000
vt 0.3757 0.8658 0.0000
vt 0.3719 0.8594 0.0000
vt 0.3863 0.8811 0.0000
vt 0.3884 0.8646 0.0000
vt 0.2638 0.8321 0.0000
vt 0.2651 0.8420 0.0000
vt 0.7399 0.4001 0.0000
vt 0.6026 0.1407 0.0000
vt 0.5685 0.1351 0.0000
vt 0.5958 0.1372 0.0000
vt 0.6349 0.1407 0.0000
vt 0.6211 0.1407 0.0000
vt 0.6252 0.1351 0.0000
vt 0.3565 0.7081 0.0000
vt 0.3832 0.7123 0.0000
vt 0.3628 0.7123 0.0000
vt 0.3487 0.7123 0.0000
vt 0.9257 0.4184 0.0000
vt 0.9222 0.4238 0.0000
vt 0.8135 0.5577 0.0000
vt 0.8521 0.3165 0.0000
vt 0.6479 0.7042 0.0000
vt 0.6652 0.7050 0.0000
vt 0.6508 0.7123 0.0000
vt 0.6850 0.7123 0.0000
vt 0.6669 0.7123 0.0000
vt 0.7975 0.2941 0.0000
vt 0.8091 0.2946 0.0000
vt 0.7777 0.2878 0.0000
vt 0.7902 0.2878 0.0000
vt 0.7786 0.2931 0.0000
vt 0.1978 0.1511 0.0000
vt 0.1984 0.1449 0.0000
vt 0.1659 0.1449 0.0000
vt 0.1704 0.1506 0.0000
vt 0.0381 0.2836 0.0000
vt 0.0188 0.2836 0.0000
vt 0.4889 0.3776 0.0000
vt 0.4888 0.3934 0.0000
vt 0.4770 0.3910 0.0000
vt 0.0762 0.2878 0.0000
vt 0.0955 0.2878 0.0000
vt 0.0852 0.2929 0.0000
vt 0.1197 0.2938 0.0000
vt 0.1204 0.2878 0.0000
vt 0.1339 0.2878 0.0000
vt 0.1531 0.1015 0.0000
vt 0.1415 0.1170 0.0000
vt 0.9368 0.4641 0.0000
vt 0.9216 0.4574 0.0000
vt 0.6273 0.7325 0.0000
vt 0.6396 0.7261 0.0000
vt 0.6319 0.7237 0.0000
vt 0.6412 0.7165 0.0000
vt 0.5915 0.3438 0.0000
vt 0.6095 0.3590 0.0000
vt 0.2315 0.4469 0.0000
vt 0.2440 0.4525 0.0000
vt 0.2370 0.4572 0.0000
vt 0.2392 0.4449 0.0000
vt 0.2807 0.6192 0.0000
vt 0.2722 0.6296 0.0000
vt 0.3006 0.6271 0.0000
vt 0.4378 0.8121 0.0000
vt 0.4573 0.8116 0.0000
vt 0.7605 0.8913 0.0000
vt 0.7651 0.9052 0.0000
vt 0.7560 0.8799 0.0000
vt 0.7561 0.8621 0.0000
vt 0.7616 0.8694 0.0000
vt 0.3996 0.9980 0.0000
vt 0.3877 0.9980 0.0000
vt 0.4037 0.9913 0.0000
vt 0.4368 0.9894 0.0000
vt 0.5628 0.8429 0.0000
vt 0.5613 0.8302 0.0000
vt 0.5487 0.8290 0.0000
vt 0.5446 0.8458 0.0000
vt 0.5329 0.3283 0.0000
vt 0.5433 0.3373 0.0000
vt 0.8518 0.2637 0.0000
vt 0.8668 0.2749 0.0000
vt 0.8516 0.2836 0.0000
vt 0.8581 0.2789 0.0000
vt 0.8636 0.2836 0.0000
vt 0.6680 0.2677 0.0000
vt 0.6490 0.2765 0.0000
vt 0.7197 0.2714 0.0000
vt 0.7054 0.2771 0.0000
vt 0.4953 0.7905 0.0000
vt 0.4953 0.7661 0.0000
vt 0.9068 0.1449 0.0000
vt 0.8969 0.1507 0.0000
vt 0.8794 0.1449 0.0000
vt 0.8830 0.1510 0.0000
vt 0.8693 0.1449 0.0000
vt 0.0962 0.7931 0.0000
vt 0.9336 0.1407 0.0000
vt 0.9757 0.1407 0.0000
vt 0.9589 0.1407 0.0000
vt 0.0670 0.2461 0.0000
vt 0.0971 0.2752 0.0000
vt 0.0816 0.2671 0.0000
vt 0.0987 0.2515 0.0000
vt 0.5234 0.8440 0.0000
vt 0.5271 0.8516 0.0000
vt 0.5137 0.8552 0.0000
vt 0.5047 0.8233 0.0000
vt 0.5140 0.8334 0.0000
vt 0.5047 0.8399 0.0000
vt 0.2640 0.5516 0.0000
vt 0.2636 0.5608 0.0000
vt 0.2561 0.5591 0.0000
vt 0.2534 0.5339 0.0000
vt 0.2534 0.4836 0.0000
vt 0.0974 0.7014 0.0000
vt 0.1127 0.7036 0.0000
vt 0.1008 0.7123 0.0000
vt 0.0874 0.7123 0.0000
vt 0.5047 0.2061 0.0000
vt 0.5142 0.1996 0.0000
vt 0.5146 0.2272 0.0000
vt 0.5047 0.2426 0.0000
vt 0.5127 0.2432 0.0000
vt 0.5080 0.2566 0.0000
vt 0.4190 0.4307 0.0000
vt 0.4565 0.4307 0.0000
vt 0.7332 0.7212 0.0000
vt 0.7327 0.7342 0.0000
vt 0.7221 0.7247 0.0000
vt 0.0360 0.5736 0.0000
vt 0.0233 0.5736 0.0000
vt 0.4771 0.3076 0.0000
vt 0.4731 0.3018 0.0000
vt 0.4602 0.2940 0.0000
vt 0.4187 0.0553 0.0000
vt 0.4563 0.0524 0.0000
vt 0.0112 0.2878 0.0000
vt 0.0235 0.2878 0.0000
vt 0.0146 0.2977 0.0000
vt 0.0021 0.1893 0.0000
vt 0.0021 0.2062 0.0000
vt 0.0112 0.2301 0.0000
vt 0.0050 0.2217 0.0000
vt 0.5143 0.8768 0.0000
vt 0.5142 0.8896 0.0000
vt 0.5047 0.8812 0.0000
vt 0.5112 0.9167 0.0000
vt 0.5047 0.9030 0.0000
vt 0.5132 0.9025 0.0000
vt 0.5468 0.4904 0.0000
vt 0.5891 0.5078 0.0000
vt 0.2087 0.0632 0.0000
vt 0.1902 0.0733 0.0000
vt 0.8091 0.8047 0.0000
vt 0.8181 0.7844 0.0000
vt 0.8130 0.7712 0.0000
vt 0.5682 0.4265 0.0000
vt 0.5846 0.4230 0.0000
vt 0.5855 0.4265 0.0000
vt 0.6136 0.4265 0.0000
vt 0.6079 0.4222 0.0000
vt 0.6212 0.4181 0.0000
vt 0.2823 0.2945 0.0000
vt 0.2563 0.3126 0.0000
vt 0.2534 0.3038 0.0000
vt 0.2617 0.3037 0.0000
vt 0.6895 0.8468 0.0000
vt 0.6866 0.8237 0.0000
vt 0.0913 0.1514 0.0000
vt 0.0963 0.1649 0.0000
vt 0.8459 0.3980 0.0000
vt 0.8397 0.3807 0.0000
vt 0.5848 0.5917 0.0000
vt 0.6032 0.6018 0.0000
vt 0.4686 0.8733 0.0000
vt 0.4592 0.8647 0.0000
vt 0.4747 0.8644 0.0000
vt 0.4953 0.8779 0.0000
vt 0.4861 0.8674 0.0000
vt 0.4953 0.8698 0.0000
vt 0.4488 0.8655 0.0000
vt 0.4491 0.8594 0.0000
vt 0.4635 0.8594 0.0000
vt 0.4239 0.8594 0.0000
vt 0.4146 0.8663 0.0000
vt 0.1760 0.8941 0.0000
vt 0.1430 0.8766 0.0000
vt 0.1714 0.8872 0.0000
vt 0.1467 0.8878 0.0000
vt 0.3029 0.4522 0.0000
vt 0.7902 0.4265 0.0000
vt 0.7857 0.4200 0.0000
vt 0.7999 0.4265 0.0000
vt 0.7730 0.4196 0.0000
vt 0.7676 0.4055 0.0000
vt 0.7797 0.4117 0.0000
vt 0.2759 0.0221 0.0000
vt 0.2700 0.0351 0.0000
vt 0.4774 0.1509 0.0000
vt 0.4861 0.1548 0.0000
vt 0.7990 0.4189 0.0000
vt 0.8137 0.4211 0.0000
vt 0.8259 0.4226 0.0000
vt 0.6741 0.8670 0.0000
vt 0.6749 0.8625 0.0000
vt 0.6917 0.8594 0.0000
vt 0.1403 0.2943 0.0000
vt 0.3796 0.2878 0.0000
vt 0.3936 0.2878 0.0000
vt 0.3806 0.2944 0.0000
vt 0.3860 0.3089 0.0000
vt 0.4133 0.3112 0.0000
vt 0.2113 0.9415 0.0000
vt 0.2121 0.9223 0.0000
vt 0.7415 0.3673 0.0000
vt 0.7395 0.3536 0.0000
vt 0.7466 0.3669 0.0000
vt 0.7466 0.3853 0.0000
vt 0.7399 0.3868 0.0000
vt 0.5966 0.7123 0.0000
vt 0.5786 0.7123 0.0000
vt 0.6109 0.7042 0.0000
vt 0.6196 0.7123 0.0000
vt 0.0784 0.4307 0.0000
vt 0.0979 0.4307 0.0000
vt 0.0841 0.4375 0.0000
vt 0.1278 0.4335 0.0000
vt 0.4545 0.1624 0.0000
vt 0.3021 0.0088 0.0000
vt 0.8598 0.5089 0.0000
vt 0.8513 0.5232 0.0000
vt 0.1286 0.7247 0.0000
vt 0.1461 0.7354 0.0000
vt 0.0949 0.7165 0.0000
vt 0.1113 0.7165 0.0000
vt 0.0986 0.7193 0.0000
vt 0.0382 0.9646 0.0000
vt 0.0370 0.9741 0.0000
vt 0.6361 0.4265 0.0000
vt 0.6778 0.4265 0.0000
vt 0.6661 0.4226 0.0000
vt 0.3282 0.0994 0.0000
vt 0.3663 0.0931 0.0000
vt 0.8307 0.9897 0.0000
vt 0.8021 0.9883 0.0000
vt 0.8053 0.9817 0.0000
vt 0.8171 0.9898 0.0000
vt 0.8361 0.7634 0.0000
vt 0.1768 0.6562 0.0000
vt 0.1901 0.6441 0.0000
vt 0.1918 0.6624 0.0000
vt 0.0913 0.6871 0.0000
vt 0.3643 0.5618 0.0000
vt 0.3766 0.5536 0.0000
vt 0.3835 0.5631 0.0000
vt 0.1290 0.5694 0.0000
vt 0.5311 0.1407 0.0000
vt 0.5264 0.1365 0.0000
vt 0.5437 0.1407 0.0000
vt 0.5128 0.1201 0.0000
vt 0.5204 0.1300 0.0000
vt 0.5121 0.1354 0.0000
vt 0.1720 0.2836 0.0000
vt 0.1526 0.2810 0.0000
vt 0.1197 0.2836 0.0000
vt 0.1138 0.2751 0.0000
vt 0.1298 0.2750 0.0000
vt 0.4492 0.7165 0.0000
vt 0.4660 0.7165 0.0000
vt 0.4105 0.7165 0.0000
vt 0.4278 0.7165 0.0000
vt 0.4215 0.7219 0.0000
vt 0.7926 0.1838 0.0000
vt 0.1392 0.6392 0.0000
vt 0.1176 0.6431 0.0000
vt 0.3092 0.2429 0.0000
vt 0.6285 0.0573 0.0000
vt 0.6400 0.0822 0.0000
vt 0.6483 0.1013 0.0000
vt 0.6944 0.6235 0.0000
vt 0.6584 0.6584 0.0000
vt 0.6745 0.6153 0.0000
vt 0.3049 0.3451 0.0000
vt 0.2934 0.3361 0.0000
vt 0.3485 0.6526 0.0000
vt 0.3333 0.6421 0.0000
vt 0.3606 0.6320 0.0000
vt 0.4739 0.9176 0.0000
vt 0.4879 0.9303 0.0000
vt 0.4869 0.9100 0.0000
vt 0.9876 0.4385 0.0000
vt 0.7734 0.2973 0.0000
vt 0.7615 0.3010 0.0000
vt 0.7657 0.2878 0.0000
vt 0.7727 0.0671 0.0000
vt 0.7812 0.0587 0.0000
vt 0.7667 0.0528 0.0000
vt 0.7650 0.0672 0.0000
vt 0.0720 0.7123 0.0000
vt 0.0590 0.7123 0.0000
vt 0.0459 0.7123 0.0000
vt 0.0300 0.1037 0.0000
vt 0.0264 0.0877 0.0000
vt 0.3518 0.9153 0.0000
vt 0.3480 0.9585 0.0000
vt 0.3644 0.9122 0.0000
vt 0.5514 0.9880 0.0000
vt 0.7347 0.1373 0.0000
vt 0.7159 0.1407 0.0000
vt 0.1538 0.5736 0.0000
vt 0.1678 0.5736 0.0000
vt 0.1621 0.5802 0.0000
vt 0.1408 0.5799 0.0000
vt 0.3278 0.5596 0.0000
vt 0.3080 0.5626 0.0000
vt 0.2936 0.5611 0.0000
vt 0.7743 0.9939 0.0000
vt 0.7850 0.9906 0.0000
vt 0.7899 0.9980 0.0000
vt 0.7939 0.9895 0.0000
vt 0.8091 0.9935 0.0000
vt 0.8022 0.9980 0.0000
vt 0.5095 0.5864 0.0000
vt 0.5123 0.5789 0.0000
vt 0.5223 0.5836 0.0000
vt 0.5350 0.5906 0.0000
vt 0.5399 0.5736 0.0000
vt 0.5469 0.5790 0.0000
vt 0.7783 0.1064 0.0000
vt 0.0234 0.5234 0.0000
vt 0.0146 0.4987 0.0000
vt 0.0244 0.4971 0.0000
vt 0.0123 0.5298 0.0000
vt 0.1075 0.5736 0.0000
vt 0.1203 0.5736 0.0000
vt 0.1136 0.5811 0.0000
vt 0.5186 0.7569 0.0000
vt 0.5353 0.7773 0.0000
vt 0.2383 0.5938 0.0000
vt 0.2440 0.5862 0.0000
vt 0.2440 0.5972 0.0000
vt 0.2271 0.5876 0.0000
vt 0.2158 0.5828 0.0000
vt 0.2236 0.5784 0.0000
vt 0.4883 0.2562 0.0000
vt 0.4889 0.2668 0.0000
vt 0.4777 0.2497 0.0000
vt 0.4896 0.2458 0.0000
vt 0.4755 0.1112 0.0000
vt 0.4809 0.1228 0.0000
vt 0.4785 0.0987 0.0000
vt 0.9979 0.7785 0.0000
vt 0.9979 0.7991 0.0000
vt 0.9979 0.8168 0.0000
vt 0.9979 0.8376 0.0000
vt 0.1492 0.4204 0.0000
vt 0.1674 0.4181 0.0000
vt 0.1611 0.4265 0.0000
vt 0.1736 0.4265 0.0000
vt 0.1849 0.4218 0.0000
vt 0.2050 0.4265 0.0000
vt 0.2359 0.1961 0.0000
vt 0.2217 0.2138 0.0000
vt 0.7645 0.5148 0.0000
vt 0.7585 0.4984 0.0000
vt 0.7646 0.5321 0.0000
vt 0.5403 0.8594 0.0000
vt 0.5553 0.8594 0.0000
vt 0.5467 0.8651 0.0000
vt 0.5278 0.8654 0.0000
vt 0.2678 0.9920 0.0000
vt 0.2786 0.9980 0.0000
vt 0.2534 0.9589 0.0000
vt 0.2633 0.9738 0.0000
vt 0.2534 0.9757 0.0000
vt 0.9979 0.0534 0.0000
vt 0.2612 0.6173 0.0000
vt 0.9674 0.8551 0.0000
vt 0.9777 0.8464 0.0000
vt 0.9777 0.8551 0.0000
vt 0.9897 0.8356 0.0000
vt 0.2440 0.2199 0.0000
vt 0.2440 0.2104 0.0000
vt 0.2370 0.2072 0.0000
vt 0.2440 0.1956 0.0000
vt 0.5606 0.6260 0.0000
vt 0.5452 0.6297 0.0000
vt 0.2806 0.2036 0.0000
vt 0.2993 0.2166 0.0000
vt 0.2894 0.2037 0.0000
vt 0.9852 0.2927 0.0000
vt 0.9893 0.3004 0.0000
vt 0.7684 0.4430 0.0000
vt 0.7667 0.4571 0.0000
vt 0.7560 0.4398 0.0000
vt 0.9847 0.1344 0.0000
vt 0.9886 0.1262 0.0000
vt 0.9936 0.1316 0.0000
vt 0.2714 0.6978 0.0000
vt 0.2534 0.2657 0.0000
vt 0.2534 0.2381 0.0000
vt 0.2556 0.2513 0.0000
vt 0.2656 0.2753 0.0000
vt 0.2627 0.2655 0.0000
vt 0.0171 0.1265 0.0000
vt 0.0084 0.1296 0.0000
vt 0.2381 0.4034 0.0000
vt 0.2257 0.4115 0.0000
vt 0.2278 0.3981 0.0000
vt 0.6365 0.2878 0.0000
vt 0.6223 0.2953 0.0000
vt 0.6150 0.2911 0.0000
vt 0.6003 0.2878 0.0000
vt 0.5226 0.4143 0.0000
vt 0.5276 0.4220 0.0000
vt 0.5153 0.4198 0.0000
vt 0.5150 0.4055 0.0000
vt 0.4320 0.1321 0.0000
vt 0.4053 0.1407 0.0000
vt 0.4181 0.1407 0.0000
vt 0.1048 0.1768 0.0000
vt 0.6732 0.1176 0.0000
vt 0.6810 0.0994 0.0000
vt 0.6649 0.1136 0.0000
vt 0.7087 0.9464 0.0000
vt 0.3702 0.7040 0.0000
vt 0.3600 0.6852 0.0000
vt 0.3767 0.6878 0.0000
vt 0.0831 0.9895 0.0000
vt 0.0708 0.9898 0.0000
vt 0.9896 0.8899 0.0000
vt 0.9904 0.9045 0.0000
vt 0.9933 0.8819 0.0000
vt 0.9835 0.8791 0.0000
vt 0.9895 0.8714 0.0000
vt 0.9979 0.9342 0.0000
vt 0.9979 0.9498 0.0000
vt 0.9772 0.9522 0.0000
vt 0.9686 0.9375 0.0000
vt 0.7412 0.7975 0.0000
vt 0.7466 0.7787 0.0000
vt 0.7466 0.8020 0.0000
vt 0.7397 0.8071 0.0000
vt 0.7466 0.8162 0.0000
vt 0.7832 0.2739 0.0000
vt 0.7641 0.2757 0.0000
vt 0.7780 0.2749 0.0000
vt 0.7796 0.2836 0.0000
vt 0.6372 0.0081 0.0000
vt 0.6177 0.8829 0.0000
vt 0.6042 0.8760 0.0000
vt 0.6104 0.8650 0.0000
vt 0.8063 0.2436 0.0000
vt 0.8257 0.2370 0.0000
vt 0.8353 0.2536 0.0000
vt 0.6639 0.3911 0.0000
vt 0.4953 0.6982 0.0000
vt 0.4764 0.7053 0.0000
vt 0.4874 0.7123 0.0000
vt 0.4739 0.7123 0.0000
vt 0.3047 0.4307 0.0000
vt 0.3103 0.4369 0.0000
vt 0.3228 0.4351 0.0000
vt 0.4695 0.2941 0.0000
vt 0.4586 0.2878 0.0000
vt 0.4181 0.2878 0.0000
vt 0.4404 0.2878 0.0000
vt 0.4312 0.2918 0.0000
vt 0.7645 0.8467 0.0000
vt 0.7750 0.8484 0.0000
vt 0.7405 0.6959 0.0000
vt 0.7338 0.7025 0.0000
vt 0.7595 0.2373 0.0000
vt 0.7560 0.2114 0.0000
vt 0.1683 0.4009 0.0000
vt 0.1080 0.1368 0.0000
vt 0.1021 0.1319 0.0000
vt 0.4214 0.0082 0.0000
vt 0.4296 0.0020 0.0000
vt 0.4387 0.0020 0.0000
vt 0.4024 0.0020 0.0000
vt 0.4082 0.0083 0.0000
vt 0.3939 0.0080 0.0000
vt 0.2294 0.6067 0.0000
vt 0.2384 0.6041 0.0000
vt 0.8504 0.6202 0.0000
vt 0.8172 0.6125 0.0000
vt 0.8555 0.6115 0.0000
vt 0.5137 0.4896 0.0000
vt 0.5257 0.5007 0.0000
vt 0.5095 0.4984 0.0000
vt 0.5080 0.4504 0.0000
vt 0.5087 0.4703 0.0000
vt 0.5047 0.4637 0.0000
vt 0.0897 0.4265 0.0000
vt 0.0764 0.4265 0.0000
vt 0.1564 0.1407 0.0000
vt 0.2721 0.5631 0.0000
vt 0.2777 0.5528 0.0000
vt 0.2821 0.5617 0.0000
vt 0.2987 0.5694 0.0000
vt 0.2876 0.5694 0.0000
vt 0.9493 0.6414 0.0000
vt 0.2282 0.2644 0.0000
vt 0.2354 0.2691 0.0000
vt 0.2371 0.2583 0.0000
vt 0.2440 0.2626 0.0000
vt 0.1458 0.0686 0.0000
vt 0.5181 0.1649 0.0000
vt 0.5091 0.1694 0.0000
vt 0.5112 0.1507 0.0000
vt 0.5288 0.1549 0.0000
vt 0.5261 0.1449 0.0000
vt 0.5380 0.1449 0.0000
vt 0.2344 0.8791 0.0000
vt 0.2440 0.8807 0.0000
vt 0.2368 0.8903 0.0000
vt 0.2232 0.8644 0.0000
vt 0.2377 0.8732 0.0000
vt 0.2284 0.8759 0.0000
vt 0.7764 0.0020 0.0000
vt 0.7649 0.0020 0.0000
vt 0.7921 0.0020 0.0000
vt 0.1842 0.6054 0.0000
vt 0.1676 0.6146 0.0000
vt 0.1696 0.6276 0.0000
vt 0.0264 0.1378 0.0000
vt 0.0348 0.1407 0.0000
vt 0.0127 0.1407 0.0000
vt 0.0362 0.1156 0.0000
vt 0.5820 0.0219 0.0000
vt 0.5639 0.0192 0.0000
vt 0.8176 0.8551 0.0000
vt 0.8057 0.8460 0.0000
vt 0.8187 0.8466 0.0000
vt 0.7926 0.8464 0.0000
vt 0.7943 0.8551 0.0000
vt 0.5137 0.4372 0.0000
vt 0.5051 0.4349 0.0000
vt 0.5272 0.4307 0.0000
vt 0.9531 0.2418 0.0000
vt 0.9479 0.2359 0.0000
vt 0.9641 0.2407 0.0000
vt 0.6680 0.7165 0.0000
vt 0.6809 0.7165 0.0000
vt 0.6887 0.7356 0.0000
vt 0.6807 0.2953 0.0000
vt 0.6887 0.3121 0.0000
vt 0.6550 0.3026 0.0000
vt 0.6623 0.2948 0.0000
vt 0.2784 0.9245 0.0000
vt 0.4953 0.2322 0.0000
vt 0.4953 0.2496 0.0000
vt 0.4953 0.2084 0.0000
vt 0.4953 0.2200 0.0000
vt 0.0397 0.8731 0.0000
vt 0.0483 0.8665 0.0000
vt 0.9171 0.7435 0.0000
vt 0.9349 0.7165 0.0000
vt 0.9480 0.7165 0.0000
vt 0.4774 0.0233 0.0000
vt 0.4893 0.0350 0.0000
vt 0.3906 0.9701 0.0000
vt 0.0205 0.4358 0.0000
vt 0.0318 0.4371 0.0000
vt 0.0021 0.4522 0.0000
vt 0.0112 0.4605 0.0000
vt 0.8043 0.0020 0.0000
vt 0.8240 0.0073 0.0000
vt 0.8173 0.0184 0.0000
vt 0.2534 0.4131 0.0000
vt 0.2558 0.3943 0.0000
vt 0.2534 0.3786 0.0000
vt 0.2534 0.3628 0.0000
vt 0.9414 0.1772 0.0000
vt 0.9441 0.1929 0.0000
vt 0.7914 0.4307 0.0000
vt 0.8314 0.4307 0.0000
vt 0.8151 0.4399 0.0000
vt 0.8134 0.4307 0.0000
vt 0.3222 0.8552 0.0000
vt 0.3215 0.8519 0.0000
vt 0.2964 0.8521 0.0000
vt 0.2582 0.7170 0.0000
vt 0.2764 0.7165 0.0000
vt 0.2706 0.7225 0.0000
vt 0.2611 0.7245 0.0000
vt 0.2627 0.7368 0.0000
vt 0.2534 0.7281 0.0000
vt 0.1931 0.5736 0.0000
vt 0.1977 0.5796 0.0000
vt 0.2013 0.5736 0.0000
vt 0.2155 0.5736 0.0000
vt 0.8305 0.1927 0.0000
vt 0.8118 0.1783 0.0000
vt 0.9267 0.4121 0.0000
vt 0.5161 0.9502 0.0000
vt 0.5095 0.9576 0.0000
vt 0.7319 0.1043 0.0000
vt 0.4786 0.7269 0.0000
vt 0.4899 0.7303 0.0000
vt 0.4859 0.7382 0.0000
vt 0.4791 0.4056 0.0000
vt 0.5947 0.5610 0.0000
vt 0.5962 0.5440 0.0000
vt 0.6530 0.2836 0.0000
vt 0.6634 0.2769 0.0000
vt 0.0503 0.2878 0.0000
vt 0.0650 0.2878 0.0000
vt 0.7211 0.6327 0.0000
vt 0.7385 0.6238 0.0000
vt 0.9288 0.5590 0.0000
vt 0.9438 0.5460 0.0000
vt 0.9446 0.5602 0.0000
vt 0.9045 0.5621 0.0000
vt 0.5047 0.6186 0.0000
vt 0.5047 0.6010 0.0000
vt 0.5082 0.6065 0.0000
vt 0.5140 0.5922 0.0000
vt 0.0191 0.8445 0.0000
vt 0.0233 0.8552 0.0000
vt 0.0486 0.8514 0.0000
vt 0.0667 0.8552 0.0000
vt 0.0217 0.7614 0.0000
vt 0.0463 0.7860 0.0000
vt 0.9833 0.3235 0.0000
vt 0.9827 0.3339 0.0000
vt 0.9610 0.3421 0.0000
vt 0.9731 0.3489 0.0000
vt 0.7086 0.9814 0.0000
vt 0.9979 0.2444 0.0000
vt 0.9979 0.2612 0.0000
vt 0.9918 0.2568 0.0000
vt 0.9979 0.2289 0.0000
vt 0.9909 0.2331 0.0000
vt 0.9913 0.2148 0.0000
vt 0.0695 0.0844 0.0000
vt 0.0895 0.0802 0.0000
vt 0.0860 0.0961 0.0000
vt 0.4815 0.9770 0.0000
vt 0.4881 0.9654 0.0000
vt 0.4953 0.9764 0.0000
vt 0.4774 0.9918 0.0000
vt 0.4858 0.9844 0.0000
vt 0.4860 0.9932 0.0000
vt 0.0709 0.6487 0.0000
vt 0.7330 0.7606 0.0000
vt 0.7299 0.7478 0.0000
vt 0.4630 0.0081 0.0000
vt 0.4516 0.0083 0.0000
vt 0.4634 0.0020 0.0000
vt 0.3017 0.1537 0.0000
vt 0.9554 0.0020 0.0000
vt 0.9734 0.0020 0.0000
vt 0.2912 0.5800 0.0000
vt 0.2905 0.5975 0.0000
vt 0.9444 0.8821 0.0000
vt 0.9448 0.8935 0.0000
vt 0.9354 0.8704 0.0000
vt 0.3875 0.1177 0.0000
vt 0.3467 0.1154 0.0000
vt 0.3422 0.1197 0.0000
vt 0.3325 0.1053 0.0000
vt 0.8560 0.0082 0.0000
vt 0.8356 0.0020 0.0000
vt 0.8603 0.0020 0.0000
vt 0.8756 0.0020 0.0000
vt 0.8823 0.0088 0.0000
vt 0.3739 0.1449 0.0000
vt 0.3942 0.1449 0.0000
vt 0.3858 0.1526 0.0000
vt 0.3463 0.1449 0.0000
vt 0.3639 0.1449 0.0000
vt 0.3488 0.1479 0.0000
vt 0.5148 0.1095 0.0000
vt 0.5047 0.1070 0.0000
vt 0.5047 0.0713 0.0000
vt 0.5072 0.0935 0.0000
vt 0.8478 0.9980 0.0000
vt 0.8955 0.9980 0.0000
vt 0.8763 0.9980 0.0000
vt 0.8836 0.9953 0.0000
vt 0.1584 0.7047 0.0000
vt 0.1540 0.7123 0.0000
vt 0.1338 0.7123 0.0000
vt 0.1470 0.7033 0.0000
vt 0.8958 0.8656 0.0000
vt 0.9045 0.8593 0.0000
vt 0.9269 0.8593 0.0000
vt 0.8856 0.8593 0.0000
vt 0.2440 0.7747 0.0000
vt 0.2440 0.7971 0.0000
vt 0.2376 0.7881 0.0000
vt 0.2440 0.7810 0.0000
vt 0.7599 0.6855 0.0000
vt 0.7631 0.6996 0.0000
vt 0.7560 0.6872 0.0000
vt 0.7594 0.6576 0.0000
vt 0.2864 0.1407 0.0000
vt 0.3163 0.1407 0.0000
vt 0.2987 0.1407 0.0000
vt 0.3054 0.1355 0.0000
vt 0.6312 0.1510 0.0000
vt 0.5952 0.1510 0.0000
vt 0.5540 0.9145 0.0000
vt 0.5837 0.5359 0.0000
vt 0.9819 0.9841 0.0000
vt 0.9922 0.9775 0.0000
vt 0.9851 0.9910 0.0000
vt 0.9831 0.0414 0.0000
vt 0.9777 0.0167 0.0000
vt 0.9763 0.0241 0.0000
vt 0.2380 0.0498 0.0000
vt 0.2440 0.0456 0.0000
vt 0.2440 0.0593 0.0000
vt 0.2440 0.0289 0.0000
vt 0.2440 0.0175 0.0000
vt 0.8339 0.8324 0.0000
vt 0.8334 0.8463 0.0000
vt 0.8501 0.8466 0.0000
vt 0.8503 0.8353 0.0000
vt 0.3270 0.7165 0.0000
vt 0.3408 0.7165 0.0000
vt 0.3843 0.7165 0.0000
vt 0.3710 0.7193 0.0000
vt 0.3635 0.7165 0.0000
vt 0.7405 0.6032 0.0000
vt 0.7330 0.5920 0.0000
vt 0.7466 0.5900 0.0000
vt 0.7370 0.5801 0.0000
vt 0.7357 0.5736 0.0000
vt 0.9926 0.7435 0.0000
vt 0.9979 0.7615 0.0000
vt 0.8274 0.1449 0.0000
vt 0.8500 0.1449 0.0000
vt 0.1025 0.1051 0.0000
vt 0.0887 0.1160 0.0000
vt 0.0823 0.1065 0.0000
vt 0.2702 0.4394 0.0000
vt 0.2621 0.4512 0.0000
vt 0.2628 0.4677 0.0000
vt 0.2534 0.4665 0.0000
vt 0.1671 0.8594 0.0000
vt 0.1764 0.8594 0.0000
vt 0.9897 0.4852 0.0000
vt 0.9979 0.4914 0.0000
vt 0.9979 0.4825 0.0000
vt 0.9916 0.4750 0.0000
vt 0.9979 0.4694 0.0000
vt 0.2146 0.8594 0.0000
vt 0.2080 0.8645 0.0000
vt 0.2235 0.8737 0.0000
vt 0.6393 0.9891 0.0000
vt 0.6339 0.9943 0.0000
vt 0.6487 0.9980 0.0000
vt 0.6542 0.9905 0.0000
vt 0.6774 0.9980 0.0000
vt 0.5528 0.4163 0.0000
vt 0.5404 0.4186 0.0000
vt 0.4464 0.8506 0.0000
vt 0.4565 0.8475 0.0000
vt 0.4578 0.8552 0.0000
vt 0.5070 0.3971 0.0000
vt 0.5047 0.3813 0.0000
vt 0.5134 0.3913 0.0000
vt 0.5144 0.3745 0.0000
vt 0.5069 0.3734 0.0000
vt 0.2270 0.9750 0.0000
vt 0.2565 0.7992 0.0000
vt 0.2534 0.7793 0.0000
vt 0.7466 0.3506 0.0000
vt 0.7392 0.3422 0.0000
vt 0.7466 0.3263 0.0000
vt 0.9780 0.1025 0.0000
vt 0.9905 0.0961 0.0000
vt 0.9580 0.1115 0.0000
vt 0.2534 0.1970 0.0000
vt 0.2534 0.2116 0.0000
vt 0.2613 0.2098 0.0000
vt 0.2821 0.2134 0.0000
vt 0.2622 0.2211 0.0000
vt 0.9908 0.1845 0.0000
vt 0.9979 0.1767 0.0000
vt 0.9979 0.2021 0.0000
vt 0.9979 0.1612 0.0000
vt 0.9908 0.1607 0.0000
vt 0.9977 0.1480 0.0000
vt 0.4068 0.2180 0.0000
vt 0.4294 0.2179 0.0000
vt 0.0180 0.0810 0.0000
vt 0.2363 0.3732 0.0000
vt 0.2440 0.3699 0.0000
vt 0.1233 0.9833 0.0000
vt 0.1339 0.9891 0.0000
vt 0.1143 0.9898 0.0000
vt 0.7643 0.1861 0.0000
vt 0.4887 0.8858 0.0000
vt 0.4953 0.8954 0.0000
vt 0.5088 0.0098 0.0000
vt 0.7393 0.8835 0.0000
vt 0.0025 0.2832 0.0000
vt 0.0021 0.2727 0.0000
vt 0.0116 0.2732 0.0000
vt 0.0021 0.2653 0.0000
vt 0.0021 0.2533 0.0000
vt 0.0726 0.3409 0.0000
vt 0.7125 0.4228 0.0000
vt 0.7143 0.4169 0.0000
vt 0.7261 0.4209 0.0000
vt 0.7299 0.4265 0.0000
vt 0.7185 0.4265 0.0000
vt 0.9294 0.2836 0.0000
vt 0.3238 0.9699 0.0000
vt 0.3439 0.9702 0.0000
vt 0.7795 0.8652 0.0000
vt 0.7750 0.8792 0.0000
vt 0.7747 0.8960 0.0000
vt 0.4322 0.5615 0.0000
vt 0.4465 0.5629 0.0000
vt 0.4554 0.5551 0.0000
vt 0.4634 0.5617 0.0000
vt 0.3140 0.8616 0.0000
vt 0.3220 0.8594 0.0000
vt 0.3378 0.8628 0.0000
vt 0.3671 0.8658 0.0000
vt 0.3506 0.8654 0.0000
vt 0.3546 0.4218 0.0000
vt 0.3393 0.4177 0.0000
vt 0.2440 0.0782 0.0000
vt 0.2440 0.1016 0.0000
vt 0.4294 0.4265 0.0000
vt 0.4360 0.4218 0.0000
vt 0.4452 0.4265 0.0000
vt 0.4243 0.4064 0.0000
vt 0.4414 0.3968 0.0000
vt 0.4310 0.4172 0.0000
vt 0.5047 0.7947 0.0000
vt 0.5086 0.7880 0.0000
vt 0.5134 0.7964 0.0000
vt 0.9529 0.5130 0.0000
vt 0.9162 0.6201 0.0000
vt 0.9492 0.6163 0.0000
vt 0.2440 0.8173 0.0000
vt 0.3450 0.2583 0.0000
vt 0.3481 0.2752 0.0000
vt 0.5879 0.2836 0.0000
vt 0.5849 0.2759 0.0000
vt 0.5970 0.2768 0.0000
vt 0.6268 0.2767 0.0000
vt 0.6025 0.2836 0.0000
vt 0.4809 0.5623 0.0000
vt 0.1981 0.8318 0.0000
vt 0.1832 0.8390 0.0000
vt 0.1904 0.8467 0.0000
vt 0.1727 0.8468 0.0000
vt 0.3825 0.5431 0.0000
vt 0.4033 0.5446 0.0000
vt 0.4435 0.5978 0.0000
vt 0.4506 0.5911 0.0000
vt 0.6931 0.2748 0.0000
vt 0.6971 0.2836 0.0000
vt 0.6807 0.2836 0.0000
vt 0.2229 0.2878 0.0000
vt 0.2368 0.2878 0.0000
vt 0.2290 0.2977 0.0000
vt 0.2379 0.3167 0.0000
vt 0.2440 0.3076 0.0000
vt 0.2440 0.3223 0.0000
vt 0.7909 0.7074 0.0000
vt 0.7951 0.7123 0.0000
vt 0.7843 0.7123 0.0000
vt 0.8130 0.7123 0.0000
vt 0.8287 0.7081 0.0000
vt 0.8379 0.7123 0.0000
vt 0.8670 0.7226 0.0000
vt 0.8343 0.7165 0.0000
vt 0.4399 0.7431 0.0000
vt 0.5082 0.3391 0.0000
vt 0.5076 0.3250 0.0000
vt 0.5047 0.3618 0.0000
vt 0.4522 0.7044 0.0000
vt 0.4412 0.7031 0.0000
vt 0.4267 0.7092 0.0000
vt 0.6956 0.5736 0.0000
vt 0.7040 0.5736 0.0000
vt 0.0465 0.7440 0.0000
vt 0.0568 0.7327 0.0000
vt 0.0476 0.7268 0.0000
vt 0.0021 0.2319 0.0000
vt 0.2440 0.4836 0.0000
vt 0.2440 0.5339 0.0000
vt 0.2392 0.5497 0.0000
vt 0.7328 0.8449 0.0000
vt 0.7224 0.8495 0.0000
vt 0.0326 0.7123 0.0000
vt 0.2900 0.1127 0.0000
vt 0.2763 0.1040 0.0000
vt 0.2766 0.1125 0.0000
vt 0.2665 0.1052 0.0000
vt 0.7798 0.5605 0.0000
vt 0.7657 0.5602 0.0000
vt 0.7716 0.5546 0.0000
vt 0.9756 0.4203 0.0000
vt 0.9897 0.4140 0.0000
vt 0.9847 0.4265 0.0000
vt 0.1846 0.2948 0.0000
vt 0.1905 0.3102 0.0000
vt 0.1764 0.2968 0.0000
vt 0.0804 0.0205 0.0000
vt 0.0705 0.0115 0.0000
vt 0.0785 0.0020 0.0000
vt 0.2553 0.6593 0.0000
vt 0.2614 0.6798 0.0000
vt 0.5083 0.5560 0.0000
vt 0.5129 0.5385 0.0000
vt 0.5200 0.5497 0.0000
vt 0.5164 0.5615 0.0000
vt 0.0824 0.5515 0.0000
vt 0.0663 0.5612 0.0000
vt 0.5102 0.8677 0.0000
vt 0.5194 0.8594 0.0000
vt 0.5201 0.8693 0.0000
vt 0.5047 0.8731 0.0000
vt 0.9240 0.8551 0.0000
vt 0.9479 0.8551 0.0000
vt 0.5719 0.2778 0.0000
vt 0.5756 0.2836 0.0000
vt 0.5485 0.2806 0.0000
vt 0.5614 0.2836 0.0000
vt 0.0253 0.6860 0.0000
vt 0.0222 0.6726 0.0000
vt 0.0255 0.7052 0.0000
vt 0.3046 0.7029 0.0000
vt 0.3004 0.7084 0.0000
vt 0.2910 0.7047 0.0000
vt 0.3177 0.7123 0.0000
vt 0.3172 0.7032 0.0000
vt 0.3313 0.7083 0.0000
vt 0.4888 0.3377 0.0000
vt 0.4758 0.3419 0.0000
vt 0.4891 0.3549 0.0000
vt 0.4167 0.2574 0.0000
vt 0.7395 0.2659 0.0000
vt 0.7323 0.2754 0.0000
vt 0.7186 0.2786 0.0000
vt 0.7257 0.2836 0.0000
vt 0.7090 0.2836 0.0000
vt 0.8443 0.2878 0.0000
vt 0.8331 0.2878 0.0000
vt 0.8212 0.2878 0.0000
vt 0.8078 0.2878 0.0000
vt 0.7324 0.0308 0.0000
vt 0.7373 0.0163 0.0000
vt 0.7396 0.0292 0.0000
vt 0.8736 0.0457 0.0000
vt 0.8807 0.1095 0.0000
vt 0.8903 0.1192 0.0000
vt 0.8684 0.1180 0.0000
vt 0.7354 0.6107 0.0000
vt 0.7588 0.7522 0.0000
vt 0.8558 0.5655 0.0000
vt 0.8715 0.5662 0.0000
vt 0.5178 0.7077 0.0000
vt 0.9979 0.8530 0.0000
vt 0.9900 0.8463 0.0000
vt 0.7649 0.7981 0.0000
vt 0.7595 0.8085 0.0000
vt 0.7661 0.8077 0.0000
vt 0.8981 0.3822 0.0000
vt 0.2799 0.0791 0.0000
vt 0.2119 0.1339 0.0000
vt 0.2271 0.1304 0.0000
vt 0.0456 0.4169 0.0000
vt 0.0343 0.4190 0.0000
vt 0.0127 0.8552 0.0000
vt 0.0096 0.8474 0.0000
vt 0.0123 0.8352 0.0000
vt 0.0044 0.8232 0.0000
vt 0.2140 0.7783 0.0000
vt 0.1858 0.7674 0.0000
vt 0.9979 0.7034 0.0000
vt 0.9979 0.6801 0.0000
vt 0.9675 0.7004 0.0000
vt 0.9802 0.7025 0.0000
vt 0.9782 0.7123 0.0000
vt 0.0720 0.8470 0.0000
vt 0.0683 0.8515 0.0000
vt 0.1155 0.8552 0.0000
vt 0.0992 0.8552 0.0000
vt 0.1030 0.8504 0.0000
vt 0.4953 0.6731 0.0000
vt 0.7737 0.1094 0.0000
vt 0.8712 0.8551 0.0000
vt 0.8880 0.8528 0.0000
vt 0.8518 0.8551 0.0000
vt 0.8592 0.8509 0.0000
vt 0.8635 0.8551 0.0000
vt 0.4789 0.0128 0.0000
vt 0.4712 0.0020 0.0000
vt 0.4800 0.0020 0.0000
vt 0.4953 0.0191 0.0000
vt 0.4953 0.0349 0.0000
vt 0.4886 0.0154 0.0000
vt 0.0110 0.4825 0.0000
vt 0.0114 0.5145 0.0000
vt 0.0021 0.4926 0.0000
vt 0.0021 0.4735 0.0000
vt 0.3829 0.8519 0.0000
vt 0.4065 0.8470 0.0000
vt 0.4138 0.1531 0.0000
vt 0.4017 0.1537 0.0000
vt 0.2244 0.1449 0.0000
vt 0.2311 0.1511 0.0000
vt 0.2746 0.2929 0.0000
vt 0.2686 0.3013 0.0000
vt 0.2644 0.2945 0.0000
vt 0.9875 0.2685 0.0000
vt 0.9858 0.2780 0.0000
vt 0.5222 0.5141 0.0000
vt 0.5123 0.5239 0.0000
vt 0.2440 0.9116 0.0000
vt 0.2440 0.8955 0.0000
vt 0.7560 0.4170 0.0000
vt 0.7560 0.3977 0.0000
vt 0.7582 0.4121 0.0000
vt 0.2228 0.6678 0.0000
vt 0.2320 0.6642 0.0000
vt 0.2367 0.6712 0.0000
vt 0.2184 0.6555 0.0000
vt 0.0153 0.0507 0.0000
vt 0.0114 0.0406 0.0000
vt 0.4889 0.9540 0.0000
vt 0.4897 0.9452 0.0000
vt 0.4953 0.9365 0.0000
vt 0.5824 0.0723 0.0000
vt 0.5760 0.0494 0.0000
vt 0.4587 0.4443 0.0000
vt 0.4386 0.4472 0.0000
vt 0.4012 0.4450 0.0000
vt 0.9243 0.3209 0.0000
vt 0.6967 0.1363 0.0000
vt 0.6878 0.1338 0.0000
vt 0.7063 0.1331 0.0000
vt 0.7067 0.1407 0.0000
vt 0.3591 0.2951 0.0000
vt 0.3647 0.2878 0.0000
vt 0.3315 0.2878 0.0000
vt 0.3463 0.2878 0.0000
vt 0.5804 0.6688 0.0000
vt 0.5806 0.6938 0.0000
vt 0.5963 0.6853 0.0000
vt 0.7592 0.9434 0.0000
vt 0.7560 0.9892 0.0000
vt 0.7560 0.9658 0.0000
vt 0.7608 0.9790 0.0000
vt 0.8291 0.2790 0.0000
vt 0.8204 0.2836 0.0000
vt 0.4308 0.9980 0.0000
vt 0.9738 0.7246 0.0000
vt 0.5256 0.5779 0.0000
vt 0.9505 0.2646 0.0000
vt 0.9381 0.2640 0.0000
vt 0.9468 0.2726 0.0000
vt 0.9501 0.2789 0.0000
vt 0.9305 0.2722 0.0000
vt 0.0678 0.5736 0.0000
vt 0.0807 0.5736 0.0000
vt 0.0632 0.5798 0.0000
vt 0.0534 0.5803 0.0000
vt 0.7560 0.0539 0.0000
vt 0.7560 0.0415 0.0000
vt 0.7659 0.0460 0.0000
vt 0.7560 0.0319 0.0000
vt 0.7560 0.0217 0.0000
vt 0.8916 0.7664 0.0000
vt 0.8940 0.7503 0.0000
vt 0.9104 0.7552 0.0000
vt 0.2030 0.4377 0.0000
vt 0.2210 0.4391 0.0000
vt 0.2101 0.4307 0.0000
vt 0.2215 0.4307 0.0000
vt 0.1123 0.8467 0.0000
vt 0.0977 0.8463 0.0000
vt 0.1027 0.8406 0.0000
vt 0.1254 0.8397 0.0000
vt 0.1455 0.8461 0.0000
vt 0.1325 0.8498 0.0000
vt 0.1942 0.2836 0.0000
vt 0.1939 0.2774 0.0000
vt 0.2064 0.2836 0.0000
vt 0.1809 0.2761 0.0000
vt 0.1827 0.2836 0.0000
vt 0.0021 0.5432 0.0000
vt 0.0021 0.5316 0.0000
vt 0.0133 0.5510 0.0000
vt 0.0090 0.5664 0.0000
vt 0.0057 0.5564 0.0000
vt 0.2828 0.7050 0.0000
vt 0.2646 0.7049 0.0000
vt 0.2629 0.6901 0.0000
vt 0.2534 0.6889 0.0000
vt 0.2534 0.6751 0.0000
vt 0.1844 0.2536 0.0000
vt 0.8560 0.4197 0.0000
vt 0.8682 0.4180 0.0000
vt 0.8675 0.4265 0.0000
vt 0.8802 0.3613 0.0000
vt 0.4771 0.4167 0.0000
vt 0.4787 0.4265 0.0000
vt 0.4859 0.4178 0.0000
vt 0.4953 0.4156 0.0000
vt 0.4949 0.4261 0.0000
vt 0.9686 0.4151 0.0000
vt 0.9848 0.4092 0.0000
vt 0.7305 0.5152 0.0000
vt 0.5305 0.8552 0.0000
vt 0.5443 0.8552 0.0000
vt 0.2092 0.7123 0.0000
vt 0.3739 0.9941 0.0000
vt 0.3798 0.9980 0.0000
vt 0.3627 0.9980 0.0000
vt 0.7466 0.1887 0.0000
vt 0.7466 0.2017 0.0000
vt 0.7390 0.1908 0.0000
vt 0.5078 0.4884 0.0000
vt 0.5047 0.4745 0.0000
vt 0.0021 0.7986 0.0000
vt 0.0060 0.7874 0.0000
vt 0.0112 0.7970 0.0000
vt 0.0021 0.7873 0.0000
vt 0.0113 0.7835 0.0000
vt 0.4139 0.3296 0.0000
vt 0.1243 0.2089 0.0000
vt 0.1456 0.1982 0.0000
vt 0.1536 0.2176 0.0000
vt 0.2055 0.8471 0.0000
vt 0.2182 0.8409 0.0000
vt 0.2283 0.8499 0.0000
vt 0.2302 0.8412 0.0000
vt 0.2440 0.8404 0.0000
vt 0.6557 0.8516 0.0000
vt 0.6352 0.8470 0.0000
vt 0.6350 0.8552 0.0000
vt 0.1910 0.4798 0.0000
vt 0.7466 0.5532 0.0000
vt 0.7321 0.5650 0.0000
vt 0.7343 0.5532 0.0000
vt 0.1499 0.2878 0.0000
vt 0.1676 0.2878 0.0000
vt 0.2944 0.8639 0.0000
vt 0.9454 0.1531 0.0000
vt 0.2857 0.0052 0.0000
vt 0.2809 0.0115 0.0000
vt 0.2726 0.0114 0.0000
vt 0.2610 0.0020 0.0000
vt 0.2739 0.0020 0.0000
vt 0.8896 0.0020 0.0000
vt 0.1062 0.5161 0.0000
vt 0.2894 0.6199 0.0000
vt 0.9174 0.1407 0.0000
vt 0.9138 0.1369 0.0000
vt 0.8867 0.1374 0.0000
vt 0.4318 0.5763 0.0000
vt 0.8101 0.0173 0.0000
vt 0.8176 0.0020 0.0000
vt 0.3183 0.2878 0.0000
vt 0.2990 0.2878 0.0000
vt 0.2854 0.2878 0.0000
vt 0.0729 0.6132 0.0000
vt 0.0663 0.5874 0.0000
vt 0.0696 0.6009 0.0000
vt 0.2244 0.3838 0.0000
vt 0.0803 0.2478 0.0000
vt 0.1014 0.2383 0.0000
vt 0.3430 0.8270 0.0000
vt 0.3403 0.8183 0.0000
vt 0.7657 0.2631 0.0000
vt 0.4953 0.9845 0.0000
vt 0.4952 0.9950 0.0000
vt 0.2440 0.9513 0.0000
vt 0.2440 0.9415 0.0000
vt 0.1138 0.7123 0.0000
vt 0.1275 0.7065 0.0000
vt 0.3742 0.4367 0.0000
vt 0.3687 0.4307 0.0000
vt 0.3860 0.4307 0.0000
vt 0.1114 0.4307 0.0000
vt 0.6906 0.0171 0.0000
vt 0.7165 0.0454 0.0000
vt 0.0021 0.9739 0.0000
vt 0.0058 0.9622 0.0000
vt 0.0227 0.9980 0.0000
vt 0.0051 0.9980 0.0000
vt 0.0148 0.9925 0.0000
vt 0.9253 0.5736 0.0000
vt 0.9047 0.5767 0.0000
vt 0.8869 0.5768 0.0000
vt 0.8698 0.5768 0.0000
vt 0.4827 0.8594 0.0000
vt 0.6941 0.1759 0.0000
vt 0.7002 0.1836 0.0000
vt 0.8415 0.8653 0.0000
vt 0.8286 0.8593 0.0000
vt 0.7886 0.8593 0.0000
vt 0.8061 0.8593 0.0000
vt 0.4869 0.8552 0.0000
vt 0.4953 0.8344 0.0000
vt 0.4883 0.8388 0.0000
vt 0.2056 0.6842 0.0000
vt 0.5954 0.5808 0.0000
vt 0.5979 0.5736 0.0000
vt 0.5874 0.5791 0.0000
vt 0.8761 0.3057 0.0000
vt 0.8944 0.3054 0.0000
vt 0.8891 0.2878 0.0000
vt 0.9064 0.2944 0.0000
vt 0.8858 0.2949 0.0000
vt 0.7411 0.7245 0.0000
vt 0.7466 0.7318 0.0000
vt 0.0192 0.5810 0.0000
vt 0.0284 0.5929 0.0000
vt 0.0166 0.5940 0.0000
vt 0.5956 0.8902 0.0000
vt 0.4349 0.8753 0.0000
vt 0.4389 0.8653 0.0000
vt 0.4384 0.8594 0.0000
vt 0.4242 0.8656 0.0000
vt 0.4887 0.0622 0.0000
vt 0.4756 0.0691 0.0000
vt 0.0768 0.4598 0.0000
vt 0.0974 0.4516 0.0000
vt 0.1885 0.5653 0.0000
vt 0.1697 0.5650 0.0000
vt 0.3693 0.1941 0.0000
vt 0.3543 0.1823 0.0000
vt 0.1706 0.6384 0.0000
vt 0.6706 0.8507 0.0000
vt 0.6767 0.8552 0.0000
vt 0.6613 0.8552 0.0000
vt 0.5047 0.7678 0.0000
vt 0.5047 0.7547 0.0000
vt 0.5139 0.7605 0.0000
vt 0.2379 0.0191 0.0000
vt 0.2227 0.0020 0.0000
vt 0.2350 0.0020 0.0000
vt 0.2291 0.0082 0.0000
vt 0.6736 0.7260 0.0000
vt 0.6655 0.7230 0.0000
vt 0.6552 0.7225 0.0000
vt 0.6470 0.7243 0.0000
vt 0.6494 0.7165 0.0000
vt 0.4783 0.5259 0.0000
vt 0.1915 0.1542 0.0000
vt 0.1902 0.1449 0.0000
vt 0.3548 0.7451 0.0000
vt 0.6035 0.8182 0.0000
vt 0.5776 0.8162 0.0000
vt 0.0889 0.3870 0.0000
vt 0.0942 0.4011 0.0000
vt 0.9724 0.0634 0.0000
vt 0.7582 0.0830 0.0000
vt 0.7560 0.0620 0.0000
vt 0.5806 0.1662 0.0000
vt 0.5450 0.1772 0.0000
vt 0.9505 0.5648 0.0000
vt 0.9636 0.5694 0.0000
vt 0.9540 0.5694 0.0000
vt 0.9346 0.5660 0.0000
vt 0.8189 0.5386 0.0000
vt 0.1906 0.1160 0.0000
vt 0.1874 0.1341 0.0000
vt 0.0680 0.4265 0.0000
vt 0.0890 0.3588 0.0000
vt 0.0894 0.3417 0.0000
vt 0.7211 0.5631 0.0000
vt 0.7156 0.5694 0.0000
vt 0.7113 0.5562 0.0000
vt 0.8505 0.1336 0.0000
vt 0.8372 0.1273 0.0000
vt 0.8399 0.1358 0.0000
vt 0.2330 0.4183 0.0000
vt 0.2194 0.4221 0.0000
vt 0.2357 0.4121 0.0000
vt 0.6764 0.6003 0.0000
vt 0.6601 0.5794 0.0000
vt 0.2374 0.3290 0.0000
vt 0.5084 0.0406 0.0000
vt 0.5127 0.0529 0.0000
vt 0.5076 0.0599 0.0000
vt 0.2950 0.3913 0.0000
vt 0.2787 0.4067 0.0000
vt 0.8698 0.4359 0.0000
vt 0.8789 0.4388 0.0000
vt 0.4702 0.2878 0.0000
vt 0.4862 0.2878 0.0000
vt 0.4812 0.2937 0.0000
vt 0.4953 0.3032 0.0000
vt 0.4884 0.3152 0.0000
vt 0.1331 0.2836 0.0000
vt 0.4779 0.7407 0.0000
vt 0.4905 0.7477 0.0000
vt 0.4730 0.7351 0.0000
vt 0.3997 0.7165 0.0000
vt 0.3902 0.7214 0.0000
vt 0.6879 0.3848 0.0000
vt 0.7050 0.3767 0.0000
vt 0.6302 0.9214 0.0000
vt 0.9909 0.5265 0.0000
vt 0.9926 0.5111 0.0000
vt 0.9979 0.5137 0.0000
vt 0.9979 0.5056 0.0000
vt 0.2958 0.8807 0.0000
vt 0.6966 0.4229 0.0000
vt 0.4313 0.0209 0.0000
vt 0.5262 0.6722 0.0000
vt 0.5047 0.6562 0.0000
vt 0.5078 0.6403 0.0000
vt 0.5133 0.6554 0.0000
vt 0.2632 0.0146 0.0000
vt 0.2642 0.0235 0.0000
vt 0.4881 0.1640 0.0000
vt 0.4953 0.1595 0.0000
vt 0.5243 0.0266 0.0000
vt 0.5446 0.0080 0.0000
vt 0.5351 0.0159 0.0000
vt 0.5270 0.0084 0.0000
vt 0.7466 0.5284 0.0000
vt 0.7398 0.5087 0.0000
vt 0.0179 0.4093 0.0000
vt 0.0021 0.4024 0.0000
vt 0.0021 0.3874 0.0000
vt 0.0044 0.3960 0.0000
vt 0.2314 0.7214 0.0000
vt 0.2440 0.7318 0.0000
vt 0.2440 0.7494 0.0000
vt 0.5846 0.4337 0.0000
vt 0.6143 0.4307 0.0000
vt 0.5786 0.4560 0.0000
vt 0.5796 0.4379 0.0000
vt 0.8308 0.5636 0.0000
vt 0.7377 0.8353 0.0000
vt 0.7466 0.8428 0.0000
vt 0.7415 0.8455 0.0000
vt 0.7466 0.8321 0.0000
vt 0.7301 0.6829 0.0000
vt 0.7391 0.6703 0.0000
vt 0.7192 0.6805 0.0000
vt 0.6535 0.0020 0.0000
vt 0.6373 0.0020 0.0000
vt 0.7805 0.8230 0.0000
vt 0.1530 0.6785 0.0000
vt 0.1650 0.6787 0.0000
vt 0.1608 0.6895 0.0000
vt 0.1626 0.6734 0.0000
vt 0.4796 0.6888 0.0000
vt 0.4726 0.6781 0.0000
vt 0.4825 0.6790 0.0000
vt 0.9150 0.8238 0.0000
vt 0.0202 0.8670 0.0000
vt 0.0095 0.8669 0.0000
vt 0.2255 0.1161 0.0000
vt 0.2243 0.1078 0.0000
vt 0.4371 0.8468 0.0000
vt 0.9408 0.2944 0.0000
vt 0.9531 0.2976 0.0000
vt 0.8047 0.4307 0.0000
vt 0.8054 0.4395 0.0000
vt 0.3652 0.8465 0.0000
vt 0.7407 0.9711 0.0000
vt 0.7334 0.9624 0.0000
vt 0.0161 0.0088 0.0000
vt 0.0093 0.0020 0.0000
vt 0.0232 0.0020 0.0000
vt 0.0283 0.0076 0.0000
vt 0.7651 0.8593 0.0000
vt 0.7748 0.8593 0.0000
vt 0.9925 0.5890 0.0000
vt 0.9853 0.5818 0.0000
vt 0.9887 0.5736 0.0000
vt 0.0287 0.1671 0.0000
vt 0.0338 0.1875 0.0000
vt 0.3189 0.1311 0.0000
vt 0.3234 0.1355 0.0000
vt 0.4477 0.4373 0.0000
vt 0.4342 0.4307 0.0000
vt 0.4454 0.4307 0.0000
vt 0.0574 0.4380 0.0000
vt 0.0505 0.4359 0.0000
vt 0.2624 0.4394 0.0000
vt 0.2874 0.4307 0.0000
vt 0.2813 0.4341 0.0000
vt 0.2759 0.4307 0.0000
vt 0.4561 0.4701 0.0000
vt 0.1959 0.0020 0.0000
vt 0.1507 0.0020 0.0000
vt 0.1699 0.0020 0.0000
vt 0.6274 0.8594 0.0000
vt 0.6480 0.8594 0.0000
vt 0.6730 0.8594 0.0000
vt 0.6575 0.8650 0.0000
vt 0.0094 0.6715 0.0000
vt 0.0021 0.6591 0.0000
vt 0.4502 0.0020 0.0000
vt 0.7219 0.0020 0.0000
vt 0.6960 0.0020 0.0000
vt 0.7110 0.0020 0.0000
vt 0.7067 0.0069 0.0000
vt 0.3376 0.0555 0.0000
vt 0.0838 0.3011 0.0000
vt 0.5510 0.3012 0.0000
vt 0.9495 0.7245 0.0000
vt 0.0433 0.1319 0.0000
vt 0.0690 0.1326 0.0000
vt 0.0725 0.1407 0.0000
vt 0.3534 0.9946 0.0000
vt 0.3423 0.9980 0.0000
vt 0.7986 0.7165 0.0000
vt 0.8070 0.7165 0.0000
vt 0.7703 0.7236 0.0000
vt 0.7794 0.7165 0.0000
vt 0.0189 0.2549 0.0000
vt 0.0325 0.2457 0.0000
vt 0.9629 0.7071 0.0000
vt 0.9533 0.7074 0.0000
vt 0.3981 0.2836 0.0000
vt 0.4063 0.2799 0.0000
vt 0.4180 0.2836 0.0000
vt 0.3862 0.2803 0.0000
vt 0.4327 0.7348 0.0000
vt 0.4385 0.7165 0.0000
vt 0.4364 0.7233 0.0000
vt 0.2334 0.5895 0.0000
vt 0.2344 0.5803 0.0000
vt 0.5120 0.7252 0.0000
vt 0.0021 0.9058 0.0000
vt 0.0098 0.9207 0.0000
vt 0.0021 0.9176 0.0000
vt 0.0340 0.9335 0.0000
vt 0.0105 0.9310 0.0000
vt 0.0189 0.9205 0.0000
vt 0.7726 0.2367 0.0000
vt 0.7828 0.2300 0.0000
vt 0.6935 0.7585 0.0000
vt 0.8083 0.1349 0.0000
vt 0.8128 0.1407 0.0000
vt 0.7888 0.1407 0.0000
vt 0.7974 0.1407 0.0000
vt 0.9008 0.7199 0.0000
vt 0.9047 0.7165 0.0000
vt 0.9155 0.7197 0.0000
vt 0.9231 0.7165 0.0000
vt 0.9298 0.7230 0.0000
vt 0.3156 0.3202 0.0000
vt 0.3161 0.2953 0.0000
vt 0.1857 0.8552 0.0000
vt 0.1958 0.8552 0.0000
vt 0.2086 0.8516 0.0000
vt 0.9979 0.4562 0.0000
vt 0.2661 0.0509 0.0000
vt 0.1531 0.1102 0.0000
vt 0.1698 0.1049 0.0000
vt 0.0113 0.6246 0.0000
vt 0.0087 0.6086 0.0000
vt 0.0188 0.6139 0.0000
vt 0.0133 0.6046 0.0000
vt 0.5944 0.7258 0.0000
vt 0.6011 0.7278 0.0000
vt 0.5809 0.7165 0.0000
vt 0.5949 0.7165 0.0000
vt 0.5883 0.7223 0.0000
vt 0.0021 0.6358 0.0000
vt 0.0064 0.6505 0.0000
vt 0.0047 0.6249 0.0000
vt 0.0021 0.6152 0.0000
vt 0.2351 0.7123 0.0000
vt 0.2182 0.7123 0.0000
vt 0.2331 0.7054 0.0000
vt 0.2364 0.6965 0.0000
vt 0.2440 0.6970 0.0000
vt 0.1835 0.7312 0.0000
vt 0.1526 0.7165 0.0000
vt 0.1714 0.7165 0.0000
vt 0.1634 0.7196 0.0000
vt 0.2534 0.3238 0.0000
vt 0.2534 0.3385 0.0000
vt 0.2613 0.3351 0.0000
vt 0.0341 0.9270 0.0000
vt 0.8159 0.4077 0.0000
vt 0.8260 0.4122 0.0000
vt 0.5072 0.1982 0.0000
vt 0.5047 0.1732 0.0000
vt 0.5138 0.1767 0.0000
vt 0.0999 0.4195 0.0000
vt 0.3284 0.8658 0.0000
vt 0.9297 0.9733 0.0000
vt 0.8981 0.9740 0.0000
vt 0.9903 0.3933 0.0000
vt 0.9979 0.3782 0.0000
vt 0.2534 0.8262 0.0000
vt 0.2534 0.8140 0.0000
vt 0.2612 0.8134 0.0000
vt 0.2678 0.7976 0.0000
vt 0.1878 0.8594 0.0000
vt 0.0540 0.7230 0.0000
vt 0.0632 0.7242 0.0000
vt 0.6767 0.9954 0.0000
vt 0.6914 0.9980 0.0000
vt 0.6925 0.9898 0.0000
vt 0.7023 0.9980 0.0000
vt 0.3685 0.5694 0.0000
vt 0.3443 0.5659 0.0000
vt 0.3199 0.5620 0.0000
vt 0.5072 0.6237 0.0000
vt 0.5142 0.6264 0.0000
vt 0.7407 0.1755 0.0000
vt 0.7364 0.1622 0.0000
vt 0.7466 0.1635 0.0000
vt 0.7261 0.1500 0.0000
vt 0.7462 0.1491 0.0000
vt 0.4872 0.1961 0.0000
vt 0.4877 0.1826 0.0000
vt 0.4707 0.2803 0.0000
vt 0.4852 0.2754 0.0000
vt 0.1830 0.7237 0.0000
vt 0.1940 0.7165 0.0000
vt 0.5234 0.6172 0.0000
vt 0.9442 0.4265 0.0000
vt 0.4577 0.9980 0.0000
vt 0.4681 0.9920 0.0000
vt 0.4539 0.2780 0.0000
vt 0.4452 0.2749 0.0000
vt 0.4325 0.2836 0.0000
vt 0.4422 0.2801 0.0000
vt 0.4500 0.2836 0.0000
vt 0.2759 0.7551 0.0000
vt 0.3002 0.7309 0.0000
vt 0.4260 0.1525 0.0000
vt 0.4183 0.1449 0.0000
vt 0.4296 0.1449 0.0000
vt 0.4447 0.1449 0.0000
vt 0.4380 0.1519 0.0000
vt 0.4887 0.2159 0.0000
vt 0.6853 0.1407 0.0000
vt 0.6728 0.1407 0.0000
vt 0.1805 0.3166 0.0000
vt 0.4458 0.5694 0.0000
vt 0.4336 0.5694 0.0000
vt 0.4120 0.5694 0.0000
vt 0.3978 0.5658 0.0000
vt 0.4155 0.5632 0.0000
vt 0.6826 0.6854 0.0000
vt 0.6598 0.6923 0.0000
vt 0.2534 0.0771 0.0000
vt 0.2534 0.0655 0.0000
vt 0.2534 0.0893 0.0000
vt 0.2626 0.0868 0.0000
vt 0.9612 0.4376 0.0000
vt 0.7466 0.3124 0.0000
vt 0.7466 0.2994 0.0000
vt 0.6587 0.5607 0.0000
vt 0.6480 0.5654 0.0000
vt 0.6652 0.5656 0.0000
vt 0.6757 0.5694 0.0000
vt 0.6633 0.5694 0.0000
vt 0.6891 0.6005 0.0000
vt 0.7459 0.7108 0.0000
vt 0.7560 0.8401 0.0000
vt 0.8773 0.7043 0.0000
vt 0.9238 0.7079 0.0000
vt 0.9060 0.7123 0.0000
vt 0.4421 0.1130 0.0000
vt 0.4299 0.1240 0.0000
vt 0.8418 0.2204 0.0000
vt 0.0190 0.7342 0.0000
vt 0.6279 0.1117 0.0000
vt 0.6253 0.1041 0.0000
vt 0.9836 0.2357 0.0000
vt 0.9795 0.2390 0.0000
vt 0.9840 0.2541 0.0000
vt 0.5047 0.2312 0.0000
vt 0.5224 0.2296 0.0000
vt 0.9593 0.8551 0.0000
vt 0.7377 0.0687 0.0000
vt 0.7275 0.0670 0.0000
vt 0.2359 0.5334 0.0000
vt 0.2440 0.4665 0.0000
vt 0.2377 0.4770 0.0000
vt 0.4555 0.1513 0.0000
vt 0.4618 0.1449 0.0000
vt 0.7466 0.4143 0.0000
vt 0.7459 0.4254 0.0000
vt 0.7371 0.4191 0.0000
vt 0.2762 0.8492 0.0000
vt 0.2701 0.8552 0.0000
vt 0.7245 0.7328 0.0000
vt 0.6967 0.7165 0.0000
vt 0.7127 0.7165 0.0000
vt 0.7419 0.4464 0.0000
vt 0.2909 0.9980 0.0000
vt 0.3068 0.9980 0.0000
vt 0.3023 0.9862 0.0000
vt 0.7081 0.2942 0.0000
vt 0.7157 0.2878 0.0000
vt 0.2971 0.7165 0.0000
vt 0.2843 0.7165 0.0000
vt 0.5697 0.7165 0.0000
vt 0.5556 0.7165 0.0000
vt 0.5768 0.7243 0.0000
vt 0.3576 0.2797 0.0000
vt 0.6758 0.0020 0.0000
vt 0.2044 0.9980 0.0000
vt 0.2147 0.9945 0.0000
vt 0.0323 0.8552 0.0000
vt 0.0390 0.8458 0.0000
vt 0.0417 0.8552 0.0000
vt 0.1781 0.0086 0.0000
vt 0.1843 0.0268 0.0000
vt 0.1757 0.0259 0.0000
vt 0.4953 0.3181 0.0000
vt 0.4953 0.3322 0.0000
vt 0.4882 0.3236 0.0000
vt 0.4775 0.4572 0.0000
vt 0.4887 0.4558 0.0000
vt 0.4869 0.4470 0.0000
vt 0.8276 0.9980 0.0000
vt 0.3628 0.1319 0.0000
vt 0.3495 0.1348 0.0000
vt 0.4033 0.2878 0.0000
vt 0.4077 0.2945 0.0000
vt 0.3943 0.2942 0.0000
vt 0.4187 0.2943 0.0000
vt 0.1214 0.8594 0.0000
vt 0.1248 0.7165 0.0000
vt 0.1421 0.7165 0.0000
vt 0.6454 0.4135 0.0000
vt 0.6618 0.4143 0.0000
vt 0.6531 0.4215 0.0000
vt 0.1919 0.3824 0.0000
vt 0.7765 0.7515 0.0000
vt 0.9385 0.7619 0.0000
vt 0.5269 0.5632 0.0000
vt 0.5406 0.5631 0.0000
vt 0.6993 0.8594 0.0000
vt 0.5382 0.0020 0.0000
vt 0.8761 0.7396 0.0000
vt 0.8004 0.5787 0.0000
vt 0.9461 0.8593 0.0000
vt 0.4831 0.7023 0.0000
vt 0.2811 0.2760 0.0000
vt 0.2789 0.2836 0.0000
vt 0.3032 0.2836 0.0000
vt 0.2919 0.2836 0.0000
vt 0.0241 0.3452 0.0000
vt 0.3748 0.0020 0.0000
vt 0.3545 0.0020 0.0000
vt 0.5279 0.3928 0.0000
vt 0.4656 0.1311 0.0000
vt 0.2534 0.7550 0.0000
vt 0.2571 0.7670 0.0000
vt 0.2653 0.7709 0.0000
vt 0.1781 0.6249 0.0000
vt 0.7466 0.2559 0.0000
vt 0.7466 0.2720 0.0000
vt 0.2989 0.9589 0.0000
vt 0.2792 0.9427 0.0000
vt 0.6035 0.4178 0.0000
vt 0.5998 0.4265 0.0000
vt 0.5795 0.3931 0.0000
vt 0.7653 0.6800 0.0000
vt 0.7560 0.6769 0.0000
vt 0.7648 0.6654 0.0000
vt 0.9830 0.5613 0.0000
vt 0.9979 0.9188 0.0000
vt 0.9979 0.9019 0.0000
vt 0.9912 0.9270 0.0000
vt 0.2576 0.1071 0.0000
vt 0.2534 0.1067 0.0000
vt 0.2534 0.1260 0.0000
vt 0.2612 0.1135 0.0000
vt 0.4953 0.3862 0.0000
vt 0.4953 0.3747 0.0000
vt 0.4028 0.4613 0.0000
vt 0.1321 0.9947 0.0000
vt 0.9079 0.4384 0.0000
vt 0.6522 0.1407 0.0000
vt 0.1611 0.5907 0.0000
vt 0.1631 0.6071 0.0000
vt 0.1539 0.5815 0.0000
vt 0.0126 0.1580 0.0000
vt 0.6284 0.7165 0.0000
vt 0.6153 0.7165 0.0000
vt 0.7065 0.4376 0.0000
vt 0.2995 0.0329 0.0000
vt 0.3174 0.0342 0.0000
vt 0.4953 0.7507 0.0000
vt 0.4953 0.7338 0.0000
vt 0.2626 0.1689 0.0000
vt 0.2630 0.1588 0.0000
vt 0.9867 0.8645 0.0000
vt 0.9850 0.8593 0.0000
vt 0.9979 0.8648 0.0000
vt 0.9753 0.8676 0.0000
vt 0.0021 0.5144 0.0000
vt 0.5941 0.0020 0.0000
vt 0.5746 0.0081 0.0000
vt 0.1588 0.1843 0.0000
vt 0.1538 0.1723 0.0000
vt 0.1802 0.4162 0.0000
vt 0.2652 0.4239 0.0000
vt 0.2789 0.4265 0.0000
vt 0.2350 0.2836 0.0000
vt 0.2301 0.2764 0.0000
vt 0.2223 0.8817 0.0000
vt 0.8383 0.8517 0.0000
vt 0.8356 0.8551 0.0000
vt 0.4804 0.1683 0.0000
vt 0.4762 0.1746 0.0000
vt 0.4378 0.3504 0.0000
vt 0.1377 0.4186 0.0000
vt 0.1271 0.4196 0.0000
vt 0.5408 0.7091 0.0000
vt 0.5547 0.7123 0.0000
vt 0.5576 0.6945 0.0000
vt 0.6661 0.8200 0.0000
vt 0.6838 0.8377 0.0000
vt 0.7222 0.1113 0.0000
vt 0.7146 0.1090 0.0000
vt 0.9254 0.2070 0.0000
vt 0.6592 0.2878 0.0000
vt 0.6730 0.2878 0.0000
vt 0.6857 0.2878 0.0000
vt 0.6999 0.7517 0.0000
vt 0.4709 0.5811 0.0000
vt 0.4864 0.5736 0.0000
vt 0.4872 0.5834 0.0000
vt 0.8127 0.1648 0.0000
vt 0.8047 0.1537 0.0000
vt 0.8021 0.1449 0.0000
vt 0.7878 0.1449 0.0000
vt 0.9896 0.5439 0.0000
vt 0.9979 0.5258 0.0000
vt 0.9718 0.5441 0.0000
vt 0.9848 0.5332 0.0000
vt 0.6056 0.7444 0.0000
vt 0.2644 0.5434 0.0000
vt 0.2566 0.5377 0.0000
vt 0.2630 0.5271 0.0000
vt 0.2674 0.5264 0.0000
vt 0.9910 0.6153 0.0000
vt 0.3384 0.5974 0.0000
vt 0.3581 0.5954 0.0000
vt 0.2440 0.9845 0.0000
vt 0.2439 0.9975 0.0000
vt 0.0021 0.8416 0.0000
vt 0.0022 0.8546 0.0000
vt 0.8489 0.7583 0.0000
vt 0.6096 0.1449 0.0000
vt 0.5343 0.2555 0.0000
vt 0.5596 0.2700 0.0000
vt 0.5405 0.2610 0.0000
vt 0.0205 0.2976 0.0000
vt 0.1280 0.8654 0.0000
vt 0.1303 0.8872 0.0000
vt 0.1294 0.8749 0.0000
vt 0.7790 0.1869 0.0000
vt 0.7650 0.4748 0.0000
vt 0.7584 0.4733 0.0000
vt 0.7649 0.4872 0.0000
vt 0.5445 0.9980 0.0000
vt 0.5367 0.9893 0.0000
vt 0.5540 0.9980 0.0000
vt 0.9918 0.7241 0.0000
vt 0.9979 0.7307 0.0000
vt 0.2715 0.3812 0.0000
vt 0.2629 0.3875 0.0000
vt 0.5570 0.9830 0.0000
vt 0.5819 0.9860 0.0000
vt 0.2440 0.7629 0.0000
vt 0.2534 0.6478 0.0000
vt 0.2625 0.6295 0.0000
vt 0.2569 0.6291 0.0000
vt 0.9977 0.2782 0.0000
vt 0.2689 0.9980 0.0000
vt 0.2576 0.9946 0.0000
vt 0.6767 0.7038 0.0000
vt 0.3093 0.0756 0.0000
vt 0.2952 0.0840 0.0000
vt 0.9226 0.4444 0.0000
vt 0.9326 0.4378 0.0000
vt 0.7749 0.7048 0.0000
vt 0.7761 0.7123 0.0000
vt 0.9725 0.9912 0.0000
vt 0.9777 0.9980 0.0000
vt 0.7835 0.3004 0.0000
vt 0.7738 0.3080 0.0000
vt 0.0370 0.2800 0.0000
vt 0.0522 0.2836 0.0000
vt 0.4831 0.4374 0.0000
vt 0.4953 0.4346 0.0000
vt 0.0021 0.4346 0.0000
vt 0.0058 0.4409 0.0000
vt 0.4220 0.3979 0.0000
vt 0.5332 0.4361 0.0000
vt 0.9419 0.1324 0.0000
vt 0.9507 0.1252 0.0000
vt 0.9458 0.1370 0.0000
vt 0.0021 0.3640 0.0000
vt 0.0520 0.5736 0.0000
vt 0.0612 0.5736 0.0000
vt 0.4538 0.7123 0.0000
vt 0.4625 0.7123 0.0000
vt 0.4694 0.7085 0.0000
vt 0.5229 0.1407 0.0000
vt 0.7318 0.9896 0.0000
vt 0.8304 0.5761 0.0000
vt 0.8494 0.5736 0.0000
vt 0.8765 0.2937 0.0000
vt 0.4744 0.5629 0.0000
vt 0.4667 0.5694 0.0000
vt 0.4570 0.5694 0.0000
vt 0.5982 0.7038 0.0000
vt 0.1413 0.3851 0.0000
vt 0.2626 0.9848 0.0000
vt 0.5357 0.2836 0.0000
vt 0.5223 0.2836 0.0000
vt 0.5177 0.2776 0.0000
vt 0.5047 0.2674 0.0000
vt 0.0874 0.8761 0.0000
vt 0.7648 0.0950 0.0000
vt 0.7662 0.0784 0.0000
vt 0.7560 0.1015 0.0000
vt 0.7560 0.0902 0.0000
vt 0.2334 0.4265 0.0000
vt 0.2113 0.4265 0.0000
vt 0.0213 0.5694 0.0000
vt 0.0210 0.5629 0.0000
vt 0.3229 0.5694 0.0000
vt 0.3107 0.5694 0.0000
vt 0.6092 0.1050 0.0000
vt 0.4953 0.9542 0.0000
vt 0.7560 0.2220 0.0000
vt 0.7583 0.2306 0.0000
vt 0.7560 0.2397 0.0000
vt 0.8646 0.8460 0.0000
vt 0.2440 0.6422 0.0000
vt 0.5796 0.3850 0.0000
vt 0.0647 0.8115 0.0000
vt 0.9979 0.0941 0.0000
vt 0.1066 0.6954 0.0000
vt 0.4842 0.2393 0.0000
vt 0.4908 0.2341 0.0000
vt 0.5475 0.7165 0.0000
vt 0.5332 0.7165 0.0000
vt 0.7650 0.8843 0.0000
vt 0.7644 0.9575 0.0000
vt 0.7655 0.9366 0.0000
vt 0.6433 0.2944 0.0000
vt 0.6473 0.2878 0.0000
vt 0.1055 0.2807 0.0000
vt 0.1008 0.2624 0.0000
vt 0.9422 0.0020 0.0000
vt 0.9447 0.0084 0.0000
vt 0.3017 0.5814 0.0000
vt 0.4355 0.2515 0.0000
vt 0.4387 0.2407 0.0000
vt 0.7466 0.1161 0.0000
vt 0.7466 0.1284 0.0000
vt 0.5245 0.9980 0.0000
vt 0.5145 0.9980 0.0000
vt 0.5133 0.9882 0.0000
vt 0.3191 0.1449 0.0000
vt 0.3100 0.1449 0.0000
vt 0.9854 0.0213 0.0000
vt 0.1793 0.2878 0.0000
vt 0.1947 0.2878 0.0000
vt 0.2119 0.2878 0.0000
vt 0.0761 0.3162 0.0000
vt 0.4344 0.1407 0.0000
vt 0.0321 0.9833 0.0000
vt 0.0406 0.9856 0.0000
vt 0.8043 0.7044 0.0000
vt 0.3300 0.2263 0.0000
vt 0.1754 0.4307 0.0000
vt 0.1516 0.4340 0.0000
vt 0.2440 0.2357 0.0000
vt 0.9979 0.2086 0.0000
vt 0.9914 0.2049 0.0000
vt 0.4953 0.3962 0.0000
vt 0.4953 0.4082 0.0000
vt 0.4862 0.4065 0.0000
vt 0.8880 0.5274 0.0000
vt 0.5047 0.4129 0.0000
vt 0.4953 0.8548 0.0000
vt 0.4853 0.8483 0.0000
vt 0.4953 0.8416 0.0000
vt 0.2573 0.8914 0.0000
vt 0.2534 0.8912 0.0000
vt 0.7564 0.4312 0.0000
vt 0.7721 0.4361 0.0000
vt 0.9979 0.2969 0.0000
vt 0.3864 0.8476 0.0000
vt 0.2104 0.0020 0.0000
vt 0.2198 0.0089 0.0000
vt 0.2091 0.0100 0.0000
vt 0.2248 0.5951 0.0000
vt 0.2074 0.5785 0.0000
vt 0.7843 0.4558 0.0000
vt 0.7715 0.4500 0.0000
vt 0.0639 0.4111 0.0000
vt 0.0703 0.4004 0.0000
vt 0.7461 0.0027 0.0000
vt 0.7358 0.0071 0.0000
vt 0.7319 0.0020 0.0000
vt 0.7466 0.0238 0.0000
vt 0.7466 0.0157 0.0000
vt 0.7218 0.0444 0.0000
vt 0.3282 0.6892 0.0000
vt 0.2757 0.7089 0.0000
vt 0.2923 0.7123 0.0000
vt 0.4524 0.2955 0.0000
vt 0.4409 0.2954 0.0000
vt 0.4477 0.2878 0.0000
vt 0.1443 0.1407 0.0000
vt 0.1371 0.1314 0.0000
vt 0.1313 0.1127 0.0000
vt 0.4953 0.0430 0.0000
vt 0.4861 0.0230 0.0000
vt 0.0052 0.3401 0.0000
vt 0.0021 0.3523 0.0000
vt 0.2199 0.0436 0.0000
vt 0.2239 0.0524 0.0000
vt 0.1414 0.0085 0.0000
vt 0.1257 0.0020 0.0000
vt 0.2371 0.0365 0.0000
vt 0.4749 0.5736 0.0000
vt 0.4090 0.1449 0.0000
vt 0.3963 0.1481 0.0000
vt 0.4953 0.3491 0.0000
vt 0.2571 0.2367 0.0000
vt 0.6722 0.5381 0.0000
vt 0.7083 0.7123 0.0000
vt 0.6962 0.7123 0.0000
vt 0.4020 0.7093 0.0000
vt 0.9979 0.6510 0.0000
vt 0.9979 0.6151 0.0000
vt 0.9762 0.7951 0.0000
vt 0.5077 0.6865 0.0000
vt 0.5093 0.6703 0.0000
vt 0.2044 0.3213 0.0000
vt 0.1957 0.3059 0.0000
vt 0.8784 0.9749 0.0000
vt 0.8678 0.9906 0.0000
vt 0.7595 0.4566 0.0000
vt 0.7669 0.7165 0.0000
vt 0.7560 0.7329 0.0000
vt 0.4953 0.1331 0.0000
vt 0.4943 0.1405 0.0000
vt 0.3417 0.5736 0.0000
vt 0.3617 0.5736 0.0000
vt 0.3564 0.5798 0.0000
vt 0.2534 0.5933 0.0000
vt 0.2604 0.5894 0.0000
vt 0.2534 0.6250 0.0000
vt 0.2534 0.6104 0.0000
vt 0.3300 0.4097 0.0000
vt 0.5646 0.7874 0.0000
vt 0.0155 0.1358 0.0000
vt 0.0021 0.1392 0.0000
vt 0.8282 0.0415 0.0000
vt 0.7925 0.0371 0.0000
vt 0.9160 0.9980 0.0000
vt 0.9348 0.9942 0.0000
vt 0.9014 0.9951 0.0000
vt 0.7266 0.1191 0.0000
vt 0.7329 0.1117 0.0000
vt 0.5047 0.9646 0.0000
vt 0.5047 0.9507 0.0000
vt 0.0739 0.1637 0.0000
vt 0.0684 0.1521 0.0000
vt 0.0779 0.1529 0.0000
vt 0.6634 0.9784 0.0000
vt 0.8099 0.6602 0.0000
vt 0.5138 0.3394 0.0000
vt 0.7045 0.9151 0.0000
vt 0.8305 0.3856 0.0000
vt 0.3527 0.7165 0.0000
vt 0.3390 0.7225 0.0000
vt 0.1473 0.5736 0.0000
vt 0.1334 0.5736 0.0000
vt 0.9778 0.5101 0.0000
vt 0.7304 0.9790 0.0000
vt 0.0731 0.0703 0.0000
vt 0.0508 0.0761 0.0000
vt 0.9587 0.9980 0.0000
vt 0.1956 0.2697 0.0000
vt 0.9382 0.3075 0.0000
vt 0.9500 0.3022 0.0000
vt 0.9651 0.3255 0.0000
vt 0.0833 0.7232 0.0000
vt 0.0966 0.7242 0.0000
vt 0.8137 0.2566 0.0000
vt 0.8326 0.2635 0.0000
vt 0.2201 0.7061 0.0000
vt 0.4590 0.7216 0.0000
vt 0.4687 0.7233 0.0000
vt 0.4811 0.7165 0.0000
vt 0.0021 0.0841 0.0000
vt 0.0060 0.0732 0.0000
vt 0.0096 0.0859 0.0000
vt 0.0058 0.0952 0.0000
vt 0.0021 0.1128 0.0000
vt 0.0021 0.0958 0.0000
vt 0.1778 0.6075 0.0000
vt 0.3889 0.9804 0.0000
vt 0.3925 0.9883 0.0000
vt 0.2910 0.1208 0.0000
vt 0.2534 0.3533 0.0000
vt 0.6140 0.8594 0.0000
vt 0.6003 0.8643 0.0000
vt 0.6567 0.7165 0.0000
vt 0.0993 0.5736 0.0000
vt 0.2230 0.9901 0.0000
vt 0.9971 0.1400 0.0000
vt 0.2534 0.6988 0.0000
vt 0.2597 0.7084 0.0000
vt 0.3869 0.5694 0.0000
vt 0.4013 0.8594 0.0000
vt 0.1827 0.6393 0.0000
vt 0.1994 0.6435 0.0000
vt 0.9979 0.9730 0.0000
vt 0.9979 0.9867 0.0000
vt 0.2173 0.0780 0.0000
vt 0.7466 0.5170 0.0000
vt 0.5081 0.2223 0.0000
vt 0.5047 0.2153 0.0000
vt 0.7303 0.8552 0.0000
vt 0.7161 0.8552 0.0000
vt 0.7050 0.8460 0.0000
vt 0.7135 0.8476 0.0000
vt 0.7079 0.8516 0.0000
vt 0.9208 0.8787 0.0000
vt 0.9127 0.8671 0.0000
vt 0.9199 0.8875 0.0000
vt 0.4865 0.7210 0.0000
vt 0.4951 0.7197 0.0000
vt 0.2362 0.8116 0.0000
vt 0.3064 0.2958 0.0000
vt 0.3073 0.2878 0.0000
vt 0.3034 0.3099 0.0000
vt 0.2440 0.6669 0.0000
vt 0.5081 0.8087 0.0000
vt 0.2003 0.1407 0.0000
vt 0.2139 0.1407 0.0000
vt 0.2027 0.1370 0.0000
vt 0.9213 0.2947 0.0000
vt 0.9225 0.2878 0.0000
vt 0.9354 0.2878 0.0000
vt 0.9030 0.2878 0.0000
vt 0.2356 0.0892 0.0000
vt 0.2440 0.0899 0.0000
vt 0.2345 0.0994 0.0000
vt 0.2115 0.1063 0.0000
vt 0.2311 0.0958 0.0000
vt 0.1388 0.4024 0.0000
vt 0.1339 0.3914 0.0000
vt 0.0768 0.1772 0.0000
vt 0.0850 0.1675 0.0000
vt 0.6411 0.3055 0.0000
vt 0.8207 0.7165 0.0000
vt 0.4452 0.7086 0.0000
vt 0.0195 0.4440 0.0000
vt 0.7586 0.5206 0.0000
vt 0.7581 0.5356 0.0000
vt 0.9358 0.7123 0.0000
vt 0.9397 0.7090 0.0000
vt 0.9516 0.7123 0.0000
vt 0.9417 0.7033 0.0000
vt 0.8318 0.3030 0.0000
vt 0.7339 0.6047 0.0000
vt 0.2233 0.5694 0.0000
vt 0.2143 0.5663 0.0000
vt 0.5111 0.8463 0.0000
vt 0.2655 0.0789 0.0000
vt 0.7466 0.5999 0.0000
vt 0.7466 0.6105 0.0000
vt 0.1327 0.1449 0.0000
vt 0.1512 0.1449 0.0000
vt 0.3510 0.2911 0.0000
vt 0.7560 0.3396 0.0000
vt 0.7587 0.3236 0.0000
vt 0.7597 0.3553 0.0000
vt 0.7560 0.3627 0.0000
vt 0.7560 0.3484 0.0000
vt 0.1878 0.7005 0.0000
vt 0.6537 0.5736 0.0000
vt 0.6519 0.5807 0.0000
vt 0.8489 0.7165 0.0000
vt 0.8651 0.7165 0.0000
vt 0.8537 0.7198 0.0000
vt 0.2096 0.5612 0.0000
vt 0.2145 0.5529 0.0000
vt 0.8715 0.2836 0.0000
vt 0.8886 0.2836 0.0000
vt 0.5881 0.3181 0.0000
vt 0.5213 0.6608 0.0000
vt 0.2440 0.4385 0.0000
vt 0.2325 0.4381 0.0000
vt 0.4470 0.5736 0.0000
vt 0.0021 0.8084 0.0000
vt 0.9801 0.4022 0.0000
vt 0.2440 0.1248 0.0000
vt 0.2341 0.1312 0.0000
vt 0.0192 0.4207 0.0000
vt 0.0059 0.4211 0.0000
vt 0.0112 0.4142 0.0000
vt 0.9604 0.2836 0.0000
vt 0.9646 0.2789 0.0000
vt 0.9727 0.2836 0.0000
vt 0.7221 0.7123 0.0000
vt 0.7369 0.7082 0.0000
vt 0.8308 0.2949 0.0000
vt 0.9835 0.1215 0.0000
vt 0.2985 0.1449 0.0000
vt 0.2843 0.4179 0.0000
vt 0.0787 0.1313 0.0000
vt 0.0890 0.1344 0.0000
vt 0.0850 0.1407 0.0000
vt 0.9827 0.3477 0.0000
vt 0.9783 0.3423 0.0000
vt 0.9875 0.3417 0.0000
vt 0.2313 0.1602 0.0000
vt 0.2273 0.1680 0.0000
vt 0.2372 0.1574 0.0000
vt 0.7600 0.1791 0.0000
vt 0.7560 0.1809 0.0000
vt 0.7591 0.1673 0.0000
vt 0.7560 0.1974 0.0000
vt 0.1108 0.0186 0.0000
vt 0.1122 0.0020 0.0000
vt 0.5947 0.8552 0.0000
vt 0.5924 0.8474 0.0000
vt 0.6042 0.8517 0.0000
vt 0.6931 0.0281 0.0000
vt 0.6772 0.0173 0.0000
vt 0.7042 0.0389 0.0000
vt 0.2337 0.3069 0.0000
vt 0.2381 0.2983 0.0000
vt 0.2440 0.3012 0.0000
vt 0.2308 0.3168 0.0000
vt 0.5830 0.5694 0.0000
vt 0.6098 0.5661 0.0000
vt 0.5983 0.5694 0.0000
vt 0.2534 0.5797 0.0000
vt 0.2616 0.5736 0.0000
vt 0.5795 0.5736 0.0000
vt 0.3341 0.0414 0.0000
vt 0.0848 0.8464 0.0000
vt 0.4186 0.1334 0.0000
vt 0.9782 0.3074 0.0000
vt 0.9901 0.3108 0.0000
vt 0.5599 0.1407 0.0000
vt 0.5739 0.1407 0.0000
vt 0.2440 0.3539 0.0000
vt 0.2440 0.3364 0.0000
vt 0.0021 0.9239 0.0000
vt 0.0040 0.9429 0.0000
vt 0.7691 0.0239 0.0000
vt 0.7812 0.0190 0.0000
vt 0.0522 0.8594 0.0000
vt 0.1663 0.1338 0.0000
vt 0.1698 0.1407 0.0000
vt 0.5533 0.8460 0.0000
vt 0.2975 0.4365 0.0000
vt 0.9506 0.8295 0.0000
vt 0.7560 0.3039 0.0000
vt 0.7655 0.3094 0.0000
vt 0.7649 0.3188 0.0000
vt 0.7562 0.2911 0.0000
vt 0.5848 0.8332 0.0000
vt 0.3969 0.3589 0.0000
vt 0.2440 0.2905 0.0000
vt 0.0021 0.0154 0.0000
vt 0.0021 0.0047 0.0000
vt 0.0699 0.9980 0.0000
vt 0.0604 0.9980 0.0000
vt 0.0727 0.9949 0.0000
vt 0.1763 0.8552 0.0000
vt 0.0482 0.8400 0.0000
vt 0.8350 0.9773 0.0000
vt 0.8125 0.9772 0.0000
vt 0.2750 0.6631 0.0000
vt 0.2623 0.6646 0.0000
vt 0.2440 0.2831 0.0000
vt 0.2440 0.2702 0.0000
vt 0.9853 0.1449 0.0000
vt 0.2660 0.8594 0.0000
vt 0.2701 0.8660 0.0000
vt 0.2269 0.1231 0.0000
vt 0.6235 0.1165 0.0000
vt 0.6106 0.1152 0.0000
vt 0.1927 0.4307 0.0000
vt 0.5623 0.7440 0.0000
vt 0.7904 0.5610 0.0000
vt 0.7843 0.5694 0.0000
vt 0.7955 0.5694 0.0000
vt 0.2627 0.7542 0.0000
vt 0.2534 0.7411 0.0000
vt 0.8464 0.8593 0.0000
vt 0.8566 0.8593 0.0000
vt 0.4953 0.0112 0.0000
vt 0.4866 0.0060 0.0000
vt 0.5156 0.3498 0.0000
vt 0.8546 0.5479 0.0000
vt 0.6899 0.5694 0.0000
vt 0.6938 0.5635 0.0000
vt 0.7044 0.5694 0.0000
vt 0.7560 0.9008 0.0000
vt 0.9913 0.5979 0.0000
vt 0.3521 0.6941 0.0000
vt 0.9640 0.5866 0.0000
vt 0.7139 0.9959 0.0000
vt 0.7202 0.9980 0.0000
vt 0.7076 0.9980 0.0000
vt 0.9925 0.1717 0.0000
vt 0.0339 0.1494 0.0000
vt 0.7029 0.2878 0.0000
vt 0.6965 0.2878 0.0000
vt 0.3028 0.8660 0.0000
vt 0.3042 0.8594 0.0000
vt 0.0118 0.8594 0.0000
vt 0.2435 0.7188 0.0000
vt 0.2375 0.7291 0.0000
vt 0.6818 0.3032 0.0000
vt 0.6853 0.3242 0.0000
vt 0.7133 0.4307 0.0000
vt 0.7252 0.4307 0.0000
vt 0.2815 0.8552 0.0000
vt 0.4714 0.0128 0.0000
vt 0.9339 0.4057 0.0000
vt 0.2246 0.8393 0.0000
vt 0.2291 0.8259 0.0000
vt 0.8824 0.7091 0.0000
vt 0.8622 0.9980 0.0000
vt 0.9879 0.7054 0.0000
vt 0.9932 0.7123 0.0000
vt 0.9864 0.1964 0.0000
vt 0.8705 0.2200 0.0000
vt 0.9723 0.5809 0.0000
vt 0.9774 0.5761 0.0000
vt 0.8399 0.2759 0.0000
vt 0.8555 0.4265 0.0000
vt 0.8984 0.5694 0.0000
vt 0.8864 0.5694 0.0000
vt 0.5994 0.2537 0.0000
vt 0.4887 0.7784 0.0000
vt 0.6184 0.5029 0.0000
vt 0.7328 0.8622 0.0000
vt 0.7336 0.8687 0.0000
vt 0.7466 0.8746 0.0000
vt 0.7411 0.8645 0.0000
vt 0.7465 0.8627 0.0000
vt 0.0299 0.8784 0.0000
vt 0.0289 0.8684 0.0000
vt 0.0021 0.6892 0.0000
vt 0.1468 0.2240 0.0000
vt 0.6302 0.9980 0.0000
vt 0.6164 0.9980 0.0000
vt 0.6076 0.9942 0.0000
vt 0.5852 0.9948 0.0000
vt 0.5991 0.9980 0.0000
vt 0.4665 0.2529 0.0000
vt 0.9637 0.4307 0.0000
vt 0.9762 0.4307 0.0000
vt 0.9725 0.4362 0.0000
vt 0.0195 0.6536 0.0000
vt 0.0107 0.6400 0.0000
vt 0.0156 0.6260 0.0000
vt 0.0021 0.7687 0.0000
vt 0.0021 0.7787 0.0000
vt 0.0052 0.7529 0.0000
vt 0.0088 0.7417 0.0000
vt 0.7329 0.2946 0.0000
vt 0.7236 0.2878 0.0000
vt 0.7418 0.2883 0.0000
vt 0.7394 0.2959 0.0000
vt 0.6800 0.1518 0.0000
vt 0.6867 0.1449 0.0000
vt 0.7069 0.1449 0.0000
vt 0.7466 0.0456 0.0000
vt 0.3125 0.9706 0.0000
vt 0.0112 0.6605 0.0000
vt 0.0021 0.3314 0.0000
vt 0.0119 0.3096 0.0000
vt 0.2440 0.5533 0.0000
vt 0.2534 0.5533 0.0000
vt 0.0145 0.2645 0.0000
vt 0.5145 0.0678 0.0000
vt 0.3595 0.1519 0.0000
vt 0.3737 0.1544 0.0000
vt 0.5080 0.1109 0.0000
vt 0.5047 0.1297 0.0000
vt 0.6553 0.7623 0.0000
vt 0.4953 0.5933 0.0000
vt 0.4932 0.5740 0.0000
vt 0.4953 0.5846 0.0000
vt 0.2534 0.0596 0.0000
vt 0.0926 0.6137 0.0000
vt 0.0824 0.6073 0.0000
vt 0.1948 0.9900 0.0000
vt 0.2163 0.2949 0.0000
vt 0.0040 0.4835 0.0000
vt 0.7368 0.1407 0.0000
vt 0.7268 0.1407 0.0000
vt 0.7466 0.1384 0.0000
vt 0.1782 0.5813 0.0000
vt 0.1790 0.5736 0.0000
vt 0.0021 0.9601 0.0000
vt 0.8748 0.4511 0.0000
vt 0.7668 0.9688 0.0000
vt 0.7578 0.9589 0.0000
vt 0.7560 0.2700 0.0000
vt 0.7582 0.2548 0.0000
vt 0.7200 0.0994 0.0000
vt 0.7745 0.6809 0.0000
vt 0.7724 0.1513 0.0000
vt 0.7686 0.1449 0.0000
vt 0.7796 0.1449 0.0000
vt 0.7560 0.1553 0.0000
vt 0.7633 0.1537 0.0000
vt 0.7560 0.1634 0.0000
vt 0.2641 0.3144 0.0000
vt 0.8791 0.5606 0.0000
vt 0.7764 0.5082 0.0000
vt 0.9113 0.0291 0.0000
vt 0.4194 0.2803 0.0000
vt 0.4263 0.2761 0.0000
vt 0.5092 0.3013 0.0000
vt 0.5050 0.2910 0.0000
vt 0.9604 0.8728 0.0000
vt 0.7023 0.8351 0.0000
vt 0.5544 0.4265 0.0000
vt 0.6653 0.7394 0.0000
vt 0.9560 0.4531 0.0000
vt 0.5520 0.0020 0.0000
vt 0.1766 0.6662 0.0000
vt 0.1307 0.9980 0.0000
vt 0.1131 0.9980 0.0000
vt 0.8946 0.1449 0.0000
vt 0.3445 0.8594 0.0000
vt 0.3567 0.8594 0.0000
vt 0.4895 0.2932 0.0000
vt 0.4106 0.9875 0.0000
vt 0.4202 0.9903 0.0000
vt 0.9058 0.1324 0.0000
vt 0.6379 0.2836 0.0000
vt 0.6161 0.2836 0.0000
vt 0.6581 0.1211 0.0000
vt 0.9602 0.1449 0.0000
vt 0.9720 0.1449 0.0000
vt 0.9723 0.1509 0.0000
vt 0.9471 0.1449 0.0000
vt 0.2440 0.6248 0.0000
vt 0.2440 0.6118 0.0000
vt 0.5047 0.5119 0.0000
vt 0.5047 0.5417 0.0000
vt 0.9777 0.6950 0.0000
vt 0.0226 0.6953 0.0000
vt 0.0117 0.6921 0.0000
vt 0.4953 0.8100 0.0000
vt 0.0410 0.4307 0.0000
vt 0.7166 0.1291 0.0000
vt 0.1245 0.5785 0.0000
vt 0.9026 0.1407 0.0000
vt 0.2690 0.8079 0.0000
vt 0.8558 0.7236 0.0000
vt 0.3060 0.8480 0.0000
vt 0.3799 0.8690 0.0000
vt 0.8304 0.1280 0.0000
vt 0.8211 0.1117 0.0000
vt 0.9901 0.8147 0.0000
vt 0.9915 0.8056 0.0000
vt 0.4951 0.2834 0.0000
vt 0.2536 0.1405 0.0000
vt 0.2562 0.1285 0.0000
vt 0.2749 0.1407 0.0000
vt 0.8271 0.4662 0.0000
vt 0.5422 0.4265 0.0000
vt 0.3824 0.4240 0.0000
vt 0.1622 0.9980 0.0000
vt 0.0839 0.8552 0.0000
vt 0.7343 0.4114 0.0000
vt 0.7466 0.3974 0.0000
vt 0.7466 0.4099 0.0000
vt 0.2534 0.8386 0.0000
vt 0.8850 0.8815 0.0000
vt 0.7162 0.5077 0.0000
vt 0.0264 0.3694 0.0000
vt 0.0109 0.3718 0.0000
vt 0.0125 0.5736 0.0000
vt 0.0086 0.5839 0.0000
vt 0.7254 0.7165 0.0000
vt 0.2615 0.4594 0.0000
vt 0.8966 0.4840 0.0000
vt 0.0021 0.8923 0.0000
vt 0.0137 0.4439 0.0000
vt 0.0135 0.4307 0.0000
vt 0.4840 0.4307 0.0000
vt 0.1784 0.8797 0.0000
vt 0.1317 0.6482 0.0000
vt 0.7925 0.4157 0.0000
vt 0.7560 0.6640 0.0000
vt 0.0323 0.4265 0.0000
vt 0.0458 0.4265 0.0000
vt 0.2440 0.1539 0.0000
vt 0.5147 0.6034 0.0000
vt 0.5052 0.5685 0.0000
vt 0.5255 0.5694 0.0000
vt 0.5423 0.5694 0.0000
vt 0.5755 0.8594 0.0000
vt 0.5978 0.8594 0.0000
vt 0.0627 0.7430 0.0000
vt 0.9766 0.7165 0.0000
vt 0.9898 0.7165 0.0000
vt 0.9976 0.7172 0.0000
vt 0.8835 0.9788 0.0000
vt 0.6908 0.7233 0.0000
vt 0.7397 0.1046 0.0000
vt 0.7397 0.0956 0.0000
vt 0.7466 0.0933 0.0000
vt 0.7466 0.0874 0.0000
vt 0.7397 0.0778 0.0000
vt 0.1611 0.2052 0.0000
vt 0.4953 0.2689 0.0000
vt 0.7466 0.8850 0.0000
vt 0.5047 0.0369 0.0000
vt 0.0638 0.5694 0.0000
vt 0.7778 0.3560 0.0000
vt 0.7790 0.3626 0.0000
vt 0.7947 0.3471 0.0000
vt 0.8495 0.1508 0.0000
vt 0.8626 0.1449 0.0000
vt 0.2365 0.8973 0.0000
vt 0.6677 0.8327 0.0000
vt 0.6813 0.8496 0.0000
vt 0.2734 0.0435 0.0000
vt 0.2899 0.0316 0.0000
vt 0.0299 0.1306 0.0000
vt 0.0021 0.6050 0.0000
vt 0.0021 0.5962 0.0000
vt 0.6149 0.8552 0.0000
vt 0.4953 0.6336 0.0000
vt 0.4870 0.6337 0.0000
vt 0.6479 0.8552 0.0000
vt 0.0929 0.7055 0.0000
vt 0.0613 0.7037 0.0000
vt 0.0742 0.3866 0.0000
vt 0.2776 0.1449 0.0000
vt 0.2853 0.1449 0.0000
vt 0.4953 0.7086 0.0000
vt 0.2869 0.7451 0.0000
vt 0.7466 0.0741 0.0000
vt 0.7466 0.0613 0.0000
vt 0.7400 0.6414 0.0000
vt 0.7405 0.6317 0.0000
vt 0.5177 0.8915 0.0000
vt 0.2440 0.7121 0.0000
vt 0.3848 0.0020 0.0000
vt 0.3804 0.0088 0.0000
vt 0.2572 0.0118 0.0000
vt 0.2534 0.0291 0.0000
vt 0.2534 0.0166 0.0000
vt 0.9979 0.8811 0.0000
vt 0.1772 0.6479 0.0000
vt 0.0734 0.5694 0.0000
vt 0.0808 0.5656 0.0000
vt 0.4240 0.5694 0.0000
vt 0.4953 0.5579 0.0000
vt 0.4934 0.5694 0.0000
vt 0.9837 0.9387 0.0000
vt 0.3721 0.9302 0.0000
vt 0.5174 0.9677 0.0000
vt 0.4891 0.0727 0.0000
vt 0.4953 0.0825 0.0000
vt 0.2534 0.2254 0.0000
vt 0.7656 0.3884 0.0000
vt 0.7560 0.3829 0.0000
vt 0.7587 0.3929 0.0000
vt 0.0684 0.0623 0.0000
vt 0.8312 0.3668 0.0000
vt 0.2081 0.6906 0.0000
vt 0.4820 0.5172 0.0000
vt 0.4818 0.4988 0.0000
vt 0.0447 0.1377 0.0000
vt 0.0411 0.1407 0.0000
vt 0.9534 0.3283 0.0000
vt 0.9645 0.3380 0.0000
vt 0.3098 0.0419 0.0000
vt 0.7637 0.5478 0.0000
vt 0.1809 0.7165 0.0000
vt 0.1714 0.7255 0.0000
vt 0.8998 0.4342 0.0000
vt 0.8621 0.2878 0.0000
vt 0.9977 0.4340 0.0000
vt 0.9979 0.4468 0.0000
vt 0.2657 0.5694 0.0000
vt 0.2742 0.5694 0.0000
vt 0.3919 0.4000 0.0000
vt 0.1791 0.1449 0.0000
vt 0.6314 0.7123 0.0000
vt 0.6391 0.7123 0.0000
vt 0.7905 0.7241 0.0000
vt 0.3343 0.3581 0.0000
vt 0.9346 0.8551 0.0000
vt 0.3315 0.8185 0.0000
vt 0.0093 0.5927 0.0000
vt 0.0063 0.9921 0.0000
vt 0.0021 0.9833 0.0000
vt 0.0125 0.9829 0.0000
vt 0.2410 0.8552 0.0000
vt 0.4824 0.6682 0.0000
vt 0.1015 0.5876 0.0000
vt 0.0697 0.7165 0.0000
vt 0.0584 0.7165 0.0000
vt 0.0632 0.4307 0.0000
vt 0.4493 0.8408 0.0000
vt 0.1668 0.0085 0.0000
vt 0.3147 0.4265 0.0000
vt 0.5143 0.8049 0.0000
vt 0.9445 0.2836 0.0000
vt 0.0804 0.9763 0.0000
vt 0.3304 0.0020 0.0000
vt 0.3191 0.0020 0.0000
vt 0.2440 0.9216 0.0000
vt 0.2440 0.9302 0.0000
vt 0.4200 0.4224 0.0000
vt 0.3016 0.8552 0.0000
vt 0.6572 0.8594 0.0000
vt 0.7936 0.2836 0.0000
vt 0.4716 0.9980 0.0000
vt 0.1140 0.7090 0.0000
vt 0.8520 0.5694 0.0000
vt 0.8291 0.5694 0.0000
vt 0.8155 0.5662 0.0000
vt 0.7466 0.6245 0.0000
vt 0.4953 0.7790 0.0000
vt 0.5082 0.3539 0.0000
vt 0.8396 0.2836 0.0000
vt 0.4116 0.9980 0.0000
vt 0.4205 0.9954 0.0000
vt 0.0128 0.9759 0.0000
vt 0.7973 0.5736 0.0000
vt 0.7804 0.5736 0.0000
vt 0.8077 0.5736 0.0000
vt 0.5773 0.5998 0.0000
vt 0.1439 0.4101 0.0000
vt 0.1510 0.3939 0.0000
vt 0.2275 0.5736 0.0000
vt 0.2369 0.5736 0.0000
vt 0.9405 0.2878 0.0000
vt 0.9491 0.2878 0.0000
vt 0.2440 0.4142 0.0000
vt 0.2440 0.4250 0.0000
vt 0.8509 0.4307 0.0000
vt 0.8422 0.4307 0.0000
vt 0.8368 0.4376 0.0000
vt 0.5722 0.2878 0.0000
vt 0.5607 0.2956 0.0000
vt 0.5615 0.2878 0.0000
vt 0.4953 0.6035 0.0000
vt 0.4953 0.6131 0.0000
vt 0.5354 0.9980 0.0000
vt 0.0270 0.7987 0.0000
vt 0.5302 0.5851 0.0000
vt 0.6802 0.1318 0.0000
vt 0.0972 0.1407 0.0000
vt 0.7659 0.1055 0.0000
vt 0.7560 0.1110 0.0000
vt 0.1750 0.6197 0.0000
vt 0.2534 0.1859 0.0000
vt 0.2534 0.9434 0.0000
vt 0.2534 0.9231 0.0000
vt 0.5542 0.5694 0.0000
vt 0.5706 0.5694 0.0000
vt 0.8030 0.5650 0.0000
vt 0.6835 0.2762 0.0000
vt 0.5546 0.5736 0.0000
vt 0.5536 0.5813 0.0000
vt 0.6851 0.6940 0.0000
vt 0.0231 0.9350 0.0000
vt 0.8737 0.1793 0.0000
vt 0.8835 0.1599 0.0000
vt 0.6772 0.0091 0.0000
vt 0.6873 0.0020 0.0000
vt 0.4443 0.4133 0.0000
vt 0.4477 0.4215 0.0000
vt 0.5352 0.7123 0.0000
vt 0.5249 0.7123 0.0000
vt 0.5433 0.7123 0.0000
vt 0.2688 0.7299 0.0000
vt 0.1516 0.2756 0.0000
vt 0.5204 0.2440 0.0000
vt 0.1392 0.5616 0.0000
vt 0.2116 0.6418 0.0000
vt 0.2170 0.6502 0.0000
vt 0.2871 0.1041 0.0000
vt 0.3143 0.2836 0.0000
vt 0.2862 0.2647 0.0000
vt 0.2753 0.8776 0.0000
vt 0.7251 0.9028 0.0000
vt 0.7397 0.9114 0.0000
vt 0.7312 0.9150 0.0000
vt 0.7560 0.3708 0.0000
vt 0.4005 0.4068 0.0000
vt 0.9418 0.5694 0.0000
vt 0.7645 0.5661 0.0000
vt 0.7346 0.8530 0.0000
vt 0.7466 0.8551 0.0000
vt 0.0722 0.6754 0.0000
vt 0.1052 0.4731 0.0000
vt 0.4002 0.8552 0.0000
vt 0.6062 0.5818 0.0000
vt 0.9916 0.7716 0.0000
vt 0.9800 0.5524 0.0000
vt 0.8033 0.2794 0.0000
vt 0.7689 0.3028 0.0000
vt 0.8584 0.7123 0.0000
vt 0.8570 0.7079 0.0000
vt 0.8776 0.7123 0.0000
vt 0.5118 0.7165 0.0000
vt 0.5212 0.7165 0.0000
vt 0.2440 0.5763 0.0000
vt 0.7249 0.9688 0.0000
vt 0.3000 0.4226 0.0000
vt 0.2910 0.4265 0.0000
vt 0.8121 0.4265 0.0000
vt 0.3831 0.7379 0.0000
vt 0.1982 0.2476 0.0000
vt 0.2080 0.7165 0.0000
vt 0.2076 0.7240 0.0000
vt 0.7598 0.2157 0.0000
vt 0.9796 0.5371 0.0000
vt 0.2359 0.9547 0.0000
vt 0.6875 0.8683 0.0000
vt 0.7020 0.0472 0.0000
vt 0.7135 0.0505 0.0000
vt 0.0857 0.6670 0.0000
vt 0.8063 0.8551 0.0000
vt 0.8047 0.8510 0.0000
vt 0.4951 0.2895 0.0000
vt 0.2630 0.2565 0.0000
vt 0.2672 0.2836 0.0000
vt 0.2605 0.2802 0.0000
vt 0.2544 0.2834 0.0000
vt 0.2534 0.2760 0.0000
vt 0.2536 0.9927 0.0000
vt 0.6112 0.1209 0.0000
vt 0.7732 0.4265 0.0000
vt 0.7597 0.4265 0.0000
vt 0.7635 0.4203 0.0000
vt 0.0941 0.1449 0.0000
vt 0.0047 0.3776 0.0000
vt 0.5047 0.7852 0.0000
vt 0.4039 0.2751 0.0000
vt 0.2910 0.8594 0.0000
vt 0.2440 0.6804 0.0000
vt 0.5047 0.6356 0.0000
vt 0.9585 0.3262 0.0000
vt 0.5963 0.9056 0.0000
vt 0.0927 0.4151 0.0000
vt 0.7560 0.7269 0.0000
vt 0.7466 0.5840 0.0000
vt 0.7462 0.5741 0.0000
vt 0.3519 0.8430 0.0000
vt 0.3527 0.8552 0.0000
vt 0.6322 0.5651 0.0000
vt 0.0021 0.4106 0.0000
vt 0.0077 0.4035 0.0000
vt 0.1875 0.1407 0.0000
vt 0.1781 0.1407 0.0000
vt 0.1949 0.7123 0.0000
vt 0.2044 0.7123 0.0000
vt 0.5538 0.8552 0.0000
vt 0.7560 0.3133 0.0000
vt 0.8687 0.5694 0.0000
vt 0.2203 0.8514 0.0000
vt 0.9418 0.3146 0.0000
vt 0.8485 0.4139 0.0000
vt 0.8442 0.4186 0.0000
vt 0.0992 0.3743 0.0000
vt 0.7363 0.4307 0.0000
vt 0.2046 0.4183 0.0000
vt 0.2145 0.4167 0.0000
vt 0.0472 0.7165 0.0000
vt 0.4782 0.8736 0.0000
vt 0.5656 0.9872 0.0000
vt 0.9211 0.3261 0.0000
vt 0.6133 0.9413 0.0000
vt 0.0505 0.2948 0.0000
vt 0.9906 0.2447 0.0000
vt 0.9139 0.7238 0.0000
vt 0.2534 0.1541 0.0000
vt 0.6474 0.4265 0.0000
vt 0.6345 0.4189 0.0000
vt 0.1697 0.2154 0.0000
vt 0.7466 0.5431 0.0000
vt 0.3455 0.2964 0.0000
vt 0.4748 0.1449 0.0000
vt 0.4877 0.1449 0.0000
vt 0.5047 0.8906 0.0000
vt 0.7466 0.0333 0.0000
vt 0.6421 0.8817 0.0000
vt 0.6463 0.8674 0.0000
vt 0.0722 0.1231 0.0000
vt 0.0595 0.1304 0.0000
vt 0.8966 0.8551 0.0000
vt 0.6060 0.7123 0.0000
vt 0.0023 0.2905 0.0000
vt 0.2439 0.0047 0.0000
vt 0.2366 0.0088 0.0000
vt 0.0152 0.7165 0.0000
vt 0.0058 0.7285 0.0000
vt 0.0021 0.7378 0.0000
vt 0.5448 0.1507 0.0000
vt 0.1774 0.8673 0.0000
vt 0.1864 0.8749 0.0000
vt 0.6014 0.7165 0.0000
vt 0.4953 0.2024 0.0000
vt 0.8128 0.1449 0.0000
vt 0.0021 0.1752 0.0000
vt 0.9474 0.1407 0.0000
vt 0.4846 0.6923 0.0000
vt 0.5833 0.6563 0.0000
vt 0.7742 0.0977 0.0000
vt 0.9263 0.7123 0.0000
vt 0.1811 0.0020 0.0000
vt 0.0092 0.0670 0.0000
vt 0.0791 0.2836 0.0000
vt 0.7817 0.4457 0.0000
vt 0.2586 0.7487 0.0000
vt 0.2756 0.7123 0.0000
vt 0.2542 0.7116 0.0000
vt 0.2361 0.7788 0.0000
vt 0.9089 0.2836 0.0000
vt 0.5138 0.7123 0.0000
vt 0.5047 0.7100 0.0000
vt 0.5078 0.7057 0.0000
vt 0.9888 0.8551 0.0000
vt 0.9369 0.8391 0.0000
vt 0.1486 0.4307 0.0000
vt 0.4593 0.4265 0.0000
vt 0.7695 0.8718 0.0000
vt 0.5047 0.0172 0.0000
vt 0.5048 0.0053 0.0000
vt 0.5047 0.6739 0.0000
vt 0.2534 0.6657 0.0000
vt 0.2719 0.6072 0.0000
vt 0.7284 0.9980 0.0000
vt 0.7407 0.9947 0.0000
vt 0.9587 0.2712 0.0000
vt 0.4390 0.6814 0.0000
vt 0.9761 0.4265 0.0000
vt 0.4882 0.5568 0.0000
vt 0.7461 0.2827 0.0000
vt 0.7774 0.1407 0.0000
vt 0.7638 0.1407 0.0000
vt 0.7666 0.1360 0.0000
vt 0.7560 0.1370 0.0000
vt 0.2440 0.0665 0.0000
vt 0.8198 0.1323 0.0000
vt 0.7232 0.5736 0.0000
vt 0.7153 0.5736 0.0000
vt 0.7873 0.7165 0.0000
vt 0.7466 0.4590 0.0000
vt 0.7466 0.4806 0.0000
vt 0.7466 0.4919 0.0000
vt 0.1461 0.7197 0.0000
vt 0.6722 0.6797 0.0000
vt 0.3319 0.1308 0.0000
vt 0.0230 0.6322 0.0000
vt 0.4953 0.5316 0.0000
vt 0.1062 0.2878 0.0000
vt 0.7567 0.8537 0.0000
vt 0.7631 0.8532 0.0000
vt 0.7805 0.8551 0.0000
vt 0.3575 0.7389 0.0000
vt 0.3652 0.7448 0.0000
vt 0.3586 0.7306 0.0000
vt 0.2622 0.3261 0.0000
vt 0.2567 0.3248 0.0000
vt 0.7790 0.8409 0.0000
vt 0.7841 0.0020 0.0000
vt 0.7836 0.0114 0.0000
vt 0.2951 0.4307 0.0000
vt 0.2632 0.5043 0.0000
vt 0.8197 0.4179 0.0000
vt 0.7272 0.3201 0.0000
vt 0.3601 0.2740 0.0000
vt 0.0962 0.0020 0.0000
vt 0.1022 0.0090 0.0000
vt 0.1611 0.8428 0.0000
vt 0.2431 0.4316 0.0000
vt 0.2329 0.4307 0.0000
vt 0.2534 0.4385 0.0000
vt 0.2646 0.4307 0.0000
vt 0.0504 0.9980 0.0000
vt 0.0388 0.1449 0.0000
vt 0.0497 0.1449 0.0000
vt 0.9834 0.9544 0.0000
vt 0.9169 0.4110 0.0000
vt 0.5081 0.3106 0.0000
vt 0.3090 0.5736 0.0000
vt 0.3153 0.5736 0.0000
vt 0.3270 0.5767 0.0000
vt 0.2237 0.3034 0.0000
vt 0.7561 0.2805 0.0000
vt 0.7672 0.2836 0.0000
vt 0.7600 0.3445 0.0000
vt 0.2130 0.5348 0.0000
vt 0.4191 0.0020 0.0000
vt 0.3296 0.1449 0.0000
vt 0.7997 0.8648 0.0000
vt 0.2534 0.9166 0.0000
vt 0.7759 0.7800 0.0000
vt 0.4623 0.2836 0.0000
vt 0.2595 0.3758 0.0000
vt 0.1867 0.5694 0.0000
vt 0.8037 0.7123 0.0000
vt 0.9409 0.9980 0.0000
vt 0.9502 0.9980 0.0000
vt 0.7973 0.1327 0.0000
vt 0.7461 0.4338 0.0000
vt 0.5047 0.9448 0.0000
vt 0.5074 0.9372 0.0000
vt 0.0208 0.1003 0.0000
vt 0.5047 0.4056 0.0000
vt 0.8917 0.7123 0.0000
vt 0.4591 0.5736 0.0000
vt 0.0021 0.8331 0.0000
vt 0.0920 0.5736 0.0000
vt 0.9918 0.6990 0.0000
vt 0.2310 0.8594 0.0000
vt 0.2438 0.8603 0.0000
vt 0.2340 0.8637 0.0000
vt 0.9979 0.9980 0.0000
vt 0.9886 0.9980 0.0000
vt 0.4612 0.9001 0.0000
vt 0.9807 0.5694 0.0000
vt 0.9942 0.5694 0.0000
vt 0.1135 0.4138 0.0000
vt 0.5422 0.4722 0.0000
vt 0.5052 0.8600 0.0000
vt 0.3143 0.7165 0.0000
vt 0.0276 0.2980 0.0000
vt 0.9890 0.5045 0.0000
vt 0.6465 0.9948 0.0000
vt 0.9896 0.0020 0.0000
vt 0.4785 0.3509 0.0000
vt 0.0026 0.8617 0.0000
vt 0.2869 0.0020 0.0000
vt 0.3041 0.0020 0.0000
vt 0.7391 0.3757 0.0000
vt 0.5182 0.8235 0.0000
vt 0.7362 0.7165 0.0000
vt 0.7454 0.7186 0.0000
vt 0.3035 0.7165 0.0000
vt 0.9845 0.4339 0.0000
vt 0.9882 0.4307 0.0000
vt 0.8682 0.5736 0.0000
vt 0.2730 0.2878 0.0000
vt 0.2361 0.4681 0.0000
vt 0.0516 0.5694 0.0000
vt 0.0404 0.5694 0.0000
vt 0.2534 0.4525 0.0000
vt 0.4953 0.4926 0.0000
vt 0.9824 0.2836 0.0000
vt 0.1018 0.4265 0.0000
vt 0.8647 0.4307 0.0000
vt 0.5047 0.6947 0.0000
vt 0.5141 0.6935 0.0000
vt 0.2959 0.5736 0.0000
vt 0.7013 0.7253 0.0000
vt 0.6875 0.7165 0.0000
vt 0.7395 0.8752 0.0000
vt 0.0287 0.1562 0.0000
vt 0.2534 0.4055 0.0000
vt 0.7646 0.0334 0.0000
vt 0.9514 0.4074 0.0000
vt 0.0221 0.9577 0.0000
vt 0.5887 0.0196 0.0000
vt 0.4644 0.1688 0.0000
vt 0.8415 0.1525 0.0000
vt 0.6785 0.4071 0.0000
vt 0.5067 0.1388 0.0000
vt 0.7447 0.9962 0.0000
vt 0.3263 0.3642 0.0000
vt 0.3260 0.3854 0.0000
vt 0.9586 0.5573 0.0000
vt 0.9979 0.0631 0.0000
vt 0.9911 0.0628 0.0000
vt 0.6380 0.1118 0.0000
vt 0.5047 0.9858 0.0000
vt 0.5047 0.9958 0.0000
vt 0.3241 0.4120 0.0000
vt 0.2534 0.6347 0.0000
vt 0.5047 0.3051 0.0000
vt 0.5047 0.3220 0.0000
vt 0.0055 0.2098 0.0000
vt 0.2123 0.3359 0.0000
vt 0.2184 0.3427 0.0000
vt 0.7840 0.1523 0.0000
vt 0.2534 0.8430 0.0000
vt 0.6045 0.7552 0.0000
vt 0.0115 0.9049 0.0000
vt 0.6872 0.5864 0.0000
vt 0.5047 0.5252 0.0000
vt 0.9357 0.0094 0.0000
vt 0.3886 0.8594 0.0000
vt 0.9344 0.1526 0.0000
vt 0.7131 0.8594 0.0000
vt 0.7216 0.8594 0.0000
vt 0.2391 0.9809 0.0000
vt 0.5301 0.8472 0.0000
vt 0.7560 0.5694 0.0000
vt 0.9979 0.4265 0.0000
vt 0.5056 0.2827 0.0000
vt 0.7457 0.5685 0.0000
vt 0.2440 0.0343 0.0000
vt 0.0021 0.3201 0.0000
vt 0.0021 0.2433 0.0000
vt 0.5490 0.1407 0.0000
vt 0.5640 0.8594 0.0000
vt 0.5047 0.9187 0.0000
vt 0.1995 0.6778 0.0000
vt 0.2540 0.0053 0.0000
vt 0.0411 0.8853 0.0000
vt 0.1863 0.9025 0.0000
vt 0.9979 0.7439 0.0000
vt 0.7602 0.9938 0.0000
vt 0.7757 0.9980 0.0000
vt 0.7607 0.9980 0.0000
vt 0.7333 0.0641 0.0000
vt 0.7250 0.0537 0.0000
vt 0.9908 0.1165 0.0000
vt 0.4879 0.3017 0.0000
vt 0.9413 0.4230 0.0000
vt 0.8097 0.5694 0.0000
vt 0.9979 0.5942 0.0000
vt 0.9978 0.5764 0.0000
vt 0.1399 0.0020 0.0000
vt 0.0021 0.3451 0.0000
vt 0.2357 0.6238 0.0000
vt 0.1688 0.4239 0.0000
vt 0.0520 0.4307 0.0000
vt 0.8436 0.7374 0.0000
vt 0.3641 0.0218 0.0000
vt 0.4453 0.9980 0.0000
vt 0.7466 0.1779 0.0000
vt 0.2317 0.5694 0.0000
vt 0.2539 0.5694 0.0000
vt 0.2726 0.7880 0.0000
vt 0.0023 0.7174 0.0000
vt 0.2440 0.8714 0.0000
vt 0.5295 0.4265 0.0000
vt 0.5131 0.4265 0.0000
vt 0.0021 0.0218 0.0000
vt 0.0021 0.0365 0.0000
vt 0.7281 0.1254 0.0000
vt 0.2687 0.1449 0.0000
vt 0.2565 0.1449 0.0000
vt 0.2534 0.2968 0.0000
vt 0.1699 0.6469 0.0000
vt 0.5052 0.1480 0.0000
vt 0.5150 0.1449 0.0000
vt 0.7466 0.5011 0.0000
vt 0.2541 0.8541 0.0000
vt 0.7560 0.7009 0.0000
vt 0.7652 0.7123 0.0000
vt 0.6171 0.8674 0.0000
vt 0.4074 0.1605 0.0000
vt 0.4181 0.7318 0.0000
vt 0.9627 0.7165 0.0000
vt 0.4762 0.5694 0.0000
vt 0.2440 0.4429 0.0000
vt 0.8993 0.7033 0.0000
vt 0.2535 0.8625 0.0000
vt 0.4951 0.8599 0.0000
vt 0.7366 0.1326 0.0000
vt 0.2383 0.9051 0.0000
vt 0.0021 0.7526 0.0000
vt 0.1325 0.6094 0.0000
vt 0.1270 0.6015 0.0000
vt 0.5047 0.0524 0.0000
vt 0.7692 0.5694 0.0000
vt 0.7778 0.5694 0.0000
vt 0.2228 0.7165 0.0000
vt 0.2344 0.7165 0.0000
vt 0.4658 0.1375 0.0000
vt 0.2217 0.6985 0.0000
vt 0.5444 0.4307 0.0000
vt 0.4953 0.6255 0.0000
vt 0.0206 0.4265 0.0000
vt 0.5215 0.8352 0.0000
vt 0.0307 0.5694 0.0000
vt 0.2185 0.2836 0.0000
vt 0.7382 0.8594 0.0000
vt 0.7560 0.2619 0.0000
vt 0.5777 0.4180 0.0000
vt 0.0021 0.1603 0.0000
vt 0.1105 0.5694 0.0000
vt 0.0855 0.5694 0.0000
vt 0.2235 0.8552 0.0000
vt 0.7734 0.8387 0.0000
vt 0.2534 0.7219 0.0000
vt 0.6611 0.4265 0.0000
vt 0.6488 0.5694 0.0000
vt 0.8973 0.5736 0.0000
vt 0.2331 0.1134 0.0000
vt 0.5868 0.2908 0.0000
vt 0.1161 0.4719 0.0000
vt 0.9460 0.4307 0.0000
vt 0.7384 0.8153 0.0000
vt 0.0710 0.5811 0.0000
vt 0.3059 0.0309 0.0000
vt 0.5294 0.8594 0.0000
vt 0.5260 0.5736 0.0000
vt 0.5128 0.5736 0.0000
vt 0.5050 0.5743 0.0000
vt 0.7723 0.4307 0.0000
vt 0.8219 0.7306 0.0000
vt 0.1146 0.7198 0.0000
vt 0.5646 0.4307 0.0000
vt 0.2023 0.4307 0.0000
vt 0.4183 0.4265 0.0000
vt 0.5680 0.7123 0.0000
vt 0.9096 0.4307 0.0000
vt 0.9233 0.4352 0.0000
vt 0.7560 0.4842 0.0000
vt 0.7560 0.4536 0.0000
vt 0.2316 0.5510 0.0000
vt 0.3626 0.2836 0.0000
vt 0.3818 0.2836 0.0000
vt 0.3047 0.1075 0.0000
vt 0.0040 0.5694 0.0000
vt 0.0021 0.5579 0.0000
vt 0.2534 0.4429 0.0000
vt 0.2695 0.2072 0.0000
vt 0.4385 0.7123 0.0000
vt 0.5047 0.8550 0.0000
vt 0.6754 0.4307 0.0000
vt 0.0668 0.0020 0.0000
vt 0.5180 0.0244 0.0000
vt 0.9974 0.2883 0.0000
vt 0.2534 0.4260 0.0000
vt 0.2640 0.2878 0.0000
vt 0.7560 0.8111 0.0000
vt 0.0316 0.7165 0.0000
vt 0.4717 0.8594 0.0000
vt 0.7466 0.1072 0.0000
vt 0.8181 0.9980 0.0000
vt 0.0021 0.5889 0.0000
vt 0.0033 0.5757 0.0000
vt 0.5173 0.1882 0.0000
vt 0.8758 0.2878 0.0000
vt 0.6984 0.4265 0.0000
vt 0.2534 0.7957 0.0000
vt 0.0791 0.7165 0.0000
vt 0.7784 0.9804 0.0000
vt 0.2779 0.5736 0.0000
vt 0.8544 0.2737 0.0000
vt 0.0210 0.5565 0.0000
vt 0.5047 0.5578 0.0000
vt 0.9247 0.4265 0.0000
vt 0.5047 0.7291 0.0000
vt 0.5047 0.7192 0.0000
vt 0.7466 0.6972 0.0000
vt 0.1339 0.7034 0.0000
vt 0.1077 0.1056 0.0000
vt 0.8829 0.8551 0.0000
vt 0.6682 0.2836 0.0000
vt 0.1494 0.5863 0.0000
vt 0.5047 0.3374 0.0000
vt 0.4953 0.5432 0.0000
vt 0.4662 0.9861 0.0000
vt 0.5047 0.0276 0.0000
vt 0.0021 0.1284 0.0000
vt 0.1257 0.0375 0.0000
vt 0.6379 0.2733 0.0000
vt 0.3998 0.7123 0.0000
vt 0.4260 0.7123 0.0000
vt 0.1490 0.4265 0.0000
vt 0.3484 0.8362 0.0000
vt 0.7560 0.1266 0.0000
vt 0.5468 0.2836 0.0000
vt 0.7560 0.5790 0.0000
vt 0.0524 0.8552 0.0000
vt 0.9640 0.7123 0.0000
vt 0.7241 0.1449 0.0000
vt 0.4947 0.1482 0.0000
vt 0.0024 0.1466 0.0000
vt 0.3756 0.5736 0.0000
vt 0.5047 0.5878 0.0000
vt 0.7289 0.5694 0.0000
vt 0.7560 0.6161 0.0000
vt 0.4456 0.8552 0.0000
vt 0.8185 0.4307 0.0000
vt 0.8172 0.5736 0.0000
vt 0.3485 0.5694 0.0000
vt 0.4922 0.0020 0.0000
vt 0.7564 0.7170 0.0000
vt 0.7560 0.0130 0.0000
vt 0.6157 0.2878 0.0000
vt 0.2534 0.8757 0.0000
vt 0.5047 0.5000 0.0000
vt 0.5047 0.4875 0.0000
vt 0.0232 0.4307 0.0000
vt 0.1288 0.4307 0.0000
vt 0.4738 0.2836 0.0000
vt 0.6134 0.5694 0.0000
vt 0.7580 0.0024 0.0000
vt 0.1543 0.2836 0.0000
vt 0.4456 0.1407 0.0000
vt 0.8196 0.8593 0.0000
vt 0.0021 0.7121 0.0000
vt 0.9327 0.4307 0.0000
vt 0.9816 0.2878 0.0000
vt 0.7560 0.7123 0.0000
vt 0.9075 0.5736 0.0000
vt 0.8270 0.5736 0.0000
vt 0.3306 0.2836 0.0000
vt 0.7560 0.5211 0.0000
vt 0.7560 0.5029 0.0000
vt 0.9117 0.2878 0.0000
vt 0.1330 0.8552 0.0000
vt 0.9208 0.4307 0.0000
vt 0.2334 0.1449 0.0000
vt 0.2436 0.1449 0.0000
vt 0.7466 0.2932 0.0000
vt 0.6352 0.5694 0.0000
vt 0.7560 0.6484 0.0000
vt 0.5047 0.1948 0.0000
vt 0.9727 0.2878 0.0000
vt 0.3910 0.5736 0.0000
vt 0.4672 0.5736 0.0000
vt 0.3339 0.7123 0.0000
vt 0.8059 0.2836 0.0000
vt 0.9059 0.8551 0.0000
vt 0.3032 0.4265 0.0000
vt 0.5047 0.4493 0.0000
vt 0.7560 0.8296 0.0000
vt 0.5831 0.4307 0.0000
vt 0.3777 0.4265 0.0000
vt 0.6972 0.1407 0.0000
vt 0.7560 0.3264 0.0000
vt 0.2139 0.8552 0.0000
vt 0.5047 0.9315 0.0000
vt 0.5047 0.4261 0.0000
vt 0.5047 0.2573 0.0000
vt 0.9790 0.5736 0.0000
vt 0.0021 0.0506 0.0000
vt 0.4841 0.9980 0.0000
vt 0.2538 0.2878 0.0000
vt 0.9979 0.1272 0.0000
vt 0.7562 0.1454 0.0000
vt 0.2139 0.9980 0.0000
vt 0.0021 0.3757 0.0000
vt 0.5047 0.8099 0.0000
vt 0.0021 0.9400 0.0000
vt 0.5395 0.8552 0.0000
vt 0.4336 0.5736 0.0000
vt 0.3861 0.1407 0.0000
vt 0.3039 0.7123 0.0000
vt 0.7560 0.7534 0.0000
vt 0.0021 0.7285 0.0000
vt 0.2624 0.4265 0.0000
vt 0.5047 0.3503 0.0000
vt 0.2534 0.5614 0.0000
vt 0.5895 0.2878 0.0000
vt 0.0024 0.4259 0.0000
vt 0.2543 0.4316 0.0000
# 5762 texture coords

g s2_10k
usemtl mat0
s 1
f 1/1/1 2/2/2 3/3/3 
f 4/4/4 5/5/5 6/6/6 
f 7/7/7 8/8/8 9/9/9 
f 10/10/10 11/11/11 12/12/12 
f 13/13/13 14/14/14 15/15/15 
f 16/16/16 17/17/17 18/18/18 
f 19/19/19 20/20/20 21/21/21 
f 22/22/22 23/23/23 24/24/24 
f 25/25/25 26/26/26 27/27/27 
f 28/28/28 29/29/29 30/30/30 
f 31/31/31 32/32/32 33/33/33 
f 34/34/34 35/35/35 36/36/36 
f 37/37/37 38/38/38 39/39/39 
f 40/40/40 41/41/41 42/42/42 
f 43/43/43 44/44/44 45/45/45 
f 46/46/46 47/47/47 48/48/48 
f 49/49/49 50/50/50 51/51/51 
f 52/52/52 53/53/53 54/54/54 
f 55/55/55 56/56/56 57/57/57 
f 58/58/58 59/59/59 60/60/60 
f 61/61/61 62/62/62 63/63/63 
f 64/64/64 65/65/65 66/66/66 
f 67/67/67 68/68/68 69/69/69 
f 70/70/70 71/71/71 72/72/72 
f 73/73/73 74/74/74 75/75/75 
f 76/76/76 77/77/77 78/78/78 
f 79/79/79 80/80/80 81/81/81 
f 82/82/82 83/83/83 84/84/84 
f 85/85/85 86/86/86 87/87/87 
f 88/88/88 89/89/89 90/90/90 
f 91/91/91 92/92/92 93/93/93 
f 94/94/94 88/88/88 90/90/90 
f 95/95/95 96/96/96 97/97/97 
f 98/98/98 99/99/99 100/100/100 
f 101/101/101 102/102/102 67/67/67 
f 103/103/103 104/104/104 105/105/105 
f 106/106/106 107/107/107 108/108/108 
f 109/109/109 110/110/110 111/111/111 
f 112/112/112 113/113/113 114/114/114 
f 115/115/115 116/116/116 117/117/117 
f 118/118/118 119/119/119 120/120/120 
f 121/121/121 122/122/122 123/123/123 
f 124/124/124 125/125/125 126/126/126 
f 127/127/127 128/128/128 129/129/129 
f 130/130/130 131/131/131 132/132/132 
f 133/133/133 134/134/134 81/81/81 
f 135/135/135 136/136/136 137/137/137 
f 138/138/138 139/139/139 140/140/140 
f 141/141/141 142/142/142 143/143/143 
f 144/144/144 145/145/145 146/146/146 
f 147/147/147 148/148/148 149/149/149 
f 150/150/150 151/151/151 152/152/152 
f 153/153/153 154/154/154 155/155/155 
f 156/156/156 157/157/157 158/158/158 
f 159/159/159 160/160/160 161/161/161 
f 162/162/162 163/163/163 164/164/164 
f 165/165/165 166/166/166 167/167/167 
f 168/168/168 169/169/169 170/170/170 
f 171/171/171 172/172/172 173/173/173 
f 174/174/174 175/175/175 176/176/176 
f 177/177/177 178/178/178 179/179/179 
f 180/180/180 181/181/181 182/182/182 
f 183/183/183 184/184/184 185/185/185 
f 186/186/186 187/187/187 188/188/188 
f 189/189/189 190/190/190 191/191/191 
f 192/192/192 193/193/193 194/194/194 
f 195/195/195 196/196/196 197/197/197 
f 198/198/198 199/199/199 200/200/200 
f 201/201/201 202/202/202 203/203/203 
f 204/204/204 205/205/205 206/206/206 
f 207/207/207 208/208/208 209/209/209 
f 210/210/210 211/211/211 212/212/212 
f 213/213/213 214/214/214 215/215/215 
f 216/216/216 217/217/217 218/218/218 
f 219/219/219 220/220/220 221/221/221 
f 222/222/222 223/223/223 224/224/224 
f 225/225/225 226/226/226 227/227/227 
f 228/228/228 229/229/229 230/230/230 
f 231/231/231 232/232/232 233/233/233 
f 234/234/234 235/235/235 236/236/236 
f 237/237/237 238/238/238 239/239/239 
f 240/240/240 241/241/241 242/242/242 
f 243/243/243 244/244/244 245/245/245 
f 246/246/246 247/247/247 248/248/248 
f 249/249/249 250/250/250 251/251/251 
f 252/252/252 253/253/253 254/254/254 
f 255/255/255 256/256/256 257/257/257 
f 258/258/258 12/12/12 259/259/259 
f 260/260/260 261/261/261 262/262/262 
f 263/263/263 264/264/264 265/265/265 
f 266/266/266 267/267/267 268/268/268 
f 269/269/269 270/270/270 271/271/271 
f 272/272/272 273/273/273 274/274/274 
f 275/275/275 276/276/276 76/76/76 
f 277/277/277 278/278/278 279/279/279 
f 280/280/280 281/281/281 282/282/282 
f 283/283/283 284/284/284 285/285/285 
f 286/286/286 58/58/58 287/287/287 
f 288/288/288 289/289/289 290/290/290 
f 291/291/291 120/120/120 292/292/292 
f 293/293/293 294/294/294 295/295/295 
f 296/296/296 297/297/297 298/298/298 
f 299/299/299 300/300/300 301/301/301 
f 302/302/302 303/303/303 304/304/304 
f 305/305/305 306/306/306 307/307/307 
f 308/308/308 309/309/309 310/310/310 
f 311/311/311 312/312/312 313/313/313 
f 314/314/314 315/315/315 316/316/316 
f 317/317/317 318/318/318 319/319/319 
f 320/320/320 321/321/321 322/322/322 
f 323/323/323 324/324/324 325/325/325 
f 326/326/326 327/327/327 328/328/328 
f 329/329/329 330/330/330 331/331/331 
f 332/332/332 333/333/333 334/334/334 
f 335/335/335 336/336/336 337/337/337 
f 338/338/338 339/339/339 340/340/340 
f 341/341/341 342/342/342 343/343/343 
f 344/344/344 289/289/289 345/345/345 
f 346/346/346 347/347/347 348/348/348 
f 349/349/349 350/350/350 351/351/351 
f 352/352/352 353/353/353 354/354/354 
f 355/355/355 356/356/356 357/357/357 
f 358/358/358 359/359/359 360/360/360 
f 361/361/361 362/362/362 363/363/363 
f 364/364/364 365/365/365 366/366/366 
f 367/367/367 368/368/368 369/369/369 
f 370/370/370 371/371/371 372/372/372 
f 373/373/373 374/374/374 375/375/375 
f 376/376/376 377/377/377 378/378/378 
f 379/379/379 380/380/380 381/381/381 
f 382/382/382 383/383/383 384/384/384 
f 385/385/385 386/386/386 387/387/387 
f 388/388/388 389/389/389 390/390/390 
f 391/391/391 392/392/392 393/393/393 
f 394/394/394 395/395/395 396/396/396 
f 397/397/397 186/186/186 188/188/188 
f 398/398/398 399/399/399 400/400/400 
f 268/268/268 401/401/401 402/402/402 
f 403/403/403 404/404/404 405/405/405 
f 406/406/406 407/407/407 98/98/98 
f 408/408/408 409/409/409 410/410/410 
f 411/411/411 412/412/412 413/413/413 
f 414/414/414 415/415/415 416/416/416 
f 417/417/417 418/418/418 419/419/419 
f 420/420/420 421/421/421 422/422/422 
f 423/423/423 424/424/424 425/425/425 
f 426/426/426 427/427/427 428/428/428 
f 429/429/429 430/430/430 431/431/431 
f 432/432/432 433/433/433 434/434/434 
f 435/435/435 436/436/436 28/28/28 
f 437/437/437 438/438/438 177/177/177 
f 439/439/439 440/440/440 441/441/441 
f 442/442/442 443/443/443 444/444/444 
f 445/445/445 442/442/442 446/446/446 
f 447/447/447 448/448/448 449/449/449 
f 450/450/450 451/451/451 452/452/452 
f 453/453/453 454/454/454 455/455/455 
f 456/456/456 457/457/457 458/458/458 
f 459/459/459 460/460/460 461/461/461 
f 462/462/462 463/463/463 464/464/464 
f 465/465/465 466/466/466 335/335/335 
f 467/467/467 468/468/468 469/469/469 
f 470/470/470 471/471/471 472/472/472 
f 473/473/473 474/474/474 475/475/475 
f 179/179/179 476/476/476 177/177/177 
f 477/477/477 478/478/478 479/479/479 
f 480/480/480 33/33/33 481/481/481 
f 482/482/482 483/483/483 484/484/484 
f 485/485/485 486/486/486 487/487/487 
f 110/110/110 109/109/109 488/488/488 
f 197/197/197 489/489/489 490/490/490 
f 134/134/134 79/79/79 81/81/81 
f 491/491/491 492/492/492 493/493/493 
f 494/494/494 495/495/495 496/496/496 
f 497/497/497 498/498/498 499/499/499 
f 500/500/500 501/501/501 502/502/502 
f 503/503/503 504/504/504 505/505/505 
f 506/506/506 507/507/507 508/508/508 
f 509/509/509 510/510/510 511/511/511 
f 512/512/512 34/34/34 36/36/36 
f 513/513/513 514/514/514 515/515/515 
f 516/516/516 517/517/517 518/518/518 
f 519/519/519 223/223/223 520/520/520 
f 4/4/4 521/521/521 522/522/522 
f 523/523/523 524/524/524 525/525/525 
f 526/526/526 527/527/527 528/528/528 
f 529/529/529 530/530/530 531/531/531 
f 108/108/108 532/532/532 533/533/533 
f 534/534/534 535/535/535 536/536/536 
f 537/537/537 253/253/253 538/538/538 
f 539/539/539 540/540/540 541/541/541 
f 66/66/66 542/542/542 64/64/64 
f 543/543/543 544/544/544 545/545/545 
f 546/546/546 547/547/547 548/548/548 
f 549/549/549 550/550/550 551/551/551 
f 552/552/552 553/553/553 554/554/554 
f 555/555/555 22/22/22 556/556/556 
f 557/557/557 558/558/558 559/559/559 
f 560/560/560 561/561/561 562/562/562 
f 563/563/563 564/564/564 565/565/565 
f 566/566/566 567/567/567 568/568/568 
f 569/569/569 271/271/271 270/270/270 
f 570/570/570 571/571/571 234/234/234 
f 321/321/321 572/572/572 573/573/573 
f 574/574/574 148/148/148 575/575/575 
f 576/576/576 577/577/577 578/578/578 
f 579/579/579 580/580/580 50/50/50 
f 581/581/581 137/137/137 582/582/582 
f 583/583/583 343/343/343 342/342/342 
f 584/584/584 585/585/585 586/586/586 
f 587/587/587 588/588/588 589/589/589 
f 590/590/590 591/591/591 592/592/592 
f 115/115/115 593/593/593 594/594/594 
f 235/235/235 234/234/234 595/595/595 
f 596/596/596 597/597/597 598/598/598 
f 599/599/599 600/600/600 601/601/601 
f 274/274/274 602/602/602 603/603/603 
f 604/604/604 605/605/605 606/606/606 
f 414/414/414 607/607/607 608/608/608 
f 146/146/146 145/145/145 243/243/243 
f 609/609/609 610/610/610 611/611/611 
f 612/612/612 613/613/613 614/614/614 
f 615/615/615 616/616/616 617/617/617 
f 618/618/618 619/619/619 620/620/620 
f 621/621/621 622/622/622 623/623/623 
f 624/624/624 192/192/192 625/625/625 
f 626/626/626 627/627/627 628/628/628 
f 629/629/629 630/630/630 631/631/631 
f 632/632/632 26/26/26 25/25/25 
f 633/633/633 459/459/459 634/634/634 
f 635/635/635 636/636/636 637/637/637 
f 638/638/638 639/639/639 640/640/640 
f 641/641/641 642/642/642 643/643/643 
f 644/644/644 645/645/645 646/646/646 
f 647/647/647 648/648/648 649/649/649 
f 650/650/650 651/651/651 652/652/652 
f 653/653/653 654/654/654 655/655/655 
f 656/656/656 501/501/501 657/657/657 
f 43/43/43 315/315/315 44/44/44 
f 658/658/658 326/326/326 659/659/659 
f 660/660/660 661/661/661 662/662/662 
f 663/663/663 664/664/664 665/665/665 
f 666/666/666 667/667/667 668/668/668 
f 669/669/669 670/670/670 671/671/671 
f 11/11/11 672/672/672 673/673/673 
f 674/674/674 675/675/675 676/676/676 
f 677/677/677 678/678/678 679/679/679 
f 680/680/680 681/681/681 682/682/682 
f 66/66/66 65/65/65 683/683/683 
f 425/425/425 684/684/684 685/685/685 
f 686/686/686 687/687/687 688/688/688 
f 689/689/689 19/19/19 690/690/690 
f 691/691/691 692/692/692 693/693/693 
f 694/694/694 695/695/695 696/696/696 
f 697/697/697 698/698/698 699/699/699 
f 700/700/700 701/701/701 702/702/702 
f 703/703/703 704/704/704 705/705/705 
f 706/706/706 32/32/32 707/707/707 
f 708/708/708 316/316/316 709/709/709 
f 710/710/710 651/651/651 711/711/711 
f 712/712/712 713/713/713 714/714/714 
f 62/62/62 715/715/715 716/716/716 
f 717/717/717 718/718/718 719/719/719 
f 720/720/720 721/721/721 722/722/722 
f 723/723/723 255/255/255 257/257/257 
f 724/724/724 725/725/725 726/726/726 
f 727/727/727 728/728/728 729/729/729 
f 730/730/730 731/731/731 732/732/732 
f 733/733/733 734/734/734 735/735/735 
f 283/283/283 285/285/285 736/736/736 
f 737/737/737 738/738/738 739/739/739 
f 740/740/740 741/741/741 742/742/742 
f 743/743/743 335/335/335 337/337/337 
f 82/82/82 84/84/84 744/744/744 
f 745/745/745 746/746/746 747/747/747 
f 748/748/748 749/749/749 750/750/750 
f 751/751/751 752/752/752 753/753/753 
f 92/92/92 754/754/754 755/755/755 
f 123/123/123 122/122/122 756/756/756 
f 757/757/757 758/758/758 759/759/759 
f 760/760/760 761/761/761 762/762/762 
f 763/763/763 764/764/764 765/765/765 
f 766/766/766 767/767/767 768/768/768 
f 769/769/769 770/770/770 771/771/771 
f 772/772/772 773/773/773 774/774/774 
f 775/775/775 776/776/776 777/777/777 
f 458/458/458 778/778/778 779/779/779 
f 780/780/780 781/781/781 782/782/782 
f 554/554/554 783/783/783 552/552/552 
f 784/784/784 785/785/785 786/786/786 
f 787/787/787 788/788/788 789/789/789 
f 790/790/790 791/791/791 792/792/792 
f 793/793/793 794/794/794 795/795/795 
f 796/796/796 797/797/797 798/798/798 
f 799/799/799 800/800/800 801/801/801 
f 802/802/802 803/803/803 804/804/804 
f 805/805/805 806/806/806 807/807/807 
f 609/609/609 808/808/808 610/610/610 
f 809/809/809 810/810/810 811/811/811 
f 320/320/320 322/322/322 812/812/812 
f 813/813/813 814/814/814 815/815/815 
f 816/816/816 817/817/817 818/818/818 
f 819/819/819 820/820/820 611/611/611 
f 821/821/821 822/822/822 823/823/823 
f 824/824/824 825/825/825 826/826/826 
f 6/6/6 827/827/827 828/828/828 
f 829/829/829 830/830/830 831/831/831 
f 832/832/832 833/833/833 834/834/834 
f 835/835/835 836/836/836 837/837/837 
f 838/838/838 839/839/839 840/840/840 
f 841/841/841 842/842/842 843/843/843 
f 844/844/844 845/845/845 846/846/846 
f 847/847/847 848/848/848 849/849/849 
f 850/850/850 851/851/851 852/852/852 
f 853/853/853 854/854/854 855/855/855 
f 856/856/856 857/857/857 858/858/858 
f 569/569/569 859/859/859 860/860/860 
f 861/861/861 862/862/862 863/863/863 
f 864/864/864 865/865/865 866/866/866 
f 867/867/867 868/868/868 869/869/869 
f 870/870/870 871/871/871 872/872/872 
f 873/873/873 874/874/874 875/875/875 
f 377/377/377 376/376/376 876/876/876 
f 877/877/877 132/132/132 131/131/131 
f 878/878/878 879/879/879 880/880/880 
f 9/9/9 8/8/8 881/881/881 
f 882/882/882 883/883/883 884/884/884 
f 885/885/885 886/886/886 887/887/887 
f 888/888/888 889/889/889 189/189/189 
f 890/890/890 891/891/891 892/892/892 
f 472/472/472 893/893/893 894/894/894 
f 895/895/895 896/896/896 897/897/897 
f 898/898/898 47/47/47 46/46/46 
f 899/899/899 709/709/709 900/900/900 
f 901/901/901 395/395/395 394/394/394 
f 902/902/902 903/903/903 904/904/904 
f 905/905/905 601/601/601 906/906/906 
f 907/907/907 908/908/908 909/909/909 
f 910/910/910 911/911/911 912/912/912 
f 913/913/913 914/914/914 915/915/915 
f 916/916/916 917/917/917 918/918/411 
f 401/401/401 919/919/918 402/402/402 
f 920/920/919 921/921/920 922/922/921 
f 923/923/922 924/924/923 586/586/586 
f 925/925/924 356/356/356 926/926/925 
f 325/325/325 927/927/926 928/928/927 
f 929/929/928 518/518/518 517/517/517 
f 930/930/929 400/400/400 931/931/930 
f 932/932/931 933/933/932 934/934/933 
f 385/385/385 935/935/934 386/386/386 
f 936/936/935 937/937/936 883/883/883 
f 938/938/937 939/939/938 940/940/939 
f 941/941/940 942/942/941 943/943/942 
f 944/944/943 945/945/944 946/946/945 
f 947/947/946 948/948/947 949/949/948 
f 950/950/949 951/951/950 602/602/602 
f 952/952/951 953/953/952 954/954/953 
f 955/955/954 956/956/955 957/957/956 
f 458/458/458 958/958/957 456/456/456 
f 959/959/958 960/960/959 961/961/960 
f 962/962/961 963/963/962 964/964/963 
f 965/965/964 346/346/346 966/966/965 
f 967/967/966 968/968/967 969/969/968 
f 150/150/150 152/152/152 970/970/969 
f 971/971/970 972/972/971 973/973/972 
f 974/974/973 975/975/974 976/976/975 
f 977/977/976 978/978/977 979/979/978 
f 980/980/979 981/981/980 982/982/981 
f 983/983/982 984/984/983 985/985/984 
f 986/986/985 816/816/816 818/818/818 
f 987/987/986 239/239/239 238/238/238 
f 240/240/240 988/988/987 241/241/241 
f 989/989/988 990/990/989 991/991/990 
f 992/992/991 993/993/992 994/994/993 
f 995/995/994 996/996/995 997/997/996 
f 998/998/997 999/999/998 1000/1000/999 
f 1001/1001/1000 462/462/462 464/464/464 
f 1002/1002/1001 607/607/607 1003/1003/1002 
f 1004/1004/1003 1005/1005/1004 1006/1006/1005 
f 1007/1007/1006 1008/1008/1007 1009/1009/1008 
f 1010/1010/1009 1011/1011/1010 1012/1012/1011 
f 1013/1013/1012 1014/1014/1013 1015/1015/1014 
f 1016/1016/1015 1017/1017/1016 1018/1018/1017 
f 1019/1019/1018 1020/1020/1019 1021/1021/1020 
f 1022/1022/1021 1023/1023/1022 1024/1024/1023 
f 1025/1025/1024 1026/1026/1025 1027/1027/1026 
f 1028/1028/1027 1029/1029/1028 1030/1030/1029 
f 1031/1031/1030 1032/1032/1031 1033/1033/1032 
f 473/473/473 1034/1034/1033 474/474/474 
f 1035/1035/1034 1034/1034/1033 3/3/3 
f 1036/1036/1035 231/231/231 1037/1037/1036 
f 232/232/232 231/231/231 1038/1038/1037 
f 179/179/179 1039/1039/1038 1040/1040/1039 
f 1041/1041/1040 68/68/68 1042/1042/1041 
f 1043/1043/159 277/277/277 279/279/279 
f 237/237/237 239/239/239 1044/1044/1042 
f 1045/1045/1043 1046/1046/1044 1047/1047/1045 
f 1048/1048/1046 1049/1049/1047 1050/1050/1048 
f 1051/1051/1049 1052/1052/1050 941/941/940 
f 1053/1053/1051 1054/1054/1052 1055/1055/1053 
f 182/182/182 181/181/181 1056/1056/1054 
f 1057/1057/1055 588/588/588 1058/1058/1056 
f 1059/1059/1057 1060/1060/1058 1061/1061/1059 
f 1062/1062/1060 1063/1063/1061 1059/1059/1057 
f 496/496/496 495/495/495 1064/1064/1062 
f 1065/1065/1063 995/995/994 997/997/996 
f 433/433/433 1066/1066/1064 1067/1067/1065 
f 28/28/28 436/436/436 29/29/29 
f 1068/1068/1066 235/235/235 595/595/595 
f 1069/1069/1067 1070/1070/1068 1071/1071/1069 
f 1072/1072/1070 1073/1073/1071 1074/1074/1072 
f 1075/1075/1073 52/52/52 54/54/54 
f 28/28/28 30/30/30 1076/1076/1074 
f 634/634/634 459/459/459 1077/1077/1075 
f 1078/1078/1076 153/153/153 155/155/155 
f 1079/1079/1077 1080/1080/1078 1081/1081/1079 
f 1082/1082/1080 1083/1083/1081 1084/1084/1082 
f 1085/1085/1083 1086/1086/1084 1087/1087/1085 
f 1088/1088/1086 1089/1089/1087 1090/1090/1088 
f 1091/1091/1089 1092/1092/1090 1093/1093/1091 
f 1094/1094/1092 1095/1095/1093 1096/1096/1094 
f 853/853/853 1097/1097/1095 854/854/854 
f 1098/1098/1096 928/928/927 927/927/926 
f 1099/1099/1097 1100/1100/1098 1101/1101/1099 
f 1102/1102/1100 1103/1103/1101 1104/1104/1102 
f 1105/1105/1103 1106/1106/1104 1107/1107/1105 
f 1108/1108/1106 334/334/334 333/333/333 
f 696/696/696 695/695/695 1109/1109/1107 
f 1110/1110/1108 797/797/797 1111/1111/1109 
f 1111/1111/1109 1112/1112/1110 59/59/59 
f 1113/1113/1111 1114/1114/1112 1115/1115/1113 
f 1116/1116/1114 1117/1117/1115 1118/1118/1116 
f 103/103/103 1119/1119/1117 1120/1120/1118 
f 1121/1121/1119 1122/1122/1120 1123/1123/1121 
f 1124/1124/1122 1125/1125/1123 1126/1126/1124 
f 1127/1127/1125 1128/1128/1126 1129/1129/1127 
f 1130/1130/1128 1131/1131/1129 1132/1132/1130 
f 1133/1133/1131 1134/1134/1132 1135/1135/1133 
f 1136/1136/1134 1137/1137/1135 1138/1138/1136 
f 380/380/380 379/379/379 1139/1139/1137 
f 1140/1140/491 1141/1141/1138 1142/1142/1139 
f 1143/1143/1140 1144/1144/1141 1145/1145/1142 
f 1146/1146/1143 1147/1147/1144 1148/1148/1145 
f 36/36/36 1149/1149/1146 512/512/512 
f 872/872/872 871/871/871 1150/1150/1147 
f 70/70/70 1151/1151/1148 789/789/789 
f 1152/1152/1149 1153/1153/1150 1154/1154/1151 
f 756/756/756 122/122/122 1155/1155/1152 
f 1156/1156/1153 1157/1157/1154 1158/1158/1155 
f 267/267/267 157/157/157 1159/1159/1156 
f 1068/1068/1066 1160/1160/1157 235/235/235 
f 484/484/484 1161/1161/1158 482/482/482 
f 1162/1162/1159 22/22/22 1163/1163/1160 
f 1164/1164/1161 1165/1165/1162 1166/1166/1163 
f 1167/1167/1164 360/360/360 359/359/359 
f 362/362/362 1168/1168/1165 1169/1169/1166 
f 683/683/683 1170/1170/1167 1171/1171/1168 
f 1172/1172/1169 1173/1173/1170 1174/1174/1171 
f 1175/1175/1172 1176/1176/1173 1177/1177/1174 
f 1178/1178/1175 1179/1179/1176 1180/1180/1177 
f 1181/1181/1178 1182/1182/1179 1183/1183/1180 
f 1184/1184/1181 1185/1185/1182 766/766/766 
f 1186/1186/1183 1187/1187/1184 1188/1188/1185 
f 621/621/621 1189/1189/1186 135/135/135 
f 51/51/51 1190/1190/1187 1191/1191/1188 
f 1192/1192/1189 1193/1193/1190 350/350/350 
f 1194/1194/1191 1195/1195/1192 1196/1196/1193 
f 1197/1197/1194 1198/1198/1195 1199/1199/1196 
f 1200/1200/1197 1201/1201/1198 1202/1202/1199 
f 1203/1203/1200 1204/1204/1201 1205/1205/1202 
f 1206/1206/1203 1207/1207/1204 1208/1208/1205 
f 1209/1209/1206 1210/1210/1207 1211/1211/1208 
f 1212/1212/1209 124/124/124 327/327/327 
f 1213/1213/1210 494/494/494 1214/1214/1211 
f 1215/1215/1212 1216/1216/1213 1217/1217/1214 
f 1218/1218/1215 338/338/338 340/340/340 
f 550/550/550 1219/1219/1216 551/551/551 
f 1220/1220/1217 1221/1221/1218 1222/1222/1219 
f 1223/1223/1220 406/406/406 879/879/879 
f 1009/1009/1008 1008/1008/1007 1224/1224/1221 
f 1225/1225/1222 638/638/638 1226/1226/1223 
f 1227/1227/1224 287/287/287 1228/1228/1225 
f 1075/1075/1073 54/54/54 1229/1229/1226 
f 1230/1230/1227 1231/1231/1228 1232/1232/1229 
f 1233/1233/1230 1234/1234/1231 508/508/508 
f 99/99/99 1235/1235/1232 100/100/100 
f 1236/1236/1233 1237/1237/1234 1238/1238/1235 
f 1236/1236/1233 1239/1239/1236 1240/1240/1237 
f 1241/1241/1238 1242/1242/1239 1243/1243/1240 
f 1244/1244/1241 137/137/137 1245/1245/1242 
f 1246/1246/1243 1247/1247/1244 1248/1248/1245 
f 1249/1249/1246 1250/1250/1247 1251/1251/1248 
f 384/384/384 383/383/383 1252/1252/1249 
f 1014/1014/1013 1013/1013/1012 1253/1253/1250 
f 1254/1254/1251 1255/1255/1252 1256/1256/1253 
f 760/760/760 1257/1257/1254 761/761/761 
f 1258/1258/1255 1259/1259/1256 1260/1260/1257 
f 1261/1261/1258 1262/1262/1259 1263/1263/1260 
f 1264/1264/1261 1265/1265/1262 1266/1266/1263 
f 1267/1267/1264 1268/1268/1265 1269/1269/1266 
f 1270/1270/1267 1271/1271/1268 1272/1272/1269 
f 1273/1273/1270 1274/1274/1271 542/542/542 
f 1275/1275/1272 1276/1276/1273 1277/1277/1274 
f 1278/1278/1275 1279/1279/1276 1280/1280/1277 
f 720/720/720 1281/1281/1278 1282/1282/1279 
f 1283/1283/1280 1284/1284/1281 1285/1285/1282 
f 1286/1286/1283 1287/1287/1284 610/610/610 
f 1288/1288/1285 1289/1289/1286 1290/1290/1287 
f 670/670/670 1291/1291/1288 1292/1292/1289 
f 1293/1293/1290 990/990/989 1294/1294/1291 
f 1295/1295/1292 106/106/106 1296/1296/1293 
f 1297/1297/1294 1298/1298/1295 1299/1299/1296 
f 1300/1300/1297 1301/1301/1298 1302/1302/1299 
f 830/830/830 1303/1303/1300 831/831/831 
f 1304/1304/1301 1305/1305/1302 1306/1306/1303 
f 1307/1307/1304 1308/1308/1305 961/961/960 
f 1309/1309/1306 650/650/650 1101/1101/1099 
f 1310/1310/1307 1311/1311/1308 1312/1312/1309 
f 1313/1313/1310 1314/1314/1311 1315/1315/1312 
f 1316/1316/1313 1317/1317/1314 1318/1318/1315 
f 1319/1319/1316 1320/1320/1317 1321/1321/1318 
f 262/262/262 261/261/261 1322/1322/1319 
f 1323/1323/1320 1324/1324/1321 1325/1325/1322 
f 319/319/319 1326/1326/1323 1327/1327/1324 
f 1328/1328/1325 1329/1329/1326 1330/1330/1327 
f 1331/1331/1328 1332/1332/1329 613/613/613 
f 215/215/215 1333/1333/1330 213/213/213 
f 1334/1334/1331 1335/1335/1332 1336/1336/1333 
f 1337/1337/1334 1338/1338/1335 1339/1339/1336 
f 1340/1340/1337 832/832/832 834/834/834 
f 1341/1341/1338 1342/1342/1339 1343/1343/1340 
f 1344/1344/1341 1345/1345/1342 1346/1346/1343 
f 1347/1347/1344 1348/1348/1345 876/876/876 
f 381/381/381 380/380/380 1349/1349/1346 
f 1350/1350/1347 1351/1351/1348 1352/1352/1349 
f 1350/1350/1347 1352/1352/1349 1353/1353/1350 
f 13/13/13 1354/1354/1351 862/862/862 
f 1355/1355/1352 1356/1356/1353 1357/1357/1354 
f 891/891/891 890/890/890 1358/1358/1355 
f 1359/1359/1356 889/889/889 888/888/888 
f 1360/1360/1357 1361/1361/1358 275/275/275 
f 1362/1362/1359 1363/1363/1360 1364/1364/1361 
f 1365/1365/1362 1366/1366/1363 1367/1367/1364 
f 793/793/793 1368/1368/1365 1369/1369/1366 
f 814/814/814 1370/1370/1367 815/815/815 
f 964/964/963 1371/1371/1368 962/962/961 
f 640/640/640 1226/1226/1223 638/638/638 
f 1248/1248/1245 1247/1247/1244 55/55/55 
f 1372/1372/1369 1373/1373/1370 1374/1374/1371 
f 641/641/641 643/643/643 1375/1375/1372 
f 1376/1376/1373 1377/1377/1374 1378/1378/1375 
f 1379/1379/1376 1380/1380/1377 1381/1381/1378 
f 1382/1382/1379 1383/1383/1380 1384/1384/1381 
f 1385/1385/1382 1386/1386/1383 444/444/444 
f 1387/1387/1384 1388/1388/1385 553/553/553 
f 1389/1389/1386 1390/1390/1387 1391/1391/1388 
f 264/264/264 453/453/453 265/265/265 
f 1392/1392/1389 1393/1393/1390 1394/1394/1391 
f 1395/1395/1392 1396/1396/1393 1397/1397/1394 
f 1398/1398/1395 1399/1399/1396 1400/1400/1397 
f 1401/1401/1398 194/194/194 1402/1402/1399 
f 1403/1403/1400 1404/1404/1401 1405/1405/1402 
f 1406/1406/1403 1407/1407/1404 1408/1408/1405 
f 1409/1409/1406 1410/1410/1407 1411/1411/1408 
f 665/665/665 664/664/664 661/661/661 
f 1412/1412/1409 1413/1413/1410 1414/1414/1411 
f 1415/1415/1412 1416/1416/1413 1417/1417/1414 
f 1418/1418/1415 1419/1419/1416 1420/1420/1417 
f 741/741/741 740/740/740 161/161/161 
f 422/422/422 421/421/421 163/163/163 
f 1421/1421/1418 1422/1422/1419 645/645/645 
f 1423/1423/1420 1424/1424/1421 1425/1425/1422 
f 1426/1426/1423 1427/1427/1424 1428/1428/1425 
f 429/429/429 1429/1429/1426 1430/1430/1427 
f 933/933/932 932/932/931 1431/1431/1428 
f 1002/1002/1001 1432/1432/1429 1433/1433/1430 
f 1434/1434/1431 532/532/532 108/108/108 
f 1435/1435/1432 939/939/938 1436/1436/1433 
f 1437/1437/1434 1438/1438/1435 1439/1439/1436 
f 1440/1440/1437 579/579/579 1441/1441/1438 
f 1442/1442/1439 1443/1443/1440 1444/1444/1441 
f 223/223/223 519/519/519 224/224/224 
f 1445/1445/1442 1446/1446/1443 1447/1447/1444 
f 1448/1448/1445 1449/1449/1446 1450/1450/1447 
f 1451/1451/1448 1452/1452/1449 280/280/280 
f 1453/1453/1450 1454/1454/1451 1110/1110/1108 
f 738/738/738 1455/1455/1452 1456/1456/1453 
f 1345/1345/1342 1457/1457/1454 1346/1346/1343 
f 1458/1458/1455 979/979/978 978/978/977 
f 1459/1459/1456 1460/1460/1457 1461/1461/1458 
f 1462/1462/1459 4/4/4 1463/1463/1460 
f 1464/1464/1461 826/826/826 1465/1465/1462 
f 597/597/597 1466/1466/1463 1467/1467/1464 
f 1468/1468/1465 215/215/215 214/214/214 
f 1469/1469/1466 1470/1470/1467 1471/1471/1468 
f 1472/1472/1469 1473/1473/1470 110/110/110 
f 1474/1474/1471 1475/1475/1472 1476/1476/1473 
f 1477/1477/1474 1478/1478/1475 1479/1479/1476 
f 1000/1000/999 1480/1480/1477 1481/1481/1478 
f 1482/1482/1479 1483/1483/1480 1484/1484/1481 
f 1485/1485/1482 1486/1486/1483 1487/1487/1484 
f 1004/1004/1003 1006/1006/1005 1488/1488/1485 
f 1489/1489/1486 1490/1490/1487 1491/1491/1488 
f 1492/1492/1489 1066/1066/1064 1493/1493/1490 
f 1494/1494/1491 434/434/434 1495/1495/1492 
f 1496/1496/1493 1497/1497/1494 1498/1498/1495 
f 1499/1499/1496 779/779/779 1500/1500/1497 
f 308/308/308 1501/1501/1498 1502/1502/1499 
f 896/896/896 895/895/895 1503/1503/1500 
f 1504/1504/1501 858/858/858 857/857/857 
f 1505/1505/1502 832/832/832 1340/1340/1337 
f 1506/1506/1503 1507/1507/1504 1508/1508/1505 
f 1509/1509/1506 1390/1390/1387 1389/1389/1386 
f 1510/1510/1507 1511/1511/1508 1512/1512/1509 
f 34/34/34 1513/1513/1510 1514/1514/1511 
f 1515/1515/1512 1516/1516/1513 1517/1517/1514 
f 1518/1518/1515 957/957/956 1519/1519/1516 
f 1520/1520/1517 1521/1521/1518 1522/1522/1519 
f 974/974/973 1523/1523/1520 666/666/666 
f 1524/1524/1521 1525/1525/1522 1526/1526/1523 
f 1527/1527/1524 581/581/581 582/582/582 
f 1528/1528/1525 1529/1529/1526 1530/1530/1527 
f 1531/1531/1528 1532/1532/1529 1533/1533/1530 
f 1534/1534/1531 1535/1535/1532 1536/1536/1533 
f 1537/1537/1534 1538/1538/1535 1539/1539/1536 
f 1540/1540/1537 593/593/593 1541/1541/1538 
f 1542/1542/1539 1543/1543/1540 1544/1544/1541 
f 939/939/938 938/938/937 1545/1545/1542 
f 1442/1442/1439 1546/1546/1543 1443/1443/1440 
f 173/173/173 172/172/172 1546/1546/1543 
f 673/673/673 672/672/672 1547/1547/1544 
f 675/675/675 674/674/674 1548/1548/1545 
f 1549/1549/1546 1550/1550/1547 1551/1551/1548 
f 574/574/574 1552/1552/1549 148/148/148 
f 1553/1553/1550 1554/1554/1551 1555/1555/1552 
f 1556/1556/1553 680/680/680 1557/1557/1554 
f 82/82/82 744/744/744 1558/1558/1555 
f 1559/1559/1556 1560/1560/1557 1561/1561/1558 
f 1562/1562/1559 1563/1563/1560 1564/1564/1561 
f 1565/1565/1562 1566/1566/1563 1567/1567/1564 
f 688/688/688 1027/1027/1026 1568/1568/1565 
f 1569/1569/1566 1384/1384/1381 1383/1383/1380 
f 1570/1570/1567 1180/1180/1177 1571/1571/1568 
f 1572/1572/1569 1573/1573/1570 1574/1574/1571 
f 1575/1575/1572 1576/1576/1573 1577/1577/1574 
f 1578/1578/1575 838/838/838 840/840/840 
f 788/788/788 564/564/564 1579/1579/1576 
f 476/476/476 1580/1580/1577 177/177/177 
f 1581/1581/1578 1582/1582/1579 1583/1583/1580 
f 1584/1584/1581 1585/1585/1582 1586/1586/1583 
f 1587/1587/1584 1588/1588/1585 1589/1589/1586 
f 1590/1590/1587 927/927/926 325/325/325 
f 1591/1591/1588 1592/1592/1589 1593/1593/1590 
f 1594/1594/1591 1595/1595/1592 1596/1596/1593 
f 729/729/729 728/728/728 1597/1597/1594 
f 1598/1598/1595 732/732/732 731/731/731 
f 1599/1599/1596 1600/1600/1597 1601/1601/1598 
f 443/443/443 442/442/442 1602/1602/1599 
f 856/856/856 845/845/845 1603/1603/1600 
f 1045/1045/1043 1604/1604/1601 1605/1605/1602 
f 95/95/95 1606/1606/1603 96/96/96 
f 1607/1607/1604 1608/1608/1605 723/723/723 
f 1609/1609/1606 1610/1610/1607 1611/1611/1608 
f 1612/1612/1609 1580/1580/1577 476/476/476 
f 1613/1613/1610 313/313/313 312/312/312 
f 1614/1614/1611 1615/1615/1612 1616/1616/1613 
f 1617/1617/1614 1618/1618/1615 1619/1619/1616 
f 18/18/18 1620/1620/1617 366/366/366 
f 1621/1621/1618 33/33/33 480/480/480 
f 911/911/911 1622/1622/1619 912/912/912 
f 1623/1623/1620 1624/1624/1621 1625/1625/1622 
f 1626/1626/1623 1627/1627/1624 25/25/25 
f 1628/1628/1625 1629/1629/1626 1630/1630/1627 
f 1631/1631/1628 1632/1632/1629 1633/1633/1630 
f 1634/1634/1631 915/915/915 483/483/483 
f 1635/1635/1632 31/31/31 33/33/33 
f 1636/1636/1633 1637/1637/1634 1638/1638/1635 
f 1639/1639/1636 1640/1640/1637 1641/1641/1638 
f 93/93/93 1642/1642/1639 91/91/91 
f 1643/1643/1640 1644/1644/1641 781/781/781 
f 1238/1238/1235 1239/1239/1236 1236/1236/1233 
f 1645/1645/1642 1646/1646/1643 1647/1647/1644 
f 1648/1648/1645 1649/1649/1646 1650/1650/1647 
f 1651/1651/1648 1652/1652/1649 1653/1653/1650 
f 119/119/119 584/584/584 120/120/120 
f 1654/1654/1651 696/696/696 1655/1655/1652 
f 1656/1656/1653 1657/1657/1654 632/632/632 
f 1657/1657/1654 246/246/246 1493/1493/1490 
f 1658/1658/1655 1282/1282/1279 1659/1659/1656 
f 1660/1660/1657 1661/1661/1658 220/220/220 
f 242/242/242 241/241/241 1662/1662/1659 
f 883/883/883 1663/1663/1660 884/884/884 
f 1664/1664/1661 735/735/735 734/734/734 
f 1665/1665/1662 1666/1666/1663 1667/1667/1664 
f 1668/1668/1665 1669/1669/1666 1670/1670/1667 
f 1671/1671/1668 1668/1668/1665 570/570/570 
f 1672/1672/1669 1673/1673/1670 1674/1674/1671 
f 367/367/367 1675/1675/1672 368/368/368 
f 265/265/265 453/453/453 455/455/455 
f 1676/1676/1673 1677/1677/1674 1678/1678/1675 
f 818/818/818 1679/1679/1676 1680/1680/1677 
f 1681/1681/1678 1682/1682/1679 1683/1683/1680 
f 1684/1684/1681 1685/1685/1682 1686/1686/1683 
f 1687/1687/1684 1688/1688/1685 1689/1689/1686 
f 1690/1690/1687 1691/1691/1688 1692/1692/1689 
f 1693/1693/1690 1694/1694/1691 1695/1695/1692 
f 1696/1696/1693 1697/1697/1694 1698/1698/1695 
f 1699/1699/1696 1700/1700/1697 1701/1701/1698 
f 1702/1702/1699 1703/1703/1700 1704/1704/1701 
f 1705/1705/1702 1706/1706/1703 1707/1707/1704 
f 1708/1708/1705 497/497/497 1709/1709/1706 
f 502/502/502 1710/1710/1707 500/500/500 
f 1350/1350/1347 1711/1711/1708 1351/1351/1348 
f 1712/1712/1709 156/156/156 158/158/158 
f 1713/1713/1710 1714/1714/1711 1715/1715/1712 
f 258/258/258 1716/1716/1713 1717/1717/1714 
f 1214/1214/1211 494/494/494 1718/1718/1715 
f 203/203/203 1719/1719/1716 1566/1566/1563 
f 1720/1720/1717 1721/1721/1718 1722/1722/1719 
f 1723/1723/1720 1724/1724/1721 1725/1725/1722 
f 1726/1726/1723 1727/1727/1724 1728/1728/1725 
f 1310/1310/1307 1312/1312/1309 1729/1729/1726 
f 102/102/102 101/101/101 873/873/873 
f 1730/1730/1727 1731/1731/1728 1732/1732/1729 
f 1733/1733/1730 1734/1734/1731 1735/1735/1732 
f 1736/1736/1733 1737/1737/1734 558/558/558 
f 1738/1738/1735 1739/1739/1736 1740/1740/1737 
f 1741/1741/1738 1742/1742/1739 1743/1743/1740 
f 1219/1219/1216 1744/1744/1741 551/551/551 
f 78/78/78 1745/1745/1742 76/76/76 
f 1746/1746/1743 1747/1747/1744 1748/1748/1745 
f 1549/1549/1546 1749/1749/1746 1550/1550/1547 
f 719/719/719 718/718/718 1750/1750/1747 
f 1751/1751/1748 1752/1752/1749 473/473/473 
f 1753/1753/1750 1754/1754/1751 743/743/743 
f 1755/1755/1752 1756/1756/1753 1757/1757/1754 
f 1758/1758/1755 1759/1759/1756 1760/1760/1757 
f 1759/1759/1756 1761/1761/1758 1760/1760/1757 
f 1762/1762/1759 301/301/301 1763/1763/1760 
f 1764/1764/1761 864/864/864 1765/1765/1762 
f 1766/1766/1763 93/93/93 92/92/92 
f 90/90/90 751/751/751 753/753/753 
f 1767/1767/1764 1768/1768/1765 1769/1769/1766 
f 1770/1770/1767 910/910/910 1771/1771/1768 
f 1772/1772/1769 1773/1773/1770 1774/1774/1771 
f 1775/1775/1772 1776/1776/1773 1777/1777/1774 
f 1778/1778/1775 193/193/193 1779/1779/1776 
f 1780/1780/1777 1779/1779/1776 889/889/889 
f 1259/1259/1256 1781/1781/1778 1782/1782/1779 
f 1783/1783/1780 1784/1784/1781 1785/1785/1782 
f 1786/1786/1783 252/252/252 1787/1787/1784 
f 1788/1788/1785 1789/1789/1786 1790/1790/1787 
f 1568/1568/1565 1027/1027/1026 1026/1026/1025 
f 1791/1791/1788 1792/1792/1789 1793/1793/1790 
f 1794/1794/1791 1795/1795/1792 1796/1796/1793 
f 1797/1797/1794 1798/1798/1795 1799/1799/1796 
f 547/547/547 1800/1800/1797 1801/1801/1798 
f 1802/1802/1799 1803/1803/1800 1663/1663/1660 
f 1804/1804/1801 1805/1805/1802 1806/1806/1803 
f 1807/1807/1804 1808/1808/1805 1809/1809/1806 
f 1293/1293/1290 994/994/993 1810/1810/1807 
f 1811/1811/1808 671/671/671 1812/1812/1809 
f 1813/1813/1810 1814/1814/1811 1815/1815/1812 
f 1816/1816/1813 1817/1817/1814 159/159/159 
f 1339/1339/1336 1338/1338/1335 1818/1818/1815 
f 1819/1819/1816 1820/1820/1817 1821/1821/1818 
f 1765/1765/1762 867/867/867 1764/1764/1761 
f 1822/1822/1819 1823/1823/1820 1824/1824/1821 
f 1108/1108/1106 1825/1825/1822 1826/1826/1823 
f 1239/1239/1236 1827/1827/1824 1828/1828/1825 
f 1829/1829/1826 1830/1830/1827 1831/1831/1828 
f 1832/1832/1829 1833/1833/1830 1834/1834/1831 
f 1835/1835/1832 1836/1836/1833 1837/1837/1834 
f 1838/1838/1835 1327/1327/1324 1326/1326/1323 
f 1061/1061/1059 1060/1060/1058 1839/1839/1836 
f 421/421/421 420/420/420 1840/1840/1837 
f 828/828/828 1630/1630/1627 1629/1629/1626 
f 470/470/470 1841/1841/1838 1842/1842/1839 
f 1843/1843/1840 374/374/374 373/373/373 
f 1844/1844/1841 1845/1845/1842 1846/1846/1843 
f 750/750/750 749/749/749 1847/1847/1844 
f 747/747/747 746/746/746 1848/1848/1845 
f 1849/1849/1846 1850/1850/1847 1851/1851/1848 
f 486/486/486 1852/1852/1849 487/487/487 
f 1853/1853/1850 1854/1854/1851 1855/1855/1852 
f 1856/1856/1853 1857/1857/1854 1858/1858/1855 
f 1859/1859/1856 1860/1860/1857 1861/1861/1858 
f 1862/1862/1859 1020/1020/1019 1863/1863/1860 
f 1864/1864/1861 1273/1273/1270 1865/1865/1862 
f 1866/1866/1863 1867/1867/1864 1868/1868/1865 
f 1869/1869/1866 1870/1870/1867 1871/1871/1868 
f 1872/1872/1869 1873/1873/1870 1874/1874/1871 
f 808/808/808 609/609/609 1581/1581/1578 
f 700/700/700 702/702/702 88/88/88 
f 1875/1875/1872 1876/1876/1873 1877/1877/1874 
f 926/926/925 1878/1878/1875 925/925/924 
f 1879/1879/1876 1880/1880/1877 1881/1881/1878 
f 1059/1059/1057 1880/1880/1877 1062/1062/1060 
f 1882/1882/1879 1122/1122/1120 1883/1883/1880 
f 410/410/410 409/409/409 1884/1884/1881 
f 1885/1885/1882 1886/1886/1883 99/99/99 
f 507/507/507 506/506/506 1887/1887/1884 
f 1888/1888/1885 1889/1889/1886 1890/1890/1887 
f 1891/1891/1888 963/963/962 962/962/961 
f 1892/1892/1889 1893/1893/1890 1894/1894/1891 
f 1895/1895/1892 1896/1896/1893 1897/1897/1894 
f 1898/1898/1895 1538/1538/1535 1537/1537/1534 
f 978/978/977 114/114/114 1458/1458/1455 
f 1899/1899/1896 1591/1591/1588 1593/1593/1590 
f 1429/1429/1426 429/429/429 1900/1900/1897 
f 1901/1901/1898 1902/1902/1899 1903/1903/1900 
f 1904/1904/1901 1905/1905/1902 1906/1906/1903 
f 1907/1907/1904 1908/1908/1905 1909/1909/1906 
f 1910/1910/1907 1911/1911/1908 1912/1912/1909 
f 1913/1913/1910 799/799/799 1914/1914/1911 
f 97/97/97 302/302/302 1915/1915/1912 
f 1916/1916/1913 1917/1917/1914 482/482/482 
f 1918/1918/1915 1919/1919/1916 1920/1920/1917 
f 1921/1921/1918 1922/1922/1919 1923/1923/1920 
f 1923/1923/1920 1922/1922/1919 1924/1924/1921 
f 959/959/958 261/261/261 260/260/260 
f 1925/1925/1922 1926/1926/1923 1927/1927/1924 
f 1397/1397/1394 1396/1396/1393 706/706/706 
f 1928/1928/1925 1325/1325/1322 1929/1929/1926 
f 1654/1654/1651 1930/1930/1927 1931/1931/1928 
f 764/764/764 1932/1932/1929 1933/1933/1930 
f 1934/1934/1931 1391/1391/1388 1390/1390/1387 
f 1935/1935/1932 1934/1934/1931 1936/1936/1933 
f 1461/1461/1458 512/512/512 1459/1459/1456 
f 1937/1937/1934 1938/1938/1935 1939/1939/1936 
f 1940/1940/1937 1941/1941/1938 1942/1942/1939 
f 1943/1943/1940 1944/1944/1941 1210/1210/1207 
f 1945/1945/1942 1946/1946/1943 1947/1947/1944 
f 644/644/644 1948/1948/1945 645/645/645 
f 1949/1949/1946 1950/1950/1947 1951/1951/1948 
f 103/103/103 1952/1952/1949 565/565/565 
f 1953/1953/1950 1688/1688/1685 1687/1687/1684 
f 1954/1954/1951 1953/1953/1950 1955/1955/1952 
f 1956/1956/1953 1957/1957/1954 1958/1958/1955 
f 1569/1569/1566 1959/1959/1956 1960/1960/1957 
f 1961/1961/1958 490/490/490 1962/1962/1959 
f 1963/1963/1960 1964/1964/1961 1965/1965/1962 
f 1748/1748/1745 1747/1747/1744 1966/1966/1963 
f 970/970/969 152/152/152 422/422/422 
f 724/724/724 726/726/726 1967/1967/1964 
f 1717/1717/1714 526/526/526 258/258/258 
f 1968/1968/1965 1969/1969/1966 1970/1970/1967 
f 395/395/395 1971/1971/1968 396/396/396 
f 684/684/684 61/61/61 1972/1972/1969 
f 1973/1973/1970 1974/1974/1971 1975/1975/1972 
f 1976/1976/1973 1595/1595/1592 1594/1594/1591 
f 1977/1977/1974 499/499/499 498/498/498 
f 1978/1978/1975 1979/1979/1976 1980/1980/1977 
f 1981/1981/1978 1982/1982/1979 1983/1983/1980 
f 1984/1984/1981 1985/1985/1982 1986/1986/1983 
f 1987/1987/1984 1988/1988/1985 1985/1985/1982 
f 1989/1989/1986 1990/1990/1987 1991/1991/1988 
f 38/38/38 330/330/330 39/39/39 
f 1992/1992/1989 142/142/142 141/141/141 
f 1993/1993/1990 1003/1003/1002 607/607/607 
f 666/666/666 1994/1994/1991 1995/1995/1992 
f 1996/1996/1993 1997/1997/1994 1811/1811/1808 
f 1998/1998/1995 1999/1999/1996 634/634/634 
f 2000/2000/1997 1796/1796/1793 1795/1795/1792 
f 2001/2001/1998 2002/2002/1999 2003/2003/2000 
f 767/767/767 766/766/766 1185/1185/1182 
f 2004/2004/2001 2005/2005/2002 405/405/405 
f 2006/2006/2003 406/406/406 1223/1223/1220 
f 2007/2007/2004 2008/2008/2005 2009/2009/2006 
f 1507/1507/1504 1506/1506/1503 2010/2010/2007 
f 1946/2011/1943 1945/2012/1942 2011/2013/2008 
f 2012/2014/2009 2013/2015/2010 2014/2016/2011 
f 1973/1973/1970 2015/2017/2012 713/713/713 
f 2016/2018/2013 161/161/161 2017/2019/2014 
f 2018/2020/2015 2019/2021/2016 2020/2022/2017 
f 2021/2023/2018 2022/2024/2019 2023/2025/2020 
f 2024/2026/2021 2025/2027/2022 2026/2028/2023 
f 940/940/939 546/546/546 938/938/937 
f 2027/2029/2024 2028/2030/2025 2029/2031/2026 
f 2030/2032/2027 2031/2033/2028 2032/2034/2029 
f 2033/2035/2030 2034/2036/2031 2035/2037/2032 
f 90/90/90 2036/2038/2033 94/94/94 
f 623/623/623 1232/1232/1229 1231/1231/1228 
f 2037/2039/2034 2038/2040/2035 2039/2041/2036 
f 2040/2042/2037 2041/2043/2038 2042/2044/2039 
f 1414/1414/1411 2043/2045/2040 1412/1412/1409 
f 233/233/233 232/232/232 2044/2046/2041 
f 1395/1395/1392 2045/2047/2042 2046/2048/2043 
f 2047/2049/2044 557/557/557 2048/2050/2045 
f 1267/1267/1264 2049/2051/2046 2050/2052/2047 
f 66/66/66 2051/2053/2048 1866/1866/1863 
f 1173/1173/1170 1972/1972/1969 2052/2054/2049 
f 2053/2055/2050 1524/1524/1521 2054/2056/2051 
f 2055/2057/2052 1474/1474/1471 2056/2058/2053 
f 2057/2059/2054 244/244/244 2058/2060/2055 
f 1431/1431/1428 2059/2061/2056 2060/2062/2057 
f 2061/2063/2058 2062/2064/2059 2063/2065/2060 
f 2064/2066/2061 300/300/300 299/299/299 
f 2065/2067/2062 2066/2068/2063 1818/1818/1815 
f 831/831/831 2067/2069/2064 2068/2070/2065 
f 707/707/707 32/32/32 2069/2071/2066 
f 663/663/663 2070/2072/2067 664/664/664 
f 2071/2073/2068 2072/2074/2069 2073/2075/2070 
f 2074/2076/2071 1178/1178/1175 1180/1180/1177 
f 2075/2077/2072 1988/1988/1985 2076/2078/2073 
f 2077/2079/2074 1377/1377/1374 2078/2080/2075 
f 1055/1055/1053 2079/2081/2076 1053/1053/1051 
f 334/334/334 2080/2082/2077 332/332/332 
f 2081/2083/2078 1131/1131/1129 2082/2084/2079 
f 2083/2085/2080 2084/2086/2081 2085/2087/2082 
f 810/810/810 2086/2088/2083 811/811/811 
f 2087/2089/2084 2088/2090/2085 2089/2091/2086 
f 2090/2092/2087 2091/2093/2088 2092/2094/2089 
f 2093/2095/2090 2094/2096/2091 2095/2097/2092 
f 560/560/560 2096/2098/2093 561/561/561 
f 105/105/105 1952/1952/1949 103/103/103 
f 2097/2099/2094 1480/1480/1477 2098/2100/2095 
f 2099/2101/2096 1562/1562/1559 1564/1564/1561 
f 2100/2102/2097 2101/2103/2098 2102/2104/2099 
f 2103/2105/2100 2104/2106/2101 2105/2107/2102 
f 2106/2108/2103 249/249/249 2107/2109/2104 
f 347/347/347 2108/2110/2105 348/348/348 
f 1255/1255/1252 1254/1254/1251 2109/2111/2106 
f 2110/2112/2107 2111/2113/2108 2112/2114/2109 
f 104/104/104 681/681/681 680/680/680 
f 2113/2115/2110 1883/1883/1880 1122/1122/1120 
f 2114/2116/2111 1187/1187/1184 1186/1186/1183 
f 2115/2117/2112 1118/1118/1116 1117/1117/1115 
f 2116/2118/2113 2117/2119/2114 2118/2120/2115 
f 2119/2121/2116 2120/2122/2117 2121/2123/2118 
f 2122/2124/2119 877/877/877 131/131/131 
f 2123/2125/2120 2124/2126/2121 2125/2127/2122 
f 2126/2128/2123 2127/2129/2124 844/844/844 
f 3/3/3 1034/1034/1033 2128/2130/2125 
f 1212/1212/1209 2129/2131/2126 2130/2132/2127 
f 2131/2133/2128 2132/2134/2129 2133/2135/2130 
f 2134/2136/2131 2135/2137/2132 2136/2138/2133 
f 2137/2139/2134 2138/2140/1587 2139/2141/2135 
f 2140/2142/2136 2141/2143/2137 583/583/583 
f 2142/2144/2138 2143/2145/2139 2144/2146/2140 
f 2145/2147/2141 2146/2148/2142 2147/2149/2143 
f 2148/2150/2144 2149/2151/2145 648/648/648 
f 1253/1253/1250 1705/1705/1702 2150/2152/2146 
f 143/143/143 416/416/416 2151/2153/2147 
f 2152/2154/2148 2153/2155/2149 2154/2156/2150 
f 2155/2157/2151 1330/1330/1327 1329/1329/1326 
f 555/555/555 556/556/556 2156/2158/2152 
f 1792/1792/1789 1791/1791/1788 1024/1024/1023 
f 2157/2159/2153 2158/2160/2154 2159/2161/2155 
f 2160/2162/2156 60/60/60 2161/2163/2157 
f 2162/2164/2158 2163/2165/2159 2164/2166/2160 
f 2165/2167/2161 2166/2168/2162 2167/2169/2163 
f 785/785/785 2168/2170/2164 786/786/786 
f 2169/2171/2165 2170/2172/2166 2171/2173/2167 
f 1850/2174/1847 1849/2175/1846 1471/1471/1468 
f 2172/2176/2168 2173/2177/2169 2174/2178/2170 
f 1941/1941/1938 1940/1940/1937 2175/2179/2171 
f 2176/2180/2172 615/615/615 2177/2181/2173 
f 2178/2182/2174 2179/2183/2175 2180/2184/2176 
f 2181/2185/2177 2182/2186/2178 2183/2187/2179 
f 2040/2188/2037 979/979/978 2041/2189/2038 
f 1459/1459/1456 2184/2190/2180 1460/1460/1457 
f 2185/2191/2181 2186/2192/2182 2187/2193/2183 
f 2188/2194/2184 2189/2195/2185 2190/2196/2186 
f 449/449/449 448/448/448 2191/2197/2187 
f 2192/2198/2188 2193/2199/2189 2194/2200/2190 
f 2195/2201/2191 2196/2202/2192 2197/2203/2193 
f 2198/2204/2194 2199/2205/2195 2200/2206/2196 
f 2201/2207/2197 1735/1735/1732 1734/1734/1731 
f 2202/2208/2198 2203/2209/2199 690/690/690 
f 2204/2210/2200 2205/2211/2201 2206/2212/2202 
f 2207/2213/2203 2208/2214/2204 2209/2215/2205 
f 1131/1131/1129 2210/2216/2206 2211/2217/2207 
f 2212/2218/2208 1181/1181/1178 2213/2219/2209 
f 2048/2050/2045 557/557/557 2214/2220/2210 
f 2215/2221/2211 1166/1166/1163 2216/2222/2212 
f 1437/2223/1434 2217/2224/2213 1438/2225/1435 
f 2218/2226/2214 1244/1244/1241 2219/2227/2215 
f 2220/2228/2216 2221/2229/2217 2222/2230/2218 
f 2223/2231/2219 2224/2232/2220 2225/2233/2221 
f 2226/2234/2222 2227/2235/2223 2228/2236/2224 
f 914/914/914 2229/2237/2225 2230/2238/2226 
f 2231/2239/2227 1016/1016/1015 2232/2240/2228 
f 2232/2240/2228 1016/1016/1015 2233/2241/2229 
f 2234/2242/2230 2235/2243/2231 2236/2244/2232 
f 899/899/899 2237/2245/2233 709/709/709 
f 2238/2246/2234 87/87/87 2239/2247/2235 
f 2240/2248/2236 2241/2249/2237 1584/1584/1581 
f 2242/2250/2238 2243/2251/2239 2244/2252/2240 
f 600/600/600 599/599/599 2245/2253/2241 
f 2246/2254/2242 2247/2255/2243 2248/2256/2244 
f 2249/2257/2245 355/355/355 357/357/357 
f 2250/2258/2246 2251/2259/2247 2252/2260/2248 
f 1321/1321/1318 2253/2261/2249 1319/1319/1316 
f 2254/2262/2250 2255/2263/2251 2256/2264/2252 
f 2257/2265/2253 376/376/376 378/378/378 
f 2258/2266/2254 692/692/692 1773/1773/1770 
f 692/692/692 2259/2267/2255 2260/2268/2256 
f 1003/1003/1002 2261/2269/2257 1002/1002/1001 
f 418/418/418 953/953/952 2262/2270/2258 
f 2263/2271/2259 2264/2272/2260 2265/2273/2261 
f 2266/2274/2262 675/675/675 2267/2275/2263 
f 2268/2276/2264 2269/2277/2265 2270/2278/2266 
f 2166/2168/2162 2271/2279/2267 2167/2169/2163 
f 2272/2280/2268 523/523/523 2273/2281/2269 
f 2274/2282/2270 2275/2283/2271 1578/1578/1575 
f 2276/2284/2272 858/858/858 2277/2285/2273 
f 1285/1285/1282 853/853/853 2278/2286/2274 
f 2279/2287/2275 2280/2288/2276 2281/2289/2277 
f 1035/1035/1034 3/3/3 2/2/2 
f 2282/2290/2278 2283/2291/2279 2284/2292/2280 
f 1536/1536/1533 1535/1535/1532 2285/2293/2281 
f 1831/1831/1828 2286/2294/2282 2287/2295/2283 
f 2288/2296/2284 2289/2297/2285 2290/2298/2286 
f 2291/2299/2287 393/393/393 2292/2300/2288 
f 2293/2301/2289 2294/2302/2290 1075/1075/1073 
f 2295/2303/2291 2296/2304/2292 2297/2305/2293 
f 208/208/208 2298/2306/2294 209/209/209 
f 2299/2307/2295 1248/1248/1245 1543/1543/1540 
f 1543/1543/1540 2300/2308/2296 1544/1544/1541 
f 2301/2309/2297 2302/2310/2298 217/217/217 
f 2303/2311/2299 293/2312/293 295/2313/295 
f 2304/2314/2300 2305/2315/2301 2306/2316/2302 
f 226/226/226 1017/1017/1016 2307/2317/2303 
f 469/469/469 2308/2318/2304 2309/2319/2305 
f 2310/2320/2306 1574/1574/1571 1573/1573/1570 
f 2311/2321/2307 2312/2322/2308 2265/2273/2261 
f 259/259/259 2313/2323/2309 2314/2324/2310 
f 2315/2325/2311 2316/2326/2312 2317/2327/2313 
f 2318/2328/2314 2319/2329/2315 2320/2330/2316 
f 1225/1225/1222 2321/2331/2317 2322/2332/2318 
f 2323/2333/2319 2121/2123/2118 1228/1228/1225 
f 2324/2334/2320 2325/2335/2321 2326/2336/2322 
f 2327/2337/2323 2328/2338/2324 2329/2339/2325 
f 401/401/401 2330/2340/2326 919/919/918 
f 2331/2341/2327 2332/2342/2328 2333/2343/2329 
f 2334/2344/2330 2335/2345/2331 2336/2346/2332 
f 2337/2347/2333 2338/2348/2334 2339/2349/2335 
f 2340/2350/2336 2341/2351/2337 2342/2352/2338 
f 1095/2353/1093 2343/2354/2339 2344/2355/2340 
f 2345/2356/2341 2346/2357/2342 2347/2358/2343 
f 247/247/247 2348/2359/2344 2349/2360/2345 
f 365/365/365 397/397/397 2350/2361/2346 
f 2351/2362/2347 2352/2363/2348 2353/2364/2349 
f 2354/2365/2350 2355/2366/2351 2356/2367/2352 
f 2357/2368/2353 2358/2369/2354 2359/2370/2355 
f 495/495/495 206/206/206 2360/2371/2356 
f 1409/2372/1406 1411/2373/1408 2361/2374/2357 
f 2362/2375/2358 2363/2376/2359 2364/2377/2360 
f 2365/2378/2361 2366/2379/2362 2367/2380/2363 
f 2368/2381/2364 1596/1596/1593 2369/2382/2365 
f 2141/2143/2137 2370/2383/2366 2371/2384/2367 
f 1875/2385/1872 1877/2386/1874 1084/1084/1082 
f 1376/1376/1373 2372/2387/2368 1377/1377/1374 
f 1249/1249/1246 2299/2307/2295 1250/1250/1247 
f 2373/2388/2369 2374/2389/2370 2375/2390/2371 
f 2145/2147/2141 2147/2149/2143 2376/2391/2372 
f 127/127/127 652/652/652 2377/2392/2373 
f 1648/1648/1645 1650/1650/1647 2378/2393/2374 
f 1132/1132/1130 1131/1131/1129 2211/2217/2207 
f 2379/2394/2375 2380/2395/2376 1631/1631/1628 
f 2381/2396/2377 1981/1981/1978 1983/1983/1980 
f 2382/2397/2378 2383/2398/2379 2384/2399/2380 
f 2385/2400/2381 2386/2401/2382 2387/2402/2383 
f 2388/2403/2384 2389/2404/2385 2390/2405/2386 
f 2391/2406/2387 2392/2407/2388 2393/2408/2389 
f 2394/2409/2390 2395/2410/2391 313/313/313 
f 313/313/313 1613/1613/1610 46/46/46 
f 2396/2411/2392 1033/1033/1032 2397/2412/2393 
f 1028/1028/1027 2398/2413/2394 1745/1745/1742 
f 2399/2414/2395 2400/2415/2396 2401/2416/2397 
f 1290/1290/1287 1289/1289/1286 2402/2417/2398 
f 2403/2418/2399 89/89/89 2404/2419/2400 
f 822/822/822 1328/1328/1325 823/823/823 
f 1341/1341/1338 2405/2420/2401 1171/1171/1168 
f 685/685/685 2406/2421/2402 2407/2422/2403 
f 873/873/873 2408/2423/2404 874/874/874 
f 1168/1168/1165 441/441/441 1169/1169/1166 
f 2409/2424/2405 2410/2425/2406 2411/2426/2407 
f 2412/2427/2408 2413/2428/2409 1455/1455/1452 
f 2414/2429/2410 1697/1697/1694 1696/1696/1693 
f 2415/2430/2411 2416/2431/2412 2417/2432/2413 
f 147/147/147 969/969/968 968/968/967 
f 2418/2433/2414 2419/2434/2415 2420/2435/2416 
f 2421/2436/2417 2422/2437/2418 2423/2438/2419 
f 2424/2439/2420 85/85/85 2425/2440/2421 
f 2426/2441/2422 2427/2442/2423 2428/2443/2424 
f 2429/2444/2425 2430/2445/2426 2431/2446/2427 
f 2432/2447/2428 2057/2059/2054 2433/2448/2429 
f 2337/2347/2333 2339/2349/2335 955/955/954 
f 2434/2449/2430 2435/2450/2431 2137/2139/2134 
f 2280/2288/2276 2279/2287/2275 2436/2451/2432 
f 1468/1468/1465 601/601/601 600/600/600 
f 2437/2452/2433 2438/2453/2434 2439/2454/2435 
f 2440/2455/2436 2441/2456/2437 752/752/752 
f 2442/2457/2438 2443/2458/2439 2444/2459/2440 
f 163/163/163 162/162/162 2445/2460/2441 
f 2446/2461/2442 2447/2462/2443 2445/2460/2441 
f 2448/2463/2444 329/329/329 1107/1107/1105 
f 2449/2464/2445 2450/2465/2446 2112/2466/2109 
f 2451/2467/2447 2452/2468/2448 2453/2469/2449 
f 2254/2262/2250 2454/2470/2450 2255/2263/2251 
f 2455/2471/2451 2456/2472/2452 2457/2473/2453 
f 1369/1369/1366 2458/2474/2454 793/793/793 
f 1038/1038/1037 231/231/231 1036/1036/1035 
f 234/234/234 571/571/571 2459/2475/2455 
f 617/617/617 2177/2181/2173 615/615/615 
f 2460/2476/2456 2461/2477/2457 1138/1138/1136 
f 2462/2478/2458 2463/2479/2459 2464/2480/2460 
f 2465/2481/2461 2466/2482/2462 2467/2483/2463 
f 2468/2484/2464 2469/2485/2465 2470/2486/2466 
f 63/63/63 2471/2487/2467 2472/2488/2468 
f 2473/2489/2469 2474/2490/2470 2475/2491/2471 
f 60/60/60 59/59/59 1112/1112/1110 
f 2476/2492/2472 2477/2493/2473 2478/2494/2474 
f 2479/2495/2475 1670/2496/1667 2480/2497/2476 
f 2481/2498/2477 2482/2499/2478 2483/2500/2479 
f 1475/1475/1472 2484/2501/2480 1476/1476/1473 
f 2485/2502/2481 966/966/965 2486/2503/2482 
f 2487/2504/2483 2488/2505/2484 1229/1229/1226 
f 2489/2506/2485 2490/2507/2486 2491/2508/2487 
f 2492/2509/2488 2493/2510/2489 1077/1077/1075 
f 1593/1593/1590 2494/2511/2490 2495/2512/2491 
f 2496/2513/2492 2497/2514/2493 2498/2515/2494 
f 2499/2516/2495 2025/2027/2022 2024/2026/2021 
f 2500/2517/2496 108/108/108 2501/2518/2497 
f 2502/2519/2498 1401/1401/1398 1402/1402/1399 
f 2503/2520/2499 2504/2521/2500 2505/2522/2501 
f 2506/2523/2502 859/859/859 569/569/569 
f 2507/2524/2503 859/859/859 2506/2523/2502 
f 2508/2525/2504 1565/1565/1562 1567/1567/1564 
f 773/773/773 2509/2526/2505 2510/2527/2506 
f 2511/2528/2507 134/134/134 1177/1177/1174 
f 1177/1177/1174 2512/2529/2508 1175/1175/1172 
f 2513/2530/2509 1834/1834/1831 1833/1833/1830 
f 2514/2531/2510 748/748/748 750/750/750 
f 222/222/222 2515/2532/2511 1605/1605/1602 
f 2516/2533/2512 1048/1048/1046 1050/1050/1048 
f 505/505/505 2517/2534/2513 2518/2535/2514 
f 1887/1887/1884 2519/2536/2515 2520/2537/2516 
f 517/517/517 516/516/516 2521/2538/2517 
f 2522/2539/2518 2521/2538/2517 516/516/516 
f 2523/2540/2519 1066/1066/1064 1492/1492/1489 
f 2524/2541/2520 2525/2542/2521 1902/1902/1899 
f 2526/2543/2522 2527/2544/2523 2528/2545/2524 
f 2529/2546/2525 2530/2547/2526 2531/2548/2527 
f 2532/2549/2528 2533/2550/2529 2534/2551/2530 
f 1301/1301/1298 1300/1300/1297 2535/2552/2531 
f 2536/2553/2532 2537/2554/2533 2538/2555/2534 
f 2539/2556/2535 2540/2557/2536 319/319/319 
f 368/368/368 2541/2558/2537 1079/1079/1077 
f 399/399/399 398/398/398 2542/2559/2538 
f 943/943/942 2543/2560/2539 2544/2561/2540 
f 2545/2562/2541 2546/2563/2542 657/657/657 
f 2547/2564/2543 2548/2565/2544 2549/2566/2545 
f 1049/1049/1047 2550/2567/2546 1050/1050/1048 
f 2551/2568/2547 2552/2569/2548 2553/2570/2549 
f 2554/2571/2550 1685/1685/1682 2555/2572/2551 
f 2556/2573/2552 1473/1473/1470 1472/1472/1469 
f 2557/2574/2553 1852/1852/1849 2558/2575/2554 
f 2559/2576/2555 749/749/749 157/157/157 
f 1356/1356/1353 2012/2014/2009 2014/2016/2011 
f 2560/2577/2556 2561/2578/2557 2562/2579/2558 
f 2563/2580/2559 1498/1498/1495 2564/2581/2560 
f 2565/2582/2561 2566/2583/2562 2567/2584/2563 
f 2568/2585/2564 2569/2586/2565 71/71/71 
f 2570/2587/2566 2273/2281/2269 2571/2588/2567 
f 528/528/528 527/527/527 2572/2589/2568 
f 2573/2590/2569 2574/2591/2570 2575/2592/2571 
f 2576/2593/2572 2577/2594/2573 2578/2595/2574 
f 2579/2596/2575 2563/2597/2559 2564/2598/2560 
f 2580/2599/2576 1128/1128/1126 2579/2596/2575 
f 1378/1378/1375 2581/2600/2577 2582/2601/2578 
f 2133/2135/2130 2583/2602/2579 2131/2133/2128 
f 2584/2603/2580 900/900/900 709/709/709 
f 128/128/128 127/127/127 2377/2392/2373 
f 2585/2604/2581 2586/2605/2582 2587/2606/2583 
f 2588/2607/2584 2589/2608/2585 2586/2605/2582 
f 711/711/711 2590/2609/2586 2591/2610/2587 
f 2592/2611/2588 2593/2612/2589 2594/2613/2590 
f 2595/2614/2591 2596/2615/2592 2117/2119/2114 
f 2597/2616/2593 2598/2617/2594 734/734/734 
f 2599/2618/2595 2600/2619/2596 886/886/886 
f 2601/2620/2597 2602/2621/2598 2603/2622/2599 
f 2604/2623/2600 2605/2624/2601 2606/2625/2602 
f 2607/2626/2603 2608/2627/2604 2609/2628/2605 
f 2522/2539/2518 1449/1449/1446 1448/1448/1445 
f 1449/1449/1446 2610/2629/2606 2611/2630/2607 
f 2612/2631/2608 1145/1145/1142 2613/2632/2609 
f 1140/1140/491 1145/1145/1142 1141/1141/1138 
f 1268/1268/1265 2614/2633/2610 2615/2634/2611 
f 2615/2634/2611 2616/2635/2612 2617/2636/2613 
f 2618/2637/2614 725/725/725 2619/2638/2615 
f 299/299/299 1005/1005/1004 2064/2066/2061 
f 150/150/150 970/970/969 2620/2639/2616 
f 2621/2640/2617 2622/2641/2618 2623/2642/2619 
f 2624/2643/2620 935/935/934 2625/2644/2621 
f 1623/1623/1620 2626/2645/2622 1624/1624/1621 
f 2627/2646/2623 9/9/9 880/880/880 
f 801/801/801 2628/2647/2624 100/100/100 
f 2035/2037/2032 2629/2648/2625 2630/2649/2626 
f 2631/2650/2627 2632/2651/2628 2633/2652/2629 
f 2634/2653/2630 2635/2654/2631 2636/2655/2632 
f 682/682/682 2637/2656/2633 680/680/680 
f 1221/1221/1218 2638/2657/2634 2639/2658/2635 
f 1387/1387/1384 2640/2659/2636 2641/2660/2637 
f 2642/2661/2638 851/851/851 2643/2662/2639 
f 1915/1915/1912 95/95/95 97/97/97 
f 2644/2663/2640 362/362/362 2645/2664/2641 
f 2634/2665/2630 2646/2666/2642 2635/2667/2631 
f 717/717/717 2647/2668/2643 2648/2669/2644 
f 1442/1442/1439 2649/2670/2645 2650/2671/2646 
f 1701/1701/1698 1700/1700/1697 2651/2672/2647 
f 1886/1886/1883 1885/1885/1882 2652/2673/2648 
f 2653/2674/2649 2528/2545/2524 2654/2675/2650 
f 2567/2676/2563 2655/2677/2651 2565/2678/2561 
f 2039/2041/2036 2038/2040/2035 622/622/622 
f 1244/1244/1241 2218/2226/2214 2656/2679/2652 
f 1015/1015/1014 1014/1014/1013 2657/2680/2653 
f 2658/2681/2654 2659/2682/2655 1707/1707/1704 
f 2660/2683/2656 1662/1662/1659 241/241/241 
f 2661/2684/2657 2662/2685/2658 2663/2686/2659 
f 2664/2687/2660 2665/2688/2661 2666/2689/2662 
f 2667/2690/2663 2668/2691/2664 2669/2692/2665 
f 2670/2693/2666 2671/2694/2667 2672/2695/2668 
f 2673/2696/2669 2674/2697/2670 2419/2434/2415 
f 2675/2698/2671 2676/2699/2672 2677/2700/2673 
f 371/371/371 370/370/370 2678/2701/2674 
f 2679/2702/2675 2680/2703/2676 2681/2704/2677 
f 2682/2705/2678 2683/2706/2679 2684/2707/2680 
f 2188/2194/2184 2685/2708/2681 2189/2195/2185 
f 1455/1455/1452 2686/2709/2682 2412/2427/2408 
f 2687/2710/2683 2688/2711/2684 2689/2712/2685 
f 2690/2713/2686 1313/1313/1310 2691/2714/2687 
f 2692/2715/2688 940/940/939 939/939/938 
f 2693/2716/2689 939/939/938 2694/2717/2690 
f 920/920/919 1155/1155/1152 2695/2718/2691 
f 920/920/919 922/922/921 2696/2719/2692 
f 399/399/399 918/918/411 917/917/917 
f 2697/2720/2693 2698/2721/2694 2699/2722/2695 
f 2700/2723/2696 936/936/935 2701/2724/2697 
f 2702/2725/2698 2703/2726/2699 882/882/882 
f 2704/2727/2700 2705/2728/2701 2706/2729/2702 
f 2707/2730/2703 2708/2731/2704 2709/2732/2705 
f 2710/2733/2706 1603/1603/1600 1604/1604/1601 
f 2711/2734/2707 1604/1604/1601 1603/1603/1600 
f 2290/2298/2286 2712/2735/2708 2288/2296/2284 
f 517/517/517 2713/2736/2709 154/154/154 
f 2714/2737/2710 1634/1634/1631 2715/2738/2711 
f 116/116/116 2716/2739/2712 117/117/117 
f 2415/2740/2411 2717/2741/2713 2416/2742/2412 
f 2029/2743/2026 2718/2744/2714 2719/2745/2715 
f 639/639/639 638/638/638 2720/2746/2716 
f 2721/2747/2717 2120/2748/2117 2722/2749/2718 
f 2233/2241/2229 1016/1016/1015 1018/1018/1017 
f 1845/1845/1842 2723/2750/2719 2724/2751/2720 
f 1873/1873/1870 1872/1872/1869 2725/2752/2721 
f 2726/2753/2722 2725/2752/2721 1872/1872/1869 
f 323/323/323 129/129/129 324/324/324 
f 2727/2754/2723 2728/2755/2724 1759/1759/1756 
f 2729/2756/2725 2730/2757/2726 34/34/34 
f 34/34/34 2730/2757/2726 112/112/112 
f 2731/2758/2727 2732/2759/2728 2733/2760/2729 
f 2734/2761/2730 2735/2762/2731 2736/2763/2732 
f 2737/2764/2733 2738/2765/2734 2739/2766/2735 
f 2740/2767/2736 2741/2768/2737 72/72/72 
f 1787/1787/1784 2742/2769/2738 1786/1786/1783 
f 2743/2770/2739 2744/2771/2740 2745/2772/2741 
f 539/539/539 968/968/967 2746/2773/2742 
f 739/739/739 64/64/64 542/542/542 
f 2747/2774/2743 2748/2775/2744 2749/2776/2745 
f 2750/2777/2746 2751/2778/2747 2752/2779/2748 
f 2753/2780/2749 2754/2781/2750 2449/2464/2445 
f 2755/2782/2751 2756/2783/2752 1255/1255/1252 
f 2757/2784/2753 2758/2785/2754 2749/2776/2745 
f 1877/2386/1874 2759/2786/2755 1084/1084/1082 
f 2760/2787/2756 2761/2788/2757 1996/2789/1993 
f 467/467/467 2760/2787/2756 468/468/468 
f 185/185/185 2607/2626/2603 2762/2790/2758 
f 1183/1183/1180 1182/1182/1179 1353/1353/1350 
f 1874/2791/1871 1873/2792/1870 2763/2793/2759 
f 2764/2794/2760 2765/2795/2761 284/284/284 
f 782/782/782 613/613/613 780/780/780 
f 1502/1502/1499 1501/1501/1498 780/780/780 
f 1789/1789/1786 2766/2796/2762 1193/1193/1190 
f 2767/2797/2763 1598/1598/1595 731/731/731 
f 2768/2798/2764 2769/2799/2765 2770/2800/2766 
f 2771/2801/2767 2572/2589/2568 2772/2802/2768 
f 2773/2803/2769 2774/2804/2770 704/704/704 
f 2775/2805/2771 2044/2046/2041 2776/2806/2772 
f 2685/2807/2681 2188/2808/2184 2777/2809/2773 
f 162/162/162 164/164/164 2778/2810/2774 
f 2779/2811/2775 2191/2197/2187 450/450/450 
f 2780/2812/2776 1989/1989/1986 1991/1991/1988 
f 493/493/493 492/492/492 2781/2813/2777 
f 2782/2814/2778 2130/2132/2127 2129/2131/2126 
f 2783/2815/2779 2291/2299/2287 2784/2816/2780 
f 1888/2817/1885 1890/2818/1887 2785/2819/2781 
f 2389/2404/2385 983/983/982 2390/2405/2386 
f 2786/2820/2782 1683/1683/1680 2787/2821/2783 
f 2027/2822/2024 2029/2743/2026 2719/2745/2715 
f 2788/2823/2784 2789/2824/2785 836/836/836 
f 1155/1155/1152 122/122/122 2695/2718/2691 
f 2790/2825/2786 1237/1237/1234 2791/2826/2787 
f 1194/1194/1191 1196/1196/1193 2792/2827/2788 
f 2793/2828/2789 2794/2829/2790 2795/2830/2791 
f 116/116/116 2796/2831/2792 2716/2739/2712 
f 211/211/211 1414/1414/1411 212/212/212 
f 2797/2832/2793 2798/2833/2794 2799/2834/2795 
f 786/786/786 2799/2834/2795 784/784/784 
f 372/372/372 687/687/687 2800/2835/2796 
f 1021/1021/1020 213/213/213 1333/1333/1330 
f 2801/2836/2797 2802/2837/2798 2803/2838/2799 
f 2804/2839/2800 578/578/578 577/577/577 
f 2805/2840/2801 2806/2841/2802 2807/2842/2803 
f 2808/2843/2804 2809/2844/2805 2810/2845/2806 
f 628/628/628 1366/2846/1363 2811/2847/2807 
f 2812/2848/2808 2813/2849/2809 2814/2850/2810 
f 504/504/504 1485/2851/1482 1487/2852/1484 
f 2815/2853/2811 2816/2854/2812 2817/2855/2813 
f 409/409/409 358/358/358 360/360/360 
f 870/870/870 2818/2856/2814 871/871/871 
f 1959/1959/1956 1569/1569/1566 2819/2857/2815 
f 1336/1336/1333 1335/1335/1332 2820/2858/2816 
f 291/291/291 118/118/118 120/120/120 
f 2821/2859/2817 1710/1710/1707 502/502/502 
f 2822/2860/2818 2823/2861/2819 2054/2056/2051 
f 2824/2862/2820 2823/2861/2819 80/80/80 
f 2825/2863/2821 2826/2864/2822 1515/1515/1512 
f 595/595/595 2825/2863/2821 2827/2865/2823 
f 282/282/282 281/281/281 2828/2866/2824 
f 1225/1225/1222 2829/2867/2825 2321/2331/2317 
f 2830/2868/2826 2831/2869/2827 2832/2870/2828 
f 2831/2869/2827 2830/2868/2826 1627/1627/1624 
f 1119/1119/1117 2833/2871/2829 2834/2872/2830 
f 2835/2873/2831 2833/2871/2829 1950/1950/1947 
f 2836/2874/2832 1729/1729/1726 1312/1312/1309 
f 2837/2875/2833 2838/2876/2834 2839/2877/2835 
f 2840/2878/2836 2841/2879/2837 29/29/29 
f 2842/2880/2838 2841/2879/2837 2843/2881/2839 
f 2678/2701/2674 2844/2882/2840 371/371/371 
f 1863/1863/1860 1844/2883/1841 1846/2884/1843 
f 2845/2885/2841 1373/1373/1370 2846/2886/2842 
f 1619/1619/1616 1618/1618/1615 641/641/641 
f 2847/2887/2843 562/562/562 2848/2888/2844 
f 1579/1579/1576 2849/2889/2845 177/177/177 
f 619/619/619 618/618/618 2850/2890/2846 
f 1942/1942/1939 2851/2891/2847 2852/2892/2848 
f 2050/2052/2047 1268/1268/1265 1267/1267/1264 
f 76/76/76 276/276/276 77/77/77 
f 2853/2893/2849 2854/2894/2850 2855/2895/2851 
f 951/951/950 950/950/949 2856/2896/2852 
f 2857/2897/2853 1864/1864/1861 1865/1865/1862 
f 575/575/575 2858/2898/2854 2859/2899/2855 
f 2860/2900/2856 2861/2901/2857 2862/2902/2858 
f 2863/2903/2859 2864/2904/2860 2865/2905/2861 
f 2866/2906/2862 2867/2907/2863 2868/2908/2864 
f 2869/2909/2865 2870/2910/2866 2871/2911/2867 
f 2872/2912/2868 436/436/436 1903/1903/1900 
f 1906/1906/1903 1905/1905/1902 436/436/436 
f 2873/2913/2869 2874/2914/2870 2875/2915/2871 
f 2407/2422/2403 2876/2916/2872 2873/2913/2869 
f 947/947/946 949/949/948 1317/1317/1314 
f 2617/2917/2613 2877/2918/2873 2878/2919/2874 
f 1744/1744/1741 1745/1745/1742 78/78/78 
f 2879/2920/2875 1029/1029/1028 2880/2921/2876 
f 2881/2922/2877 2882/2923/2878 1601/2924/1598 
f 2883/2925/2879 2884/2926/2880 2885/2927/2881 
f 1943/1943/1940 620/620/620 619/619/619 
f 1349/1349/1346 380/380/380 1347/1347/1344 
f 2886/2928/2882 2887/2929/2883 2888/2930/2884 
f 2886/2928/2882 2888/2930/2884 2889/2931/2885 
f 2890/2932/2886 1595/1595/1592 2891/2933/2887 
f 341/341/341 343/343/343 2892/2934/2888 
f 1837/1837/1834 2893/2935/2889 2894/2936/2890 
f 2895/2937/2891 2896/2938/2892 1838/1838/1835 
f 2897/2939/2893 2898/2940/2894 2899/2941/2895 
f 2900/2942/2896 2901/2943/2897 2902/2944/2898 
f 1111/1111/1109 59/59/59 1110/1110/1108 
f 2903/2945/2899 2904/2946/2900 1227/1227/1224 
f 201/201/201 2905/2947/2901 2906/2948/2902 
f 2907/2949/2903 496/496/496 1064/1064/1062 
f 2908/2950/2904 2909/2951/2905 2910/2952/2906 
f 490/490/490 2911/2953/2907 197/197/197 
f 2912/2954/2908 589/589/589 2913/2955/2909 
f 2914/2956/2910 2915/2957/2911 2916/2958/2912 
f 2282/2290/2278 2284/2292/2280 2917/2959/2913 
f 2625/2644/2621 2918/2960/2914 2624/2643/2620 
f 2919/2961/2915 2920/2962/2916 2921/2963/2917 
f 2922/2964/2918 1838/1838/1835 2896/2938/2892 
f 631/631/631 2923/2965/2919 629/629/629 
f 2924/2966/2920 2925/2967/2921 2926/2968/2922 
f 35/35/35 572/572/572 2927/2969/2923 
f 320/320/320 812/812/812 2928/2970/2924 
f 1260/1260/1257 1259/1259/1256 2929/2971/2925 
f 585/585/585 2930/2972/2926 2931/2973/2927 
f 2932/2974/2928 2933/2975/2929 1000/1000/999 
f 2934/2976/2930 2935/2977/2931 2936/2978/2932 
f 2937/2979/2933 2938/2980/2934 2939/2981/2935 
f 386/386/386 384/384/384 2940/2982/2936 
f 1594/2983/1591 1596/2984/1593 2941/2985/2937 
f 1977/1977/1974 2942/2986/2938 2943/2987/2939 
f 2944/2988/2940 2945/2989/2941 1969/1969/1966 
f 2946/2990/2942 2947/2991/2943 2948/2992/2944 
f 2949/2993/2945 2950/2994/2946 2951/2995/2947 
f 2061/2063/2058 2952/2996/2948 2062/2064/2059 
f 2953/2997/2949 2954/2998/2950 2955/2999/2951 
f 2956/3000/2952 2953/2997/2949 2955/2999/2951 
f 2495/2512/2491 2957/3001/2953 1593/1593/1590 
f 2208/3002/2204 1429/1429/1426 2958/3003/2954 
f 1296/1296/1293 106/106/106 2959/3004/2955 
f 108/108/108 533/533/533 106/106/106 
f 2960/3005/2956 1217/1217/1214 1216/1216/1213 
f 2961/3006/2957 2962/3007/2958 2824/2862/2820 
f 1277/1277/1274 1276/1276/1273 991/991/990 
f 991/991/990 1276/1276/1273 2963/3008/2959 
f 1626/1626/1623 25/25/25 27/27/27 
f 2964/3009/2960 2965/3010/2961 2966/3011/2962 
f 1441/1441/1438 2967/3012/2963 1440/1440/1437 
f 1440/1440/1437 2968/3013/2964 1682/1682/1679 
f 2969/3014/2965 2970/3015/2966 1286/1286/1283 
f 2971/3016/2967 2972/3017/2968 2973/3018/2969 
f 1892/1892/1889 2974/3019/2970 2975/3020/2971 
f 1287/1287/1284 2976/3021/2972 2977/3022/2973 
f 2978/3023/2974 2979/3024/2975 2980/3025/2976 
f 2981/3026/2977 2980/3025/2976 1861/3027/1858 
f 677/677/677 679/679/679 2982/3028/2978 
f 2983/3029/2979 2984/3030/2980 2985/3031/2981 
f 975/975/974 2986/3032/2982 976/976/975 
f 2987/3033/2983 2988/3034/2984 2989/3035/2985 
f 677/677/677 1554/1554/1551 1553/1553/1550 
f 2990/3036/2986 2991/3037/2987 2992/3038/2988 
f 255/255/255 723/723/723 2993/3039/2989 
f 837/837/837 1575/1575/1572 1577/1577/1574 
f 2994/3040/2990 2346/2357/2342 2345/2356/2341 
f 2995/3041/2991 2996/3042/2992 2997/3043/2993 
f 2998/3044/2994 2185/2191/2181 2999/3045/2995 
f 2187/2193/2183 2999/3045/2995 3000/3046/2996 
f 3001/3047/2997 2694/2717/2690 3002/3048/2998 
f 1871/3049/1868 1870/3050/1867 3003/3051/2999 
f 3004/3052/3000 2228/2236/2224 3005/3053/3001 
f 3006/3054/3002 3007/3055/3003 1767/1767/1764 
f 1883/1883/1880 3008/3056/3004 1882/1882/1879 
f 791/3057/791 408/408/408 410/410/410 
f 2506/2523/2502 3009/3058/3005 2507/2524/2503 
f 1948/1948/1945 3010/3059/3006 3011/3060/3007 
f 3012/3061/3008 3013/3062/3009 3014/3063/3010 
f 3015/3064/3011 3016/3065/3012 3017/3066/3013 
f 2879/2920/2875 1030/1030/1029 1029/1029/1028 
f 1602/1602/1599 3018/3067/3014 3019/3068/3015 
f 3020/3069/3016 3021/3070/3017 3022/3071/3018 
f 3021/3070/3017 1499/1499/1496 1500/1500/1497 
f 3023/3072/3019 3024/3073/3020 3025/3074/3021 
f 3026/3075/3022 3027/3076/3023 3028/3077/3024 
f 3029/3078/3025 3030/3079/3026 2013/2015/2010 
f 3029/3080/3025 513/513/513 515/515/515 
f 3031/3081/3027 2670/2693/2666 3032/3082/3028 
f 3033/3083/3029 2357/3084/2353 2359/3085/2355 
f 2443/2458/2439 755/755/755 754/754/754 
f 264/264/264 3034/3086/3030 453/453/453 
f 2456/2472/2452 3035/3087/3031 3036/3088/3032 
f 3037/3089/3033 1453/1453/1450 3038/3090/3034 
f 18/18/18 366/366/366 16/16/16 
f 1081/1081/1079 1080/1080/1078 3039/3091/3035 
f 3040/3092/3036 3041/3093/3037 3042/3094/3038 
f 3043/3095/3039 3044/3096/3040 3045/3097/3041 
f 3046/3098/3042 3047/3099/3043 3048/3100/3044 
f 3049/3101/3045 3050/3102/3046 3051/3103/3047 
f 3052/3104/3048 2491/2508/2487 3053/3105/3049 
f 3054/3106/3050 1798/1798/1795 1797/1797/1794 
f 446/446/446 3055/3107/3051 2198/2204/2194 
f 603/603/603 3056/3108/3052 3057/3109/3053 
f 3058/3110/3054 3059/3111/3055 3060/3112/3056 
f 3061/3113/3057 1375/1375/1372 1968/1968/1965 
f 3062/3114/3058 1523/1523/1520 669/669/669 
f 3063/3115/3059 671/671/671 1811/1811/1808 
f 2588/3116/2584 3064/3117/3060 3065/3118/3061 
f 2230/2238/2226 3066/3119/3062 3067/3120/3063 
f 3068/3121/3064 3069/3122/3065 3070/3123/3066 
f 3068/3121/3064 1660/1660/1657 3026/3075/3022 
f 3071/3124/3067 440/440/440 3072/3125/3068 
f 2067/2069/2064 3073/3126/3069 3072/3125/3068 
f 3074/3127/3070 3075/3128/3071 230/230/230 
f 908/908/908 907/907/907 3076/3129/3072 
f 3077/3130/3073 1547/1547/1544 3078/3131/3074 
f 3079/3132/3075 3080/3133/3076 1763/1763/1760 
f 3081/3134/3077 591/591/591 590/590/590 
f 1820/1820/1817 1819/1819/1816 438/438/438 
f 2889/2931/2885 3082/3135/3078 3083/3136/3079 
f 1103/1103/1101 3084/3137/3080 3085/3138/3081 
f 3086/3139/3082 2320/2330/2316 3087/3140/3083 
f 1370/1370/1367 814/814/814 1684/1684/1681 
f 511/511/511 3088/3141/3084 509/509/509 
f 2184/3142/2180 3089/3143/3085 1092/1092/1090 
f 3090/3144/3086 3091/3145/3087 922/922/921 
f 922/922/921 921/921/920 3090/3144/3086 
f 680/680/680 3092/3146/3088 560/560/560 
f 1556/1556/1553 3092/3146/3088 680/680/680 
f 160/160/160 3093/3147/3089 3094/3148/3090 
f 2411/3149/2407 1817/1817/1814 3095/3150/3091 
f 2438/2453/2434 2979/3024/2975 2439/2454/2435 
f 1466/1466/1463 2979/3024/2975 2978/3023/2974 
f 3054/3106/3050 3096/3151/3092 1798/1798/1795 
f 3097/3152/3093 1636/1636/1633 3098/3153/3094 
f 3099/3154/3095 3100/3155/3096 1921/1921/1918 
f 3101/3156/3097 2923/3157/2919 635/635/635 
f 2529/2546/2525 3102/3158/3098 1042/1042/1041 
f 2529/2546/2525 829/829/829 3103/3159/3099 
f 2510/2527/2506 2509/2526/2505 998/3160/997 
f 3104/3161/3100 3105/3162/3101 3106/3163/3102 
f 2788/3164/2784 3107/3165/3103 2032/2034/2029 
f 2275/2283/2271 2274/2282/2270 3108/3166/3104 
f 3109/3167/3105 3110/3168/3106 3111/3169/3107 
f 3112/3170/3108 3113/3171/3109 3114/3172/3110 
f 3115/3173/3111 3116/3174/3112 2200/2206/2196 
f 3116/3174/3112 3117/3175/3113 3118/3176/3114 
f 1730/1730/1727 413/413/413 1731/1731/1728 
f 3119/3177/3115 875/875/875 3120/3178/3116 
f 1987/1987/1984 2581/2600/2577 3121/3179/3117 
f 2076/2078/2073 2077/2079/2074 2078/2080/2075 
f 3122/3180/3118 1349/1349/1346 3123/3181/3119 
f 2176/2180/2172 3124/3182/3120 615/615/615 
f 1234/1234/1231 506/506/506 508/508/508 
f 3125/3183/3121 3126/3184/3122 3127/3185/3123 
f 1472/1472/1469 110/110/110 488/488/488 
f 488/488/488 2602/2621/2598 3128/3186/3124 
f 1751/1751/1748 3129/3187/3125 3130/3188/3126 
f 3131/3189/3127 2648/2669/2644 3132/3190/3128 
f 3133/3191/3129 919/919/918 2330/2340/2326 
f 3134/3192/3130 1672/1672/1669 1674/1674/1671 
f 3135/3193/3131 1671/1671/1668 236/236/236 
f 1160/1160/1157 3136/3194/3132 235/235/235 
f 3137/3195/3133 3138/3196/3134 3139/3197/3135 
f 3140/3198/3136 327/327/327 1876/1876/1873 
f 3141/3199/3137 3142/3200/3138 3143/3201/3139 
f 3144/3202/3140 2866/2906/2862 2868/2908/2864 
f 3145/3203/3141 1780/1780/1777 2222/3204/2218 
f 3146/3205/3142 1359/1359/1356 2167/3206/2163 
f 3147/3207/3143 1404/1404/1401 1403/1403/1400 
f 3148/3208/3144 1404/1404/1401 1230/1230/1227 
f 2097/2099/2094 3149/3209/3145 3150/3210/3146 
f 1065/1065/1063 3151/3211/3147 3152/3212/3148 
f 2574/2591/2570 2482/2499/2478 1753/1753/1750 
f 2124/2126/2121 2123/2125/2120 3153/3213/3149 
f 2914/3214/2910 2916/3215/2912 3154/3216/3150 
f 3155/3217/3151 3156/3218/3152 3157/3219/3153 
f 3158/3220/3154 3159/3221/3155 3160/3222/3156 
f 364/364/364 397/397/397 365/365/365 
f 3161/3223/3157 3162/3224/3158 3163/3225/3159 
f 3164/3226/3160 3165/3227/3161 3166/3228/3162 
f 3167/3229/3163 689/689/689 1334/1334/1331 
f 689/689/689 20/20/20 19/19/19 
f 2437/2452/2433 3168/3230/3164 3169/3231/3165 
f 1742/1742/1739 1741/1741/1738 1166/1166/1163 
f 3170/3232/3166 3171/3233/3167 3172/3234/3168 
f 3173/3235/3169 924/924/923 923/923/922 
f 3174/3236/3170 3175/3237/3171 1432/1432/1429 
f 2060/2062/2057 3176/3238/3172 3177/3239/3173 
f 3178/3240/3174 1581/1581/1578 3179/3241/3175 
f 806/806/806 3180/3242/3176 807/807/807 
f 1900/1900/1897 429/429/429 3181/3243/3177 
f 3182/3244/3178 3183/3245/3179 3184/3246/3180 
f 3185/3247/3181 2334/3248/2330 3186/3249/3182 
f 3187/3250/3183 3188/3251/3184 3185/3247/3181 
f 3189/3252/3185 3190/3253/3186 3191/3254/3187 
f 3015/3255/3011 3192/3256/3188 3193/3257/3189 
f 1754/1754/1751 3194/3258/3190 743/743/743 
f 1757/3259/1754 2463/3260/2459 3195/3261/3191 
f 2792/2827/2788 1196/1196/1193 3196/3262/3192 
f 3197/3263/3193 3198/3264/3194 3199/3265/3195 
f 3200/3266/3196 2301/2309/2297 295/2313/295 
f 3201/3267/3197 3202/3268/3198 3203/3269/3199 
f 3204/3270/3200 3205/3271/3201 3206/3272/3202 
f 3207/3273/3203 1320/1320/1317 1319/1319/1316 
f 2114/2116/2111 3208/3274/3204 1187/1187/1184 
f 3209/3275/3205 3210/3276/3206 3211/3277/3207 
f 3212/3278/3208 3213/3279/3209 3214/3280/3210 
f 3215/3281/3211 1896/1896/1893 1895/1895/1892 
f 1695/1695/1692 1694/1694/1691 3216/3282/3212 
f 3217/3283/3213 3218/3284/3214 3219/3285/3215 
f 3220/3286/3216 855/855/855 854/854/854 
f 3220/3286/3216 3221/3287/3217 2340/2350/2336 
f 3222/3288/3218 876/876/876 1348/1348/1345 
f 1348/1348/1345 1139/1139/1137 1962/1962/1959 
f 1751/1751/1748 3130/3188/3126 842/842/842 
f 3223/3289/3219 843/843/843 842/842/842 
f 614/614/614 3213/3279/3209 612/612/612 
f 3224/3290/3220 3225/3291/3221 3226/3292/3222 
f 608/608/608 3227/3293/3223 414/414/414 
f 3228/3294/3224 3229/3295/3225 2182/2186/2178 
f 3230/3296/3226 3231/3297/3227 3232/3298/3228 
f 2332/3299/2328 930/930/929 2333/3300/2329 
f 1621/1621/1618 3233/3301/3229 3234/3302/3230 
f 3235/3303/3231 3234/3302/3230 3236/3304/3232 
f 1765/1765/1762 3237/3305/3233 3238/3306/3234 
f 3239/3307/3235 3240/3308/3236 2949/3309/2945 
f 3241/3310/3237 3242/3311/3238 3243/3312/3239 
f 3244/3313/3240 2326/2336/2322 3245/3314/3241 
f 2893/2935/2889 1837/1837/1834 1836/1836/1833 
f 3246/3315/3242 3141/3316/3137 811/811/811 
f 2565/2678/2561 1609/1609/1606 1611/1611/1608 
f 2740/3317/2736 3247/3318/3243 412/412/412 
f 642/642/642 3248/3319/3244 3249/3320/3245 
f 18/18/18 3250/3321/3246 1620/1620/1617 
f 3251/3322/3247 1748/1748/1745 3252/3323/3248 
f 3253/3324/3249 2418/2433/2414 3254/3325/3250 
f 1073/1073/1071 3255/3326/3251 3256/3327/3252 
f 1888/1888/1885 1073/1073/1071 1889/1889/1886 
f 2149/2151/2145 3257/3328/3253 3258/3329/3254 
f 3259/3330/3255 3260/3331/3256 3261/3332/3257 
f 3262/3333/3258 3263/3334/3259 2486/2503/2482 
f 3264/3335/3260 3263/3334/3259 3049/3101/3045 
f 1558/1558/1555 3265/3336/3261 3266/3337/3262 
f 2573/3338/2569 3267/3339/3263 3268/3340/3264 
f 3269/3341/3265 3270/3342/3266 804/804/804 
f 3271/3343/3267 3272/3344/3268 3273/3345/3269 
f 3274/3346/3270 3275/3347/3271 3276/3348/3272 
f 303/303/303 3277/3349/3273 3278/3350/3274 
f 2269/2277/2265 3279/3351/3275 2270/2278/2266 
f 350/350/350 349/349/349 1192/1192/1189 
f 1713/1713/1710 3280/3352/3276 3281/3353/3277 
f 523/523/523 2272/2280/2268 524/524/524 
f 3281/3354/3277 2770/2800/2766 2769/2799/2765 
f 3281/3354/3277 3282/3355/3278 3283/3356/3279 
f 1704/1704/1701 3284/3357/3280 3285/3358/3281 
f 1705/1705/1702 3286/3359/3282 2151/2153/2147 
f 2370/3360/2366 1260/1260/1257 2371/3361/2367 
f 3287/3362/3283 3288/3363/3284 3289/3364/3285 
f 3290/3365/3286 3291/3366/3287 3292/3367/3288 
f 3293/3368/3289 3294/3369/3290 3295/3370/3291 
f 40/40/40 3296/3371/3292 3297/3372/3293 
f 2194/2200/2190 1109/1109/1107 695/695/695 
f 902/902/902 3298/3373/3294 903/903/903 
f 3299/3374/3295 1807/1807/1804 3300/3375/3296 
f 1358/1358/1355 49/49/49 51/51/51 
f 3301/3376/3297 3302/3377/3298 3303/3378/3299 
f 1725/1725/1722 3304/3379/3300 1723/1723/1720 
f 3305/3380/3301 3306/3381/3302 1949/1949/1946 
f 3307/3382/3303 2428/2443/2424 2427/2442/2423 
f 1293/1293/1290 3308/3383/3304 990/990/989 
f 3309/3384/3305 3310/3385/3306 3311/3386/3307 
f 1802/1802/1799 3312/3387/3308 3313/3388/3309 
f 815/815/815 1370/1370/1367 537/537/537 
f 1679/1679/1676 138/138/138 140/140/140 
f 1674/1674/1671 1673/1673/1670 402/402/402 
f 266/266/266 1352/1352/1349 3314/3389/3310 
f 3315/3390/3311 3316/3391/3312 3317/3392/3313 
f 3317/3392/3313 3318/3393/3314 3319/3394/3315 
f 589/589/589 588/588/588 1057/1057/1055 
f 1507/1507/1504 2010/2010/2007 2008/3395/2005 
f 3320/3396/3316 1821/1821/1818 1820/1820/1817 
f 3321/3397/3317 2848/2888/2844 2096/2098/2093 
f 3322/3398/3318 1676/1676/1673 3323/3399/3319 
f 1676/1676/1673 3324/3400/3320 3323/3399/3319 
f 3325/3401/3321 2051/2053/2048 3326/3402/3322 
f 3327/3403/3323 3328/3404/3324 3326/3402/3322 
f 3329/3405/3325 2526/3406/2522 3330/3407/3326 
f 2567/2584/2563 3331/3408/3327 3332/3409/3328 
f 278/278/278 2373/2388/2369 2375/2390/2371 
f 3333/3410/3329 1365/1365/1362 3334/3411/3330 
f 1156/1156/1153 1158/1158/1155 3335/3412/3331 
f 3336/3413/3332 2101/2103/2098 2100/2102/2097 
f 2558/3414/2554 3337/3415/3333 3338/3416/3334 
f 3339/3417/3335 3340/3418/3336 3341/3419/3337 
f 2668/2691/2664 2667/2690/2663 783/783/783 
f 2364/3420/2360 3342/3421/3338 3343/3422/3339 
f 124/124/124 1143/1143/1140 125/125/125 
f 3344/3423/3340 1142/1142/1139 647/647/647 
f 958/958/957 3345/3424/3341 456/456/456 
f 1393/1393/1390 3346/3425/3342 3034/3086/3030 
f 2393/2408/2389 2392/2407/2388 3347/3426/3343 
f 3209/3275/3205 388/388/388 3210/3276/3206 
f 2207/2213/2203 3348/3427/3344 3349/3428/3345 
f 1428/1428/1425 502/502/502 3348/3427/3344 
f 3350/3429/3346 3351/3430/3347 3352/3431/3348 
f 3352/3431/3348 3353/3432/3349 3354/3433/3350 
f 1172/1172/1169 685/685/685 1173/1173/1170 
f 2405/2420/2401 3355/3434/3351 1171/1171/1168 
f 3356/3435/3352 137/137/137 581/581/581 
f 3357/3436/3353 3358/3437/3354 3359/3438/3355 
f 3360/3439/3356 542/542/542 3361/3440/3357 
f 1868/1868/1865 2803/2838/2799 2802/2837/2798 
f 957/957/956 1521/1521/1518 632/632/632 
f 3362/3441/3358 3363/3442/3359 459/459/459 
f 3364/3443/3360 3365/3444/3361 3366/3445/3362 
f 1442/1442/1439 2650/2671/2646 3364/3443/3360 
f 3367/3446/3363 3368/3447/3364 3369/3448/3365 
f 3370/3449/3366 3371/3450/3367 3372/3451/3368 
f 3373/3452/3369 3374/3453/3370 2400/3454/2396 
f 3375/3455/3371 3376/3456/3372 3377/3457/3373 
f 3378/3458/3374 2040/2042/2037 2042/2044/2039 
f 1069/3459/1067 211/211/211 210/210/210 
f 3379/3460/3375 2518/2535/2514 2006/2006/2003 
f 503/503/503 505/505/505 2518/2535/2514 
f 3380/3461/3376 3381/3462/3377 1233/1233/1230 
f 3278/3350/3274 2651/3463/2647 303/303/303 
f 3382/3464/3378 3383/3465/3379 1067/1067/1065 
f 3384/3466/3380 1126/1126/1124 1125/1125/1123 
f 1539/1539/1536 1538/1538/1535 3385/3467/3381 
f 3386/3468/3382 1539/1539/1536 3385/3467/3381 
f 1230/1230/1227 3387/3469/3383 1231/1231/1228 
f 3388/3470/3384 3387/3469/3383 3389/3471/3385 
f 3313/3388/3309 1803/1803/1800 1802/1802/1799 
f 2702/2725/2698 3390/3472/3386 2703/2726/2699 
f 1551/1551/1548 2674/3473/2670 2673/3474/2669 
f 3391/3475/3387 2355/2366/2351 2354/2365/2350 
f 3392/3476/3388 3393/3477/3389 226/226/226 
f 1862/1862/1859 1863/1863/1860 3394/3478/3390 
f 1647/1647/1644 3395/3479/3391 1645/1645/1642 
f 3396/3480/3392 3397/3481/3393 3398/3482/3394 
f 3399/3483/3395 3400/3484/3396 3401/3485/3397 
f 3402/3486/3398 3403/3487/3399 3404/3488/3400 
f 3405/3489/3401 3406/3490/3402 3407/3491/3403 
f 3408/3492/3404 3409/3493/3405 3410/3494/3406 
f 3411/3495/3407 1531/1531/1528 1533/1533/1530 
f 387/387/387 3412/3496/3408 385/385/385 
f 654/654/654 2887/2929/2883 655/655/655 
f 1693/1693/1690 1695/1695/1692 426/426/426 
f 3413/3497/3409 3414/3498/3410 3415/3499/3411 
f 3413/3497/3409 3415/3499/3411 3416/3500/3412 
f 577/577/577 576/576/576 63/63/63 
f 3417/3501/3413 576/576/576 3418/3502/3414 
f 3419/3503/3415 3420/3504/3416 3421/3505/3417 
f 3422/3506/3418 2704/2727/2700 2706/2729/2702 
f 2045/2047/2042 2774/3507/2770 2046/2048/2043 
f 3423/3508/3419 2536/2553/2532 2538/2555/2534 
f 319/319/319 318/318/318 1326/1326/1323 
f 209/209/209 2298/2306/2294 1835/1835/1832 
f 3424/3509/3420 3350/3429/3346 3425/3510/3421 
f 3426/3511/3422 2435/2450/2431 3427/3512/3423 
f 3428/3513/3424 3429/3514/3425 213/213/213 
f 1020/1020/1019 3430/3515/3426 3428/3513/3424 
f 3431/3516/3427 3432/3517/3428 3433/3518/3429 
f 2657/3519/2653 3434/3520/3430 3435/3521/3431 
f 3436/3522/3432 3437/3523/3433 940/940/939 
f 2601/2620/2597 1800/1800/1797 3438/3524/3434 
f 3297/3372/3293 332/332/332 40/40/40 
f 1055/1055/1053 1054/1054/1052 3439/3525/3435 
f 3440/3526/3436 3441/3527/3437 2516/2533/2512 
f 3442/3528/3438 3443/3529/3439 3444/3530/3440 
f 3445/3531/3441 899/899/899 3446/3532/3442 
f 3447/3533/3443 710/710/710 3448/3534/3444 
f 3449/3535/3445 3450/3536/3446 3451/3537/3447 
f 2460/2476/2456 1138/1138/1136 1137/1137/1135 
f 435/435/435 3452/3538/3448 3453/3539/3449 
f 3454/3540/3450 1497/1497/1494 3455/3541/3451 
f 471/471/471 2/2/2 1979/1979/1976 
f 893/893/893 1979/1979/1976 1978/1978/1975 
f 1160/1160/1157 1068/1068/1066 3456/3542/3452 
f 2478/2494/2474 2477/2493/2473 3457/3543/3453 
f 3140/3198/3136 1876/1876/1873 1875/1875/1872 
f 3458/3544/3454 659/659/659 3459/3545/3455 
f 3460/3546/3456 2387/2402/2383 2386/2401/2382 
f 3461/3547/3457 3462/3548/3458 2896/2938/2892 
f 2479/2495/2475 2480/2497/2476 3463/3549/3459 
f 3464/3550/3460 3465/3551/3461 2226/2234/2222 
f 1824/1824/1821 1715/1715/1712 1822/1822/1819 
f 403/403/403 166/166/166 404/404/404 
f 1761/1761/1758 1759/1759/1756 3466/3552/3462 
f 2076/2078/2073 1761/1761/1758 2075/2077/2072 
f 1107/1107/1105 3467/3553/3463 1105/1105/1103 
f 1236/1236/1233 38/38/38 1237/1237/1234 
f 3468/3554/3464 3469/3555/3465 2104/2106/2101 
f 3470/3556/3466 3471/3557/3467 749/749/749 
f 2221/3558/2217 3472/3559/3468 2222/3204/2218 
f 1778/1778/1775 3473/3560/3469 3474/3561/3470 
f 3475/3562/3471 390/390/390 389/389/389 
f 1189/1189/1186 3476/3563/3472 1954/1954/1951 
f 3477/3564/3473 2442/2457/2438 3478/3565/3474 
f 3479/3566/3475 3480/3567/3476 3481/3568/3477 
f 1359/1359/1356 3482/3569/3478 3483/3570/3479 
f 3484/3571/3480 2164/3572/2160 3485/3573/3481 
f 3486/3574/3482 2347/2358/2343 2348/2359/2344 
f 3487/3575/3483 2872/2912/2868 2525/2542/2521 
f 3488/3576/3484 1400/1400/1397 3489/3577/3485 
f 2587/3578/2583 3490/3579/3486 3491/3580/3487 
f 3492/3581/3488 3493/3582/3489 3494/3583/3490 
f 2143/3584/2139 2142/3585/2138 3495/3586/3491 
f 3496/3587/3492 3497/3588/3493 3498/3589/3494 
f 2409/3590/2405 2411/3149/2407 3095/3150/3091 
f 2029/2031/2026 2028/2030/2025 3499/3591/3495 
f 3500/3592/2698 2417/2432/2413 2416/2431/2412 
f 450/450/450 452/452/452 3501/3593/3496 
f 1931/1931/1928 3502/3594/3497 1654/1654/1651 
f 2118/2120/2115 3503/3595/3498 3504/3596/3499 
f 3505/3597/3500 3506/3598/3501 3507/3599/3502 
f 3154/3216/3150 2916/3215/2912 3508/3600/3503 
f 1505/1505/1502 1340/1340/1337 3509/3601/3504 
f 1299/1299/1296 1296/1296/1293 2959/3004/2955 
f 2158/2160/2154 735/735/735 1664/1664/1661 
f 3510/3602/3505 3511/3603/3506 3025/3074/3021 
f 1047/1047/1045 1046/1046/1044 3511/3603/3506 
f 730/730/730 732/732/732 3512/3604/3507 
f 3513/3605/3508 3048/3100/3044 3047/3099/3043 
f 2246/3606/2242 2248/3607/2244 3514/3608/3509 
f 927/927/926 1590/1590/1587 2751/2778/2747 
f 3515/3609/3510 3516/3610/3511 3517/3611/3512 
f 2168/2170/2164 785/785/785 3518/3612/3513 
f 187/187/187 902/902/902 904/904/904 
f 3519/3613/3514 3520/3614/3515 187/187/187 
f 1519/1519/1516 957/957/956 632/632/632 
f 146/146/146 2832/2870/2828 2831/2869/2827 
f 3162/3224/3158 1120/1120/1118 3521/3615/3516 
f 3522/3616/3517 2834/2872/2830 3523/3617/3518 
f 1523/1523/1520 670/670/670 669/669/669 
f 1526/1526/1523 3524/3618/3519 3525/3619/3520 
f 737/737/737 3526/3620/3521 738/738/738 
f 3527/3621/3522 3528/3622/3523 2189/2195/2185 
f 1484/1484/1481 2095/2097/2092 2094/2096/2091 
f 3529/3623/3524 1484/1484/1481 776/776/776 
f 3530/3624/3525 3531/3625/3526 3532/3626/3527 
f 3532/3626/3527 3533/3627/3528 3530/3624/3525 
f 2763/2793/2759 3534/3628/3529 3535/3629/3530 
f 2597/3630/2593 3536/3631/3531 1666/1666/1663 
f 1037/1037/1036 231/231/231 3537/3632/3532 
f 3538/3633/3533 1323/1323/1320 3539/3634/3534 
f 3540/3635/3535 2034/2036/2031 2033/2035/2030 
f 3477/3636/3473 3478/3637/3474 3541/3638/3536 
f 1553/1553/1550 3542/3639/3537 3543/3640/3538 
f 2637/2656/2633 682/682/682 3543/3641/3538 
f 3544/3642/3539 1089/1089/1087 1088/1088/1086 
f 3545/3643/3540 2868/2908/2864 2867/2907/2863 
f 3546/3644/3541 3547/3645/3542 2023/2025/2020 
f 3548/3646/3543 3549/3647/3544 3550/3648/3545 
f 3075/3649/3071 3074/3650/3070 1316/1316/1313 
f 3551/3651/3546 2242/2250/2238 3552/3652/3547 
f 3553/3653/3548 3554/3654/3549 3555/3655/3550 
f 2489/2506/2485 3556/3656/3551 3557/3657/3552 
f 661/661/661 3558/3658/3553 665/665/665 
f 3559/3659/3554 981/981/980 3560/3660/3555 
f 970/970/969 2445/2460/2441 3561/3661/3556 
f 3562/3662/3557 3563/3663/3558 3564/3664/3559 
f 573/573/573 572/572/572 35/35/35 
f 1514/1514/1511 1515/1515/1512 1517/1517/1514 
f 3565/3665/3560 3566/3666/3561 3567/3667/3562 
f 3568/3668/3563 3569/3669/3564 3570/3670/3565 
f 3571/3671/3566 3572/3672/3567 3573/3673/3568 
f 628/628/628 3574/3674/3569 3575/3675/3570 
f 2406/2421/2402 3576/3676/3571 3577/3677/3572 
f 3578/3678/3573 3579/3679/3574 3580/3680/3575 
f 2940/2982/2936 3581/3681/3576 3582/3682/3577 
f 3583/3683/3578 1703/3684/1700 1702/3685/1699 
f 627/627/627 239/239/239 3584/3686/3579 
f 987/987/986 3584/3686/3579 239/239/239 
f 1758/1758/1755 1760/1760/1757 3585/3687/3580 
f 3585/3687/3580 3586/3688/3581 3587/3689/3582 
f 1087/1087/1085 3588/3690/3583 1759/1759/1756 
f 3588/3690/3583 43/43/43 1759/1759/1756 
f 3589/3691/3584 2600/3692/2596 2556/2573/2552 
f 3590/3693/3585 3310/3694/3306 3309/3695/3305 
f 3591/3696/3586 3592/3697/3587 3402/3486/3398 
f 1985/1985/1982 1380/1380/1377 1379/1379/1376 
f 2/2/2 2281/2289/2277 1035/1035/1034 
f 826/826/826 470/470/470 3593/3698/3588 
f 3594/3699/3589 2641/2660/2637 3595/3700/3590 
f 1936/1936/1933 1934/1934/1931 3596/3701/3591 
f 3597/3702/3592 2636/2655/2632 2635/2654/2631 
f 3598/3703/3593 3599/3704/3594 3597/3702/3592 
f 992/992/991 994/994/993 2308/2318/2304 
f 2309/2319/2305 2308/2318/2304 130/130/130 
f 3600/3705/3595 3601/3706/3596 3602/3707/3597 
f 3603/3708/3598 3600/3709/3595 3027/3076/3023 
f 3604/3710/3599 3605/3711/3600 3606/3712/3601 
f 3607/3713/3602 1403/1403/1400 3608/3714/3603 
f 939/939/938 1545/1545/1542 1436/1436/1433 
f 1544/1544/1541 2300/2308/2296 3609/3715/3604 
f 3610/3716/3605 1296/1296/1293 3611/3717/3606 
f 3611/3717/3606 3612/3718/3607 3610/3716/3605 
f 3613/3719/3608 3614/3720/3609 3615/3721/3610 
f 3616/3722/3611 3617/3723/3612 3615/3721/3610 
f 374/374/374 1843/1843/1840 3618/3724/3613 
f 1791/1791/1788 3619/3725/3614 3620/3726/3615 
f 3621/3727/3616 152/152/152 151/151/151 
f 1840/1840/1837 420/420/420 3621/3727/3616 
f 2684/2707/2680 2683/2706/2679 2134/2136/2131 
f 3622/3728/3617 3623/3729/3618 3624/3730/3619 
f 3625/3731/3620 3410/3732/3406 2213/2219/2209 
f 2609/2628/2605 2762/2790/2758 2607/2626/2603 
f 3626/3733/3621 1910/1910/1907 1912/1912/1909 
f 2531/2548/2527 3627/3734/3622 2527/2544/2523 
f 3628/3735/3623 1257/1257/1254 3629/3736/3624 
f 3630/3737/3625 3631/3738/3626 3632/3739/3627 
f 419/419/419 418/418/418 2262/2270/2258 
f 3633/3740/3628 419/419/419 952/952/951 
f 1974/1974/1971 715/715/715 1975/1975/1972 
f 3634/3741/3629 716/716/716 715/715/715 
f 1431/1431/1428 145/145/145 933/933/932 
f 3635/3742/3630 2626/2645/2622 1623/1623/1620 
f 2657/2680/2653 3636/3743/3631 3637/3744/3632 
f 2564/2581/2560 1498/1498/1495 3638/3745/3633 
f 1641/1641/1638 2334/2344/2330 3639/3746/3634 
f 3097/3152/3093 3640/3747/3635 3641/3748/3636 
f 3642/3749/3637 1666/1666/1663 1665/1665/1662 
f 2596/3750/2592 639/639/639 2117/3751/2114 
f 21/21/21 3643/3752/3638 19/19/19 
f 3644/3753/3639 3645/3754/3640 2242/2250/2238 
f 2948/2992/2944 1804/1804/1801 2946/2990/2942 
f 270/270/270 269/269/269 3646/3755/3641 
f 3647/3756/3642 3648/3757/3643 2663/2686/2659 
f 2473/2489/2469 3648/3757/3643 2474/2490/2470 
f 3649/3758/3644 3650/3759/3645 881/881/881 
f 881/881/881 403/403/403 878/878/878 
f 3651/3760/3646 2113/2115/2110 2983/3029/2979 
f 3165/3227/3161 3652/3761/3647 3653/3762/3648 
f 2224/2232/2220 3654/3763/3649 2225/2233/2221 
f 3604/3764/3599 2505/2522/2501 2504/2521/2500 
f 93/93/93 305/305/305 307/307/307 
f 307/307/307 1642/1642/1639 93/93/93 
f 3202/3268/3198 3620/3765/3615 3655/3766/3650 
f 3655/3766/3650 3203/3269/3199 3202/3268/3198 
f 3656/3767/3651 3657/3768/3652 3658/3769/3653 
f 164/164/164 3658/3770/3653 2778/2810/2774 
f 2072/2074/2069 2071/2073/2068 3659/3771/3654 
f 3660/3772/3655 3659/3771/3654 2071/2073/2068 
f 1529/1529/1526 2393/3773/2389 3661/3774/3656 
f 3662/3775/3657 3663/3776/3658 3664/3777/3659 
f 323/323/323 127/127/127 129/129/129 
f 2376/2391/2372 127/127/127 2145/2147/2141 
f 3665/3778/3660 2251/2259/2247 3666/3779/3661 
f 3667/3780/3662 262/262/262 3668/3781/3663 
f 1725/1725/1722 1724/1724/1721 1150/1150/1147 
f 3669/3782/3664 2735/2762/2731 2733/2760/2729 
f 3670/3783/3665 3671/3784/3666 173/173/173 
f 1659/1659/1656 1282/1282/1279 1284/1284/1281 
f 3672/3785/3667 2253/2261/2249 3665/3786/3660 
f 1678/1678/1675 698/3787/698 697/3788/697 
f 1696/1696/1693 1698/1698/1695 3673/3789/3668 
f 1914/1914/1911 3674/3790/3669 3675/3791/3670 
f 786/786/786 2168/2170/2164 3676/3792/3671 
f 218/218/218 217/217/217 73/73/73 
f 3677/3793/3672 2730/2757/2726 2729/2756/2725 
f 3678/3794/3673 3677/3793/3672 3679/3795/3674 
f 3680/3796/3675 3681/3797/3676 708/708/708 
f 3682/3798/3677 3683/3799/3678 3684/3800/3679 
f 3685/3801/3680 3686/3802/3681 2688/2711/2684 
f 3687/3803/3682 3688/3804/3683 3689/3805/3684 
f 196/196/196 195/195/195 3690/3806/3685 
f 1180/1180/1177 1570/1570/1567 3690/3806/3685 
f 1151/1151/1148 3691/3807/3686 3692/3808/3687 
f 3693/3809/3688 3692/3808/3687 3694/3810/3689 
f 2118/2120/2115 530/530/530 2116/2118/2113 
f 2323/2333/2319 1228/1228/1225 287/287/287 
f 2892/2934/2888 343/343/343 2368/2381/2364 
f 3695/3811/3690 3696/3812/3691 583/583/583 
f 2016/2018/2013 2017/2019/2014 3697/3813/3692 
f 3698/3814/3693 1205/1205/1202 1204/1204/1201 
f 3699/3815/3694 2358/2369/2354 2357/2368/2353 
f 1271/1271/1268 3700/3816/3695 1272/1272/1269 
f 292/292/292 2259/2267/2255 3701/3817/3696 
f 2259/2267/2255 3702/3818/3697 3701/3817/3696 
f 1382/1382/1379 1384/1384/1381 2797/2832/2793 
f 3703/3819/3698 3057/3109/3053 1956/1956/1953 
f 1844/1844/1841 2723/2750/2719 1845/1845/1842 
f 3704/3820/3699 2844/3821/2840 2678/3822/2674 
f 724/724/724 1967/1967/1964 1607/1607/1604 
f 849/849/849 2619/2638/2615 847/847/847 
f 3705/3823/3700 3706/3824/3701 3707/3825/3702 
f 296/296/296 3705/3823/3700 297/297/297 
f 931/931/930 3708/3826/3703 930/930/929 
f 2698/3827/2694 2697/3828/2693 3709/3829/3704 
f 3710/3830/3705 3711/3831/3706 3074/3127/3070 
f 3712/3832/3707 3713/3833/3708 3714/3834/3709 
f 1342/1342/1339 3715/3835/3710 1813/1813/1810 
f 1457/1457/1454 1345/1345/1342 65/65/65 
f 3716/3836/3711 2159/2161/2155 3717/3837/3712 
f 2157/2159/2153 2159/2161/2155 3716/3836/3711 
f 169/169/169 1224/1224/1221 170/170/170 
f 2005/2005/2002 2004/2004/2001 3718/3838/3713 
f 1306/1306/1303 2241/2249/2237 2240/2248/2236 
f 2969/3014/2965 2972/3017/2968 2971/3016/2967 
f 24/24/24 3719/3839/3714 2156/2158/2152 
f 2640/2659/2636 550/550/550 3720/3840/3715 
f 3721/3841/3716 156/156/156 1712/1712/1709 
f 3722/3842/3717 2012/2014/2009 3721/3841/3716 
f 2282/2290/2278 414/414/414 3227/3293/3223 
f 3723/3843/3718 1535/1535/1532 1534/1534/1531 
f 2843/2881/2839 3724/3844/3719 3725/3845/3720 
f 2843/2881/2839 3725/3845/3720 2842/2880/2838 
f 1633/1633/1630 3726/3846/3721 6/6/6 
f 828/828/828 3727/3847/3722 6/6/6 
f 3728/3848/3723 2747/3849/2743 2749/3850/2745 
f 3729/3851/3724 3137/3195/3133 3139/3197/3135 
f 1214/1214/1211 3730/3852/3725 1213/1213/1210 
f 2583/2602/2579 204/204/204 3730/3852/3725 
f 3731/3853/3726 3732/3854/3727 1447/1447/1444 
f 1356/1356/1353 2014/2016/2011 3733/3855/3728 
f 3734/3856/3729 3314/3389/3310 3735/3857/3730 
f 3314/3389/3310 1352/1352/1349 1351/1351/1348 
f 3736/3858/3731 3623/3729/3618 3737/3859/3732 
f 1464/1464/1461 3738/3860/3733 826/826/826 
f 1010/1010/1009 3739/3861/3734 3740/3862/3735 
f 3741/3863/3736 3739/3861/3734 2561/2578/2557 
f 2947/2991/2943 3742/3864/3737 3743/3865/3738 
f 3744/3866/3739 2947/2991/2943 2946/2990/2942 
f 3745/3867/3740 3746/3868/3741 1071/1071/1069 
f 1069/1069/1067 1071/1071/1069 3746/3868/3741 
f 3370/3449/3366 3747/3869/3742 1130/1130/1128 
f 2084/2086/2081 2083/2085/2080 2082/2084/2079 
f 3748/3870/3743 3749/3871/3744 3750/3872/3745 
f 670/670/670 466/466/466 1291/1291/1288 
f 282/282/282 3751/3873/3746 280/280/280 
f 793/793/793 2458/2474/2454 3752/3874/3747 
f 2092/2094/2089 3753/3875/3748 3754/3876/3749 
f 1613/1613/1610 898/898/898 46/46/46 
f 1854/3877/1851 1853/3878/1850 3755/3879/3750 
f 3756/3880/3751 3757/3881/3752 2692/2715/2688 
f 3333/3410/3329 2174/2178/2170 1365/1365/1362 
f 2814/2850/2810 2811/2847/2807 2174/3882/2170 
f 3758/3883/3753 3759/3884/3754 2517/2534/2513 
f 505/505/505 3760/3885/3755 2517/2534/2513 
f 3239/3307/3235 169/169/169 3240/3308/3236 
f 2952/3886/2948 1007/1007/1006 3761/3887/3756 
f 3762/3888/3757 1967/1967/1964 3763/3889/3758 
f 1575/1575/1572 837/837/837 2993/3039/2989 
f 84/84/84 83/83/83 877/877/877 
f 1574/1574/1571 3764/3890/3759 1572/1572/1569 
f 1154/1154/1151 1153/1153/1150 37/37/37 
f 1153/1153/1150 2791/2826/2787 37/37/37 
f 3765/3891/3760 3766/3892/3761 3767/3893/3762 
f 3258/3329/3254 3768/3894/3763 2149/2151/2145 
f 1907/1907/1904 2534/2551/2530 1908/1908/1905 
f 3626/3733/3621 3769/3895/3764 1910/1910/1907 
f 3315/3390/3311 3770/3896/3765 835/835/835 
f 836/836/836 835/835/835 3770/3896/3765 
f 3016/3065/3012 288/288/288 3017/3066/3013 
f 1775/1775/1772 345/345/345 3771/3897/3766 
f 2384/2399/2380 3772/3898/3767 2382/2397/2378 
f 2894/3899/2890 3773/3900/3768 3774/3901/3769 
f 3775/3902/3770 3630/3737/3625 3776/3903/3771 
f 3777/3904/3772 3778/3905/3773 2111/2113/2108 
f 1292/1292/1289 1291/1291/1288 3779/3906/3774 
f 3780/3907/3775 3781/3908/3776 3782/3909/3777 
f 825/825/825 824/824/824 2682/3910/2678 
f 470/470/470 3783/3911/3778 3593/3698/3588 
f 750/750/750 1847/1847/1844 3784/3912/3779 
f 2101/3913/2098 3336/3914/3332 3785/3915/3780 
f 534/534/534 536/536/536 3786/3916/3781 
f 1114/1114/1112 2315/3917/2311 3787/3918/3782 
f 896/896/896 3788/3919/3783 2340/3920/2336 
f 3789/3921/3784 2276/2284/2272 3790/3922/3785 
f 2132/2134/2129 658/658/658 3791/3923/3786 
f 2582/2601/2578 1376/1376/1373 1378/1378/1375 
f 3792/3924/3787 2305/3925/2301 3793/3926/3788 
f 225/225/225 3794/3927/3789 3792/3924/3787 
f 3795/3928/3790 570/570/570 3796/3929/3791 
f 3797/3930/3792 910/910/910 912/912/912 
f 3798/3931/3793 1176/1176/1173 1175/1175/1172 
f 3799/3932/3794 3798/3931/3793 1175/1175/1172 
f 2227/2235/2223 3800/3933/3795 914/914/914 
f 915/915/915 914/914/914 3800/3933/3795 
f 3801/3934/3796 3802/3935/3797 3803/3936/3798 
f 1382/1382/1379 3804/3937/3799 1383/1383/1380 
f 248/248/248 1493/1493/1490 246/246/246 
f 3805/3938/3800 3806/3939/3801 3807/3940/3802 
f 3808/3941/3803 32/32/32 706/706/706 
f 1398/1398/1395 481/481/481 1399/1399/1396 
f 1117/1117/1115 1116/1116/1114 813/813/813 
f 3809/3942/3804 3810/3943/3805 2318/2328/2314 
f 747/747/747 1848/1848/1845 3811/3944/3806 
f 1848/1848/1845 3812/3945/3807 3811/3944/3806 
f 3271/3343/3267 3813/3946/3808 3272/3344/3268 
f 800/800/800 1420/1420/1417 1419/1419/1416 
f 3814/3947/3809 1481/1481/1478 3815/3948/3810 
f 3816/3949/3811 3106/3163/3102 3817/3950/3812 
f 8/8/8 7/7/7 3818/3951/3813 
f 2031/2033/2028 2030/2032/2027 839/839/839 
f 1757/1757/1754 2464/2480/2460 2463/2479/2459 
f 3819/3952/3814 3820/3953/3815 1275/1275/1272 
f 3821/3954/3816 3368/3955/3364 3367/3956/3363 
f 770/770/770 1135/1135/1133 3822/3957/3817 
f 2633/2652/2629 3823/3958/3818 3824/3959/3819 
f 3825/3960/3820 3826/3961/3821 3823/3962/3818 
f 3827/3963/3822 108/108/108 2025/2027/2022 
f 107/107/107 3828/3964/3823 108/108/108 
f 3829/3965/3824 3217/3283/3213 3219/3285/3215 
f 3830/3966/3825 943/943/942 2544/2561/2540 
f 3831/3967/3826 3832/3968/3827 3833/3969/3828 
f 3834/3970/3829 2017/2019/2014 3835/3971/3830 
f 3836/3972/3831 3251/3322/3247 3252/3323/3248 
f 3563/3973/3558 3837/3974/3832 3564/3975/3559 
f 739/739/739 3838/3976/3833 64/64/64 
f 1457/1457/1454 3838/3976/3833 1346/1346/1343 
f 3133/3977/3129 917/917/917 916/916/916 
f 2605/3978/2601 2604/3979/2600 1675/1675/1672 
f 1995/3980/1992 1994/3981/1991 200/200/200 
f 1997/3982/1994 2760/2787/2756 3839/3983/3834 
f 3840/3984/3835 1861/1861/1858 2980/3985/2976 
f 214/214/214 213/213/213 3429/3514/3425 
f 3171/3233/3167 3841/3986/3836 3172/3234/3168 
f 3171/3233/3167 1776/1776/1773 3841/3986/3836 
f 1963/1963/1960 1965/1965/1962 3842/3987/3837 
f 2909/3988/2905 2908/3989/2904 3843/3990/3838 
f 1990/1990/1987 1154/1154/1151 3844/3991/3839 
f 1933/1933/1930 1990/1990/1987 764/764/764 
f 2605/2624/2601 184/184/184 2606/2625/2602 
f 3845/3992/3840 184/184/184 183/183/183 
f 507/507/507 1887/1887/1884 1486/1486/1483 
f 1488/1488/1485 1006/1006/1005 3846/3993/3841 
f 3847/3994/3842 1092/1092/1090 3089/3143/3085 
f 1939/1939/1936 3847/3994/3842 3089/3143/3085 
f 1422/1422/1419 1421/1421/1418 3249/3320/3245 
f 3848/3995/3843 3849/3996/3844 2900/3997/2896 
f 1744/1744/1741 1219/1219/1216 552/552/552 
f 2365/2378/2361 552/552/552 2366/2379/2362 
f 181/181/181 180/180/180 3850/3998/3845 
f 2007/2007/2004 3851/3999/3846 2008/2008/2005 
f 3386/4000/3382 3385/4001/3381 2328/2338/2324 
f 593/593/593 3852/4002/3847 3853/4003/3848 
f 887/887/887 3854/4004/3849 1663/1663/1660 
f 3855/4005/3850 486/486/486 485/485/485 
f 3856/4006/3851 3479/3566/3475 3481/3568/3477 
f 1766/1766/1763 3479/3566/3475 3857/4007/3852 
f 2543/4008/2539 3858/4009/3853 2544/4010/2540 
f 2206/2212/2202 3859/4011/3854 2204/2210/2200 
f 2817/2855/2813 3860/4012/3855 1008/1008/1007 
f 2817/2855/2813 3861/4013/3856 3862/4014/3857 
f 3863/4015/3858 3864/4016/3859 2882/2923/2878 
f 3865/4017/3860 1031/1031/1030 1600/1600/1597 
f 3866/4018/3861 3867/4019/3862 3208/4020/3204 
f 3868/4021/3863 3869/4022/3864 3870/4023/3865 
f 3871/4024/3866 1882/1882/1879 3872/4025/3867 
f 360/360/360 1123/1123/1121 1122/1122/1120 
f 2231/2239/2227 2232/2240/2228 1162/1162/1159 
f 2048/2050/2045 3873/4026/3868 2216/2222/2212 
f 3874/4027/3869 2560/2577/2556 3875/4028/3870 
f 3876/4029/3871 3874/4027/3869 3877/4030/3872 
f 140/140/140 50/50/50 580/580/580 
f 1190/1190/1187 140/140/140 139/139/139 
f 3878/4031/3873 3678/4032/3673 3879/4033/3874 
f 3880/4034/3875 3881/4035/3876 3879/4033/3874 
f 1613/1613/1610 312/312/312 2090/2092/2087 
f 2093/2095/2090 3683/3799/3678 2094/2096/2091 
f 86/86/86 1500/1500/1497 87/87/87 
f 1501/1501/1498 308/308/308 310/310/310 
f 2047/2049/2044 2048/2050/2045 1163/1163/1160 
f 2049/2051/2046 1265/1265/1262 1264/1264/1261 
f 285/285/285 284/284/284 3882/4036/3877 
f 1667/1667/1664 3882/4036/3877 3883/4037/3878 
f 914/914/914 913/913/913 2229/2237/2225 
f 1621/1621/1618 3065/3118/3061 3064/3117/3060 
f 3359/3438/3355 3358/3437/3354 3884/4038/3879 
f 3885/4039/3880 3358/3437/3354 3886/4040/3881 
f 1101/1101/1099 1100/1100/1098 1309/1309/1306 
f 3261/3332/3257 1727/1727/1724 3887/4041/3882 
f 329/329/329 2448/2463/2444 3888/4042/3883 
f 762/762/762 2754/2781/2750 2753/2780/2749 
f 3889/4043/3884 514/514/514 513/513/513 
f 3890/4044/3885 2522/2539/2518 1446/1446/1443 
f 3891/4045/3886 3892/4046/3887 3893/4047/3888 
f 3894/4048/3889 906/906/906 3893/4047/3888 
f 1361/1361/1358 3895/4049/3890 3896/4050/3891 
f 2854/4051/2850 2853/4052/2849 3897/4053/3892 
f 2980/3985/2976 2979/4054/2975 3898/4055/3893 
f 3891/4045/3886 3899/4056/3894 2438/4057/2434 
f 2666/4058/2662 3594/4059/3589 3900/4060/3895 
f 3901/4061/3896 1509/1509/1506 2669/4062/2665 
f 3902/4063/3897 391/391/391 393/393/393 
f 2552/4064/2548 2551/4065/2547 3903/4066/3898 
f 2121/4067/2118 2120/2748/2117 2721/2747/2717 
f 636/636/636 2926/4068/2922 3904/4069/3899 
f 138/138/138 1679/1679/1676 815/815/815 
f 2115/2117/2112 1117/1117/1115 3905/4070/3900 
f 3906/4071/3901 324/324/324 3907/4072/3902 
f 2758/2785/2754 2757/2784/2753 3906/4071/3901 
f 3908/4073/3903 2680/2703/2676 2679/2702/2675 
f 3908/4073/3903 3909/4074/3904 3910/4075/3905 
f 3722/3842/3717 862/862/862 1354/1354/1351 
f 3911/4076/3906 2011/2013/2008 1945/2012/1942 
f 282/282/282 794/794/794 3751/3873/3746 
f 1249/1249/1246 2374/2389/2370 2299/2307/2295 
f 476/476/476 3332/3409/3328 1612/1612/1609 
f 1040/1040/1039 1039/1039/1038 3912/4077/3907 
f 2403/2418/2399 3913/4078/3908 3914/4079/3909 
f 611/611/611 820/820/820 3913/4078/3908 
f 1984/1984/1981 1411/1411/1408 3915/4080/3910 
f 3916/4081/3911 997/997/996 996/996/995 
f 3917/4082/3912 2771/4083/2767 3918/4084/3913 
f 3918/4084/3913 3280/3352/3276 3919/4085/3914 
f 2350/2361/2346 1134/1134/1132 1133/1133/1131 
f 2353/2364/2349 2350/2361/2346 2351/2362/2347 
f 966/966/965 3920/4086/3915 2486/2503/2482 
f 3921/4087/3916 3922/4088/3917 3388/3470/3384 
f 3923/4089/3918 1478/1478/1475 1477/1477/1474 
f 3924/4090/3919 3925/4091/3920 3926/4092/3921 
f 3308/3383/3304 2466/2482/2462 990/990/989 
f 1275/1275/1272 1277/1277/1274 2462/2478/2458 
f 2804/4093/2800 2801/2836/2797 2803/2838/2799 
f 3927/4094/3922 3928/4095/3923 1865/1865/1862 
f 3929/4096/3924 3143/3201/3139 3930/4097/3925 
f 3774/3901/3769 3773/3900/3768 1147/1147/1144 
f 3931/4098/3926 3932/4099/3927 3933/4100/3928 
f 3932/4099/3927 3934/4101/3929 3069/4102/3065 
f 3935/4103/3930 3936/4104/3931 2112/2114/2109 
f 3084/3137/3080 1103/1103/1101 3935/4103/3930 
f 1691/1691/1688 1690/1690/1687 3937/4105/3932 
f 1690/1690/1687 3938/4106/3933 3937/4105/3932 
f 1689/1689/1686 3939/4107/3934 3940/4108/3935 
f 3087/3140/3083 2320/2330/2316 2319/2329/2315 
f 2394/2409/2390 493/493/493 2781/2813/2777 
f 46/46/46 2394/2409/2390 313/313/313 
f 2928/2970/2924 3941/4109/3936 2089/2091/2086 
f 320/320/320 2928/2970/2924 2927/2969/2923 
f 1511/1511/1508 2170/2172/2166 2169/2171/2165 
f 444/444/444 443/443/443 1385/1385/1382 
f 1381/1381/1378 1408/1408/1405 1407/1407/1404 
f 2581/2600/2577 3942/4110/3937 2582/2601/2578 
f 682/682/682 681/681/681 3943/4111/3938 
f 3164/3226/3160 3944/4112/3939 104/104/104 
f 3945/4113/3940 3946/4114/3941 1692/1692/1689 
f 3217/4115/3213 3947/4116/3942 3218/4117/3214 
f 458/458/458 457/457/457 778/778/778 
f 1644/1644/1641 1642/1642/1639 307/307/307 
f 1823/1823/1820 1822/1822/1819 3948/4118/3943 
f 866/866/866 865/865/865 3949/4119/3944 
f 3950/4120/3945 3501/3593/3496 3951/4121/3946 
f 3952/4122/3947 3953/4123/3948 3954/4124/3949 
f 2734/2761/2730 3306/3381/3302 3305/3380/3301 
f 2735/2762/2731 2734/2761/2730 3305/3380/3301 
f 1993/1993/1990 1001/1001/1000 464/464/464 
f 141/141/141 3452/3538/3448 1992/1992/1989 
f 1108/1108/1106 333/333/333 2193/2199/2189 
f 1108/1108/1106 1104/1104/1102 3955/4125/3950 
f 3531/3625/3526 1559/4126/1556 1561/4127/1558 
f 2960/3005/2956 1216/1216/1213 2452/2468/2448 
f 3956/4128/3951 566/566/566 1182/1182/1179 
f 1350/1350/1347 566/566/566 860/860/860 
f 3325/3401/3321 3957/4129/3952 3958/4130/3953 
f 3959/4131/3954 3960/4132/3955 3961/4133/3956 
f 571/571/571 3797/3930/3792 912/912/912 
f 3962/4134/3957 3963/4135/3958 1038/1038/1037 
f 3085/4136/3081 3084/4137/3080 1105/1105/1103 
f 1827/1827/1824 3082/4138/3078 3964/4139/3959 
f 2591/2610/2587 2590/2609/2586 3448/3534/3444 
f 353/353/353 3965/4140/3960 1311/1311/1308 
f 3282/3355/3278 2314/2324/2310 3283/3356/3279 
f 3966/4141/3961 2311/2321/2307 3114/4142/3110 
f 1751/1751/1748 3967/4143/3962 3968/4144/3963 
f 3969/4145/3964 3425/4146/3421 3350/4147/3346 
f 3745/3867/3740 1071/1071/1069 3970/4148/3965 
f 3745/3867/3740 595/595/595 112/112/112 
f 3007/3055/3003 3006/3054/3002 3971/4149/3966 
f 3972/4150/3967 2228/2236/2224 3004/3052/3000 
f 306/306/306 305/305/305 3973/4151/3968 
f 1197/1197/1194 3974/4152/3969 3196/4153/3192 
f 1636/1636/1633 1638/1638/1635 463/463/463 
f 3185/3247/3181 3188/3251/3184 954/954/953 
f 1900/1900/1897 3975/4154/3970 3976/4155/3971 
f 945/945/944 121/121/121 123/123/123 
f 722/722/722 1281/1281/1278 720/720/720 
f 1443/1443/1440 1546/1546/1543 172/172/172 
f 3977/4156/3972 874/874/874 2408/2423/2404 
f 359/359/359 3977/4156/3972 1167/1167/1164 
f 3046/3098/3042 3050/3102/3046 3047/3099/3043 
f 249/249/249 3978/4157/3973 2107/2109/2104 
f 340/340/340 339/339/339 3979/4158/3974 
f 2054/2056/2051 2823/2861/2819 3980/4159/3975 
f 831/831/831 3981/4160/3976 3982/4161/3977 
f 3508/3600/3503 3983/4162/3978 3154/3216/3150 
f 2681/2704/2677 2683/2706/2679 3984/4163/3979 
f 827/827/827 2135/2137/2132 3985/4164/3980 
f 2538/2555/2534 3986/4165/3981 3423/3508/3419 
f 2540/2557/2536 2920/2962/2916 2919/2961/2915 
f 379/379/379 2707/2730/2703 1139/1139/1137 
f 3987/4166/3982 2177/2181/2173 3988/4167/3983 
f 3989/4168/3984 1880/1880/1877 1549/1549/1546 
f 1839/1839/1836 151/151/151 1061/1061/1059 
f 3254/4169/3250 3990/4170/3985 2622/2641/2618 
f 3254/3325/3250 2418/2433/2414 2420/2435/2416 
f 3991/4171/3986 3954/4124/3949 3953/4123/3948 
f 3953/4123/3948 3992/4172/3987 3991/4171/3986 
f 3993/4173/3988 3994/4174/3989 3995/4175/3990 
f 2571/2588/2567 3996/4176/3991 3318/4177/3314 
f 3997/4178/3992 1741/1741/1738 1743/1743/1740 
f 3998/4179/3993 2690/4180/2686 909/909/909 
f 3042/3094/3038 3041/3093/3037 3909/4074/3904 
f 1981/1981/1978 3999/4181/3994 1982/1982/1979 
f 4000/4182/3995 1057/1057/1055 4001/4183/3996 
f 2008/2008/2005 4002/4184/3997 2009/2009/2006 
f 2263/2271/2259 4003/4185/3998 4004/4186/3999 
f 4005/4187/4000 2267/2275/2263 4004/4188/3999 
f 4006/4189/4001 2197/2203/2193 3115/4190/3111 
f 2854/4051/2850 3897/4053/3892 4007/4191/4002 
f 2207/2213/2203 3349/3428/3345 2208/2214/2204 
f 3859/4011/3854 4008/4192/4003 2204/2210/2200 
f 2073/2075/2070 2072/2074/2069 2909/3988/2905 
f 4009/4193/4004 1176/1176/1173 3798/3931/3793 
f 4010/4194/4005 2268/2276/2264 4011/4195/4006 
f 4012/4196/4007 4013/4197/4008 4010/4198/4005 
f 368/368/368 2542/2559/2538 2541/2558/2537 
f 4014/4199/4009 4015/4200/4010 4016/4201/4011 
f 3756/3880/3751 4017/4202/4012 3757/3881/3752 
f 2700/4203/2696 3436/3522/3432 4018/4204/4013 
f 4019/4205/4014 3838/3976/3833 1456/1456/1453 
f 4020/4206/4015 4021/4207/4016 2411/2426/2407 
f 2018/2020/2015 2022/2024/2019 2021/2023/2018 
f 362/362/362 1169/1169/1166 363/363/363 
f 2864/2904/2860 2793/2828/2789 2795/2830/2791 
f 2795/2830/2791 3196/3262/3192 4022/4208/4017 
f 4023/4209/4018 4024/4210/4019 3182/3244/3178 
f 4024/4210/4019 4023/4209/4018 431/431/431 
f 4025/4211/4020 4026/4212/4021 4027/4213/4022 
f 4028/4214/4023 1871/3049/1868 3003/3051/2999 
f 963/963/962 1891/1891/1888 4029/4215/4024 
f 4029/4216/4024 1891/4217/1888 2783/2815/2779 
f 4030/4218/4025 4031/4219/4026 4032/4220/4027 
f 4030/4218/4025 255/255/255 4031/4219/4026 
f 394/394/394 270/270/270 901/901/901 
f 4033/4221/4028 2506/2523/2502 569/569/569 
f 1919/1919/1916 1540/1540/1537 1541/1541/1538 
f 4034/4222/4029 115/115/115 117/117/117 
f 2296/2304/2292 2295/2303/2291 208/208/208 
f 663/663/663 511/511/511 4035/4223/4030 
f 2515/2532/2511 4036/4224/4031 3415/3499/3411 
f 4037/4225/4032 224/224/224 519/519/519 
f 4038/4226/4033 993/993/992 992/992/991 
f 3780/3907/3775 3782/3909/3777 4039/4227/4034 
f 982/982/981 4040/4228/4035 2042/2044/2039 
f 2042/2044/2039 4040/4228/4035 3378/3458/3374 
f 4041/4229/4036 1307/1307/1304 961/961/960 
f 806/806/806 805/805/805 4042/4230/4037 
f 1492/1492/1489 3806/3939/3801 3805/3938/3800 
f 2346/2357/2342 2994/3040/2990 4043/4231/4038 
f 2942/2986/2938 4044/4232/4039 2497/4233/2493 
f 4045/4234/4040 2494/4235/2490 759/759/759 
f 268/268/268 267/267/267 1159/1159/1156 
f 1831/1831/1828 4046/4236/4041 2286/2294/2282 
f 290/290/290 3017/3066/3013 288/288/288 
f 3189/4237/3185 1932/1932/1929 3190/4238/3186 
f 302/302/302 4047/4239/4042 3276/3348/3272 
f 3276/3348/3272 3275/3347/3271 3277/3349/3273 
f 4048/4240/4043 1592/1592/1589 2498/2515/2494 
f 2497/2514/2493 4048/4240/4043 2498/2515/2494 
f 3281/3353/3277 3283/4241/3279 4049/4242/4044 
f 4049/4242/4044 3948/4118/3943 4050/4243/4045 
f 1957/1957/1954 1956/1956/1953 4051/4244/4046 
f 446/446/446 4051/4244/4046 3055/3107/3051 
f 3440/3526/3436 4052/4245/4047 4053/4246/4048 
f 3441/3527/3437 3440/3526/3436 4053/4246/4048 
f 4054/4247/4049 1058/1058/1056 588/588/588 
f 4055/4248/4050 4054/4247/4049 588/588/588 
f 4056/4249/4051 4057/4250/4052 2717/2741/2713 
f 257/257/257 1415/1415/1412 4058/4251/4053 
f 308/308/308 1895/1895/1892 309/309/309 
f 4059/4252/4054 1893/4253/1890 4060/4254/4055 
f 2747/2774/2743 2750/2777/2746 2748/2775/2744 
f 4061/4255/4056 2247/2255/2243 2246/2254/2242 
f 1305/4256/1302 2970/3015/2966 4062/4257/4057 
f 1892/1892/1889 4063/4258/4058 2974/3019/2970 
f 3082/4138/3078 4064/4259/4059 3083/4260/3079 
f 4065/4261/4060 3083/4260/3079 4066/4262/4061 
f 2601/2620/2597 4067/4263/4062 2602/2621/2598 
f 3438/3524/3434 3390/4264/3386 2601/2620/2597 
f 318/318/318 317/317/317 207/207/207 
f 2069/2071/2066 2070/2072/2067 707/707/707 
f 542/542/542 1202/1202/1199 4068/4265/4063 
f 4068/4265/4063 1202/1202/1199 1201/1201/1198 
f 4069/4266/4064 2162/2164/2158 2164/2166/2160 
f 1437/1437/1434 1439/1439/1436 1441/1441/1438 
f 4070/4267/4065 2234/2242/2230 2236/2244/2232 
f 1616/1616/1613 4070/4267/4065 2236/2244/2232 
f 85/85/85 2238/2246/2234 2425/2440/2421 
f 87/87/87 2238/2246/2234 85/85/85 
f 1218/1218/1215 2576/2593/2572 2578/2595/2574 
f 2453/2469/2449 2452/2468/2448 4071/4268/4066 
f 951/951/950 4072/4269/4067 4073/4270/4068 
f 4074/4271/4069 4072/4269/4067 951/951/950 
f 108/108/108 3827/3963/3822 2501/2518/2497 
f 4075/4272/4070 1853/1853/1850 1855/1855/1852 
f 2877/4273/2873 2617/2636/2613 2616/2635/2612 
f 4076/4274/4071 606/606/606 605/605/605 
f 2402/2417/2398 820/820/820 1290/1290/1287 
f 2401/2416/2397 1329/1329/1326 2402/2417/2398 
f 174/174/174 176/176/176 1978/1978/1975 
f 1978/1978/1975 1096/1096/1094 4077/4275/4072 
f 761/761/761 4078/4276/4073 762/762/762 
f 1991/1991/1988 1990/1990/1987 4079/4277/4074 
f 1238/1238/1235 1237/1237/1234 2790/2825/2786 
f 3184/3246/3180 3183/3245/3179 942/942/941 
f 2897/2939/2893 2507/2524/2503 3009/3058/3005 
f 1424/1424/1421 2898/2940/2894 2897/2939/2893 
f 4080/4278/4075 3759/3884/3754 4081/4279/4076 
f 4080/4278/4075 2652/2673/2648 1885/1885/1882 
f 1782/1782/1779 586/586/586 1259/1259/1256 
f 4082/4280/4077 2143/2145/2139 4083/4281/4078 
f 1579/1579/1576 789/789/789 788/788/788 
f 1580/1580/1577 2568/2585/2564 71/71/71 
f 4084/4282/4079 1586/4283/1583 4085/4284/4080 
f 4086/4285/4081 2422/2437/2418 2421/2436/2417 
f 1815/4286/1812 3498/3589/3494 3497/3588/3493 
f 2876/2916/2872 1815/4286/1812 3497/3588/3493 
f 4087/4287/4082 666/666/666 4088/4288/4083 
f 4088/4288/4083 3062/3114/3058 669/669/669 
f 4089/4289/4084 2161/2163/2157 60/60/60 
f 2161/2163/2157 4089/4289/4084 4090/4290/4085 
f 4047/4239/4042 803/803/803 3276/3348/3272 
f 97/97/97 96/96/96 803/803/803 
f 2898/2940/2894 1424/1424/1421 1423/1423/1420 
f 4091/4291/4086 396/396/396 1971/1971/1968 
f 4092/4292/4087 1923/1923/1920 4093/4293/4088 
f 4094/4294/4089 2456/2472/2452 4095/4295/4090 
f 2108/2110/2105 4096/4296/4091 3048/3100/3044 
f 2108/2110/2105 347/347/347 4096/4296/4091 
f 3234/3302/3230 3235/3303/3231 4097/4297/4092 
f 2589/4298/2585 2588/3116/2584 3065/3118/3061 
f 2069/2071/2066 664/664/664 2070/2072/2067 
f 31/31/31 1635/1635/1632 662/662/662 
f 4098/4299/4093 4099/4300/4094 1256/1256/1253 
f 2111/2113/2108 2110/2112/2107 3777/3904/3772 
f 4100/4301/4095 1545/1545/1542 548/548/548 
f 109/109/109 548/548/548 547/547/547 
f 2897/2939/2893 4101/4302/4096 2507/2524/2503 
f 15/15/15 14/14/14 4102/4303/4097 
f 4103/4304/4098 1929/1929/1926 3423/4305/3419 
f 4104/4306/4099 705/705/705 1324/1324/1321 
f 23/23/23 4105/4307/4100 24/24/24 
f 2724/2751/2720 4106/4308/4101 4105/4307/4100 
f 4107/4309/4102 1207/1207/1204 4108/4310/4103 
f 615/615/615 3124/3182/3120 4107/4309/4102 
f 103/103/103 565/565/565 1950/1950/1947 
f 787/787/787 1721/1721/1718 788/788/788 
f 829/829/829 4109/4311/4104 3103/3159/3099 
f 440/440/440 439/439/439 3072/3125/3068 
f 3238/4312/3234 3237/4313/3233 3080/3133/3076 
f 1547/1547/1544 3077/3130/3073 4110/4314/4105 
f 4111/4315/4106 3873/4026/3868 3076/3129/3072 
f 2216/2222/2212 3873/4026/3868 4111/4315/4106 
f 1060/1060/1058 1840/1840/1837 1839/1839/1836 
f 716/716/716 3634/3741/3629 712/712/712 
f 4112/4316/4107 3053/4317/3049 4113/4318/4108 
f 2491/2508/2487 2490/2507/2486 3053/3105/3049 
f 4114/4319/4109 4115/4320/4110 411/411/411 
f 2738/4321/2734 872/872/872 2739/4322/2735 
f 3765/3891/3760 2248/2256/2244 4116/4323/4111 
f 4117/4324/4112 3765/3891/3760 3767/3893/3762 
f 1878/1878/1875 4118/4325/4113 1587/1587/1584 
f 4116/4323/4111 4119/4326/4114 3765/3891/3760 
f 4120/4327/4115 1361/1361/1358 3896/4050/3891 
f 4120/4327/4115 77/77/77 1361/1361/1358 
f 4121/4328/4116 4122/4329/4117 4123/4330/4118 
f 4124/4331/4119 148/148/148 1552/1552/1549 
f 2731/2758/2727 787/787/787 2732/2759/2728 
f 1722/1722/1719 1721/1721/1718 787/787/787 
f 265/265/265 4125/4332/4120 263/263/263 
f 3825/3960/3820 265/265/265 455/455/455 
f 1315/1315/1312 2243/2251/2239 905/905/905 
f 601/601/601 905/905/905 599/599/599 
f 4126/4333/4121 1518/1518/1515 245/245/245 
f 2337/2347/2333 4127/4334/4122 4126/4333/4121 
f 4128/4335/4123 4129/4336/4124 2220/2228/2216 
f 4128/4337/4123 3472/3559/3468 4129/4338/4124 
f 1414/1414/1411 2796/2831/2792 116/116/116 
f 4130/4339/4125 1414/1414/1411 1413/1413/1410 
f 897/897/897 1094/1094/1092 895/895/895 
f 2343/2354/2339 897/4340/897 3221/3287/3217 
f 2136/2138/2133 2135/2137/2132 4131/4341/4126 
f 4132/4342/4127 4133/4343/4128 1462/1462/1459 
f 2699/2722/2695 2698/2721/2694 4134/4344/4129 
f 401/401/401 268/268/268 1830/1830/1827 
f 1890/1890/1887 1889/1889/1886 4135/4345/4130 
f 2743/2770/2739 4136/4346/4131 4137/4347/4132 
f 3304/3379/3300 1725/1725/1722 4138/4348/4133 
f 4138/4348/4133 1725/1725/1722 2818/2856/2814 
f 4139/4349/4134 4140/4350/4135 2935/2977/2931 
f 2906/2948/2902 4141/4351/4136 201/201/201 
f 3533/4352/3528 4142/4353/4137 4143/4354/4138 
f 619/619/619 1944/1944/1941 1943/1943/1940 
f 1090/1090/1088 4144/4355/4139 4145/4356/4140 
f 2086/2088/2083 3246/3315/3242 811/811/811 
f 4146/4357/4141 1452/1452/1449 1451/1451/1448 
f 1921/1921/1918 3100/3155/3096 4147/4358/4142 
f 4148/4359/4143 620/620/620 2257/2265/2253 
f 2255/2263/2251 1560/1560/1557 4149/4360/4144 
f 3208/3274/3204 2114/2116/2111 3866/4361/3861 
f 1115/1115/1113 1114/1114/1112 3787/3918/3782 
f 3411/3495/3407 2285/4362/2281 1531/1531/1528 
f 4150/4363/4145 4151/4364/4146 2918/2960/2914 
f 3508/3600/3503 4152/4365/4147 3509/3601/3504 
f 4153/4366/4148 4154/4367/4149 2912/2954/2908 
f 3962/4134/3957 4155/4368/4150 3963/4135/3958 
f 2586/2605/2582 2585/2604/2581 3963/4135/3958 
f 1107/1107/1105 329/329/329 331/331/331 
f 1107/1107/1105 4156/4369/4151 4157/4370/4152 
f 4158/4371/4153 2234/2242/2230 4070/4267/4065 
f 352/352/352 4159/4372/4154 353/353/353 
f 3213/3279/3209 4160/4373/4155 4161/4374/4156 
f 4162/4375/4157 4161/4376/4156 2400/2415/2396 
f 4163/4377/4158 2590/2609/2586 650/650/650 
f 1309/1309/1306 4164/4378/4159 650/650/650 
f 2599/2618/2595 886/886/886 4165/4379/4160 
f 2558/2575/2554 3338/4380/3334 2557/2574/2553 
f 2411/2426/2407 4166/4381/4161 4167/4382/4162 
f 2411/3149/2407 4167/4383/4162 4168/4384/4163 
f 1788/1788/1785 1786/1786/1783 1789/1789/1786 
f 2108/2110/2105 2767/2797/2763 348/348/348 
f 425/425/425 424/424/424 684/684/684 
f 684/684/684 1975/1975/1972 61/61/61 
f 2307/2317/2303 1165/1165/1162 1164/1164/1161 
f 227/227/227 1164/1164/1161 2981/3026/2977 
f 2821/2859/2817 1427/1427/1424 757/757/757 
f 1426/1426/1423 757/757/757 1427/1427/1424 
f 1251/1251/1248 111/111/111 3340/3418/3336 
f 3340/3418/3336 3339/3417/3335 4169/4385/4164 
f 857/857/857 4170/4386/4165 2277/2285/2273 
f 1285/1285/1282 3934/4101/3929 1283/1283/1280 
f 2150/2152/2146 4171/4387/4166 4172/4388/4167 
f 2150/2152/2146 2659/2682/2655 4173/4389/4168 
f 1834/1834/1831 3335/4390/3331 1832/1832/1829 
f 2514/2531/2510 3785/3915/3780 3336/3914/3332 
f 1315/1315/1312 2690/2713/2686 3998/4391/3993 
f 3551/3651/3546 3552/3652/3547 4174/4392/4169 
f 3877/4393/3872 2523/2540/2519 3876/4394/3871 
f 4175/4395/4170 3876/4394/3871 2523/2540/2519 
f 2810/2845/2806 2806/2841/2802 4176/4396/4171 
f 1756/1756/1753 1755/1755/1752 4177/4397/4172 
f 2930/2972/2926 497/497/497 2931/2973/2927 
f 3289/3364/3285 3288/3363/3284 1262/1262/1259 
f 4178/4398/4173 3205/4399/3201 1308/1308/1305 
f 1322/1322/1319 3668/3781/3663 262/262/262 
f 3753/3875/3748 1614/1614/1611 3754/3876/3749 
f 3684/3800/3679 4179/4400/4174 3682/3798/3677 
f 1968/1968/1965 1970/1970/1967 3061/3113/3057 
f 641/641/641 2845/2885/2841 1619/1619/1616 
f 3328/3404/3324 4180/4401/4175 4181/4402/4176 
f 3326/3402/3322 3328/3404/3324 4182/4403/4177 
f 3538/3633/3533 3539/3634/3534 4183/4404/4178 
f 2773/2803/2769 704/704/704 4183/4404/4178 
f 1042/1042/1041 68/68/68 478/478/478 
f 1732/1732/1729 102/102/102 1730/1730/1727 
f 4184/4405/4179 863/863/863 1711/1711/1708 
f 1711/1711/1708 3734/3856/3729 3735/3857/3730 
f 2191/2197/2187 448/448/448 2192/2198/2188 
f 450/450/450 2191/2197/2187 2192/2198/2188 
f 648/648/648 1728/1728/1725 3260/3331/3256 
f 1142/1142/1139 1141/1141/1138 1728/1728/1725 
f 1337/1337/1334 1339/1339/1336 587/587/587 
f 2915/2957/2911 4185/4406/4180 2916/2958/2912 
f 2138/2140/1587 3737/4407/3732 4186/4408/4181 
f 4187/4409/4182 4186/4408/4181 3622/4410/3617 
f 4188/4411/4183 253/253/253 1686/1686/1683 
f 253/253/253 537/537/537 1370/1370/1367 
f 4189/4412/4184 3724/3844/3719 4190/4413/4185 
f 3486/4414/3482 2348/4415/2344 4189/4412/4184 
f 220/220/220 2710/2733/2706 221/221/221 
f 856/856/856 1603/1603/1600 2710/2733/2706 
f 2901/2943/2897 1971/1971/1968 2902/2944/2898 
f 3060/4416/3056 3059/4417/3055 3743/3865/3738 
f 1172/1172/1169 4191/4418/4186 4192/4419/4187 
f 3579/3679/3574 3578/3678/3573 4192/4419/4187 
f 1272/4420/1269 3928/4095/3923 3927/4094/3922 
f 2859/2899/2855 2858/2898/2854 4193/4421/4188 
f 335/335/335 3524/3618/3519 336/336/336 
f 1474/1474/1471 2053/2055/2050 4194/4422/4189 
f 4195/4423/4190 3522/3616/3517 3523/3617/3518 
f 3523/4424/3518 4196/4425/4191 4195/4426/4190 
f 53/53/53 621/621/621 54/54/54 
f 1953/1953/1950 1954/1954/1951 3476/3563/3472 
f 4197/4427/4192 1398/1398/1395 1400/1400/1397 
f 4197/4427/4192 1400/1400/1397 3488/3576/3484 
f 4198/4428/4193 1510/1510/1507 1512/1512/1509 
f 2363/2376/2359 4198/4428/4193 2364/2377/2360 
f 3148/3208/3144 1230/1230/1227 1232/1232/1229 
f 2037/2039/2034 625/625/625 192/192/192 
f 1417/1417/1414 1416/1416/1413 804/804/804 
f 96/96/96 1606/1606/1603 4199/4429/4194 
f 2656/2679/2652 190/190/190 189/189/189 
f 624/624/624 625/625/625 4200/4430/4195 
f 3285/3358/3281 1702/1702/1699 1704/1704/1701 
f 3285/3358/3281 2285/2293/2281 4201/4431/4196 
f 687/687/687 686/686/686 2800/2835/2796 
f 686/686/686 4202/4432/4197 2800/2835/2796 
f 1304/1304/1301 1306/1306/1303 2240/2248/2236 
f 1304/1304/1301 2239/2247/2235 310/310/310 
f 1825/1825/1822 4203/4433/4198 1826/1826/1823 
f 3082/3135/3078 4204/4434/4199 1825/1825/1822 
f 3117/4435/3113 2397/2412/2393 3118/4436/3114 
f 3115/4190/3111 2197/2203/2193 2196/2202/2192 
f 4205/4437/4200 2036/2038/2033 2630/2649/2626 
f 4206/4438/4201 4207/4439/4202 753/753/753 
f 3080/3133/3076 4208/4440/4203 4209/4441/4204 
f 4208/4440/4203 2950/2994/2946 2949/2993/2945 
f 2075/2077/2072 45/45/45 1988/1988/1985 
f 997/997/996 1986/1986/1983 1065/1065/1063 
f 2661/2684/2657 2813/2849/2809 4210/4442/4205 
f 2661/2684/2657 4211/4443/4206 237/237/237 
f 4212/4444/4207 3174/3236/3170 4213/4445/4208 
f 4214/4446/4209 2057/2059/2054 2058/2060/2055 
f 4215/4447/4210 500/500/500 4216/4448/4211 
f 4216/4448/4211 2079/2081/2076 4215/4447/4210 
f 1941/1941/1938 1211/4449/1208 4217/4450/4212 
f 4218/4451/4213 4219/4452/4214 4220/4453/4215 
f 693/693/693 3015/3255/3011 3193/3257/3189 
f 3013/4454/3009 1772/1772/1769 3014/4455/3010 
f 2283/2291/2279 2178/2182/2174 2180/2184/2176 
f 2283/2291/2279 3229/3295/3225 4221/4456/4216 
f 4222/4457/4217 3405/3489/3401 3407/3491/3403 
f 2210/2216/2206 769/4458/769 771/4459/771 
f 183/183/183 4223/4460/4218 3845/3992/3840 
f 1673/1673/1670 1352/1352/1349 402/402/402 
f 2207/2213/2203 2209/2215/2205 1426/1426/1423 
f 4224/4461/4219 2957/3001/2953 2495/2512/2491 
f 4225/4462/4220 1528/1528/1525 2787/2821/2783 
f 4226/4463/4221 1243/1243/1240 1242/1242/1239 
f 2152/2154/2148 2154/2156/2150 782/782/782 
f 3373/3452/3369 4227/4464/4222 3374/3453/3370 
f 1709/1709/1706 118/118/118 4228/4465/4223 
f 2930/2972/2926 1709/1709/1706 497/497/497 
f 867/867/867 869/869/869 2004/2004/2001 
f 166/166/166 1824/1824/1821 404/404/404 
f 2446/2461/2442 2185/4466/2181 2447/2462/2443 
f 2185/4466/2181 2446/2461/2442 4229/4467/4224 
f 3038/3090/3034 1453/1453/1450 3101/4468/3097 
f 629/629/629 2923/2965/2919 3101/4468/3097 
f 3157/3219/3153 4230/4469/4225 3155/3217/3151 
f 4231/4470/4226 3290/3365/3286 3292/3367/3288 
f 2602/2621/2598 3313/4471/3309 3312/4472/3308 
f 3312/4472/3308 3590/3693/3585 4232/4473/4227 
f 231/231/231 1323/1323/1320 3537/3632/3532 
f 321/321/321 1323/1323/1320 322/322/322 
f 149/149/149 2418/2433/2414 147/147/147 
f 3253/3324/3249 147/147/147 2418/2433/2414 
f 2781/2813/2777 492/492/492 4233/4474/4228 
f 1144/1144/1141 1143/1143/1140 124/124/124 
f 2955/2999/2951 4234/4475/4229 2956/3000/2952 
f 4235/4476/4230 4236/4477/4231 4234/4478/4229 
f 4237/4479/4232 2534/2551/2530 1907/1907/1904 
f 3291/4480/3287 592/592/592 591/591/591 
f 4238/4481/4233 4239/4482/4234 2934/2976/2930 
f 2932/2974/2928 2936/4483/2932 2933/2975/2929 
f 7/7/7 4240/4484/4235 3818/3951/3813 
f 1418/1418/1415 1420/1420/1417 3500/3592/2698 
f 3133/3977/3129 2330/4485/2326 917/917/917 
f 4241/4486/4236 399/399/399 4242/4487/4237 
f 2200/2206/2196 3116/3174/3112 2198/2204/2194 
f 4243/4488/4238 445/445/445 4244/4489/4239 
f 477/477/477 479/479/479 2528/2545/2524 
f 3627/3734/3622 2531/2548/2527 2530/2547/2526 
f 772/772/772 1565/1565/1562 773/773/773 
f 4245/4490/4240 2935/2977/2931 4246/4491/4241 
f 4247/4492/4242 749/749/749 4248/4493/4243 
f 1355/1355/1352 749/749/749 4247/4492/4242 
f 4249/4494/4244 4250/4495/4245 3420/4496/3416 
f 2706/4497/2702 3450/3536/3446 3422/4498/3418 
f 616/616/616 79/79/79 617/617/617 
f 4251/4499/4246 1136/1136/1134 1138/1138/1136 
f 1129/1129/1127 1128/1128/1126 4252/4500/4247 
f 383/383/383 382/382/382 1626/1626/1623 
f 889/889/889 1779/1779/1776 193/193/193 
f 193/193/193 192/192/192 624/624/624 
f 3582/3682/3577 3581/3681/3576 4253/4501/4248 
f 4253/4501/4248 3581/3681/3576 2659/4502/2655 
f 3018/3067/3014 2881/2922/2877 3019/3068/3015 
f 4243/4488/4238 442/442/442 445/445/445 
f 4254/4503/4249 4255/4504/4250 4256/4505/4251 
f 4254/4503/4249 939/939/938 1435/1435/1432 
f 513/513/513 4257/4506/4252 4258/4507/4253 
f 1947/1947/1944 4259/4508/4254 2611/2630/2607 
f 2141/2143/2137 2140/2142/2136 4260/4509/4255 
f 3091/3145/3087 4261/4510/4256 2142/3585/2138 
f 2287/2295/2283 2286/2294/2282 4262/4511/4257 
f 3335/4390/3331 4263/4512/4258 1832/1832/1829 
f 4264/4513/4259 4265/4514/4260 2712/2735/2708 
f 400/400/400 154/154/154 398/398/398 
f 4266/4515/4261 2605/3978/2601 1675/1675/1672 
f 2608/4516/2604 2002/2002/1999 2001/2001/1998 
f 3230/3296/3226 4264/4513/4259 4267/4517/4262 
f 3231/3297/3227 3230/3296/3226 4267/4517/4262 
f 4112/4316/4107 459/459/459 461/461/461 
f 4112/4316/4107 3052/4518/3048 3053/4317/3049 
f 3501/3593/3496 764/4519/764 3951/4121/3946 
f 3502/3594/3497 3191/3254/3187 4268/4520/4263 
f 386/386/386 1623/1623/1620 1625/1625/1622 
f 1625/1625/1622 1626/1626/1623 382/382/382 
f 286/286/286 59/59/59 58/58/58 
f 59/59/59 286/286/286 1110/1110/1108 
f 3436/3522/3432 2700/4203/2696 2701/4521/2697 
f 2701/4521/2697 3390/4264/3386 3438/3524/3434 
f 3287/3362/3283 3289/3364/3285 2371/3361/2367 
f 4269/4522/4264 2941/2985/2937 1596/2984/1593 
f 474/474/474 1034/1034/1033 4270/4523/4265 
f 474/474/474 4270/4523/4265 2281/2289/2277 
f 1771/1771/1768 3067/4524/3063 911/911/911 
f 1622/1622/1619 911/911/911 4271/4525/4266 
f 3384/3466/3380 4272/4526/4267 1126/1126/1124 
f 4272/4526/4267 1494/1494/1491 1495/1495/1492 
f 2034/4527/2031 263/263/263 4273/4528/4268 
f 2444/2459/2440 3478/3565/3474 2442/2457/2438 
f 1835/1835/1832 4274/4529/4269 209/209/209 
f 1835/1835/1832 1837/1837/1834 4274/4529/4269 
f 2383/2398/2379 2385/2400/2381 2387/2402/2383 
f 4275/4530/4270 4276/4531/4271 2383/2398/2379 
f 1131/1131/1129 2081/2083/2078 4277/4532/4272 
f 4278/4533/4273 3406/3490/3402 3405/3489/3401 
f 2403/2418/2399 4279/4534/4274 89/89/89 
f 4280/4535/4275 1195/1195/1192 4279/4534/4274 
f 2935/2977/2931 4281/4536/4276 2936/2978/2932 
f 4140/4350/4135 4281/4536/4276 2935/2977/2931 
f 3852/4002/3847 3245/4537/3241 3853/4003/3848 
f 3243/4538/3239 1918/1918/1915 1920/1920/1917 
f 3956/4128/3951 567/567/567 566/566/566 
f 567/567/567 3956/4128/3951 3407/3491/3403 
f 2943/2987/2939 2942/2986/2938 1594/2983/1591 
f 4282/4539/4277 4283/4540/4278 2498/2515/2494 
f 419/4541/419 3633/4542/3628 4284/4543/4279 
f 2337/2347/2333 4126/4333/4121 2433/2448/2429 
f 934/934/933 2180/4544/2176 4285/4545/4280 
f 2917/4546/2913 2284/4547/2280 2918/2960/2914 
f 1369/1369/1366 1368/1368/1365 1367/1367/1364 
f 2373/2388/2369 4286/4548/4281 2374/2389/2370 
f 776/776/776 775/775/775 3529/3623/3524 
f 708/708/708 314/314/314 316/316/316 
f 551/551/551 1266/1266/1263 1265/1265/1262 
f 1744/1744/1741 78/78/78 4287/4549/4282 
f 3743/3865/3738 3742/3864/3737 3060/4416/3056 
f 2945/2989/2941 4288/4550/4283 4289/4551/4284 
f 4290/4552/4285 4291/4553/4286 462/462/462 
f 4291/4553/4286 3098/3153/3094 1636/1636/1633 
f 3377/4554/3373 823/823/823 4292/4555/4287 
f 821/821/821 823/823/823 4293/4556/4288 
f 2627/2646/2623 406/406/406 98/98/98 
f 2628/2647/2624 801/801/801 2627/2646/2623 
f 4294/4557/4289 4295/4558/4290 2175/2179/2171 
f 3123/3181/3119 4296/4559/4291 4297/4560/4292 
f 4298/4561/4293 533/533/533 4299/4562/4294 
f 1871/1871/1868 4300/4563/4295 4299/4562/4294 
f 714/714/714 421/421/421 1840/1840/1837 
f 714/714/714 163/163/163 421/421/421 
f 2890/2932/2886 341/341/341 2892/2934/2888 
f 1591/1591/1588 756/756/756 2890/2932/2886 
f 4301/4564/4296 1479/1479/1476 1478/1478/1475 
f 744/744/744 3265/3336/3261 1558/1558/1555 
f 1643/1643/1640 779/779/779 778/778/778 
f 780/780/780 1501/1501/1498 4302/4565/4297 
f 2440/2455/2436 2861/2901/2857 2860/2900/2856 
f 2794/2829/2790 2793/2828/2789 751/751/751 
f 2643/2662/2639 1915/1915/1912 2642/2661/2638 
f 2642/2661/2638 304/304/304 4303/4566/4298 
f 989/989/988 991/991/990 4304/4567/4299 
f 991/991/990 2963/3008/2959 4304/4567/4299 
f 4214/4446/4209 2058/2060/2055 3177/3239/3173 
f 243/243/243 145/145/145 3177/3239/3173 
f 1082/1082/1080 4305/4568/4300 1083/1083/1081 
f 4305/4568/4300 2728/2755/2724 1083/1083/1081 
f 4209/4569/4204 868/868/868 4306/4570/4301 
f 4306/4570/4301 868/868/868 867/867/867 
f 4307/4571/4302 2856/2896/2852 4076/4572/4071 
f 2855/2895/2851 4074/4271/4069 2853/2893/2849 
f 649/649/649 648/648/648 2149/2151/2145 
f 2249/2257/2245 4308/4573/4303 3766/3892/3761 
f 3819/3952/3814 4309/4574/4304 1279/1279/1276 
f 1279/1279/1276 4309/4574/4304 1280/1280/1277 
f 1768/1768/1765 1668/1668/1665 1670/1670/1667 
f 3796/3929/3791 1768/1768/1765 1767/1767/1764 
f 3158/3220/3154 4310/4575/4305 3159/3221/3155 
f 4311/4576/4306 186/186/186 397/397/397 
f 2401/2416/2397 2400/2415/2396 3374/4577/3370 
f 1330/1330/1327 2155/2157/2151 4292/4555/4287 
f 796/796/796 4312/4578/4307 627/627/627 
f 3574/3674/3569 3572/3672/3567 3575/3675/3570 
f 4313/4579/4308 4314/4580/4309 4315/4581/4310 
f 4314/4580/4309 4313/4579/4308 1483/1483/1480 
f 2488/2505/2484 2487/2504/2483 4316/4582/4311 
f 4316/4582/4311 4317/4583/4312 2488/2505/2484 
f 584/584/584 2260/2268/2256 2259/2267/2255 
f 924/924/923 1774/1774/1771 1773/1773/1770 
f 1086/1086/1084 2584/2603/2580 1087/1087/1085 
f 709/709/709 316/316/316 2584/2603/2580 
f 2990/3036/2986 2992/3038/2988 4318/4584/4313 
f 4319/4585/4314 1555/1555/1552 4318/4584/4313 
f 2304/2314/2300 3430/3515/3426 3394/3478/3390 
f 2306/2316/2302 3430/3515/3426 2304/2314/2300 
f 4320/4586/4315 3900/4060/3895 3594/4059/3589 
f 3594/4059/3589 3596/3701/3591 4320/4586/4315 
f 1487/2852/1484 4321/4587/4316 504/504/504 
f 4322/4588/4317 1487/2852/1484 2520/4589/2516 
f 3300/4590/3296 4323/4591/4318 4324/4592/4319 
f 4325/4593/4320 1806/4594/1803 1805/4595/1802 
f 1363/1363/1360 1362/1362/1359 2199/2205/2195 
f 4326/4596/4321 3055/3107/3051 4051/4244/4046 
f 1191/1191/1188 1790/1790/1787 51/51/51 
f 891/891/891 1193/1193/1190 1192/1192/1189 
f 180/180/180 182/182/182 4327/4597/4322 
f 4328/4598/4323 2636/2655/2632 3597/3702/3592 
f 427/427/427 3397/3481/3393 428/428/428 
f 4329/4599/4324 1694/1694/1691 1693/1693/1690 
f 582/582/582 137/137/137 136/136/136 
f 389/389/389 136/136/136 1954/1954/1951 
f 2926/4068/2922 636/636/636 2924/4600/2920 
f 636/636/636 635/635/635 2923/3157/2919 
f 3799/4601/3794 2989/3035/2985 4330/4602/4325 
f 1995/3980/1992 200/200/200 199/199/199 
f 3714/3834/3709 4331/4603/4326 3712/3832/3707 
f 1317/1317/1314 3714/4604/3709 947/947/946 
f 4332/4605/4327 3279/3351/3275 2220/2228/2216 
f 349/349/349 2224/2232/2220 2223/2231/2219 
f 2939/2981/2935 4333/4606/4328 2937/2979/2933 
f 4334/4607/4329 3583/3683/3578 4335/4608/4330 
f 4336/4609/4331 2804/4093/2800 2803/2838/2799 
f 3959/4131/3954 4336/4609/4331 3960/4132/3955 
f 72/72/72 3247/4610/3243 2740/2767/2736 
f 2569/2586/2565 2566/2583/2562 2565/2582/2561 
f 375/375/375 24/24/24 373/373/373 
f 1792/1792/1789 3719/3839/3714 24/24/24 
f 1656/1656/1653 246/246/246 1657/1657/1654 
f 1522/1522/1519 1521/1521/1518 633/633/633 
f 4337/4611/4332 1958/1958/1955 2798/2833/2794 
f 784/784/784 4338/4612/4333 785/785/785 
f 3225/3291/3221 3214/4613/3210 4339/4614/4334 
f 3226/3292/3222 3225/3291/3221 4339/4614/4334 
f 2712/2735/2708 4340/4615/4335 517/517/517 
f 4340/4615/4335 929/929/928 517/517/517 
f 2353/2364/2349 766/766/766 2350/2361/2346 
f 1184/1184/1181 766/766/766 3408/3492/3404 
f 3984/4616/3979 824/824/824 3783/3911/3778 
f 4341/4617/4336 3984/4163/3979 4342/4618/4337 
f 1120/1120/1118 3162/3224/3158 3161/3223/3157 
f 3164/3226/3160 104/104/104 3161/3223/3157 
f 3393/3477/3389 2304/4619/2300 3394/4620/3390 
f 4343/4621/4338 4344/4622/4339 4345/4623/4340 
f 3180/3242/3176 4346/4624/4341 4347/4625/4342 
f 4348/4626/4343 4346/4624/4341 3178/3240/3174 
f 3125/3183/3121 4322/4588/4317 2520/4589/2516 
f 4349/4627/4344 4350/4628/4345 3126/3184/3122 
f 389/389/389 388/388/388 1527/1527/1524 
f 4351/4629/4346 3347/3426/3343 2392/2407/2388 
f 2769/2799/2765 2768/2798/2764 1716/1716/1713 
f 2314/2324/2310 3282/3355/3278 259/259/259 
f 2987/3033/2983 469/469/469 1574/1574/1571 
f 199/199/199 198/198/198 2987/3033/2983 
f 3883/4037/3878 4352/4630/4347 3717/4631/3712 
f 4353/4632/4348 4352/4630/4347 3883/4037/3878 
f 3517/3611/3512 2362/2375/2358 4354/4633/4349 
f 2667/2690/2663 4355/4634/4350 783/783/783 
f 4356/4635/4351 3468/3554/3464 4357/4636/4352 
f 745/745/745 747/747/747 4358/4637/4353 
f 4359/4638/4354 3104/4639/3100 4360/4640/4355 
f 3104/4639/3100 4359/4638/4354 4361/4641/4356 
f 4362/4642/4357 4363/4643/4358 4364/4644/4359 
f 4365/4645/4360 4366/4646/4361 3812/3945/3807 
f 2435/2450/2431 3424/3509/3420 3427/3512/3423 
f 1462/1462/1459 1463/1463/1460 4132/4342/4127 
f 861/861/861 863/863/863 4184/4405/4179 
f 4367/4647/4362 4368/4648/4363 4184/4405/4179 
f 4369/4649/4364 4298/4561/4293 4370/4650/4365 
f 2959/3004/2955 1297/1297/1294 1299/1299/1296 
f 2062/2064/2059 300/300/300 2064/2066/2061 
f 4371/4651/4366 300/300/300 2950/2994/2946 
f 1658/1658/1655 3931/4098/3926 3602/3707/3597 
f 3931/4098/3926 1658/1658/1655 1659/1659/1656 
f 210/210/210 1070/4652/1068 1069/3459/1067 
f 2328/2338/2324 3385/4001/3381 2329/2339/2325 
f 2562/2579/2558 3875/4028/3870 2560/2577/2556 
f 3384/3466/3380 1125/1125/1123 4372/4653/4367 
f 159/159/159 1817/1817/1814 160/160/160 
f 160/160/160 4373/4654/4368 3093/3147/3089 
f 4374/4655/4369 2906/2948/2902 2905/2947/2901 
f 2907/2949/2903 2361/2374/2357 4375/4656/4370 
f 960/960/959 1926/1926/1923 3022/3071/3018 
f 1925/1925/1922 958/958/957 1926/1926/1923 
f 4376/4657/4371 4377/4658/4372 2865/4659/2861 
f 4378/4660/4373 1199/1199/1196 1198/1198/1195 
f 1980/1980/1977 1/1/1 846/846/846 
f 174/174/174 846/846/846 845/845/845 
f 2377/2392/2373 900/900/900 128/128/128 
f 900/900/900 651/651/651 4379/4661/4374 
f 3242/3311/3238 4380/4662/4375 1068/1068/1066 
f 2325/2335/2321 2324/2334/2320 1537/1537/1534 
f 3031/3081/3027 3033/3083/3029 2359/3085/2355 
f 1879/1879/1876 4381/4663/4376 4382/4664/4377 
f 1454/1454/1451 797/797/797 1110/1110/1108 
f 2456/2472/2452 797/797/797 3035/3087/3031 
f 2668/2691/2664 2664/2687/2660 4383/4665/4378 
f 1388/1388/1385 554/554/554 553/553/553 
f 2085/2087/2082 1809/1809/1806 2083/2085/2080 
f 569/569/569 568/568/568 271/271/271 
f 3550/3648/3545 2018/2020/2015 2021/2023/2018 
f 3550/3648/3545 3547/3645/3542 3548/3646/3543 
f 3964/4139/3959 1828/1828/1825 1827/1827/1824 
f 1240/1240/1237 4384/4666/4379 3467/3553/3463 
f 3243/3312/3239 1920/4667/1917 3241/3310/3237 
f 1160/1160/1157 3241/3310/3237 4385/4668/4380 
f 733/733/733 3535/4669/3530 3536/4670/3531 
f 3535/3629/3530 3534/3628/3529 4386/4671/4381 
f 3259/4672/3255 4387/4673/4382 1099/1099/1097 
f 4388/4674/4383 3768/4675/3763 3258/4676/3254 
f 293/2312/293 2303/2311/2299 1936/1936/1933 
f 218/218/218 4389/4677/4384 216/216/216 
f 4390/4678/4385 4391/4679/4386 977/977/976 
f 4390/4680/4385 977/4681/976 4392/4682/4387 
f 721/721/721 2548/2565/2544 2547/2564/2543 
f 721/721/721 2547/2564/2543 722/722/722 
f 845/845/845 856/856/856 858/858/858 
f 3789/3921/3784 174/174/174 845/845/845 
f 1879/1879/1876 4382/4664/4377 4393/4683/4388 
f 1879/1879/1876 4394/4684/4389 1880/1880/1877 
f 726/726/726 725/725/725 11/11/11 
f 301/301/301 1762/1762/1759 299/299/299 
f 3598/4685/3593 1508/1508/1505 3599/4686/3594 
f 363/363/363 2020/2022/2017 361/361/361 
f 2061/2063/2058 2063/2065/2060 1004/1004/1003 
f 4395/4687/4390 1005/1005/1004 1004/1004/1003 
f 150/150/150 2620/2639/2616 2622/2641/2618 
f 1549/1549/1546 150/150/150 1749/1749/1746 
f 4396/4688/4391 812/812/812 2384/2399/2380 
f 812/812/812 1146/1146/1143 1148/1148/1145 
f 4397/4689/4392 2623/2642/2619 4398/4690/4393 
f 3251/3322/3247 3836/3972/3831 3564/3975/3559 
f 1639/1639/1636 3096/4691/3092 461/461/461 
f 1639/1639/1636 1641/1641/1638 3639/3746/3634 
f 2896/2938/2892 3462/3548/3458 2922/2964/2918 
f 2920/2962/2916 2540/2557/2536 2539/2556/2535 
f 2502/2519/2498 3604/3710/3599 1401/1401/1398 
f 2502/2519/2498 3474/3561/3470 3654/4692/3649 
f 4399/4693/4394 3592/3697/3587 3591/3696/3586 
f 3915/4080/3910 1985/1985/1982 1984/1984/1981 
f 4400/4694/4395 2103/2105/2100 4401/4695/4396 
f 4402/4696/4397 4403/4697/4398 4404/4698/4399 
f 4000/4699/3995 4405/4700/4400 2913/4701/2909 
f 3548/3646/3543 4405/4700/4400 3549/3647/3544 
f 3747/3869/3742 3370/3449/3366 3372/3451/3368 
f 1653/1653/1650 1652/1652/1649 3520/3614/3515 
f 1771/1771/1768 910/910/910 3007/3055/3003 
f 4406/4702/4401 4407/4703/4402 3971/4149/3966 
f 3447/3533/3443 4408/4704/4403 710/710/710 
f 651/651/651 710/710/710 4379/4661/4374 
f 4409/4705/4404 2938/2980/2934 1706/1706/1703 
f 1704/1704/1701 4409/4705/4404 2151/2153/2147 
f 923/923/922 3841/4706/3836 3173/3235/3169 
f 1774/1774/1771 3014/4455/3010 1772/1772/1769 
f 2308/2318/2304 1294/1294/1291 130/130/130 
f 989/989/988 1294/1294/1291 990/990/989 
f 1924/1924/1921 3752/3874/3747 4410/4707/4405 
f 3573/3673/3568 2457/2473/2453 2456/2472/2452 
f 3849/3996/3844 4411/4708/4406 2900/3997/2896 
f 4411/4708/4406 4412/4709/4407 2899/4710/2895 
f 4413/4711/4408 1065/1065/1063 4414/4712/4409 
f 4415/4713/4410 3150/3210/3146 3149/3209/3145 
f 4416/4714/4411 2119/2121/2116 4417/4715/4412 
f 2119/2121/2116 4418/4716/4413 2120/2122/2117 
f 4419/4717/4414 3306/4718/3302 4420/4719/4415 
f 790/4720/790 408/408/408 791/3057/791 
f 1113/1113/1111 2114/2116/2111 1186/1186/1183 
f 1953/1953/1950 1687/1687/1684 1955/1955/1952 
f 4421/4721/4416 767/767/767 1185/1185/1182 
f 2609/4722/2605 2608/4516/2604 2001/2001/1998 
f 3201/4723/3197 294/294/294 4422/4724/4417 
f 4422/4724/4417 4423/4725/4418 3201/4723/3197 
f 883/883/883 242/242/242 1662/1662/1659 
f 107/107/107 883/883/883 3828/3964/3823 
f 4424/4726/4419 2511/2528/2507 4425/4727/4420 
f 3659/3771/3654 3660/3772/3655 4426/4728/4421 
f 4427/4729/4422 4428/4730/4423 4429/4731/4424 
f 4430/4732/4425 1132/1132/1130 4427/4729/4422 
f 4431/4733/4426 519/519/519 520/520/520 
f 4432/4734/4427 3131/4735/3127 3129/3187/3125 
f 2179/4736/2175 4285/4545/4280 2180/4544/2176 
f 4433/4737/4428 2060/2062/2057 2059/2061/2056 
f 4170/4386/4165 857/857/857 1661/1661/1658 
f 857/857/857 220/220/220 1661/1661/1658 
f 3678/4032/3673 3880/4034/3875 3879/4033/3874 
f 3880/4738/3875 3678/3794/3673 3679/3795/3674 
f 4079/4277/4074 1990/1990/1987 4434/4739/4429 
f 4434/4739/4429 1990/1990/1987 3844/3991/3839 
f 888/888/888 3482/3569/3478 1359/1359/1356 
f 3567/3667/3562 4435/4740/4430 191/191/191 
f 4436/4741/4431 1900/1900/1897 3976/4155/3971 
f 4224/4461/4219 4436/4741/4431 2957/3001/2953 
f 4213/4445/4208 3174/3236/3170 1432/1432/1429 
f 2261/2269/2257 953/953/952 418/418/418 
f 1657/1657/1654 26/26/26 632/632/632 
f 1066/1066/1064 433/433/433 432/432/432 
f 1451/1451/1448 280/280/280 3752/3874/3747 
f 3752/3874/3747 280/280/280 3751/3873/3746 
f 644/644/644 646/646/646 17/17/17 
f 1449/1449/1446 2611/2630/2607 4259/4508/4254 
f 3149/3209/3145 2097/2099/2094 2098/2100/2095 
f 1562/1562/1559 4437/4742/4432 4438/4743/4433 
f 2482/2499/2478 2574/2591/2570 3924/4744/3919 
f 2574/2591/2570 2573/2590/2569 3268/4745/3264 
f 3300/3375/3296 1807/1807/1804 1651/4746/1648 
f 1651/4746/1648 2085/2087/2082 4439/4747/4434 
f 3211/4748/3207 3869/4022/3864 4440/4749/4435 
f 3211/4748/3207 3867/4019/3862 3869/4022/3864 
f 4441/4750/4436 2491/2508/2487 4442/4751/4437 
f 1797/1797/1794 1794/1794/1791 4442/4751/4437 
f 1528/1528/1525 1530/1530/1527 2786/2820/2782 
f 2786/2820/2782 2787/2821/2783 1528/1528/1525 
f 3169/3231/3165 2688/2711/2684 1739/1739/1736 
f 1739/1739/1736 2688/2711/2684 1740/1740/1737 
f 1200/1200/1197 3528/3622/3523 1201/1201/1198 
f 3657/3768/3652 3656/3767/3651 2187/2193/2183 
f 3087/3140/3083 1684/1684/1681 814/814/814 
f 2555/2572/2551 3940/4752/3935 2554/2571/2550 
f 1080/1080/1078 2542/2559/2538 153/153/153 
f 153/153/153 1078/1078/1076 1080/1080/1078 
f 56/56/56 3609/3715/3604 57/57/57 
f 2765/2795/2761 544/544/544 284/284/284 
f 4136/4346/4131 2743/2770/2739 2745/2772/2741 
f 252/252/252 4136/4346/4131 2745/2772/2741 
f 1447/1447/1444 4443/4753/4438 1445/1445/1442 
f 3029/3080/3025 4443/4753/4438 3030/4754/3026 
f 4444/4755/4439 2638/2657/2634 293/293/293 
f 2640/2659/2636 2638/2657/2634 4444/4755/4439 
f 2999/3045/2995 1966/1966/1963 4445/4756/4440 
f 540/540/540 539/539/539 2746/2773/2742 
f 317/317/317 319/319/319 706/706/706 
f 2538/2555/2534 4446/4757/4441 319/319/319 
f 4447/4758/4442 4448/4759/4443 4449/4760/4444 
f 4447/4758/4442 4450/4761/4445 2838/2876/2834 
f 1221/1221/1218 3719/3839/3714 4451/4762/4446 
f 3719/3839/3714 3720/3840/3715 2156/2158/2152 
f 111/111/111 4452/4763/4447 1542/1542/1539 
f 2299/2307/2295 4452/4763/4447 1250/1250/1247 
f 4428/4730/4423 4453/4764/4448 4429/4731/4424 
f 4429/4765/4424 4453/4766/4448 3821/3954/3816 
f 4454/4767/4449 3884/4768/3879 4455/4769/4450 
f 4454/4770/4449 3359/3438/3355 3884/4038/3879 
f 4013/4197/4008 1359/1359/1356 3146/3205/3142 
f 4456/4771/4451 4013/4197/4008 889/889/889 
f 1394/1394/1391 264/264/264 754/754/754 
f 91/91/91 1392/1392/1389 1394/1394/1391 
f 347/347/347 3263/3334/3259 4096/4296/4091 
f 965/965/964 347/347/347 346/346/346 
f 2817/2855/2813 2816/2854/2812 3861/4013/3856 
f 1488/1488/1485 2061/2063/2058 1004/1004/1003 
f 2794/2829/2790 4457/4772/4452 2792/2827/2788 
f 751/751/751 90/90/90 4458/4773/4453 
f 610/610/610 819/819/819 611/611/611 
f 2977/3022/2973 2976/3021/2972 1290/1290/1287 
f 3249/3320/3245 3248/3319/3244 1422/1422/1419 
f 646/646/646 18/18/18 17/17/17 
f 423/423/423 425/425/425 159/159/159 
f 2875/2915/2871 425/425/425 2873/2913/2869 
f 1533/1533/1530 935/935/934 4459/4774/4454 
f 385/385/385 3412/3496/3408 4460/4775/4455 
f 3036/3088/3032 3037/3089/3033 3038/3090/3034 
f 4461/4776/4456 4095/4295/4090 3099/4777/3095 
f 3295/3370/3291 3294/3369/3290 4462/4778/4457 
f 4462/4779/4457 4463/4780/4458 2533/2550/2529 
f 3468/3554/3464 4464/4781/4459 3469/3555/3465 
f 4401/4695/4396 2102/2104/2099 4400/4694/4395 
f 2219/2227/2215 1244/1244/1241 1245/1245/1242 
f 1437/2223/1434 3569/3669/3564 2217/2224/2213 
f 4465/4782/4460 4466/4783/4461 4194/4422/4189 
f 4465/4782/4460 4194/4422/4189 3979/4158/3974 
f 269/269/269 3299/3374/3295 3646/3755/3641 
f 1807/1807/1804 3299/3374/3295 1808/1808/1805 
f 2185/4466/2181 2998/4784/2994 2447/2462/2443 
f 3562/3662/3557 3561/3661/3556 3563/3663/3558 
f 2398/2413/2394 76/76/76 1745/1745/1742 
f 2196/2202/2192 4467/4785/4462 2396/2411/2392 
f 2360/2371/2356 4468/4786/4463 3399/3483/3395 
f 1406/4787/1403 4468/4786/4463 1407/4788/1404 
f 937/937/936 936/936/935 2026/2028/2023 
f 2026/2028/2023 936/936/935 2700/2723/2696 
f 4469/4789/4464 674/674/674 676/676/676 
f 3966/4790/3961 3114/3172/3110 3113/3171/3109 
f 2106/2108/2103 250/250/250 249/249/249 
f 3262/3333/3258 3049/3101/3045 3263/3334/3259 
f 3665/3786/3660 4470/4791/4465 3672/3785/3667 
f 4471/4792/4466 3207/3273/3203 1319/1319/1316 
f 4472/4793/4467 3495/3586/3491 4473/4794/4468 
f 2143/2145/2139 1783/1783/1780 4083/4281/4078 
f 4474/4795/4469 4303/4566/4298 304/304/304 
f 4474/4795/4469 3380/3461/3376 4303/4566/4298 
f 4475/4796/4470 2129/2131/2126 1212/1212/1209 
f 4475/4796/4470 326/326/326 658/658/658 
f 3427/4797/3423 4476/4798/4471 4477/4799/4472 
f 3969/4145/3964 475/475/475 3425/4146/3421 
f 4273/4800/4268 2631/2650/2627 2629/2648/2625 
f 4478/4801/4473 4125/4332/4120 265/265/265 
f 2563/2597/2559 2579/2596/2575 2964/3009/2960 
f 4479/4802/4474 1129/1129/1127 2964/3009/2960 
f 260/260/260 1927/1927/1924 959/959/958 
f 454/454/454 4480/4803/4475 455/455/455 
f 4481/4804/4476 2805/4805/2801 2807/4806/2803 
f 3153/3213/3149 3926/4092/3921 3925/4091/3920 
f 2660/2683/2656 486/486/486 3855/4005/3850 
f 2663/2686/2659 486/486/486 3647/3756/3642 
f 3294/3369/3290 2535/2552/2531 1300/1300/1297 
f 4482/4807/4477 3291/3366/3287 3290/3365/3286 
f 2694/2717/2690 4256/4505/4251 3002/3048/2998 
f 4483/4808/4478 2500/2517/2496 2501/2518/2497 
f 4005/4809/4000 4004/4186/3999 4003/4185/3998 
f 1547/1547/1544 4110/4314/4105 4484/4810/4479 
f 1039/1039/1038 179/179/179 4485/4811/4480 
f 4486/4812/4481 2526/3406/2522 3329/3405/3325 
f 100/100/100 1914/1914/1911 799/799/799 
f 799/799/799 801/801/801 100/100/100 
f 2318/2328/2314 3810/3943/3805 4487/4813/4482 
f 4488/4814/4483 4489/4815/4484 3786/3916/3781 
f 652/652/652 127/127/127 2376/2391/2372 
f 2376/2391/2372 1099/1099/1097 1101/1101/1099 
f 126/126/126 3138/3196/3134 3137/3195/3133 
f 126/126/126 125/125/125 925/925/924 
f 3077/3130/3073 3078/3131/3074 4490/4816/4485 
f 4491/4817/4486 1762/1762/1759 1763/1763/1760 
f 974/974/973 976/976/975 133/133/133 
f 2054/2056/2051 1524/1524/1521 2822/2860/2818 
f 3045/4818/3041 3044/4819/3040 2381/2396/2377 
f 4077/4275/4072 1096/1096/1094 1095/1095/1093 
f 523/523/523 2275/2283/2271 3996/4176/3991 
f 3319/4820/3315 3318/4177/3314 3996/4176/3991 
f 921/921/920 3170/3232/3166 3090/3144/3086 
f 3492/3581/3488 4492/4821/4487 3493/3582/3489 
f 1987/1987/1984 2076/2078/2073 1988/1988/1985 
f 2076/2078/2073 1987/1987/1984 4493/4822/4488 
f 4494/4823/4489 4495/4824/4490 2391/2406/2387 
f 3615/3721/3610 4494/4823/4489 3616/3722/3611 
f 4496/4825/4491 1197/1197/1194 3196/4153/3192 
f 1196/1196/1193 4497/4826/4492 3196/3262/3192 
f 3481/3568/3477 4498/4827/4493 4499/4828/4494 
f 2441/2456/2437 2440/2455/2436 2860/2900/2856 
f 1303/1303/1300 4500/4829/4495 831/831/831 
f 831/831/831 3157/3219/3153 3981/4160/3976 
f 101/101/101 67/67/67 4501/4830/4496 
f 3977/4156/3972 2408/2423/2404 4501/4830/4496 
f 4502/4831/4497 699/699/699 698/698/698 
f 4503/4832/4498 3823/3962/3818 3826/3961/3821 
f 2634/2665/2630 4504/4833/4499 2646/2666/2642 
f 2992/3038/2988 2644/2663/2640 4504/4833/4499 
f 3585/3687/3580 3587/3689/3582 4505/4834/4500 
f 328/328/328 4505/4835/4500 3587/4836/3582 
f 173/173/173 719/719/719 4506/4837/4501 
f 1750/1750/1747 4506/4837/4501 719/719/719 
f 4507/4838/4502 1235/1235/1232 99/99/99 
f 4507/4838/4502 2651/2672/2647 1700/1700/1697 
f 2126/2128/2123 4508/4839/4503 2127/2129/2124 
f 841/841/841 843/843/843 2711/2734/2707 
f 4215/4447/4210 3439/3525/3435 500/500/500 
f 500/500/500 657/657/657 501/501/501 
f 4509/4840/4504 4510/4841/4505 1810/1810/1807 
f 4511/4842/4506 4512/4843/4507 4513/4844/4508 
f 4514/4845/4509 4515/4846/4510 3086/3139/3082 
f 813/813/813 2316/2326/2312 3809/3942/3804 
f 2305/2315/2301 3794/4847/3789 1860/1860/1857 
f 2305/3925/2301 3792/3924/3787 3794/3927/3789 
f 1450/1450/1447 3039/3091/3035 1448/1448/1445 
f 3039/3091/3035 16/16/16 1081/1081/1079 
f 4516/4848/4511 2475/2491/2471 2474/2490/2470 
f 1112/1112/1110 3584/3686/3579 987/987/986 
f 2577/4849/2573 2576/4850/2572 4517/4851/4512 
f 4518/4852/4513 4517/4851/4512 4071/4853/4066 
f 334/334/334 2888/2930/2884 4519/4854/4514 
f 2888/2930/2884 1826/1826/1823 4203/4433/4198 
f 2593/4855/2589 2592/4856/2588 4520/4857/4515 
f 1311/1311/1308 3965/4140/3960 1312/1312/1309 
f 1468/1468/1465 4521/4858/4516 4522/4859/4517 
f 4523/4860/4518 601/601/601 1468/1468/1465 
f 3512/4861/3507 1403/1403/1400 4524/4862/4519 
f 1597/1597/1594 4525/4863/4520 4526/4864/4521 
f 4527/4865/4522 3110/4866/3106 3109/4867/3105 
f 2311/2321/2307 4527/4865/4522 4528/4868/4523 
f 2633/2652/2629 4205/4437/4200 2631/2650/2627 
f 3324/3400/3320 4205/4437/4200 3323/3399/3319 
f 2342/2352/2338 2341/2351/2337 4529/4869/4524 
f 2278/2286/2274 4530/4870/4525 4531/4871/4526 
f 3451/3537/3447 2460/2476/2456 3449/3535/3445 
f 2461/2477/2457 2460/2476/2456 2708/4872/2704 
f 2470/2486/2466 2469/2485/2465 2471/2487/2467 
f 2471/2487/2467 716/716/716 1059/1059/1057 
f 4532/4873/4527 1821/1821/1818 3320/3396/3316 
f 3320/3396/3316 2007/2007/2004 4532/4873/4527 
f 4521/4858/4516 4533/4874/4528 4522/4859/4517 
f 4533/4874/4528 214/214/214 3429/3514/3425 
f 1631/1631/1628 2344/2355/2340 1632/1632/1629 
f 854/854/854 3221/3287/3217 3220/3286/3216 
f 4262/4511/4257 3231/4875/3227 2287/2295/2283 
f 2332/2342/2328 4534/4876/4529 1829/1829/1826 
f 4535/4877/4530 3391/3475/3387 2673/3474/2669 
f 4535/4878/4530 4122/4329/4117 4121/4328/4116 
f 2055/2057/2052 338/338/338 2577/2594/2573 
f 2055/2057/2052 2056/2058/2053 338/338/338 
f 3311/3386/3307 4536/4879/4531 887/887/887 
f 3311/3386/3307 3310/3385/3306 4536/4879/4531 
f 4537/4880/4532 3750/3872/3745 3749/3871/3744 
f 4537/4880/4532 3195/3261/3191 3750/3872/3745 
f 1717/1717/1714 1716/1716/1713 2768/2798/2764 
f 527/527/527 2772/2802/2768 2572/2589/2568 
f 3191/3254/3187 4538/4881/4533 3189/3252/3185 
f 4538/4881/4533 4539/4882/4534 1930/1930/1927 
f 3195/3261/3191 4540/4883/4535 1757/3259/1754 
f 1757/3259/1754 4540/4883/4535 1755/4884/1752 
f 558/558/558 557/557/557 1736/1736/1733 
f 4541/4885/4536 2047/2049/2044 1267/1267/1264 
f 602/602/602 274/274/274 273/273/273 
f 1734/1734/1731 2203/2209/2199 2202/2208/2198 
f 2493/2510/2489 2492/2509/2488 3557/4886/3552 
f 4542/4887/4537 4543/4888/4538 4113/4318/4108 
f 1105/1105/1103 3084/4137/3080 1106/1106/1104 
f 1106/1106/1104 4544/4889/4539 3888/4042/3883 
f 931/931/930 3709/3829/3704 3708/3826/3703 
f 3709/3829/3704 931/931/930 4241/4486/4236 
f 948/948/947 4545/4890/4540 4546/4891/4541 
f 2201/2207/2197 1734/1734/1731 2202/2208/2198 
f 2166/2168/2162 892/892/892 4547/4892/4542 
f 4547/4892/4542 2271/2279/2267 2166/2168/2162 
f 771/4459/771 2211/2217/2207 2210/2216/2206 
f 4548/4893/4543 3367/3446/3363 3369/3448/3365 
f 1814/1814/1811 1345/1345/1342 1344/1344/1341 
f 4549/4894/4544 2409/3590/2405 3496/3587/3492 
f 4219/4895/4214 4218/4896/4213 2851/2891/2847 
f 2851/2891/2847 4217/4450/4212 4550/4897/4545 
f 1362/1362/1359 4551/4898/4546 2199/2205/2195 
f 3115/3173/3111 2200/2206/2196 4006/4899/4001 
f 3661/3774/3656 2393/3773/2389 3347/4900/3343 
f 3869/4022/3864 986/986/985 4440/4749/4435 
f 3831/3967/3826 2189/2195/2185 3832/3968/3827 
f 2189/2195/2185 3831/3967/3826 3527/3621/3522 
f 2978/3023/2974 2980/3025/2976 2981/3026/2977 
f 2981/3026/2977 1164/1164/1161 2978/3023/2974 
f 4552/4901/4547 1616/1616/1613 2236/2244/2232 
f 3754/3876/3749 4552/4901/4547 2092/2094/2089 
f 4553/4902/4548 3478/3637/3474 4554/4903/4549 
f 753/753/753 752/752/752 4206/4438/4201 
f 2983/3029/2979 3652/4904/3647 3651/3760/3646 
f 4555/4905/4550 3008/3056/3004 1883/1883/1880 
f 3645/3754/3640 21/21/21 2242/2250/2238 
f 599/599/599 2242/2250/2238 2245/2253/2241 
f 1206/1206/1203 4108/4310/4103 1207/1207/1204 
f 1217/1217/1214 4556/4906/4551 1215/1215/1212 
f 2516/2533/2512 3441/3527/3437 2649/2670/2645 
f 1444/1444/1441 2649/2670/2645 1442/1442/1439 
f 4557/4907/4552 4059/4252/4054 4060/4254/4055 
f 613/613/613 612/612/612 4557/4907/4552 
f 4558/4908/4553 3669/4909/3664 4559/4910/4554 
f 2736/4911/2732 4560/4912/4555 2734/4913/2730 
f 638/638/638 1225/1225/1222 4561/4914/4556 
f 2322/2332/2318 3904/4069/3899 1225/1225/1222 
f 4562/4915/4557 328/328/328 3587/4836/3582 
f 326/326/326 328/328/328 4562/4915/4557 
f 161/161/161 2016/2018/2013 1973/1973/1970 
f 423/423/423 159/159/159 161/161/161 
f 4563/4916/4558 2395/2410/2391 494/494/494 
f 2395/2410/2391 1718/1718/1715 494/494/494 
f 4564/4917/4559 464/464/464 463/463/463 
f 4564/4917/4559 2261/2269/2257 1003/1003/1002 
f 2783/2815/2779 2294/2302/2290 2293/2301/2289 
f 4029/4216/4024 2783/2815/2779 2293/2301/2289 
f 3858/4009/3853 2545/2562/2541 4565/4918/4560 
f 4566/4919/4561 3947/4116/3942 3217/4115/3213 
f 4567/4920/4562 4350/4921/4345 2519/2536/2515 
f 4567/4920/4562 506/506/506 1234/1234/1231 
f 1581/1581/1578 3178/3240/3174 806/806/806 
f 1582/1582/1579 4568/4922/4563 2422/2437/2418 
f 4040/4228/4035 3559/3659/3554 1413/1413/1410 
f 3558/3658/3553 3559/3659/3554 3560/3660/3555 
f 1745/1745/1742 1744/1744/1741 2880/2921/2876 
f 2367/2380/2363 298/298/298 2365/2378/2361 
f 2233/2241/2229 4569/4923/4564 1845/1845/1842 
f 1018/1018/1017 1017/1017/1016 4343/4621/4338 
f 3269/3341/3265 4570/4924/4565 3270/3342/3266 
f 2415/2740/2411 1416/1416/1413 2717/2741/2713 
f 432/432/432 434/434/434 27/27/27 
f 1494/1494/1491 2966/3011/2962 434/434/434 
f 2302/2310/2298 2301/2309/2297 3200/3266/3196 
f 3203/3269/3199 1026/1026/1025 1025/1025/1024 
f 3345/3424/3341 3346/3425/3342 1393/1393/1390 
f 1925/1925/1922 454/454/454 453/453/453 
f 559/559/559 4571/4925/4566 229/229/229 
f 1737/1737/1734 3712/3832/3707 558/558/558 
f 4572/4926/4567 1310/1310/1307 1141/1141/1138 
f 354/354/354 2612/2631/2608 352/352/352 
f 4038/4927/4033 3780/3907/3775 4039/4227/4034 
f 1811/1811/1808 1812/1812/1809 4038/4927/4033 
f 920/920/919 2695/2718/2691 344/344/344 
f 920/920/919 344/344/344 345/345/345 
f 74/74/74 4573/4928/4568 75/75/75 
f 2797/2832/2793 75/75/75 4573/4928/4568 
f 2295/2303/2291 1938/1938/1935 1937/1937/1934 
f 2086/2088/2083 810/810/810 1088/1088/1086 
f 3565/3665/3560 3568/3668/3563 3570/3670/3565 
f 3484/4929/3480 4574/4930/4569 2162/2164/2158 
f 4575/4931/4570 2653/2674/2649 2654/2675/2650 
f 3332/3409/3328 2653/4932/2649 4575/4933/4570 
f 2693/2716/2689 2692/2715/2688 939/939/938 
f 3755/3879/3750 1853/3878/1850 4576/4934/4571 
f 1217/1217/1214 616/616/616 4556/4906/4551 
f 80/80/80 2961/3006/2957 2824/2862/2820 
f 1556/1556/1553 1557/1557/1554 4577/4935/4572 
f 4578/4936/4573 2637/2656/2633 3543/3641/3538 
f 141/141/141 3453/3539/3449 3452/3538/3448 
f 3454/3540/3450 141/141/141 4579/4937/4574 
f 4580/4938/4575 2648/2669/2644 3131/3189/3127 
f 3353/3432/3349 4580/4938/4575 4581/4939/4576 
f 286/286/286 2904/2946/2900 1110/1110/1108 
f 630/630/630 629/629/629 1110/1110/1108 
f 1218/1218/1215 340/340/340 4582/4940/4577 
f 2962/3007/2958 2961/3006/2957 2960/3005/2956 
f 257/257/257 2719/2745/2715 4056/4249/4051 
f 4056/4249/4051 1415/1415/1412 257/257/257 
f 4583/4941/4578 1911/4942/1908 4584/4943/4579 
f 4486/4944/4481 4583/4941/4578 2531/2548/2527 
f 1512/1512/1509 3705/4945/3700 4198/4428/4193 
f 3706/4946/3701 3705/4945/3700 1602/1602/1599 
f 2549/4947/2545 3025/3074/3021 3511/3603/3506 
f 4052/4948/4047 3414/3498/3410 3413/3497/3409 
f 4188/4411/4183 962/962/961 1371/1371/1368 
f 2553/2570/2549 2552/2569/2548 962/962/961 
f 2442/2457/2438 755/755/755 2443/2458/2439 
f 3479/3566/3475 4585/4949/4580 3480/3567/3476 
f 3430/3515/3426 2306/2316/2302 4586/4950/4581 
f 4586/4950/4581 4587/4951/4582 1859/1859/1856 
f 3275/4952/3271 1701/1701/1698 2651/2672/2647 
f 1914/1914/1911 3275/4952/3271 3674/3790/3669 
f 3645/3754/3640 3643/3752/3638 21/21/21 
f 948/948/947 4546/4891/4541 949/949/948 
f 3094/3148/3090 3093/3147/3089 2686/4953/2682 
f 742/742/742 3835/3971/3830 740/740/740 
f 4588/4954/4583 1207/1207/1204 4107/4309/4102 
f 2852/2892/2848 3532/3626/3527 1942/1942/1939 
f 3555/3655/3550 3554/3654/3549 2000/2000/1997 
f 2000/2000/1997 1795/1795/1792 3555/3655/3550 
f 2160/2162/2156 2158/2160/2154 2157/2159/2153 
f 531/531/531 287/287/287 2160/2162/2156 
f 3175/3237/3171 2183/2187/2179 2182/2186/2178 
f 1432/1432/1429 3175/3237/3171 1433/1433/1430 
f 197/197/197 2074/2076/2071 195/195/195 
f 2910/2952/2906 197/197/197 2911/2953/2907 
f 2877/2918/2873 4589/4955/4584 2878/2919/2874 
f 4076/4572/4071 2856/2896/2852 4589/4955/4584 
f 4579/4937/4574 1497/1497/1494 3454/3540/3450 
f 1497/1497/1494 4579/4937/4574 2580/4956/2576 
f 4590/4957/4585 3918/4084/3913 3919/4085/3914 
f 167/167/167 4590/4957/4585 165/165/165 
f 2380/2395/2376 1629/1629/1626 1628/1628/1625 
f 3042/3094/3038 3043/3095/3039 3040/3092/3036 
f 496/496/496 4563/4916/4558 494/494/494 
f 4563/4916/4558 496/496/496 2905/2947/2901 
f 1962/1962/1959 3222/3288/3218 1348/1348/1345 
f 197/197/197 196/196/196 489/489/489 
f 2833/2871/2829 1119/1119/1117 103/103/103 
f 1950/1950/1947 2833/2871/2829 103/103/103 
f 1412/1412/1409 2043/2045/2040 4591/4958/4586 
f 4392/4682/4387 977/4681/976 3378/3458/3374 
f 3107/3165/3103 2788/3164/2784 4592/4959/4587 
f 2030/2032/2027 840/840/840 839/839/839 
f 2808/2843/2804 1754/1754/1751 2809/2844/2805 
f 2806/2841/2802 2483/2500/2479 2807/2842/2803 
f 1612/1612/1609 3332/3409/3328 3331/3408/3327 
f 4593/4960/4588 2566/2583/2562 2569/2586/2565 
f 4594/4961/4589 4595/4962/4590 3740/3862/3735 
f 2561/2578/2557 2560/2577/2556 3741/3863/3736 
f 4596/4963/4591 4597/4964/4592 2895/2937/2891 
f 4596/4963/4591 1326/1326/1323 4597/4964/4592 
f 178/178/178 1908/1908/1905 3769/3895/3764 
f 3769/3895/3764 1908/1908/1905 1910/1910/1907 
f 3937/4105/3932 3938/4106/3933 4598/4965/4593 
f 4598/4966/4593 4599/4967/4594 4600/4968/4595 
f 613/613/613 1332/1332/1329 4160/4373/4155 
f 4161/4374/4156 4160/4373/4155 2400/3454/2396 
f 3431/3516/3427 3434/3520/3430 2657/3519/2653 
f 383/383/383 3434/3520/3430 1252/1252/1249 
f 1565/1565/1562 772/772/772 1566/1566/1563 
f 4601/4969/4596 203/203/203 1566/1566/1563 
f 802/802/802 2954/2998/2950 803/803/803 
f 4570/4924/4565 3273/4970/3269 3270/3342/3266 
f 2227/2235/2223 3465/3551/3461 3800/3933/3795 
f 3465/3551/3461 2227/2235/2223 2226/2234/2222 
f 4602/4971/4597 2173/2177/2169 1849/2175/1846 
f 2812/2848/2808 4210/4442/4205 2813/2849/2809 
f 4603/4972/4598 2165/2167/2161 2167/2169/2163 
f 2167/3206/2163 3482/3569/3478 4603/4973/4598 
f 4604/4974/4599 3917/4975/3912 4605/4976/4600 
f 4605/4977/4600 3917/4082/3912 2272/2280/2268 
f 609/609/609 2403/2418/2399 2404/2419/2400 
f 4348/4626/4343 88/88/88 4606/4978/4601 
f 4607/4979/4602 826/826/826 2281/2289/2277 
f 3738/3860/3733 2281/2289/2277 826/826/826 
f 157/157/157 749/749/749 4608/4980/4603 
f 2513/2530/2509 4608/4980/4603 4609/4981/4604 
f 2952/2996/2948 2951/2995/2947 2062/2064/2059 
f 3761/3887/3756 3239/3307/3235 2952/3886/2948 
f 4610/4982/4605 3687/3803/3682 4611/4983/4606 
f 2689/2712/2685 2691/4984/2687 2687/2710/2683 
f 1694/1694/1691 3219/3285/3215 3218/3284/3214 
f 1646/1646/1643 3219/3285/3215 1647/1647/1644 
f 4612/4985/4607 3252/3323/3248 1748/1748/1745 
f 147/147/147 3253/3324/3249 1748/1748/1745 
f 4011/4195/4006 2268/2276/2264 2270/2278/2266 
f 4332/4605/4327 2220/2228/2216 2222/2230/2218 
f 2783/2815/2779 2784/2816/2780 52/52/52 
f 2784/2816/2780 53/53/53 52/52/52 
f 48/48/48 47/47/47 2235/2243/2231 
f 4613/4986/4608 1145/1145/1142 1144/1144/1141 
f 555/555/555 2156/2158/2152 549/549/549 
f 1265/1265/1262 2049/2051/2046 555/555/555 
f 1118/1118/1116 3787/4987/3782 1116/1116/1114 
f 3787/3918/3782 3866/4361/3861 2114/2116/2111 
f 11/11/11 673/673/673 12/12/12 
f 2314/2324/2310 2313/2323/2309 2312/2322/2308 
f 1190/1190/1187 139/139/139 1191/1191/1188 
f 1788/1788/1785 252/252/252 1786/1786/1783 
f 4614/4988/4609 4615/4989/4610 3093/3147/3089 
f 4166/4381/4161 2412/2427/2408 4615/4990/4610 
f 4616/4991/4611 2744/2771/2740 1073/1073/1071 
f 2744/2771/2740 2742/2769/2738 2745/2772/2741 
f 272/272/272 690/690/690 2203/2209/2199 
f 1336/1336/1333 2820/2858/2816 4617/4992/4612 
f 2254/2262/2250 2256/2264/2252 378/378/378 
f 378/378/378 83/83/83 82/82/82 
f 112/112/112 2730/2757/2726 113/113/113 
f 2730/2757/2726 979/979/978 113/113/113 
f 1763/1763/1760 301/301/301 3079/3132/3075 
f 4371/4651/4366 301/301/301 300/300/300 
f 2748/2775/2744 2750/2777/2746 2752/2779/2748 
f 1590/1590/1587 325/325/325 4618/4993/4613 
f 3578/3678/3573 3580/3680/3575 3576/3676/3571 
f 1341/1341/1338 1343/1343/1340 2405/2420/2401 
f 1893/4253/1890 2975/4994/2971 4060/4254/4055 
f 2975/3020/2971 1893/1893/1890 1892/1892/1889 
f 607/607/607 142/142/142 1992/1992/1989 
f 607/607/607 414/414/414 416/416/416 
f 1827/1827/1824 4064/4259/4059 3082/4138/3078 
f 3397/3481/3393 4066/4262/4061 3398/3482/3394 
f 4357/4995/4352 3471/3557/3467 4356/4996/4351 
f 4404/4698/4399 1847/1847/1844 4402/4696/4397 
f 3989/4168/3984 1881/1881/1878 1880/1880/1877 
f 3989/4168/3984 2673/3474/2669 3391/3475/3387 
f 3504/3596/3499 4619/4997/4614 4418/4716/4413 
f 2120/2748/2117 3507/3599/3502 2722/2749/2718 
f 2087/2089/2084 4620/4998/4615 2088/2090/2085 
f 2868/2908/2864 1149/1149/1146 4620/4998/4615 
f 4621/4999/4616 4036/4224/4031 3443/5000/3439 
f 3444/5001/3440 3443/5000/3439 4037/4225/4032 
f 147/147/147 968/968/967 148/148/148 
f 968/968/967 1202/1202/1199 148/148/148 
f 956/956/955 1640/1640/1637 957/957/956 
f 957/957/956 3362/3441/3358 1521/1521/1518 
f 1571/1571/1568 2988/3034/2984 1570/1570/1567 
f 4009/5002/4004 3798/5003/3793 1179/1179/1176 
f 2487/2504/2483 1229/1229/1226 4622/5004/4617 
f 1229/1229/1226 3387/3469/3383 4622/5004/4617 
f 1642/1642/1639 1644/1644/1641 457/457/457 
f 1642/1642/1639 1392/1392/1389 91/91/91 
f 4623/5005/4618 4624/5006/4619 1089/1089/1087 
f 4145/4356/4140 4144/4355/4139 4625/5007/4620 
f 1166/1166/1163 1741/1741/1738 598/598/598 
f 598/598/598 597/597/597 1166/1166/1163 
f 4280/4535/4275 3199/3265/3195 3198/3264/3194 
f 4626/5008/4621 821/821/821 4280/4535/4275 
f 3552/3652/3547 3998/4391/3993 4174/4392/4169 
f 4627/5009/4622 230/230/230 3075/3128/3071 
f 772/772/772 3817/3950/3812 311/311/311 
f 3817/3950/3812 3106/3163/3102 3105/3162/3101 
f 4628/5010/4623 4629/5011/4624 4297/5012/4292 
f 4630/5013/4625 4629/5011/4624 4631/5014/4626 
f 3611/3717/3606 4089/4289/4084 4632/5015/4627 
f 4632/5015/4627 3612/3718/3607 3611/3717/3606 
f 3938/4106/3933 4065/5016/4060 4598/4965/4593 
f 2886/2928/2882 4065/5016/4060 2887/2929/2883 
f 2467/2483/2463 2466/2482/2462 4633/5017/4628 
f 2427/2442/2423 2426/2441/2422 2467/5018/2463 
f 1173/1173/1170 2052/2054/2049 1174/1174/1171 
f 2052/2054/2049 3958/5019/3953 1174/1174/1171 
f 1990/1990/1987 1933/1933/1930 1154/1154/1151 
f 289/289/289 1152/1152/1149 1154/1154/1151 
f 1122/1122/1120 3872/4025/3867 360/360/360 
f 409/409/409 360/360/360 1884/1884/1881 
f 2336/2346/2332 2339/2349/2335 2338/2348/2334 
f 3185/3247/3181 3186/3249/3182 3187/3250/3183 
f 2925/2967/2921 2904/2946/2900 2903/2945/2899 
f 2903/2945/2899 2926/2968/2922 2925/2967/2921 
f 4634/5020/4629 4635/5021/4630 1098/1098/1096 
f 127/127/127 323/323/323 4636/5022/4631 
f 1611/1611/1608 1732/1732/1729 1731/1731/1728 
f 4637/5023/4632 4638/5024/4633 1611/1611/1608 
f 3048/3100/3044 3513/3605/3508 4639/5025/4634 
f 2108/2110/2105 3048/3100/3044 4639/5025/4634 
f 1648/1648/1645 2350/2361/2346 187/187/187 
f 3520/3614/3515 1648/1648/1645 187/187/187 
f 4106/4308/4101 1843/1843/1840 4640/5026/4635 
f 3704/3820/3699 4641/5027/4636 2844/3821/2840 
f 4642/5028/4637 4643/5029/4638 329/329/329 
f 4643/5029/4638 4078/4276/4073 329/329/329 
f 3779/3906/3774 3782/3909/3777 3781/3908/3776 
f 2429/2444/2425 2428/2443/2424 3307/3382/3303 
f 850/850/850 849/849/849 848/848/848 
f 95/95/95 1915/1915/1912 2643/2662/2639 
f 3534/3628/3529 2763/2793/2759 283/283/283 
f 4027/4213/4022 2765/2795/2761 2764/2794/2760 
f 4288/4550/4283 2945/2989/2941 2944/2988/2940 
f 1375/1375/1372 4644/5030/4639 1968/1968/1965 
f 3892/4046/3887 3891/4045/3886 2438/4057/2434 
f 3894/4048/3889 1738/5031/1735 1740/5032/1737 
f 1791/1791/1788 1022/1022/1021 1024/1024/1023 
f 3202/5033/3198 3201/4723/3197 4423/4725/4418 
f 2348/2359/2344 247/247/247 3725/5034/3720 
f 1999/1999/1996 1998/1998/1995 4645/5035/4640 
f 2677/5036/2673 3619/3725/3614 3618/3724/3613 
f 2677/2700/2673 2678/2701/2674 4646/5037/4641 
f 1019/1019/1018 1863/1863/1860 1020/1020/1019 
f 1844/2883/1841 1863/1863/1860 4647/5038/4642 
f 3721/3841/3716 4248/4493/4243 4648/5039/4643 
f 749/749/749 2559/2576/2555 4248/4493/4243 
f 267/267/267 158/158/158 157/157/157 
f 266/266/266 3314/3389/3310 267/267/267 
f 3260/3331/3256 1727/1727/1724 3261/3332/3257 
f 1728/1728/1725 1727/1727/1724 3260/3331/3256 
f 1783/1783/1780 3493/5040/3489 1784/1784/1781 
f 3172/5041/3168 3841/4706/3836 923/923/922 
f 4043/4231/4038 2994/3040/2990 4649/5042/4644 
f 1489/1489/1486 2524/2541/2520 1490/1490/1487 
f 675/675/675 4650/5043/4645 676/676/676 
f 3949/4119/3944 1823/1823/1820 4650/5043/4645 
f 3801/3934/3796 1383/1383/1380 3802/3935/3797 
f 3801/3934/3796 688/688/688 1383/1383/1380 
f 1761/1761/1758 3466/3552/3462 2075/2077/2072 
f 2075/2077/2072 43/43/43 45/45/45 
f 4651/5044/4646 3987/4166/3982 4652/5045/4647 
f 2461/2477/2457 2708/4872/2704 4652/5045/4647 
f 1670/1670/1667 4653/5046/4648 4654/5047/4649 
f 3135/3193/3131 4654/5047/4649 4653/5046/4648 
f 2707/2730/2703 2709/2732/2705 1139/1139/1137 
f 4655/5048/4650 490/490/490 1961/1961/1958 
f 4656/5049/4651 3900/4060/3895 2669/4062/2665 
f 4383/4665/4378 2664/2687/2660 2666/2689/2662 
f 4033/4221/4028 1425/1425/1422 2506/2523/2502 
f 1425/1425/1422 3009/3058/3005 2506/2523/2502 
f 3017/3066/3013 3192/5050/3188 3015/3064/3011 
f 3189/4237/3185 4657/5051/4652 1932/1932/1929 
f 49/49/49 3302/3377/3298 3301/3376/3297 
f 3301/3376/3297 50/50/50 49/49/49 
f 2321/2331/2317 637/637/637 636/636/636 
f 280/280/280 1452/1452/1449 281/281/281 
f 2879/2920/2875 3706/3824/3701 1030/1030/1029 
f 2881/2922/2877 1601/2924/1598 3019/3068/3015 
f 3775/3902/3770 3631/3738/3626 3630/3737/3625 
f 4658/5052/4653 2111/5053/2108 3778/5054/3773 
f 1585/1585/1582 1584/1584/1581 2241/2249/2237 
f 2241/5055/2237 2973/3018/2969 4085/4284/4080 
f 3993/4173/3988 3995/4175/3990 4604/4974/4599 
f 3317/3392/3313 3316/3391/3312 528/528/528 
f 2798/2833/2794 4659/5056/4654 1956/1956/1953 
f 3703/3819/3698 1956/1956/1953 4659/5056/4654 
f 4660/5057/4655 3418/3502/3414 4661/5058/4656 
f 3961/4133/3956 4660/5059/4655 3959/4131/3954 
f 3579/3679/3574 4192/4419/4187 4191/4418/4186 
f 4662/5060/4657 4663/5061/4658 3355/3434/3351 
f 4664/5062/4659 1287/1287/1284 4063/4258/4058 
f 2970/3015/2966 1287/1287/1284 1286/1286/1283 
f 562/562/562 2847/2887/2843 2849/2889/2845 
f 564/564/564 563/563/563 4665/5063/4660 
f 1211/1211/1208 4296/4559/4291 4666/5064/4661 
f 4666/5064/4661 1209/1209/1206 1211/1211/1208 
f 1398/1398/1395 3233/3301/3229 481/481/481 
f 3233/3301/3229 3236/3304/3232 3234/3302/3230 
f 2050/2052/2047 604/604/604 1268/1268/1265 
f 1268/1268/1265 604/604/604 606/606/606 
f 4667/5065/4662 2371/2384/2367 4668/5066/4663 
f 1261/1261/1258 4668/5067/4663 2371/3361/2367 
f 1098/1098/1096 4669/5068/4664 4117/5069/4112 
f 2751/2778/2747 4670/5070/4665 4669/5068/4664 
f 1618/1618/1615 1617/1617/1614 3158/3220/3154 
f 3158/3220/3154 4311/4576/4306 4671/5071/4666 
f 10/10/10 12/12/12 258/258/258 
f 726/726/726 3763/3889/3758 1967/1967/1964 
f 1086/1086/1084 4672/5072/4667 128/128/128 
f 4672/5072/4667 2728/2755/2724 4305/4568/4300 
f 3676/3792/3671 1935/1935/1932 1936/1936/1933 
f 3676/3792/3671 1389/1389/1386 4673/5073/4668 
f 3012/3061/3008 3014/3063/3010 1776/1776/1773 
f 345/345/345 3012/3061/3008 3771/3897/3766 
f 4674/5074/4669 65/65/65 1345/1345/1342 
f 1345/1345/1342 4675/5075/4670 4674/5074/4669 
f 1232/1232/1229 623/623/623 2038/2040/2035 
f 622/622/622 2038/2040/2035 623/623/623 
f 4676/5076/4671 2900/3997/2896 2902/5077/2898 
f 4644/5030/4639 3848/3995/3843 3059/3111/3055 
f 1325/1325/1322 1928/1928/1925 2382/2397/2378 
f 3772/3898/3767 322/322/322 2382/2397/2378 
f 4677/5078/4672 776/776/776 1484/1484/1481 
f 4678/5079/4673 3151/3211/3147 4677/5078/4672 
f 4679/5080/4674 4079/4277/4074 4434/4739/4429 
f 329/329/329 4078/4276/4073 330/330/330 
f 2907/2949/2903 1064/1064/1062 4680/5081/4675 
f 3401/3485/3397 1064/1064/1062 3399/3483/3395 
f 3939/4107/3934 2554/5082/2550 3940/4108/3935 
f 2551/4065/2547 3939/4107/3934 4681/5083/4676 
f 1616/1616/1613 1615/1615/1612 4682/5084/4677 
f 899/899/899 3445/3531/3441 1615/5085/1612 
f 3694/3810/3689 3692/3808/3687 3691/3807/3686 
f 72/72/72 2741/2768/2737 70/70/70 
f 3764/3890/3759 1574/1574/1571 132/132/132 
f 1574/1574/1571 469/469/469 2309/2319/2305 
f 974/974/973 1524/1524/1521 1526/1526/1523 
f 974/974/973 133/133/133 1524/1524/1521 
f 2839/2877/2835 2838/2876/2834 4450/4761/4445 
f 4450/5086/4445 4447/5087/4442 2836/2874/2832 
f 2671/2694/2667 4683/5088/4678 2672/2695/2668 
f 2359/3085/2355 4381/5089/4376 3031/3081/3027 
f 277/277/277 2173/2177/2169 2172/2176/2168 
f 4684/5090/4679 1043/1043/159 2173/2177/2169 
f 3717/4631/3712 3642/3749/3637 3883/4037/3878 
f 2159/2161/2155 3642/5091/3637 3717/3837/3712 
f 3488/5092/3484 2776/2806/2772 2044/2046/2041 
f 2044/2046/2041 2587/2606/2583 3491/5093/3487 
f 1448/1448/1445 3039/3091/3035 155/155/155 
f 2521/2538/2517 2713/2736/2709 517/517/517 
f 3102/3158/3098 4109/4311/4104 1041/1041/1040 
f 1042/1042/1041 3102/3158/3098 1041/1041/1040 
f 3386/4000/3382 2328/2338/2324 4685/5094/4680 
f 4685/5094/4680 2328/2338/2324 594/594/594 
f 2299/2307/2295 1246/1246/1243 1248/1248/1245 
f 2374/2389/2370 4686/5095/4681 2299/2307/2295 
f 705/705/705 704/704/704 2774/2804/2770 
f 4687/5096/4682 2536/2553/2532 3423/3508/3419 
f 1516/1516/1513 1515/1515/1512 2826/2864/2822 
f 1038/1038/1037 1516/1516/1513 2459/2475/2455 
f 4688/5097/4683 881/881/881 3650/3759/3645 
f 1578/1578/1575 167/167/167 838/838/838 
f 1349/1349/1346 1347/1347/1344 1209/1209/1206 
f 1209/1209/1206 4666/5064/4661 1349/1349/1346 
f 3687/3803/3682 3689/3805/3684 4611/4983/4606 
f 1740/5032/1737 4689/5098/4684 3894/4048/3889 
f 4690/5099/4685 3617/5100/3612 4691/5101/4686 
f 3615/3721/3610 3617/3723/3612 3663/5102/3658 
f 2347/2358/2343 2349/2360/2345 2348/2359/2344 
f 3806/3939/3801 4692/5103/4687 3807/3940/3802 
f 2878/2919/2874 947/947/946 3714/4604/3709 
f 4693/5104/4688 1735/1735/1732 2201/2207/2197 
f 219/219/219 3023/3072/3019 3603/3708/3598 
f 221/221/221 3023/3072/3019 219/219/219 
f 3922/4088/3917 3256/5105/3252 4316/4582/4311 
f 3921/4087/3916 3920/5106/3915 3922/4088/3917 
f 33/33/33 913/913/913 915/915/915 
f 33/33/33 2714/2737/2710 1635/1635/1632 
f 2237/2245/2233 4179/4400/4174 3680/3796/3675 
f 4179/4400/4174 3681/3797/3676 3680/3796/3675 
f 1816/1816/1813 2875/2915/2871 2874/2914/2870 
f 3496/3587/3492 2409/3590/2405 3095/3150/3091 
f 2685/2807/2681 2777/2809/2773 1203/1203/1200 
f 3835/3971/3830 3832/5107/3827 1203/1203/1200 
f 2125/2127/2122 2124/2126/2121 1479/1479/1476 
f 84/84/84 877/877/877 2122/2124/2119 
f 3813/3946/3808 4694/5108/4689 3272/3344/3268 
f 1697/1697/1694 3272/3344/3268 800/800/800 
f 2604/3979/2600 4014/4199/4009 4695/5109/4690 
f 4695/5109/4690 4014/4199/4009 4016/4201/4011 
f 3575/5110/3570 1369/1369/1366 1367/1367/1364 
f 3575/3675/3570 3572/3672/3567 3571/3671/3566 
f 3696/3812/3691 3695/3811/3690 4667/5065/4662 
f 2371/2384/2367 4667/5065/4662 3695/3811/3690 
f 552/552/552 783/783/783 4696/5111/4691 
f 783/783/783 4355/4634/4350 4696/5111/4691 
f 4114/4319/4109 870/870/870 4115/4320/4110 
f 413/413/413 1730/1730/1727 3120/3178/3116 
f 3549/3647/3544 4405/4700/4400 4000/4699/3995 
f 3549/3647/3544 4000/4699/3995 4001/5112/3996 
f 580/580/580 579/579/579 4697/5113/4692 
f 4697/5113/4692 1682/1682/1679 1681/1681/1678 
f 764/764/764 763/763/763 3951/5114/3946 
f 3952/5115/3947 1989/1989/1986 2780/2812/2776 
f 730/730/730 3512/3604/3507 4524/5116/4519 
f 3604/3764/3599 2504/2521/2500 3607/5117/3602 
f 4698/5118/4693 3337/3415/3333 2558/3414/2554 
f 1850/2174/1847 1471/1471/1468 1470/1470/1467 
f 667/667/667 666/666/666 1995/1995/1992 
f 2986/3032/2982 667/667/667 1995/1995/1992 
f 2788/3164/2784 4699/5119/4694 4592/4959/4587 
f 836/836/836 3770/3896/3765 2788/2823/2784 
f 4353/4632/4348 3883/4037/3878 3882/4036/3877 
f 1226/1226/1223 640/640/640 55/55/55 
f 653/653/653 1690/1690/1687 1692/1692/1689 
f 332/332/332 2080/2082/2077 2079/2081/2076 
f 4088/4288/4083 1997/1997/1994 4087/4287/4082 
f 4087/5120/4082 1997/3982/1994 3839/3983/3834 
f 2933/2975/2929 2936/4483/2932 1563/1563/1560 
f 4438/4743/4433 1563/1563/1560 1562/1562/1559 
f 2985/3031/2981 2982/3028/2978 3943/5121/3938 
f 2985/5122/2981 3943/4111/3938 3944/4112/3939 
f 2117/2119/2114 2116/2118/2113 2595/2614/2591 
f 531/531/531 2595/2614/2591 529/529/529 
f 2676/2699/2672 3655/3766/3650 4700/5123/4695 
f 1026/1026/1025 2676/2699/2672 1568/1568/1565 
f 683/683/683 2051/2053/2048 66/66/66 
f 1171/1171/1168 3327/3403/3323 683/683/683 
f 4071/4853/4066 1561/1561/1558 4518/4852/4513 
f 4518/4852/4513 1561/1561/1558 1560/1560/1557 
f 438/438/438 437/437/437 1820/1820/1817 
f 1820/1820/1817 2848/2888/2844 3320/3396/3316 
f 1281/1281/1278 722/722/722 1048/1048/1046 
f 2547/2564/2543 1048/1048/1046 722/722/722 
f 3791/3923/3786 1376/5124/1373 4701/5125/4696 
f 4701/5125/4696 4702/5126/4697 3791/3923/3786 
f 2477/2493/2473 1916/1916/1913 1670/2496/1667 
f 2477/5127/2473 1670/1670/1667 4654/5047/4649 
f 940/940/939 2692/2715/2688 3757/3881/3752 
f 3436/3522/3432 940/940/939 4018/4204/4013 
f 1886/1886/1883 2652/2673/2648 4703/5128/4698 
f 4704/5129/4699 3380/3461/3376 4474/4795/4469 
f 2171/2173/2167 2363/2376/2359 2362/2375/2358 
f 3515/3609/3510 3518/3612/3513 3516/3610/3511 
f 112/112/112 595/595/595 2827/2865/2823 
f 1514/1514/1511 1513/1513/1510 1515/1515/1512 
f 3543/3640/3538 3542/3639/3537 4705/5130/4700 
f 4705/5131/4700 2636/2655/2632 4706/5132/4701 
f 3664/3777/3659 4690/5099/4685 4691/5101/4686 
f 2388/2403/2384 4707/5133/4702 2389/2404/2385 
f 2423/5134/2419 4041/4229/4036 2421/5135/2417 
f 4042/5136/4037 1307/1307/1304 4041/4229/4036 
f 4708/5137/4703 1461/1461/1458 1460/1460/1457 
f 34/34/34 512/512/512 1461/1461/1458 
f 4367/4647/4362 4709/5138/4704 4101/4302/4096 
f 4710/5139/4705 4709/5138/4704 4367/4647/4362 
f 851/851/851 508/508/508 507/507/507 
f 1486/1486/1483 1006/1006/1005 507/507/507 
f 3608/3714/3603 1404/1404/1401 3606/3712/3601 
f 3606/3712/3601 3605/3711/3600 3608/3714/3603 
f 4711/5140/4706 4712/5141/4707 3864/4016/3859 
f 2885/2927/2881 2884/2926/2880 3118/3176/3114 
f 3814/3947/3809 3106/5142/3102 3816/5143/3811 
f 1483/1483/1480 4359/4638/4354 4360/4640/4355 
f 2715/2738/2711 1635/1635/1632 2714/2737/2710 
f 1635/1635/1632 660/660/660 662/662/662 
f 1033/1033/1032 2398/2413/2394 1028/1028/1027 
f 1030/1030/1029 1033/1033/1032 1028/1028/1027 
f 4713/5144/4708 3744/3866/3739 2946/2990/2942 
f 4289/5145/4284 3742/3864/3737 4713/5144/4708 
f 647/647/647 125/125/125 3344/3423/3340 
f 356/356/356 925/925/924 125/125/125 
f 2091/2093/2088 2090/2092/2087 4361/5146/4356 
f 3104/3161/3100 4714/5147/4709 4715/5148/4710 
f 560/560/560 4665/5063/4660 563/563/563 
f 105/105/105 560/560/560 1952/1952/1949 
f 2816/5149/2812 4716/5150/4711 3861/5151/3856 
f 4716/5150/4711 1486/1486/1483 3861/5151/3856 
f 3557/4886/3552 3556/5152/3551 2493/2510/2489 
f 2493/2510/2489 3554/5153/3549 1998/1998/1995 
f 2852/2892/2848 2851/2891/2847 4218/4896/4213 
f 4142/4353/4137 2852/5154/2848 4218/4451/4213 
f 4631/5014/4626 3987/4166/3982 4651/5044/4646 
f 4651/5044/4646 4630/5013/4625 4631/5014/4626 
f 3364/3443/3360 717/717/717 1442/1442/1439 
f 717/717/717 1546/1546/1543 1442/1442/1439 
f 194/194/194 1404/1404/1401 3148/3208/3144 
f 3606/3712/3601 1404/1404/1401 4717/5155/4712 
f 4718/5156/4713 2870/2910/2866 2869/2909/2865 
f 4718/5156/4713 2869/2909/2865 1149/1149/1146 
f 2452/2468/2448 1216/1216/1213 4719/5157/4714 
f 1208/1208/1205 3532/3626/3527 3531/3625/3526 
f 4412/4709/4407 4720/5158/4715 2899/4710/2895 
f 3011/3060/3007 3010/3059/3006 4720/5158/4715 
f 4721/5159/4716 3486/4414/3482 4189/4412/4184 
f 1491/1491/1488 1490/1490/1487 2345/5160/2341 
f 4073/4270/4068 4072/4269/4067 1363/1363/1360 
f 4326/4596/4321 4722/5161/4717 3056/3108/3052 
f 1377/1377/1374 1760/1760/1757 2078/2080/2075 
f 3586/3688/3581 3585/3687/3580 1760/1760/1757 
f 1260/1260/1257 2370/3360/2366 1258/1258/1255 
f 2144/2146/2140 1781/1781/1778 4260/5162/4255 
f 769/4458/769 3405/3489/3401 4222/4457/4217 
f 3409/3493/3405 2353/2364/2349 2352/2363/2348 
f 3296/3371/3292 1109/1109/1107 3297/3372/3293 
f 42/42/42 291/291/291 292/292/292 
f 2914/2956/2910 1338/1338/1335 1337/1337/1334 
f 2065/2067/2062 3155/5163/3151 4230/5164/4225 
f 1597/1597/1594 4526/4864/4521 729/729/729 
f 4526/4864/4521 2107/2109/2104 3978/4157/3973 
f 3562/3662/3557 970/970/969 3561/3661/3556 
f 3562/3662/3557 2620/2639/2616 970/970/969 
f 1295/1295/1292 1296/1296/1293 3610/3716/3605 
f 3610/3716/3605 3648/3757/3643 988/988/987 
f 3414/3498/3410 1046/1046/1044 3415/3499/3411 
f 2515/2532/2511 3415/3499/3411 1605/1605/1602 
f 1418/1418/1415 9/9/9 1419/1419/1416 
f 9/9/9 2627/2646/2623 801/801/801 
f 691/691/691 1655/1655/1652 692/692/692 
f 3701/3817/3696 3702/3818/3697 1655/1655/1652 
f 1253/1253/1250 3286/3359/3282 1705/1705/1702 
f 3286/3359/3282 1253/1253/1250 141/141/141 
f 2970/3015/2966 2969/3014/2965 4062/4257/4057 
f 4062/4257/4057 2969/3014/2965 2241/5055/2237 
f 299/299/299 2618/2637/2614 1005/1005/1004 
f 849/849/849 850/850/850 852/852/852 
f 4037/4225/4032 519/519/519 3365/5165/3361 
f 3365/5165/3361 519/519/519 3366/5166/3362 
f 1909/1909/1906 438/438/438 1819/1819/1816 
f 178/178/178 1909/1909/1906 1908/1908/1905 
f 4723/5167/4718 1407/4788/1404 4468/4786/4463 
f 2583/2602/2579 2133/2135/2130 4702/5126/4697 
f 3366/3445/3362 3132/3190/3128 4724/5168/4719 
f 2647/2668/2643 717/717/717 4724/5168/4719 
f 2871/2911/2867 2870/2910/2866 3089/5169/3085 
f 1459/1459/1456 512/512/512 4725/5170/4720 
f 912/912/912 3962/4134/3957 571/571/571 
f 1622/1622/1619 4726/5171/4721 912/912/912 
f 3868/4021/3863 817/817/817 4727/5172/4722 
f 3868/4021/3863 815/815/815 1679/1679/1676 
f 2791/2826/2787 1153/1153/1150 2695/2718/2691 
f 1153/1153/1150 1152/1152/1149 2695/2718/2691 
f 586/586/586 585/585/585 1259/1259/1256 
f 1259/1259/1256 585/585/585 2931/2973/2927 
f 117/117/117 2716/2739/2712 1634/1634/1631 
f 482/482/482 1917/1917/1914 117/117/117 
f 102/102/102 1732/1732/1729 4728/5173/4723 
f 4729/5174/4724 1610/1610/1607 2655/2677/2651 
f 1178/1178/1175 4009/5002/4004 1179/1179/1176 
f 4730/5175/4725 4009/4193/4004 4731/5176/4726 
f 4732/5177/4727 2556/2573/2552 4733/5178/4728 
f 4732/5177/4727 3341/3419/3337 3340/3418/3336 
f 2919/5179/2915 2921/5180/2917 2386/2401/2382 
f 3423/4305/3419 3986/5181/3981 4103/4304/4098 
f 3641/3748/3636 2334/3248/2330 3097/3152/3093 
f 2334/3248/2330 1638/1638/1635 1637/1637/1634 
f 2163/2165/2159 2165/2167/2161 4603/4972/4598 
f 49/49/49 1358/1358/1355 2163/2165/2159 
f 3111/3169/3107 3110/3168/3106 2267/2275/2263 
f 1548/1548/1545 674/674/674 4734/5182/3108 
f 472/472/472 471/471/471 893/893/893 
f 1979/1979/1976 893/893/893 471/471/471 
f 626/626/626 4735/5183/4729 2814/2850/2810 
f 2814/2850/2810 4735/5183/4729 2811/2847/2807 
f 57/57/57 1248/1248/1245 55/55/55 
f 1248/1248/1245 57/57/57 1543/1543/1540 
f 3985/4164/3980 2681/2704/2677 2680/2703/2676 
f 3985/4164/3980 4736/5184/4730 2681/2704/2677 
f 337/337/337 1753/1753/1750 743/743/743 
f 337/337/337 2484/2501/2480 1753/1753/1750 
f 1607/1607/1604 847/847/847 724/724/724 
f 1607/1607/1604 4199/4429/4194 1606/1606/1603 
f 63/63/63 2472/2488/2468 577/577/577 
f 1270/1270/1267 4737/5185/4731 1271/1271/1268 
f 4738/5186/4732 785/785/785 1386/1386/1383 
f 2171/2173/2167 4739/5187/4733 4738/5186/4732 
f 4740/5188/4734 1827/1827/1824 1239/1239/1236 
f 4740/5188/4734 1645/1645/1642 3395/3479/3391 
f 758/758/758 4045/4234/4040 759/759/759 
f 758/758/758 4224/5189/4219 4045/4234/4040 
f 2130/2132/2127 2782/2814/2778 2781/2813/2777 
f 1718/1718/1715 2781/2813/2777 1214/1214/1211 
f 4623/5005/4618 1089/1089/1087 3544/3642/3539 
f 4718/5156/4713 3545/3643/3540 2870/2910/2866 
f 4044/4232/4039 498/498/498 4741/5190/4735 
f 757/757/757 1708/1708/1705 2821/2859/2817 
f 2534/2551/2530 4463/4780/4458 4742/5191/4736 
f 2534/2551/2530 2533/2550/2529 4463/4780/4458 
f 3847/3994/3842 1093/1093/1091 1092/1092/1090 
f 2295/2303/2291 2297/2305/2293 1938/1938/1935 
f 3352/3431/3348 1750/1750/1747 3353/3432/3349 
f 3352/3431/3348 522/522/522 521/521/521 
f 4743/5192/4737 4744/5193/4738 4745/5194/4739 
f 4743/5192/4737 4745/5194/4739 991/991/990 
f 1440/1440/1437 2967/3012/2963 2968/3013/2964 
f 1438/1438/1435 4455/4769/4450 1439/1439/1436 
f 2580/4956/2576 3637/3744/3632 3636/3743/3631 
f 1128/1128/1126 2580/2599/2576 3435/3521/3431 
f 2146/2148/2142 4634/5020/4629 1098/1098/1096 
f 4117/5069/4112 3767/5195/3762 1098/1098/1096 
f 2044/2046/2041 2775/2805/2771 233/233/233 
f 3539/3634/3534 233/233/233 2775/2805/2771 
f 1469/1469/1466 4746/5196/4740 1043/1043/159 
f 3340/3418/3336 4169/4385/4164 1251/1251/1248 
f 598/598/598 3168/3230/3164 596/596/596 
f 596/596/596 2439/2454/2435 2979/3024/2975 
f 1878/1878/1875 3139/3197/3135 925/925/924 
f 3139/3197/3135 3728/3848/3723 4747/5197/4741 
f 1409/1409/1406 3404/3488/3400 3403/3487/3399 
f 4748/5198/4742 1409/2372/1406 2361/2374/2357 
f 2304/4619/2300 3393/3477/3389 3392/3476/3388 
f 2304/4619/2300 4749/5199/4743 4750/5200/4744 
f 1960/1960/1957 1959/1959/1956 3057/3109/3053 
f 3057/3109/3053 1959/1959/1956 603/603/603 
f 2499/2516/2495 2024/2026/2021 1857/1857/1854 
f 4075/4272/4070 1855/1855/1852 2499/2516/2495 
f 490/490/490 4655/5048/4650 3421/3505/3417 
f 3421/3505/3417 2911/2953/2907 490/490/490 
f 1284/1284/1281 853/853/853 1285/1285/1282 
f 3670/3783/3665 1284/1284/1281 3671/3784/3666 
f 372/372/372 371/371/371 1021/1021/1020 
f 4751/5201/4745 687/687/687 372/372/372 
f 4752/5202/4746 2016/2018/2013 3697/3813/3692 
f 2015/2017/2012 714/714/714 713/713/713 
f 3455/3541/3451 435/435/435 3453/3539/3449 
f 1012/1012/1011 1011/1011/1010 3455/3541/3451 
f 4057/5203/4052 2029/2031/2026 3499/3591/3495 
f 2718/2744/2714 2029/2743/2026 4057/4250/4052 
f 979/979/978 4753/5204/4747 2041/2189/2038 
f 4753/5204/4747 979/979/978 2730/2757/2726 
f 809/809/809 811/811/811 4754/5205/4748 
f 4754/5205/4748 811/811/811 3141/3316/3137 
f 4119/4326/4114 4116/4323/4111 4755/5206/4749 
f 2247/2255/2243 1588/1588/1585 4755/5206/4749 
f 679/679/679 1553/1553/1550 4756/5207/4750 
f 1553/1553/1550 3543/3640/3538 4756/5207/4750 
f 4163/4377/4158 2594/2613/2590 2590/2609/2586 
f 4757/5208/4751 4164/4378/4159 4448/4759/4443 
f 4050/4243/4045 3281/3353/3277 4049/4242/4044 
f 1713/1713/1710 3281/3353/3277 1714/1714/1711 
f 1848/1848/1845 516/516/516 4365/4645/4360 
f 3812/3945/3807 1848/1848/1845 4365/4645/4360 
f 3069/3122/3065 3068/3121/3064 3026/3075/3022 
f 3933/4100/3928 3932/4099/3927 3069/4102/3065 
f 2153/2155/2149 3377/3457/3373 3376/3456/3372 
f 3197/5209/3193 4758/5210/4752 3198/5211/3194 
f 3865/4017/3860 4712/5212/4707 4711/5213/4706 
f 3864/4016/3859 4759/5214/4753 2882/2923/2878 
f 1279/1279/1276 1276/1276/1273 3819/3952/3814 
f 4760/5215/4754 3153/3213/3149 2123/2125/2120 
f 4761/5216/4755 3573/5217/3568 2458/2474/2454 
f 4410/4707/4405 3573/5217/3568 4093/4293/4088 
f 2403/2418/2399 609/609/609 611/611/611 
f 611/611/611 3913/4078/3908 2403/2418/2399 
f 3729/3851/3724 3139/3197/3135 4747/5197/4741 
f 1877/2386/1874 4747/5218/4741 2758/2785/2754 
f 1224/1224/1221 169/169/169 4762/5219/4756 
f 1007/1007/1006 1009/1009/1008 3761/3887/3756 
f 2279/2287/2275 3736/3858/3731 3737/3859/3732 
f 4476/4798/4471 2279/2287/2275 4477/4799/4472 
f 2208/2214/2204 3349/3428/3345 4008/4192/4003 
f 430/430/430 429/429/429 1430/1430/1427 
f 1604/1604/1601 222/222/222 1605/1605/1602 
f 2711/2734/2707 843/843/843 1604/1604/1601 
f 3584/3686/3579 4763/5220/4757 627/627/627 
f 4763/5220/4757 3584/3686/3579 1112/1112/1110 
f 3403/3487/3399 1410/1410/1407 1409/1409/1406 
f 1410/1410/1407 3592/3697/3587 4399/4693/4394 
f 3940/4108/3935 2319/5221/2315 4764/5222/4758 
f 535/535/535 4764/5222/4758 536/536/536 
f 4196/4425/4191 3523/4424/3518 4765/5223/4759 
f 1884/1884/1881 1882/1882/1879 410/410/410 
f 4157/4370/4152 4156/4369/4151 1236/1236/1233 
f 1240/1240/1237 4157/4370/4152 1236/1236/1233 
f 902/902/902 4311/4576/4306 1619/1619/1616 
f 902/902/902 2846/2886/2842 3298/3373/3294 
f 926/926/925 4118/4325/4113 1878/1878/1875 
f 355/355/355 2249/2257/2245 4766/5224/4760 
f 2766/2796/2762 2767/2797/2763 731/731/731 
f 4767/5225/4761 350/350/350 2503/2520/2499 
f 3950/4120/3945 450/450/450 3501/3593/3496 
f 450/450/450 3954/4124/3949 2779/2811/2775 
f 3796/3929/3791 1767/1767/1764 3795/3928/3790 
f 910/910/910 1767/1767/1764 3007/3055/3003 
f 468/468/468 2760/2787/2756 4768/5226/4762 
f 4768/5226/4762 2760/2787/2756 1996/2789/1993 
f 173/173/173 4506/4837/4501 6/6/6 
f 173/173/173 1097/1097/1095 3670/3783/3665 
f 4769/5227/4763 4770/5228/4764 617/617/617 
f 4769/5227/4763 4426/4728/4421 4770/5228/4764 
f 1268/1268/1265 2615/2634/2611 1269/1269/1266 
f 3713/3833/3708 3712/3832/3707 1737/1737/1734 
f 833/833/833 3546/3644/3541 3071/3124/3067 
f 833/833/833 3073/3126/3069 834/834/834 
f 608/608/608 607/607/607 1002/1002/1001 
f 2182/2186/2178 3229/3295/3225 1002/1002/1001 
f 1334/1334/1331 4771/5229/4765 4751/5201/4745 
f 4771/5229/4765 1334/1334/1331 1336/1336/1333 
f 996/996/995 995/995/994 1564/1564/1561 
f 2906/2948/2902 4140/4350/4135 4141/4351/4136 
f 1622/1622/1619 4271/4525/4266 2588/2607/2584 
f 2588/3116/2584 4271/5230/4266 4772/5231/4766 
f 1865/1865/1862 1273/1273/1270 2802/2837/2798 
f 3361/3440/3357 2802/2837/2798 3360/3439/3356 
f 1856/1856/1853 1853/1853/1850 4075/4272/4070 
f 3756/3880/3751 4576/4934/4571 4773/5232/4767 
f 2941/2985/2937 4269/4522/4264 1263/1263/1260 
f 1977/1977/1974 4774/5233/4768 499/499/499 
f 1719/1719/1716 1567/1567/1564 1566/1566/1563 
f 201/201/201 4141/4351/4136 202/202/202 
f 2497/4233/2493 2496/5234/2492 4775/5235/4769 
f 4775/5235/4769 4283/5236/4278 4282/5237/4277 
f 4152/4365/4147 3508/3600/3503 2916/3215/2912 
f 4185/4406/4180 4152/5238/4147 2916/2958/2912 
f 4776/5239/4770 339/339/339 338/338/338 
f 4466/4783/4461 4465/4782/4460 4776/5239/4770 
f 4777/5240/4771 4778/5241/4772 4779/5242/4773 
f 4778/5241/4772 3514/3608/3509 4779/5242/4773 
f 2690/4180/2686 2689/2712/2685 909/909/909 
f 2689/2712/2685 2690/4180/2686 2691/4984/2687 
f 4025/5243/4020 2725/2752/2721 1871/1871/1868 
f 4025/4211/4020 1871/3049/1868 4026/4212/4021 
f 498/498/498 4044/4232/4039 1977/1977/1974 
f 1977/1977/1974 4044/4232/4039 2942/2986/2938 
f 4609/4981/4604 4608/4980/4603 2514/2531/2510 
f 2514/2531/2510 4780/5244/4774 4609/4981/4604 
f 550/550/550 2640/2659/2636 1219/1219/1216 
f 1387/1387/1384 553/553/553 2640/2659/2636 
f 1683/1683/1680 140/140/140 1681/1681/1678 
f 140/140/140 1680/1680/1677 1679/1679/1676 
f 3343/3422/3339 3342/3421/3338 2367/2380/2363 
f 4198/5245/4193 3705/3823/3700 296/296/296 
f 2206/2212/2202 2205/2211/2201 656/656/656 
f 2545/2562/2541 4781/5246/4775 2546/2563/2542 
f 4658/5052/4653 3776/3903/3771 2111/5053/2108 
f 2112/2466/2109 2111/5053/2108 2449/2464/2445 
f 4485/4811/4480 4583/5247/4578 4486/4812/4481 
f 4485/4811/4480 4486/4812/4481 3329/3405/3325 
f 1509/1509/1506 2667/5248/2663 2669/4062/2665 
f 4354/4633/4349 2667/5248/2663 3517/3611/3512 
f 3929/4096/3924 3930/4097/3925 2893/5249/2889 
f 3141/3316/3137 2893/2935/2889 4754/5205/4748 
f 4222/4457/4217 3407/3491/3403 3410/3732/3406 
f 3410/3732/3406 2212/2218/2208 2213/2219/2209 
f 1155/1155/1152 342/342/342 341/341/341 
f 920/920/919 2696/2719/2692 1155/1155/1152 
f 4752/5202/4746 3697/3813/3692 3698/3814/3693 
f 1205/1205/1202 3698/3814/3693 3697/3813/3692 
f 4782/5250/4776 4315/4581/4310 4678/5079/4673 
f 4313/4579/4308 4315/4581/4310 4782/5250/4776 
f 876/876/876 1573/1573/1570 377/377/377 
f 196/196/196 3690/3806/3685 4783/5251/4777 
f 2012/2014/2009 3722/3842/3717 2013/2015/2010 
f 4784/5252/4778 1354/1354/1351 3911/4076/3906 
f 3567/3667/3562 3566/3666/3561 4435/4740/4430 
f 4435/4740/4430 3566/3666/3561 2164/3572/2160 
f 3245/4537/3241 3852/4002/3847 4785/5253/4779 
f 4785/5254/4779 3244/3313/3240 4786/5255/4780 
f 1804/1804/1801 2948/2992/2944 3646/3755/3641 
f 901/901/901 2948/2992/2944 395/395/395 
f 4356/4996/4351 3471/3557/3467 1355/1355/1352 
f 1357/1357/1354 4356/4996/4351 1355/1355/1352 
f 3145/3203/3141 2222/3204/2218 3472/3559/3468 
f 1779/1779/1776 3473/3560/3469 1778/1778/1775 
f 4787/5256/4781 8/8/8 3818/3951/3813 
f 4788/5257/4782 2031/2033/2028 2028/2030/2025 
f 251/251/251 3387/3469/3383 249/249/249 
f 3978/4157/3973 249/249/249 727/727/727 
f 3789/3921/3784 3790/3922/3785 1503/1503/1500 
f 174/174/174 3789/3921/3784 175/175/175 
f 3353/3432/3349 4581/4939/4576 3354/3433/3350 
f 3968/4144/3963 4789/5258/4783 1751/1751/1748 
f 4404/4698/4399 4400/5259/4395 4790/5260/4784 
f 4403/4697/4398 4400/5259/4395 4404/4698/4399 
f 2129/2131/2126 2132/2134/2129 2131/2133/2128 
f 2129/2131/2126 3730/3852/3725 1214/1214/1211 
f 3732/3854/3727 4358/4637/4353 1357/5261/1354 
f 3733/5262/3728 1447/1447/1444 3732/3854/3727 
f 4791/5263/4785 1936/1936/1933 3595/5264/3590 
f 4444/4755/4439 4791/5265/4785 3595/3700/3590 
f 1099/1099/1097 4387/4673/4382 1100/1100/1098 
f 4387/4673/4382 3887/5266/3882 4449/4760/4444 
f 2373/2388/2369 278/278/278 3334/3411/3330 
f 4286/4548/4281 2373/2388/2369 3334/3411/3330 
f 3458/3544/3454 2372/5267/2368 1376/5124/1373 
f 3791/3923/3786 3458/3544/3454 1376/5124/1373 
f 2390/2405/2386 983/983/982 985/985/984 
f 3613/3719/3608 4792/5268/4786 3886/4040/3881 
f 1483/1483/1480 4313/4579/4308 1484/1484/1481 
f 1484/1484/1481 4793/5269/4787 4677/5078/4672 
f 2594/2613/2590 2593/2612/2589 2590/2609/2586 
f 3448/3534/3444 2590/2609/2586 2593/2612/2589 
f 728/728/728 1230/1230/1227 1404/1404/1401 
f 1230/1230/1227 728/728/728 727/727/727 
f 2984/3030/2980 2983/3029/2979 2113/2115/2110 
f 677/677/677 2982/3028/2978 1121/1121/1119 
f 1083/1083/1081 4794/5270/4788 4795/5271/4789 
f 4795/5271/4789 3585/3687/3580 1875/2385/1872 
f 2859/2899/2855 574/574/574 575/575/575 
f 3033/3083/3029 3031/3081/3027 3032/3082/3028 
f 3721/3841/3716 1712/1712/1709 4796/5272/4790 
f 4796/5272/4790 3734/3856/3729 1711/1711/1708 
f 3910/4075/3905 2680/2703/2676 3908/4073/3903 
f 2680/2703/2676 1630/1630/1627 828/828/828 
f 718/718/718 717/717/717 2648/2669/2644 
f 3353/3432/3349 1750/1750/1747 718/718/718 
f 3043/3095/3039 3042/3094/3038 3044/3096/3040 
f 1981/1981/1978 2381/2396/2377 4797/5273/4791 
f 929/929/928 4340/4615/4335 1156/1156/1153 
f 4362/4642/4357 4364/4644/4359 4366/4646/4361 
f 4798/5274/4792 395/395/395 4799/5275/4793 
f 4799/5275/4793 2902/2944/2898 4798/5274/4792 
f 3387/3469/3383 251/251/251 3389/3471/3385 
f 2486/5276/2482 3920/5106/3915 3921/4087/3916 
f 787/787/787 2731/2758/2727 1722/1722/1719 
f 2733/2760/2729 2735/2762/2731 4800/5277/2733 
f 3518/3612/3513 3515/3609/3510 2168/2170/2164 
f 2168/2170/2164 1389/1389/1386 3676/3792/3671 
f 4646/5037/4641 2675/2698/2671 2677/2700/2673 
f 4646/5037/4641 372/372/372 2800/2835/2796 
f 391/391/391 53/53/53 392/392/392 
f 621/621/621 53/53/53 1953/1953/1950 
f 4148/4359/4143 4801/5278/4794 2850/2890/2846 
f 2257/2265/2253 4801/5278/4794 4148/4359/4143 
f 44/44/44 314/314/314 4802/5279/4795 
f 314/314/314 44/44/44 315/315/315 
f 972/972/971 2908/3989/2904 3842/3987/3837 
f 2910/2952/2906 2911/2953/2907 2908/2950/2904 
f 3764/3890/3759 4803/5280/4796 1572/1572/1569 
f 378/378/378 377/377/377 83/83/83 
f 1674/1674/1671 4804/5281/4797 3133/3191/3129 
f 4804/5281/4797 1674/1674/1671 402/402/402 
f 2011/2013/2008 4102/4303/4097 1946/2011/1943 
f 1946/2011/1943 4101/4302/4096 2897/2939/2893 
f 3206/3272/3202 4347/4625/4342 3204/3270/3200 
f 4346/4624/4341 3204/3270/3200 4347/4625/4342 
f 360/360/360 1167/1167/1164 1123/1123/1121 
f 4318/4584/4313 1123/1123/1121 2990/3036/2986 
f 834/834/834 3073/3126/3069 3982/4161/3977 
f 3982/4161/3977 4805/5282/4798 3983/4162/3978 
f 4595/4962/4590 4594/4961/4589 436/436/436 
f 4595/4962/4590 436/436/436 1011/1011/1010 
f 4806/5283/4799 3881/4035/3876 509/509/509 
f 509/509/509 3881/4035/3876 1091/1091/1089 
f 4472/5284/4467 1783/1783/1780 2143/2145/2139 
f 2143/3584/2139 3495/3586/3491 4472/4793/4467 
f 433/433/433 1125/1125/1123 1124/1124/1122 
f 433/433/433 1067/1067/1065 3383/3465/3379 
f 1519/1519/1516 632/632/632 146/146/146 
f 243/243/243 245/245/245 146/146/146 
f 4788/5257/4782 2032/2034/2029 2031/2033/2028 
f 4788/5285/4782 4807/5286/4800 4032/4220/4027 
f 1112/1112/1110 987/987/986 4516/4848/4511 
f 1112/1112/1110 3612/3718/3607 4808/5287/4801 
f 1352/1352/1349 183/183/183 1353/1353/1350 
f 183/183/183 1352/1352/1349 4223/4460/4218 
f 1096/1096/1094 1978/1978/1975 176/176/176 
f 895/895/895 176/176/176 175/175/175 
f 2744/2771/2740 2743/2770/2739 1072/1072/1070 
f 4135/4345/4130 1889/1889/1886 2743/2770/2739 
f 3622/3728/3617 3624/3730/3619 1465/1465/1462 
f 2682/3910/2678 4809/5288/4802 825/825/825 
f 736/736/736 285/285/285 4810/5289/4803 
f 4386/4671/4381 3534/3628/3529 4810/5289/4803 
f 2379/2394/2375 1629/1629/1626 2380/2395/2376 
f 6/6/6 3727/3847/3722 1633/1633/1630 
f 2109/2111/2106 3991/4171/3986 3992/4172/3987 
f 3632/5290/3627 3631/5291/3626 2755/2782/2751 
f 3277/3349/3273 303/303/303 302/302/302 
f 3276/3348/3272 3277/3349/3273 302/302/302 
f 2706/2729/2702 2705/2728/2701 4811/5292/4804 
f 2460/2476/2456 3451/3537/3447 4811/5293/4804 
f 1341/1341/1338 3715/3835/3710 1342/1342/1339 
f 1341/1341/1338 1171/1171/1168 1170/1170/1167 
f 467/467/467 4812/5294/4805 4813/5295/4806 
f 4813/5295/4806 1994/3981/1991 3839/3983/3834 
f 4814/5296/4807 1421/1421/1418 3849/3996/3844 
f 1375/1375/1372 643/643/643 4815/5297/4808 
f 2818/2856/2814 358/358/358 409/409/409 
f 2818/2856/2814 3120/3178/3116 875/875/875 
f 466/466/466 670/670/670 335/335/335 
f 1523/1523/1520 3525/3619/3520 670/670/670 
f 4816/5298/4809 1395/1395/1392 2046/2048/2043 
f 4816/5299/4809 2773/2803/2769 4183/4404/4178 
f 1386/1386/1383 1958/1958/1955 444/444/444 
f 2798/2833/2794 1958/1958/1955 1386/1386/1383 
f 2333/2343/2329 4817/5300/4810 2331/2341/2327 
f 4817/5301/4810 2333/3300/2329 4818/5302/4811 
f 1867/1867/1864 1866/1866/1863 3961/4133/3956 
f 1866/1866/1863 2051/2053/2048 3325/3401/3321 
f 415/415/415 2151/2153/2147 416/416/416 
f 3284/3357/3280 1534/1534/1531 3285/3358/3281 
f 2378/2393/2374 1650/1650/1647 3821/3954/3816 
f 3822/3957/3817 1135/1135/1133 3821/3954/3816 
f 3127/3185/3123 3759/3884/3754 3758/3883/3753 
f 3759/3884/3754 3127/3185/3123 4081/4279/4076 
f 3290/3365/3286 4500/4829/4495 1303/1303/1300 
f 4482/4807/4477 3290/3365/3286 2535/2552/2531 
f 3267/3339/3263 4301/4564/4296 1478/1478/1475 
f 3267/3339/3263 1478/1478/1475 3923/4089/3918 
f 4819/5303/4812 2107/2109/2104 4820/5304/4813 
f 2107/2109/2104 3047/5305/3043 4820/5304/4813 
f 1834/1834/1831 4780/5244/4774 3335/4390/3331 
f 1156/1156/1153 3335/3412/3331 4363/4643/4358 
f 2344/2355/2340 4821/5306/4814 1095/2353/1093 
f 3045/3097/3041 4821/5306/4814 2380/2395/2376 
f 2036/2038/2033 3324/3400/3320 94/94/94 
f 4205/4437/4200 3324/3400/3320 2036/2038/2033 
f 4822/5307/4815 4823/5308/4816 346/346/346 
f 3920/4086/3915 966/966/965 4822/5307/4815 
f 166/166/166 1715/1715/1712 1824/1824/1821 
f 166/166/166 165/165/165 1715/1715/1712 
f 1776/1776/1773 3171/3233/3167 1777/1777/1774 
f 921/921/920 3171/3233/3167 3170/3232/3166 
f 4307/5309/4302 605/605/605 3895/4049/3890 
f 4076/4274/4071 605/605/605 4307/5309/4302 
f 4544/5310/4539 3935/4103/3930 2112/2114/2109 
f 3888/4042/3883 4544/4889/4539 2112/2466/2109 
f 2699/2722/2695 4134/4344/4129 1830/1830/1827 
f 2331/2341/2327 4534/4876/4529 2332/2342/2328 
f 221/221/221 1045/1045/1043 1047/1047/1045 
f 3024/3073/3020 3510/3602/3505 3025/3074/3021 
f 3694/3810/3689 2740/2767/2736 3693/3809/3688 
f 3693/5311/3688 411/411/411 4115/4320/4110 
f 1222/1222/1219 1221/1221/1218 4451/4762/4446 
f 1023/1023/1022 1022/1022/1021 4422/4724/4417 
f 4019/4205/4014 1456/1456/1453 4021/4207/4016 
f 2413/2428/2409 2412/2427/2408 4166/4381/4161 
f 2026/2028/2023 2700/2723/2696 4017/5312/4012 
f 2700/4203/2696 4018/4204/4013 4017/4202/4012 
f 3316/3391/3312 1577/1577/1574 1576/1576/1573 
f 835/835/835 3316/3391/3312 3315/3390/3311 
f 109/109/109 111/111/111 1542/1542/1539 
f 109/109/109 4100/4301/4095 548/548/548 
f 3432/3517/3428 3431/3516/3427 2657/3519/2653 
f 4824/5313/4817 2657/2680/2653 4173/4389/4168 
f 2523/2540/2519 1492/1492/1489 2995/3041/2991 
f 4825/5314/4818 2995/3041/2991 1492/1492/1489 
f 4826/5315/4819 1037/1037/1036 3537/3632/3532 
f 1514/1514/1511 1517/1517/1514 4826/5315/4819 
f 4189/4412/4184 4190/4413/4185 4827/5316/4820 
f 4827/5316/4820 3487/3575/3483 4189/4412/4184 
f 2534/2551/2530 4237/4479/4232 2532/2549/2528 
f 3294/3369/3290 3293/3368/3289 3291/3366/3287 
f 3974/4152/3969 4377/4658/4372 4376/4657/4371 
f 3196/4153/3192 3974/4152/3969 4022/5317/4017 
f 804/804/804 96/96/96 4199/4429/4194 
f 804/804/804 803/803/803 96/96/96 
f 2655/2677/2651 4575/4931/4570 2654/2675/2650 
f 4729/5174/4724 2655/2677/2651 2654/2675/2650 
f 916/916/916 3134/5318/3130 3133/3977/3129 
f 1674/1674/1671 3133/3191/3129 3134/3192/3130 
f 3300/4590/3296 1651/1651/1648 4323/4591/4318 
f 1653/1653/1650 4828/5319/4821 1651/1651/1648 
f 1852/1852/1849 1851/1851/1848 4829/5320/4822 
f 2662/2685/2658 1851/1851/1848 1852/1852/1849 
f 2828/2866/2824 1247/1247/1244 1246/1246/1243 
f 1226/1226/1223 2829/2867/2825 1225/1225/1222 
f 999/999/998 2932/2974/2928 1000/1000/999 
f 4830/5321/4823 4239/4482/4234 2509/2526/2505 
f 1192/1192/1189 892/892/892 891/891/891 
f 2268/2276/2264 892/892/892 2269/2277/2265 
f 882/882/882 884/884/884 2702/2725/2698 
f 1663/1663/1660 1803/1803/1800 884/884/884 
f 137/137/137 1244/1244/1241 135/135/135 
f 2656/2679/2652 135/135/135 1244/1244/1241 
f 3113/3171/3109 4831/5322/4824 3966/4790/3961 
f 3966/4141/3961 3283/3356/3279 2311/2321/2307 
f 2658/5323/2654 4333/5324/4328 4335/4608/4330 
f 4334/4607/4329 4335/4608/4330 4333/5324/4328 
f 1183/1183/1180 2213/2219/2209 1181/1181/1178 
f 1183/1183/1180 185/185/185 2762/2790/2758 
f 42/42/42 41/41/41 291/291/291 
f 2821/2859/2817 4228/4465/4223 1710/1710/1707 
f 3210/3276/3206 3475/3562/3471 4832/5325/4825 
f 4832/5325/4825 3211/3277/3207 3210/3276/3206 
f 2890/2932/2886 2892/2934/2888 2369/2382/2365 
f 2892/2934/2888 2368/2381/2364 2369/2382/2365 
f 1257/1257/1254 760/760/760 3629/3736/3624 
f 3776/3903/3771 3630/3737/3625 2753/2780/2749 
f 885/885/885 485/485/485 487/487/487 
f 885/885/885 2557/2574/2553 3338/4380/3334 
f 1798/1798/1795 3640/3747/3635 1799/1799/1796 
f 3640/3747/3635 1798/1798/1795 3641/3748/3636 
f 3851/3999/3846 181/181/181 3850/3998/3845 
f 1508/1508/1505 3851/5326/3846 3599/4686/3594 
f 3802/3935/3797 4573/4928/4568 74/74/74 
f 3802/3935/3797 217/217/217 2302/2310/2298 
f 1224/1224/1221 2006/2006/2003 1223/1223/1220 
f 1224/1224/1221 1008/1008/1007 2006/2006/2003 
f 4833/5327/4826 3461/5328/3457 4834/5329/4827 
f 4833/5330/4826 3462/3548/3458 3461/3547/3457 
f 319/319/319 4446/4757/4441 706/706/706 
f 706/706/706 4446/4757/4441 4835/5331/4828 
f 2187/2193/2183 2186/2192/2182 3657/3768/3652 
f 2186/5332/2182 162/162/162 2778/2810/2774 
f 2914/3214/2910 4805/5282/4798 3156/3218/3152 
f 3156/3218/3152 4805/5282/4798 3982/4161/3977 
f 4733/5178/4728 2599/5333/2595 3338/3416/3334 
f 4165/4379/4160 3338/4380/3334 2599/2618/2595 
f 3681/3797/3676 3529/3623/3524 708/708/708 
f 3529/3623/3524 314/314/314 708/708/708 
f 4628/5010/4623 2175/2179/2171 4295/4558/4290 
f 4629/5011/4624 4628/5010/4623 3124/3182/3120 
f 279/279/279 1249/1249/1246 1043/1043/159 
f 1249/1249/1246 2375/2390/2371 2374/2389/2370 
f 3322/3398/3318 698/3787/698 1678/1678/1675 
f 3824/3959/3819 3322/3398/3318 4836/5334/4829 
f 2691/2714/2687 1313/1313/1310 3687/3803/3682 
f 3687/3803/3682 4610/4982/4605 2691/2714/2687 
f 1327/1327/1324 1838/1838/1835 2922/2964/2918 
f 2922/2964/2918 3462/3548/3458 2539/2556/2535 
f 3934/4101/3929 1285/1285/1282 4531/4871/4526 
f 4531/4871/4526 1285/1285/1282 2278/2286/2274 
f 2430/2445/2426 2429/2444/2425 3307/3382/3303 
f 4511/5335/4506 4513/5336/4508 3307/3382/3303 
f 4443/4753/4438 514/514/514 1445/1445/1442 
f 3890/4044/3885 1446/1446/1443 1445/1445/1442 
f 2895/5337/2891 4276/4531/4271 4275/4530/4270 
f 3774/3901/3769 4276/4531/4271 2894/3899/2890 
f 4201/4431/4196 1702/1702/1699 3285/3358/3281 
f 3412/3496/3408 4201/5338/4196 4460/4775/4455 
f 2154/2156/2150 2153/2155/2149 3376/3456/3372 
f 3375/3455/3371 2154/2156/2150 3376/3456/3372 
f 3808/3941/3803 1399/1399/1396 481/481/481 
f 1399/1399/1396 1396/1396/1393 1395/1395/1392 
f 145/145/145 3635/3742/3630 933/933/932 
f 2918/2960/2914 4837/5339/4830 2624/2643/2620 
f 941/941/940 1052/1052/1050 1238/1238/1235 
f 1238/1238/1235 1052/1052/1050 1239/1239/1236 
f 2290/2298/2286 4340/4615/4335 2712/2735/2708 
f 1158/1158/1155 4340/4615/4335 2290/2298/2286 
f 4481/4804/4476 1280/1280/1277 2805/4805/2801 
f 4176/5340/4171 4177/4397/4172 4838/5341/4831 
f 3548/3646/3543 4839/5342/4832 4405/4700/4400 
f 4839/5342/4832 3546/3644/3541 833/833/833 
f 1657/1657/1654 4840/5343/4833 26/26/26 
f 1657/1657/1654 1493/1493/1490 1066/1066/1064 
f 299/299/299 1762/1762/1759 725/725/725 
f 2618/2637/2614 299/299/299 725/725/725 
f 1136/1136/1134 971/971/970 973/973/972 
f 2071/2073/2068 1136/1136/1134 3660/3772/3655 
f 1408/1408/1405 3402/3486/3398 1406/1406/1403 
f 3402/3486/3398 3404/3488/3400 4841/5344/4834 
f 1343/1343/1340 4662/5060/4657 4842/5345/4835 
f 3355/3434/3351 4842/5345/4835 4662/5060/4657 
f 3441/3527/3437 4053/4246/4048 4621/5346/4616 
f 3413/3497/3409 3416/3500/3412 4621/4999/4616 
f 1698/1698/1695 799/799/799 1913/1913/1910 
f 4236/4477/4231 3675/3791/3670 4234/4478/4229 
f 4133/4343/4128 4131/4341/4126 1462/1462/1459 
f 827/827/827 6/6/6 5/5/5 
f 586/586/586 4082/4280/4077 1785/1785/1782 
f 1784/1784/1781 586/586/586 1785/1785/1782 
f 2335/2345/2331 2339/2349/2335 2336/2346/2332 
f 956/956/955 955/955/954 2339/2349/2335 
f 2997/5347/2993 2996/5348/2992 4843/5349/4836 
f 4649/5350/4644 1490/1490/1487 4843/5349/4836 
f 3223/3289/3219 520/520/520 223/223/223 
f 223/223/223 222/222/222 3223/3289/3219 
f 2289/2297/2285 3230/3296/3226 3232/3298/3228 
f 4263/5351/4258 3335/3412/3331 1158/1158/1155 
f 1583/1583/1580 808/808/808 1581/1581/1578 
f 1583/1583/1580 2969/3014/2965 1286/1286/1283 
f 1321/1321/1318 702/702/702 2253/2261/2249 
f 4346/4624/4341 4348/4626/4343 4606/4978/4601 
f 4594/4961/4589 3741/3863/3736 4844/5352/4837 
f 1904/1904/1901 4594/4961/4589 4844/5352/4837 
f 3853/5353/3848 2325/2335/2321 4845/5354/4838 
f 3853/4003/3848 4845/5355/4838 4685/5094/4680 
f 4200/4430/4195 2039/2041/2036 2656/2679/2652 
f 2039/2041/2036 622/622/622 2656/2679/2652 
f 3909/5356/3904 4846/5357/4839 472/472/472 
f 2679/5358/2675 1841/1841/1838 4846/5357/4839 
f 2783/2815/2779 1891/4217/1888 4847/5359/4840 
f 2552/4064/2548 3903/4066/3898 4847/5359/4840 
f 1582/1582/1579 2973/3018/2969 2972/3017/2968 
f 4084/4282/4079 4086/4285/4081 1586/4283/1583 
f 4848/5360/4841 2459/2475/2455 571/571/571 
f 3962/4134/3957 4848/5360/4841 571/571/571 
f 3829/3965/3824 1051/1051/1049 941/941/940 
f 943/943/942 4849/5361/4842 941/941/940 
f 2188/2808/2184 164/164/164 2777/2809/2773 
f 1204/1204/1201 164/164/164 163/163/163 
f 734/734/734 3536/4670/3531 2597/2616/2593 
f 3536/4670/3531 734/734/734 733/733/733 
f 3446/3532/3442 4408/4704/4403 3447/3533/3443 
f 4158/4371/4153 4159/4372/4154 352/352/352 
f 4522/4859/4517 3891/4045/3886 4850/5362/4843 
f 4522/4859/4517 2979/4054/2975 3891/4045/3886 
f 3577/3677/3572 1815/4286/1812 2876/2916/2872 
f 1813/1813/1810 1815/1815/1812 3577/5363/3572 
f 4261/4510/4256 3091/3145/3087 3090/3144/3086 
f 4261/4510/4256 3495/3586/3491 2142/3585/2138 
f 185/185/185 184/184/184 2607/2626/2603 
f 184/184/184 4851/5364/4844 2607/2626/2603 
f 3971/5365/3966 3972/4150/3967 3004/3052/3000 
f 4852/5366/4845 4406/5367/4401 3971/5365/3966 
f 2928/2970/2924 2089/2091/2086 2927/2969/2923 
f 36/36/36 2089/2091/2086 1149/1149/1146 
f 3718/3838/3713 4853/5368/4846 4854/5369/4847 
f 3718/3838/3713 4855/5370/4848 4853/5368/4846 
f 505/505/505 4321/4587/4316 3760/3885/3755 
f 505/505/505 504/504/504 4321/4587/4316 
f 4561/4914/4556 1225/1225/1222 4856/5371/4849 
f 4561/4914/4556 4856/5371/4849 4857/5372/4850 
f 914/914/914 2230/2238/2226 4858/5373/4851 
f 2227/2235/2223 914/914/914 2228/2236/2224 
f 4859/5374/4852 4860/5375/4853 2491/2508/2487 
f 4442/4751/4437 2491/2508/2487 4860/5375/4853 
f 1747/1747/1744 3837/3974/3832 4861/5376/4854 
f 4445/4756/4440 2998/3044/2994 2999/3045/2995 
f 792/792/792 2834/2872/2830 2833/2871/2829 
f 791/791/791 2834/2872/2830 792/792/792 
f 4613/4986/4608 491/491/491 2235/2243/2231 
f 492/492/492 491/491/491 4613/4986/4608 
f 970/970/969 422/422/422 2445/2460/2441 
f 422/422/422 163/163/163 2445/2460/2441 
f 2410/2425/2406 1344/1344/1341 1346/1346/1343 
f 4020/4206/4015 4019/4205/4014 4021/4207/4016 
f 2195/2201/2191 2197/2203/2193 275/275/275 
f 4006/4189/4001 4007/4191/4002 2197/2203/2193 
f 4122/4329/4117 2419/2434/2415 4123/4330/4118 
f 4123/4330/4118 2419/2434/2415 4862/5377/4855 
f 1084/1084/1082 4863/5378/4856 3907/4072/3902 
f 4863/5378/4856 3906/4071/3901 3907/4072/3902 
f 2265/2273/2261 4864/5379/4857 2263/2271/2259 
f 673/673/673 4864/5379/4857 12/12/12 
f 4406/5367/4401 2230/2238/2226 3067/3120/3063 
f 4406/5367/4401 3004/3052/3000 3005/3053/3001 
f 2204/2210/2200 4865/5380/4858 2205/2211/2201 
f 4008/4192/4003 4865/5380/4858 2204/2210/2200 
f 66/66/66 3361/3440/3357 542/542/542 
f 1866/1866/1863 3361/3440/3357 66/66/66 
f 3925/4091/3920 2124/2126/2121 3153/3213/3149 
f 2124/2126/2121 1477/1477/1474 1479/1479/1476 
f 2515/2532/2511 4037/4225/4032 4036/4224/4031 
f 4036/4224/4031 4037/4225/4032 3443/5000/3439 
f 2762/2790/2758 2609/2628/2605 3625/3731/3620 
f 3625/5381/3620 2609/4722/2605 4866/5382/4859 
f 4835/5331/4828 1397/1397/1394 706/706/706 
f 4687/5096/4682 1397/1397/1394 2536/2553/2532 
f 4415/4713/4410 4413/4711/4408 4414/4712/4409 
f 995/995/994 2099/2101/2096 1564/1564/1561 
f 3273/3345/3269 2414/2429/2410 1696/1696/1693 
f 3273/4970/3269 2954/2998/2950 802/802/802 
f 4830/5321/4823 2934/2976/2930 4239/4482/4234 
f 4245/4490/4240 4246/4491/4241 4830/5321/4823 
f 1336/1336/1333 4617/4992/4612 1569/1569/1566 
f 1383/1383/1380 1336/1336/1333 1569/1569/1566 
f 4867/5383/4860 3359/3438/3355 3569/3669/3564 
f 137/137/137 3359/3438/3355 1245/1245/1242 
f 4868/5384/4861 4398/4690/4393 4869/5385/4862 
f 4397/5386/4392 4869/5387/4862 3836/3972/3831 
f 2831/2869/2827 144/144/144 146/146/146 
f 1624/1624/1621 2831/2869/2827 1625/1625/1622 
f 2195/2201/2191 275/275/275 76/76/76 
f 2398/2413/2394 4467/4785/4462 76/76/76 
f 984/984/983 3885/5388/3880 985/985/984 
f 1242/1242/1239 4455/4769/4450 3884/4768/3879 
f 2402/2417/2398 2399/2414/2395 2401/2416/2397 
f 3224/3290/3220 3226/3292/3222 4162/4375/4157 
f 4333/4606/4328 2658/2681/2654 2937/2979/2933 
f 2658/2681/2654 1707/1707/1704 1706/1706/1703 
f 3622/4410/3617 2134/2136/2131 4187/4409/4182 
f 4187/4409/4182 2134/2136/2131 2139/2141/2135 
f 946/946/945 3181/3243/3177 4023/4209/4018 
f 945/945/944 3181/3243/3177 946/946/945 
f 4111/4315/4106 2215/2221/2211 2216/2222/2212 
f 907/907/907 909/909/909 1742/1742/1739 
f 1819/1819/1816 1821/1821/1818 4055/4248/4050 
f 1818/1818/1815 2066/2068/2063 3081/3134/3077 
f 4185/4406/4180 2915/2957/2911 587/587/587 
f 587/587/587 589/589/589 2912/2954/2908 
f 3080/3133/3076 3077/3130/3073 4490/4816/4485 
f 3237/4313/3233 3077/3130/3073 3080/3133/3076 
f 1411/1411/1408 1984/1984/1981 3916/4081/3911 
f 4375/4656/4370 4374/4655/4369 2907/2949/2903 
f 3002/5389/2998 4256/5390/4251 2500/2517/2496 
f 1870/1870/1867 1869/1869/1866 1434/1434/1431 
f 2272/2280/2268 3917/4082/3912 3918/4084/3913 
f 2272/2280/2268 3918/4084/3913 524/524/524 
f 3843/3990/3838 972/972/971 971/971/970 
f 3843/3990/3838 2908/3989/2904 972/972/971 
f 4063/4258/4058 1892/1892/1889 4664/5062/4659 
f 1290/1290/1287 2976/3021/2972 4870/5391/4863 
f 777/777/777 3151/3211/3147 1065/1065/1063 
f 1065/1065/1063 1988/1988/1985 777/777/777 
f 1754/1754/1751 2481/2498/2477 2483/2500/2479 
f 1754/1754/1751 2483/2500/2479 2809/2844/2805 
f 386/386/386 935/935/934 1623/1623/1620 
f 1623/1623/1620 935/935/934 2624/2643/2620 
f 27/27/27 1129/1129/1127 1626/1626/1623 
f 1129/1129/1127 4252/4500/4247 1626/1626/1623 
f 697/697/697 2250/2258/2246 2252/2260/2248 
f 3665/3786/3660 2253/2261/2249 697/3788/697 
f 2505/2522/2501 4767/5225/4761 2503/2520/2499 
f 4767/5225/4761 2505/2522/2501 3654/3763/3649 
f 671/671/671 670/670/670 1292/1292/1289 
f 3780/3907/3775 671/671/671 3781/3908/3776 
f 1917/1917/1914 2476/2492/2472 2478/2494/2474 
f 1919/1919/1916 1541/1541/1538 4034/4222/4029 
f 3121/3179/3117 2581/2600/2577 4871/5392/4864 
f 4871/5392/4864 2076/2078/2073 4493/4822/4488 
f 2329/2339/2325 116/116/116 2327/2337/2323 
f 116/116/116 115/115/115 594/594/594 
f 1727/1727/1724 1726/1726/1723 3887/4041/3882 
f 1726/1726/1723 2836/2874/2832 4447/5087/4442 
f 2001/2001/1998 2003/2003/2000 767/767/767 
f 368/368/368 1079/1079/1077 369/369/369 
f 821/821/821 4626/5008/4621 822/822/822 
f 3914/4079/3909 4626/5008/4621 2403/2418/2399 
f 1969/1969/1966 2945/2989/2941 1806/4594/1803 
f 1806/4594/1803 4325/4593/4320 1372/1372/1369 
f 944/944/943 121/121/121 945/945/944 
f 2791/2826/2787 121/121/121 2790/2825/2786 
f 4431/4733/4426 3366/5166/3362 519/519/519 
f 3132/3190/3128 3366/3445/3362 3131/3189/3127 
f 1233/1233/1230 3381/3462/3377 1234/1234/1231 
f 3381/3462/3377 4872/5393/4865 1234/1234/1231 
f 540/540/540 2187/2193/2183 541/541/541 
f 2187/2193/2183 3656/3767/3651 1200/1200/1197 
f 3383/3465/3379 3382/3464/3378 4372/4653/4367 
f 3875/4028/3870 3877/4030/3872 3874/4027/3869 
f 4214/4446/4209 4212/5394/4207 2057/2059/2054 
f 417/5395/417 419/4541/419 4873/5396/4866 
f 4874/5397/4867 4548/4893/4543 3369/3448/3365 
f 4427/4729/4422 4874/5397/4867 3369/3448/3365 
f 4604/4974/4599 3317/3392/3313 528/528/528 
f 528/528/528 2572/2589/2568 4604/4974/4599 
f 462/462/462 1001/1001/1000 4290/4552/4285 
f 28/28/28 3452/3538/3448 435/435/435 
f 3652/4904/3647 2983/3029/2979 3653/5398/3648 
f 2985/3031/2981 4875/5399/4868 2983/3029/2979 
f 4388/4674/4383 3258/4676/3254 4876/5400/4869 
f 2147/2149/2143 1099/1099/1097 2376/2391/2372 
f 151/151/151 150/150/150 1549/1549/1546 
f 4877/5401/4870 151/151/151 1549/1549/1546 
f 544/544/544 2765/2795/2761 545/545/545 
f 4026/4212/4021 2765/2795/2761 4027/4213/4022 
f 3611/3717/3606 1296/1296/1293 4089/4289/4084 
f 4089/4289/4084 1296/1296/1293 4090/4290/4085 
f 3016/3065/3012 3015/3064/3011 4878/5402/4871 
f 4878/5403/4871 3015/3255/3011 693/693/693 
f 2522/2539/2518 3890/4044/3885 2610/2629/2606 
f 2522/2539/2518 2610/2629/2606 1449/1449/1446 
f 701/701/701 4879/5404/4872 697/3788/697 
f 701/701/701 700/700/700 4879/5404/4872 
f 1481/1481/1478 3814/3947/3809 3816/5143/3811 
f 1000/1000/999 1481/1481/1478 998/998/997 
f 591/591/591 3292/5405/3288 3291/4480/3287 
f 2065/2067/2062 4230/5164/4225 591/591/591 
f 1161/1161/1158 1670/2496/1667 1916/1916/1913 
f 482/482/482 4880/5406/4873 1916/1916/1913 
f 2216/2222/2212 1166/1166/1163 1165/1165/1162 
f 1162/1162/1159 2216/2222/2212 2231/2239/2227 
f 3218/4117/3214 3947/4116/3942 3945/4113/3940 
f 3216/5407/3212 1691/1691/1688 3937/4105/3932 
f 4146/4357/4141 635/635/635 1452/1452/1449 
f 4881/5408/4874 4147/4358/4142 3100/3155/3096 
f 2470/2486/2466 1063/1063/1061 2468/2484/2464 
f 3700/3816/3695 3699/3815/3694 4193/5409/4188 
f 1300/1300/1297 4584/4943/4579 1911/4942/1908 
f 4462/4778/4457 3294/3369/3290 1300/1300/1297 
f 1004/1004/1003 2063/2065/2060 4395/4687/4390 
f 2062/2064/2059 4395/4687/4390 2063/2065/2060 
f 980/980/979 982/982/981 2042/2044/2039 
f 2042/2044/2039 2041/2043/2038 3878/4031/3873 
f 99/99/99 2517/2534/2513 1885/1885/1882 
f 2518/2535/2514 2517/2534/2513 407/407/407 
f 4882/5410/4875 4227/4464/4222 3375/3455/3371 
f 3375/5411/3371 2155/2157/2151 4882/5412/4875 
f 441/441/441 440/440/440 1169/1169/1166 
f 2022/2024/2019 363/363/363 1169/1169/1166 
f 534/534/534 1113/1113/1111 535/535/535 
f 535/535/535 1113/1113/1111 1955/1955/1952 
f 2524/2541/2520 1902/1902/1899 3876/4029/3871 
f 1902/1902/1899 4883/5413/4876 3876/4029/3871 
f 4884/5414/4877 3909/5356/3904 3999/4181/3994 
f 894/894/894 3909/5356/3904 472/472/472 
f 381/381/381 4630/5415/4625 4885/5416/4878 
f 3123/3181/3119 4297/4560/4292 3122/3180/3118 
f 1176/1176/1173 4730/5175/4725 4425/4727/4420 
f 4009/4193/4004 4730/5175/4725 1176/1176/1173 
f 441/441/441 1168/1168/1165 3977/4156/3972 
f 3977/4156/3972 2991/3037/2987 1167/1167/1164 
f 1374/1374/1371 1373/1373/1370 4886/5417/4879 
f 1374/1374/1371 2845/2885/2841 3061/3113/3057 
f 2137/2139/2134 2139/2141/2135 2434/2449/2430 
f 4131/4341/4126 4133/4343/4128 2136/2138/2133 
f 2326/2336/2322 3244/3313/3240 3242/3311/3238 
f 3242/3311/3238 3244/3313/3240 3243/3312/3239 
f 1693/1693/1690 3397/3481/3393 4329/4599/4324 
f 3396/3480/3392 3395/3479/3391 3397/3481/3393 
f 4234/4475/4229 3274/3346/3270 2956/3000/2952 
f 3275/3347/3271 3274/3346/3270 3674/5418/3669 
f 1500/1500/1497 4302/4565/4297 1501/1501/1498 
f 87/87/87 1500/1500/1497 1501/1501/1498 
f 4570/4924/4565 3269/3341/3265 2415/2740/2411 
f 2415/2430/2411 2417/2432/2413 3271/3343/3267 
f 896/896/896 1503/1503/1500 3790/3922/3785 
f 3788/3919/3783 896/896/896 3790/3922/3785 
f 4497/5419/4492 4496/4825/4491 3196/4153/3192 
f 4758/5210/4752 3973/4151/3968 3198/5211/3194 
f 1797/1797/1794 4859/5374/4852 3054/3106/3050 
f 4112/4316/4107 3054/5420/3050 3052/4518/3048 
f 1824/1824/1821 867/867/867 2004/2004/2001 
f 1824/1824/1821 1764/1764/1761 867/867/867 
f 3473/3560/3469 2225/5421/2221 3474/3561/3470 
f 2225/5421/2221 3654/4692/3649 3474/3561/3470 
f 1317/1317/1314 4331/5422/4326 3714/4604/3709 
f 1316/1316/1313 3074/3650/3070 1317/1317/1314 
f 151/151/151 4877/5401/4870 1061/1061/1059 
f 1061/1061/1059 1880/1880/1877 1059/1059/1057 
f 4887/5423/4880 3480/3567/3476 755/755/755 
f 4498/4827/4493 4887/5423/4880 3477/3564/3473 
f 1279/1279/1276 1278/1278/1275 3153/3213/3149 
f 3153/3213/3149 1278/1278/1275 3926/4092/3921 
f 3262/3333/3258 4819/5424/4812 3049/3101/3045 
f 4888/5425/4881 4889/5426/4882 4819/5424/4812 
f 4890/5427/4883 4891/5428/4884 3226/3292/3222 
f 4162/4375/4157 3226/3292/3222 4161/4376/4156 
f 1446/1446/1443 3731/3853/3726 1447/1447/1444 
f 516/516/516 1848/1848/1845 746/746/746 
f 1826/1826/1823 334/334/334 1108/1108/1106 
f 334/334/334 1826/1826/1823 2888/2930/2884 
f 1951/1951/1948 1950/1950/1947 1721/1721/1718 
f 4892/5429/4885 788/788/788 1721/1721/1718 
f 1589/1589/1586 1588/1588/1585 2747/3849/2743 
f 4777/5430/4771 4061/4255/4056 4778/5431/4772 
f 2192/2198/2188 448/448/448 2193/2199/2189 
f 1102/1102/1100 1104/1104/1102 448/448/448 
f 13/13/13 15/15/15 4893/5432/4886 
f 4893/5432/4886 2011/2013/2008 3911/4076/3906 
f 3506/3598/3501 3505/3597/3500 638/638/638 
f 4561/4914/4556 2722/2749/2718 638/638/638 
f 1578/1578/1575 840/840/840 4592/4959/4587 
f 840/840/840 2030/2032/2027 4592/4959/4587 
f 1967/1967/1964 3762/3888/3757 1608/1608/1605 
f 1607/1607/1604 1967/1967/1964 1608/1608/1605 
f 263/263/263 4125/4332/4120 4273/4528/4268 
f 4125/4332/4120 4478/4801/4473 4273/4528/4268 
f 857/857/857 4894/5433/4887 220/220/220 
f 2710/2733/2706 220/220/220 4894/5433/4887 
f 3420/3504/3416 3419/3503/3415 4249/5434/4244 
f 3422/4498/3418 4250/4495/4245 4249/4494/4244 
f 2507/2524/2503 4710/5139/4705 859/859/859 
f 4184/4405/4179 4710/5139/4705 4367/4647/4362 
f 2087/2089/2084 3930/4097/3925 3143/3201/3139 
f 2928/2970/2924 3930/4097/3925 3941/4109/3936 
f 864/864/864 866/866/866 4110/5435/4105 
f 3237/3305/3233 1765/1765/1762 864/864/864 
f 504/504/504 3862/4014/3857 1485/2851/1482 
f 504/504/504 503/503/503 3862/4014/3857 
f 3532/3626/3527 1208/1208/1205 1207/1207/1204 
f 4588/4954/4583 3532/3626/3527 1207/1207/1204 
f 2053/2055/2050 1474/1474/1471 336/336/336 
f 336/336/336 1474/1474/1471 337/337/337 
f 3709/3829/3704 4241/4486/4236 2698/3827/2694 
f 2698/2721/2694 2330/2340/2326 4895/5436/4888 
f 2636/2655/2632 4328/4598/4323 1556/1556/1553 
f 1556/1556/1553 4328/4598/4323 3092/3146/3088 
f 4300/4563/4295 2725/2752/2721 4370/4650/4365 
f 1871/1871/1868 2725/2752/2721 4300/4563/4295 
f 3479/3566/3475 1766/1766/1763 92/92/92 
f 3479/3566/3475 92/92/92 4585/4949/4580 
f 2739/2766/2735 2732/2759/2728 2737/2764/2733 
f 2737/2764/2733 2732/2759/2728 787/787/787 
f 4178/4398/4173 1308/1308/1305 1307/1307/1304 
f 807/807/807 3206/3272/3202 805/805/805 
f 2149/2151/2145 4896/5437/4889 649/649/649 
f 4896/5437/4889 2149/2151/2145 3768/3894/3763 
f 183/183/183 185/185/185 1353/1353/1350 
f 1183/1183/1180 1353/1353/1350 185/185/185 
f 246/246/246 1522/1522/1519 633/633/633 
f 4645/5035/4640 246/246/246 1999/1999/1996 
f 3266/3337/3262 2577/4849/2573 1558/1558/1555 
f 3267/3339/3263 2573/3338/2569 4897/5438/4890 
f 1454/1454/1451 3035/3087/3031 797/797/797 
f 1454/1454/1451 1453/1453/1450 3037/3089/3033 
f 375/375/375 3619/3725/3614 1792/1792/1789 
f 375/375/375 1792/1792/1789 24/24/24 
f 3720/3840/3715 550/550/550 2156/2158/2152 
f 549/549/549 2156/2158/2152 550/550/550 
f 1769/1769/1766 3006/3054/3002 1767/1767/1764 
f 3972/4150/3967 2226/2234/2222 2228/2236/2224 
f 2183/2187/2179 2179/2183/2175 2178/2182/2174 
f 3175/3237/3171 4433/5439/4428 2183/2187/2179 
f 940/940/939 3437/3523/3433 546/546/546 
f 3438/3524/3434 1800/1800/1797 4898/5440/4891 
f 3589/3691/3584 2556/2573/2552 1472/1472/1469 
f 3128/3186/3124 4232/4473/4227 3589/3691/3584 
f 238/238/238 2473/2489/2469 2475/2491/2471 
f 237/237/237 2663/2686/2659 238/238/238 
f 3901/4061/3896 4320/4586/4315 1390/1390/1387 
f 1509/1509/1506 3901/4061/3896 1390/1390/1387 
f 2315/3917/2311 4489/4815/4484 4488/4814/4483 
f 2315/2325/2311 4488/5441/4483 3810/3943/3805 
f 3992/5442/3987 3953/5443/3948 1257/1257/1254 
f 2780/2812/2776 3953/5443/3948 3952/5115/3947 
f 2261/2269/2257 1432/1432/1429 1002/1002/1001 
f 4213/4445/4208 1432/1432/1429 2261/2269/2257 
f 3357/3436/3353 137/137/137 3356/3435/3352 
f 3359/3438/3355 137/137/137 3357/3436/3353 
f 4899/5444/4892 2770/2800/2766 2771/2801/2767 
f 3280/3352/3276 3918/4084/3913 2771/4083/2767 
f 509/509/509 3088/3141/3084 4806/5283/4799 
f 4806/5283/4799 981/981/980 980/980/979 
f 3577/3677/3572 2876/2916/2872 2406/2421/2402 
f 2876/2916/2872 2407/2422/2403 2406/2421/2402 
f 1201/1201/1198 737/737/737 4068/4265/4063 
f 3527/3621/3522 1201/1201/1198 3528/3622/3523 
f 2317/2327/2313 2316/2326/2312 1116/1116/1114 
f 2316/2326/2312 813/813/813 1116/1116/1114 
f 2210/2216/2206 1131/1131/1129 4278/4533/4273 
f 1131/1131/1129 4277/4532/4272 4278/4533/4273 
f 4900/5445/4893 1388/1388/1385 2668/2691/2664 
f 4900/5445/4893 2668/2691/2664 783/783/783 
f 2691/4984/2687 4610/5446/4605 2687/2710/2683 
f 4901/5447/4894 3686/3802/3681 3685/3801/3680 
f 4772/5231/4766 3067/3120/3063 3066/3119/3062 
f 3064/3117/3060 2229/2237/2225 913/913/913 
f 4098/4299/4093 3936/4104/3931 4099/4300/4094 
f 3936/4104/3931 3935/4103/3930 449/449/449 
f 4484/5448/4479 4110/5435/4105 866/866/866 
f 2267/2275/2263 4005/4187/4000 2266/2274/2262 
f 3099/3154/3095 1923/1923/1920 4092/4292/4087 
f 1921/1921/1918 1923/1923/1920 3099/3154/3095 
f 1728/1728/1725 1310/1310/1307 1729/1729/1726 
f 1141/1141/1138 1310/1310/1307 1728/1728/1725 
f 2858/2898/2854 1272/4420/1269 4193/4421/4188 
f 3700/3816/3695 4193/5409/4188 1272/1272/1269 
f 1544/1544/1541 3609/3715/3604 1436/1436/1433 
f 544/544/544 543/543/543 1436/1436/1433 
f 4902/5449/4895 2839/5450/2835 4450/5086/4445 
f 4902/5449/4895 4520/4857/4515 2592/4856/2588 
f 1903/1903/1900 2525/2542/2521 2872/2912/2868 
f 1903/1903/1900 1902/1902/1899 2525/2542/2521 
f 384/384/384 1252/1252/1249 3433/3518/3429 
f 3581/3681/3576 2940/2982/2936 384/384/384 
f 4644/5030/4639 4288/4550/4283 2944/2988/2940 
f 3059/3111/3055 3058/3110/3054 4644/5030/4639 
f 1017/1017/1016 1016/1016/1015 2307/2317/2303 
f 2307/2317/2303 1016/1016/1015 1165/1165/1162 
f 3311/3386/3307 2600/2619/2596 3309/3384/3305 
f 3590/3693/3585 3309/3695/3305 2600/3692/2596 
f 3083/3136/3079 2886/2928/2882 2889/2931/2885 
f 3083/3136/3079 4065/5016/4060 2886/2928/2882 
f 2822/2860/2818 1524/1524/1521 133/133/133 
f 2822/2860/2818 133/133/133 81/81/81 
f 1578/1578/1575 523/523/523 525/525/525 
f 2275/2283/2271 523/523/523 1578/1578/1575 
f 362/362/362 2992/3038/2988 1168/1168/1165 
f 2992/3038/2988 362/362/362 2644/2663/2640 
f 1320/1320/1317 3207/3273/3203 3205/3271/3201 
f 3205/4399/3201 3207/5451/3203 1322/1322/1319 
f 3082/4138/3078 3085/4136/3081 3964/4139/3959 
f 1825/1825/1822 3085/3138/3081 3082/3135/3078 
f 3503/5452/3498 3505/3597/3500 3507/3599/3502 
f 639/639/639 2720/2746/2716 2117/3751/2114 
f 2622/2641/2618 3990/4170/3985 4903/5453/4896 
f 150/150/150 2622/2641/2618 4903/5453/4896 
f 3958/5019/3953 3957/5454/3952 1174/1174/1171 
f 4182/5455/4177 1174/1174/1171 3957/5454/3952 
f 3521/3615/3516 4195/4423/4190 3162/3224/3158 
f 3163/3225/3159 3162/3224/3158 4195/4423/4190 
f 4612/4985/4607 3254/3325/3250 2621/5456/2617 
f 2622/2641/2618 2621/2640/2617 3254/4169/3250 
f 4744/5193/4738 4743/5192/4737 2466/2482/2462 
f 4744/5193/4738 2466/2482/2462 2465/2481/2461 
f 1618/1618/1615 3158/3220/3154 3160/3222/3156 
f 3250/3321/3246 3248/3319/3244 642/642/642 
f 1814/1814/1811 3498/5457/3494 1815/1815/1812 
f 1814/1814/1811 1344/1344/1341 3498/5457/3494 
f 1537/1537/1534 1068/1068/1066 595/595/595 
f 2324/2334/2320 1068/1068/1066 1537/1537/1534 
f 2281/2289/2277 2/2/2 4607/4979/4602 
f 471/471/471 4607/4979/4602 2/2/2 
f 1663/1663/1660 485/485/485 887/887/887 
f 485/485/485 885/885/885 887/887/887 
f 900/900/900 2584/2603/2580 128/128/128 
f 1086/1086/1084 128/128/128 2584/2603/2580 
f 374/374/374 3618/3724/3613 3619/3725/3614 
f 3619/3725/3614 375/375/375 374/374/374 
f 4351/4629/4346 2392/2407/2388 1527/1527/1524 
f 4495/4824/4490 2392/2407/2388 2391/2406/2387 
f 3509/3601/3504 4153/5458/4148 1505/1505/1502 
f 4153/5458/4148 3509/3601/3504 4152/4365/4147 
f 1137/1137/1135 1136/1136/1134 973/973/972 
f 3449/3535/3445 1964/1964/1961 3450/3536/3446 
f 1559/4126/1556 3531/3625/3526 3530/3624/3525 
f 2850/2890/2846 4801/5278/4794 1559/1559/1556 
f 2686/2709/2682 1455/1455/1452 3831/3967/3826 
f 738/738/738 3526/3620/3521 1455/1455/1452 
f 3613/3719/3608 3886/4040/3881 3358/3437/3354 
f 581/581/581 3613/3719/3608 3356/3435/3352 
f 3029/3078/3025 3911/4076/3906 4257/5459/4252 
f 4257/4506/4252 513/513/513 3029/3080/3025 
f 429/429/429 4023/4209/4018 3181/3243/3177 
f 4023/4209/4018 429/429/429 431/431/431 
f 656/656/656 2205/2211/2201 501/501/501 
f 3348/3427/3344 502/502/502 501/501/501 
f 3682/5460/3677 2091/2093/2088 4361/5146/4356 
f 2091/2093/2088 3753/3875/3748 2092/2094/2089 
f 3461/5328/3457 2896/5461/2892 4834/5329/4827 
f 4904/5462/4897 4834/5329/4827 2896/5461/2892 
f 426/426/426 4599/4967/4594 427/427/427 
f 4600/4968/4595 4599/4967/4594 426/426/426 
f 1689/1689/1686 1688/1688/1685 3939/4107/3934 
f 3902/4063/3897 1688/1688/1685 1953/1953/1950 
f 4214/4446/4209 3177/3239/3173 3176/3238/3172 
f 3174/5463/3170 4212/5394/4207 4214/4446/4209 
f 1145/1145/1142 1140/1140/491 1143/1143/1140 
f 3344/3423/3340 1140/1140/491 1142/1142/1139 
f 1864/1864/1861 3928/4095/3923 575/575/575 
f 148/148/148 1864/1864/1861 575/575/575 
f 3998/4179/3993 4905/5464/4898 4627/5009/4622 
f 4174/5465/4169 3998/4179/3993 4627/5009/4622 
f 2466/2482/2462 3308/3383/3304 4633/5017/4628 
f 4906/5466/4899 4512/4843/4507 4511/4842/4506 
f 2499/2516/2495 1855/1855/1852 4907/5467/4900 
f 1855/1855/1852 1854/1854/1851 4907/5467/4900 
f 3558/3658/3553 661/661/661 4130/4339/4125 
f 660/660/660 2796/2831/2792 661/661/661 
f 3048/3100/3044 4096/4296/4091 3051/3103/3047 
f 3264/3335/3260 3049/3101/3045 3051/3103/3047 
f 974/974/973 1526/1526/1523 1523/1523/1520 
f 3525/3619/3520 1523/1523/1520 1526/1526/1523 
f 426/426/426 1695/1695/1692 4600/4968/4595 
f 3216/3282/3212 4600/4968/4595 1695/1695/1692 
f 3038/5468/3034 3101/3156/3097 3100/3155/3096 
f 4881/5408/4874 3100/3155/3096 3101/3156/3097 
f 1901/1901/1898 1905/1905/1902 1904/1904/1901 
f 4883/5413/4876 3874/4027/3869 3876/4029/3871 
f 4908/5469/4901 3556/3656/3551 2489/2506/2485 
f 1796/1796/1793 4908/5469/4901 4441/4750/4436 
f 1111/1111/1109 797/797/797 796/796/796 
f 627/627/627 4763/5220/4757 796/796/796 
f 1171/1171/1168 3328/3404/3324 3327/3403/3323 
f 3328/3404/3324 1171/1171/1168 4180/4401/4175 
f 4909/5470/4902 1381/1381/1378 2581/2600/2577 
f 2581/2600/2577 1381/1381/1378 3942/4110/3937 
f 1297/1297/1294 1872/1872/1869 1298/1298/1295 
f 733/733/733 735/735/735 1298/1298/1295 
f 3343/3422/3339 2367/2380/2363 2366/2379/2362 
f 2366/2379/2362 552/552/552 4696/5111/4691 
f 796/796/796 798/798/798 4312/4578/4307 
f 3573/3673/3568 3572/3672/3567 2457/2473/2453 
f 335/335/335 743/743/743 465/465/465 
f 4537/4880/4532 465/465/465 3195/3261/3191 
f 986/986/985 818/818/818 4910/5471/4903 
f 818/818/818 1680/1680/1677 2786/2820/2782 
f 666/666/666 1523/1523/1520 4911/5472/4904 
f 3062/3114/3058 4088/4288/4083 666/666/666 
f 530/530/530 287/287/287 531/531/531 
f 4417/4715/4412 2323/2333/2319 287/287/287 
f 2314/2324/2310 2311/2321/2307 3283/3356/3279 
f 2312/2322/2308 2311/2321/2307 2314/2324/2310 
f 2779/2811/2775 1254/1254/1251 4912/5473/4905 
f 2779/2811/2775 3954/4124/3949 3991/4171/3986 
f 4913/5474/4906 3247/3318/3243 4637/5023/4632 
f 4913/5474/4906 1731/1731/1728 413/413/413 
f 837/837/837 255/255/255 2993/3039/2989 
f 4031/4219/4026 255/255/255 4914/5475/4907 
f 4176/4396/4171 4915/5476/4908 2810/2845/2806 
f 1755/1755/1752 4915/5477/4908 4177/4397/4172 
f 794/794/794 282/282/282 4916/5478/4909 
f 4286/4548/4281 4917/5479/4910 2374/2389/2370 
f 2611/2630/2607 3889/4043/3884 513/513/513 
f 2611/2630/2607 513/513/513 4258/4507/4253 
f 405/405/405 2005/2005/2002 1223/1223/1220 
f 879/879/879 405/405/405 1223/1223/1220 
f 2844/2882/2840 1844/2883/1841 4647/5038/4642 
f 2844/3821/2840 4641/5027/4636 1844/1844/1841 
f 3139/3197/3135 4918/5480/4911 3728/3848/3723 
f 1587/1587/1584 1589/1589/1586 1878/1878/1875 
f 1331/1331/1328 613/613/613 782/782/782 
f 3373/3452/3369 782/782/782 4227/4464/4222 
f 2282/2290/2278 4919/5481/4912 4920/5482/4913 
f 4920/5482/4913 3723/3843/3718 2282/2290/2278 
f 1615/5085/1612 4179/4400/4174 2237/2245/2233 
f 2237/2245/2233 899/899/899 1615/5085/1612 
f 2903/2945/2899 2121/2123/2118 2926/2968/2922 
f 4857/5372/4850 3904/4069/3899 2926/4068/2922 
f 2823/2861/2819 2824/2862/2820 3980/4159/3975 
f 3979/4158/3974 4921/5483/4914 340/340/340 
f 1073/1073/1071 1888/1888/1885 3255/3326/3251 
f 4316/4582/4311 1888/2817/1885 2785/2819/2781 
f 307/307/307 306/306/306 2152/2154/2148 
f 1644/1644/1641 307/307/307 781/781/781 
f 3076/3129/3072 228/228/228 230/230/230 
f 4627/5009/4622 3076/3129/3072 230/230/230 
f 4126/4333/4121 245/245/245 244/244/244 
f 2433/2448/2429 4126/4333/4121 2432/2447/2428 
f 4379/4661/4374 710/710/710 4408/4704/4403 
f 900/900/900 4379/4661/4374 899/899/899 
f 2879/2920/2875 2880/2921/2876 297/297/297 
f 3707/3825/3702 3706/3824/3701 2879/2920/2875 
f 1076/1076/1074 2841/2879/2837 1795/1795/1792 
f 1795/1795/1792 2841/2879/2837 2842/2880/2838 
f 2341/2351/2337 4530/4870/4525 4529/4869/4524 
f 2276/2284/2272 3788/3919/3783 3790/3922/3785 
f 2259/2267/2255 292/292/292 120/120/120 
f 2259/2267/2255 120/120/120 584/584/584 
f 229/229/229 228/228/228 559/559/559 
f 2048/2050/2045 2214/2220/2210 3873/4026/3868 
f 2511/2528/2507 1177/1177/1174 4425/4727/4420 
f 1177/1177/1174 1176/1176/1173 4425/4727/4420 
f 3125/3183/3121 3127/3185/3123 3760/3885/3755 
f 4322/4588/4317 3125/3183/3121 3760/3885/3755 
f 4217/5484/4212 4220/4453/4215 4550/5485/4545 
f 1211/1211/1208 4220/4453/4215 4217/5484/4212 
f 263/263/263 2443/2458/2439 264/264/264 
f 264/264/264 2443/2458/2439 754/754/754 
f 793/793/793 795/795/795 1368/1368/1365 
f 3334/3411/3330 4922/5486/4915 4286/4548/4281 
f 3737/4407/3732 2138/2140/1587 2137/2139/2134 
f 2435/2450/2431 3426/3511/3422 2137/2139/2134 
f 1240/1240/1237 3964/4139/3959 4384/4666/4379 
f 3964/4139/3959 3085/4136/3081 4384/4666/4379 
f 4919/5487/4912 4151/4364/4146 4150/4363/4145 
f 2282/2290/2278 2917/2959/2913 4919/5481/4912 
f 2728/2755/2724 1086/1086/1084 1085/1085/1083 
f 2728/2755/2724 4672/5072/4667 1086/1086/1084 
f 2492/2509/2488 4543/4888/4538 3557/4886/3552 
f 2490/2507/2486 2489/2506/2485 3557/3657/3552 
f 1025/1025/1024 2302/2310/2298 3203/3269/3199 
f 3801/3934/3796 3803/3936/3798 1025/1025/1024 
f 2561/2578/2557 3739/3861/3734 2563/2580/2559 
f 1494/1494/1491 4272/4526/4267 2563/2597/2559 
f 600/600/600 215/215/215 1468/1468/1465 
f 20/20/20 689/689/689 3167/3229/3163 
f 4081/5488/4076 4350/4921/4345 4567/4920/4562 
f 4081/5488/4076 4872/5393/4865 4080/5489/4075 
f 583/583/583 922/922/921 2140/2142/2136 
f 583/583/583 342/342/342 922/922/921 
f 1017/1017/1016 4344/4622/4339 4343/4621/4338 
f 226/226/226 3393/3477/3389 1017/1017/1016 
f 960/960/959 86/86/86 961/961/960 
f 3021/3070/3017 960/960/959 3022/3071/3018 
f 4923/5490/4916 2703/2726/2699 2701/2724/2697 
f 3390/3472/3386 2701/2724/2697 2703/2726/2699 
f 3932/4099/3927 1283/1283/1280 3934/4101/3929 
f 1659/1659/1656 1284/1284/1281 1283/1283/1280 
f 1626/1626/1623 1625/1625/1622 1627/1627/1624 
f 1625/1625/1622 2831/2869/2827 1627/1627/1624 
f 1032/1032/1031 1031/1031/1030 3118/4436/3114 
f 3118/3176/3114 4711/5140/4706 2885/2927/2881 
f 1825/1825/1822 3955/4125/3950 3085/3138/3081 
f 3955/4125/3950 1825/1825/1822 1108/1108/1106 
f 4277/4532/4272 2081/2083/2078 4924/5491/4917 
f 4925/5492/4918 4924/5491/4917 2081/2083/2078 
f 4209/4569/4204 168/168/168 868/868/868 
f 168/168/168 4853/5368/4846 4855/5370/4848 
f 4558/4908/4553 4559/4910/4554 4926/5493/4919 
f 2739/4322/2735 872/872/872 4926/5493/4919 
f 2571/2588/2567 4605/4977/4600 2570/2587/2566 
f 3318/4177/3314 3993/5494/3988 2571/2588/2567 
f 711/711/711 651/651/651 650/650/650 
f 650/650/650 2590/2609/2586 711/711/711 
f 2050/2052/2047 2049/2051/2046 1264/1264/1261 
f 4927/5495/4920 2050/2052/2047 77/77/77 
f 3998/4179/3993 909/909/909 4905/5464/4898 
f 908/908/908 4905/5464/4898 909/909/909 
f 2115/2117/2112 3866/4018/3861 4928/5496/4921 
f 3787/4987/3782 1118/1118/1116 3866/4018/3861 
f 1538/1538/1535 1071/1071/1069 1070/1070/1068 
f 3970/4148/3965 1071/1071/1069 4929/5497/4922 
f 3379/3460/3375 1008/1008/1007 3860/4012/3855 
f 1008/1008/1007 3379/3460/3375 2006/2006/2003 
f 2542/2559/2538 918/918/411 399/399/399 
f 916/916/916 918/918/411 4015/4200/4010 
f 4373/4654/4368 160/160/160 1817/1817/1814 
f 4614/4988/4609 4168/4384/4163 4615/4989/4610 
f 468/468/468 2308/2318/2304 469/469/469 
f 2308/2318/2304 468/468/468 4768/5226/4762 
f 2550/2567/2546 4052/4245/4047 1050/1050/1048 
f 2550/5498/2546 3511/3603/3506 4052/4948/4047 
f 418/418/418 417/417/417 4930/5499/4923 
f 4930/5499/4923 2261/2269/2257 418/418/418 
f 1267/1267/1264 1736/1736/1733 4541/4885/4536 
f 1736/1736/1733 1267/1267/1264 1269/1269/1266 
f 3583/3683/3578 2940/2982/2936 3582/3682/3577 
f 386/386/386 2940/2982/2936 387/387/387 
f 738/738/738 3838/3976/3833 739/739/739 
f 3838/3976/3833 738/738/738 1456/1456/1453 
f 4329/4599/4324 1647/1647/1644 1694/1694/1691 
f 1694/1694/1691 1647/1647/1644 3219/3285/3215 
f 2716/2739/2712 2796/2831/2792 660/660/660 
f 2715/2738/2711 1634/1634/1631 2716/2739/2712 
f 2565/2678/2561 1611/1611/1608 4638/5024/4633 
f 2565/2582/2561 4638/5500/4633 2569/2586/2565 
f 2306/2316/2302 2305/2315/2301 1860/1860/1857 
f 2306/2316/2302 4587/4951/4582 4586/4950/4581 
f 3649/3758/3644 839/839/839 3650/3759/3645 
f 839/839/839 3649/3758/3644 2031/2033/2028 
f 4726/5171/4721 1622/1622/1619 4155/4368/4150 
f 2588/2607/2584 4155/4368/4150 1622/1622/1619 
f 1323/1323/1320 3538/3633/3533 703/703/703 
f 1324/1324/1321 1323/1323/1320 4104/4306/4099 
f 1042/1042/1041 478/478/478 477/477/477 
f 1042/1042/1041 477/477/477 4931/5501/4924 
f 4038/4226/4033 4039/5502/4034 993/993/992 
f 2431/5503/2427 4509/4840/4504 1810/1810/1807 
f 1291/1291/1288 466/466/466 3749/3871/3744 
f 2426/2441/2422 3779/3906/3774 1291/1291/1288 
f 2220/2228/2216 4932/5504/4925 4128/4335/4123 
f 3279/3351/3275 2223/2231/2219 2220/2228/2216 
f 4836/5334/4829 4205/4437/4200 2633/2652/2629 
f 3824/3959/3819 4836/5334/4829 2633/2652/2629 
f 2641/2660/2637 4933/5505/4926 1387/1387/1384 
f 1387/1387/1384 4933/5505/4926 1388/1388/1385 
f 4934/5506/4927 1409/2372/1406 4748/5198/4742 
f 3404/3488/3400 1409/1409/1406 4934/5507/4927 
f 463/463/463 954/954/953 4564/4917/4559 
f 3185/3247/3181 954/954/953 463/463/463 
f 3071/3124/3067 2023/2025/2020 440/440/440 
f 3071/3124/3067 3546/3644/3541 2023/2025/2020 
f 3970/4148/3965 595/595/595 3745/3867/3740 
f 595/595/595 1898/1898/1895 1537/1537/1534 
f 570/570/570 3795/3928/3790 3797/3930/3792 
f 570/570/570 3797/3930/3792 571/571/571 
f 4393/4683/4388 4394/4684/4389 1879/1879/1876 
f 1062/1062/1060 4393/4683/4388 1063/1063/1061 
f 4268/4520/4263 764/4519/764 3501/3593/3496 
f 3190/4238/3186 1932/1932/1929 764/764/764 
f 3730/3852/3725 204/204/204 1213/1213/1210 
f 204/204/204 206/206/206 495/495/495 
f 3622/4410/3617 4186/4408/4181 4935/5508/4928 
f 3622/3728/3617 4935/5509/4928 3623/3729/3618 
f 497/497/497 1262/1262/1259 2931/2973/2927 
f 1263/1263/1260 1262/1262/1259 497/497/497 
f 581/581/581 4495/4824/4490 4494/4823/4489 
f 3613/3719/3608 581/581/581 3614/3720/3609 
f 4533/4874/4528 3840/3984/3835 2980/3985/2976 
f 2980/3985/2976 3898/4055/3893 4533/4874/4528 
f 3231/3297/3227 4267/4517/4262 4936/5510/4929 
f 2287/2295/2283 3231/4875/3227 4936/5511/4929 
f 2861/2901/2857 2865/2905/2861 2862/2902/2858 
f 3479/3566/3475 3856/4006/3851 3857/4007/3852 
f 3567/3667/3562 3568/3668/3563 3565/3665/3560 
f 190/190/190 2656/2679/2652 2218/2226/2214 
f 871/871/871 1725/1725/1722 1150/1150/1147 
f 871/871/871 2818/2856/2814 1725/1725/1722 
f 4350/4628/4345 4349/4627/4344 2520/4589/2516 
f 2520/2537/2516 2519/2536/2515 4350/4921/4345 
f 1803/1803/1800 3313/3388/3309 4067/5512/4062 
f 2602/2621/2598 4067/4263/4062 3313/4471/3309 
f 2483/2500/2479 2482/2499/2478 2807/2842/2803 
f 3924/4744/3919 3926/5513/3921 2482/2499/2478 
f 1178/1178/1175 2910/2952/2906 2909/2951/2905 
f 4009/5002/4004 1178/1178/1175 4731/5514/4726 
f 3711/3831/3706 3712/3832/3707 4331/4603/4326 
f 3712/3832/3707 3711/3831/3706 4571/4925/4566 
f 310/310/310 87/87/87 1501/1501/1498 
f 87/87/87 310/310/310 2239/2247/2235 
f 379/379/379 4885/5416/4878 4652/5515/4647 
f 381/381/381 4885/5416/4878 379/379/379 
f 4389/4677/4384 218/218/218 3676/3792/3671 
f 3676/3792/3671 218/218/218 4937/5516/4930 
f 2756/2783/2752 2755/2782/2751 3631/5291/3626 
f 4658/5052/4653 3778/5054/3773 4938/5517/4931 
f 4501/4830/4496 67/67/67 439/439/439 
f 67/67/67 1041/1041/1040 4109/4311/4104 
f 2069/2071/2066 662/662/662 664/664/664 
f 662/662/662 661/661/661 664/664/664 
f 3087/3140/3083 814/814/814 4939/5518/4932 
f 4939/5518/4932 814/814/814 813/813/813 
f 4240/4484/4235 3500/3592/2698 4057/5203/4052 
f 7/7/7 3500/3592/2698 4240/4484/4235 
f 4616/4991/4611 4940/5519/4933 2742/2769/2738 
f 2742/2769/2738 2744/2771/2740 4616/4991/4611 
f 667/667/667 2986/3032/2982 975/975/974 
f 667/667/667 975/975/974 668/668/668 
f 4489/4815/4484 534/534/534 3786/3916/3781 
f 1114/1114/1112 1113/1113/1111 534/534/534 
f 1090/1090/1088 4145/4356/4140 3142/5520/3138 
f 3142/3200/3138 2866/2906/2862 3144/3202/3140 
f 672/672/672 3078/3131/3074 1547/1547/1544 
f 3078/3131/3074 4491/4817/4486 4490/4816/4485 
f 3023/3072/3019 3025/3074/3021 3603/3708/3598 
f 2548/2565/2544 721/721/721 3601/3706/3596 
f 4941/5521/4934 3541/3638/3536 2441/2456/2437 
f 3481/5522/3477 4499/5523/4494 2441/2456/2437 
f 2863/2903/2859 2793/2828/2789 2864/2904/2860 
f 751/751/751 2793/2828/2789 2863/2903/2859 
f 364/364/364 3159/3221/3155 4310/4575/4305 
f 366/366/366 3159/3221/3155 364/364/364 
f 3118/3176/3114 4244/4489/4239 3116/3174/3112 
f 4244/4489/4239 445/445/445 3116/3174/3112 
f 2683/2706/2679 2135/2137/2132 2134/2136/2131 
f 4736/5184/4730 2683/2706/2679 2681/2704/2677 
f 4942/5524/4935 3988/4167/3983 4943/5525/4936 
f 4943/5525/4936 617/617/617 4770/5228/4764 
f 2014/2016/2011 2013/2015/2010 3030/3079/3026 
f 3030/3079/3026 3733/3855/3728 2014/2016/2011 
f 1704/1704/1701 1703/1703/1700 4944/5526/4937 
f 1704/1704/1701 4944/5526/4937 4409/4705/4404 
f 71/71/71 789/789/789 1579/1579/1576 
f 71/71/71 70/70/70 789/789/789 
f 1358/1358/1355 2165/2167/2161 2163/2165/2159 
f 890/890/890 2165/2167/2161 1358/1358/1355 
f 4113/4318/4108 1077/1077/1075 4112/4316/4107 
f 459/459/459 4112/4316/4107 1077/1077/1075 
f 2239/2247/2235 2240/2248/2236 2238/2246/2234 
f 1304/1304/1301 2240/2248/2236 2239/2247/2235 
f 2693/2716/2689 4945/5527/4938 2692/2715/2688 
f 2692/2715/2688 4945/5527/4938 3756/3880/3751 
f 1040/1040/1039 476/476/476 179/179/179 
f 476/476/476 1040/1040/1039 3332/3409/3328 
f 4695/5109/4690 4016/4201/4011 368/368/368 
f 368/368/368 4016/4201/4011 2542/2559/2538 
f 4919/5487/4912 4150/4363/4145 1531/1531/1528 
f 1531/1531/1528 2625/2644/2621 1532/1532/1529 
f 4589/4955/4584 1735/1735/1732 2878/2919/2874 
f 1735/1735/1732 4693/5104/4688 2878/2919/2874 
f 2956/3000/2952 3276/3348/3272 803/803/803 
f 3276/3348/3272 2956/3000/2952 3274/3346/3270 
f 1281/1281/1278 172/172/172 171/171/171 
f 172/172/172 1281/1281/1278 1443/1443/1440 
f 1459/1459/1456 4725/5170/4720 3089/5169/3085 
f 1459/1459/1456 3089/5169/3085 2184/2190/2180 
f 1584/1584/1581 1586/1586/1583 2425/2440/2421 
f 2421/2436/2417 1586/4283/1583 4086/4285/4081 
f 3621/3727/3616 1839/1839/1836 1840/1840/1837 
f 151/151/151 1839/1839/1836 3621/3727/3616 
f 3938/4106/3933 1690/1690/1687 655/655/655 
f 655/655/655 1690/1690/1687 653/653/653 
f 2130/2132/2127 124/124/124 1212/1212/1209 
f 124/124/124 4233/4474/4228 1144/1144/1141 
f 4946/5528/4939 1407/1407/1404 3942/4110/3937 
f 4723/5167/4718 3942/5529/3937 1407/4788/1404 
f 1463/1463/1460 3351/3430/3347 4132/4342/4127 
f 3351/3430/3347 522/522/522 3352/3431/3348 
f 1530/1530/1527 3347/4900/3343 4440/4749/4435 
f 3347/3426/3343 388/388/388 3209/3275/3205 
f 4273/4528/4268 4478/4801/4473 2631/5530/2627 
f 3825/3960/3820 2632/5531/2628 2631/5530/2627 
f 3478/3565/3474 2444/2459/2440 2034/4527/2031 
f 3478/3637/3474 2034/2036/2031 4554/4903/4549 
f 4851/5532/4844 2605/3978/2601 4266/4515/4261 
f 4851/5364/4844 184/184/184 2605/2624/2601 
f 3363/3442/3359 3362/3441/3358 1639/1639/1636 
f 1639/1639/1636 461/461/461 460/460/460 
f 4670/5070/4665 2751/2778/2747 3514/3608/3509 
f 2751/2778/2747 4779/5242/4773 3514/3608/3509 
f 2891/2933/2887 2498/2515/2494 1592/1592/1589 
f 2498/2515/2494 1976/1976/1973 4282/4539/4277 
f 123/123/123 756/756/756 1591/1591/1588 
f 1899/1899/1896 3975/4154/3970 1591/1591/1588 
f 2877/4273/2873 2616/2635/2612 606/606/606 
f 606/606/606 2614/2633/2610 1268/1268/1265 
f 256/256/256 255/255/255 4030/4218/4025 
f 2027/2822/2024 2719/2745/2715 4807/5286/4800 
f 446/446/446 2198/2204/2194 445/445/445 
f 445/445/445 2198/2204/2194 3116/3174/3112 
f 1699/1699/1696 1235/1235/1232 1700/1700/1697 
f 4507/4838/4502 1700/1700/1697 1235/1235/1232 
f 1570/1570/1567 2310/2320/2306 3690/3806/3685 
f 2310/2320/2306 1570/1570/1567 2988/3034/2984 
f 1832/1832/1829 3232/5533/3228 2286/2294/2282 
f 2286/2294/2282 4046/4236/4041 1832/1832/1829 
f 2960/3005/2956 2453/2469/2449 4582/4940/4577 
f 2962/3007/2958 2960/3005/2956 4582/4940/4577 
f 2436/2451/2432 475/475/475 474/474/474 
f 475/475/475 4476/4798/4471 3425/4146/3421 
f 2394/2409/2390 1718/1718/1715 2395/2410/2391 
f 2394/2409/2390 2781/2813/2777 1718/1718/1715 
f 1786/1786/1783 346/346/346 348/348/348 
f 1786/1786/1783 348/348/348 1789/1789/1786 
f 1148/1148/1145 2928/2970/2924 812/812/812 
f 1148/1148/1145 3930/4097/3925 2928/2970/2924 
f 1050/1050/1048 3440/3526/3436 2516/2533/2512 
f 3440/3526/3436 1050/1050/1048 4052/4245/4047 
f 1584/1584/1581 2425/2440/2421 2238/2246/2234 
f 2238/2246/2234 2240/2248/2236 1584/1584/1581 
f 4947/5534/4940 1602/1602/1599 3705/4945/3700 
f 4947/5534/4940 443/443/443 1602/1602/1599 
f 2901/2943/2897 2900/2942/2896 4948/5535/4941 
f 2898/2940/2894 1423/1423/1420 4091/4291/4086 
f 2257/2265/2253 378/378/378 2256/2264/2252 
f 1560/1560/1557 2257/2265/2253 2256/2264/2252 
f 3833/3969/3828 2686/2709/2682 3831/3967/3826 
f 2686/4953/2682 3833/5536/3828 742/742/742 
f 4284/4543/4279 2433/2448/2429 419/4541/419 
f 419/4541/419 2433/2448/2429 4873/5396/4866 
f 211/211/211 4390/4680/4385 4392/4682/4387 
f 4949/5537/4942 211/211/211 2043/2045/2040 
f 3747/3869/3742 3372/3451/3368 4439/4747/4434 
f 2085/2087/2082 2084/2086/2081 4439/4747/4434 
f 2645/2664/2641 1508/1508/1505 3598/4685/3593 
f 2646/2666/2642 2645/2664/2641 3598/4685/3593 
f 3018/3067/3014 4243/4488/4238 3863/4015/3858 
f 3864/4016/3859 3863/4015/3858 2883/2925/2879 
f 1933/1933/1930 1932/1932/1929 4950/5538/4943 
f 4657/5051/4652 290/290/290 1932/1932/1929 
f 4058/4251/4053 723/723/723 257/257/257 
f 4058/4251/4053 804/804/804 4199/4429/4194 
f 1162/1162/1159 2048/2050/2045 2216/2222/2212 
f 1162/1162/1159 1163/1163/1160 2048/2050/2045 
f 3332/3409/3328 1040/1040/1039 3912/4077/3907 
f 3330/3407/3326 2653/4932/2649 3332/3409/3328 
f 2804/2839/2800 4737/5185/4731 1270/1270/1267 
f 2804/4093/2800 3927/4094/3922 2801/2836/2797 
f 4642/5028/4637 2754/2781/2750 4643/5029/4638 
f 3888/4042/3883 2112/2466/2109 2450/2465/2446 
f 3407/3491/3403 3406/3490/3402 567/567/567 
f 3406/3490/3402 4278/4533/4273 4277/4532/4272 
f 768/768/768 366/366/366 365/365/365 
f 1081/1081/1079 16/16/16 366/366/366 
f 4951/5539/4944 3543/3641/3538 682/682/682 
f 4951/5539/4944 682/682/682 3943/4111/3938 
f 1428/1428/1425 2207/2213/2203 1426/1426/1423 
f 2207/2213/2203 1428/1428/1425 3348/3427/3344 
f 1949/1949/1946 1951/1951/1948 3305/3380/3301 
f 1722/1722/1719 3305/3380/3301 1720/1720/1717 
f 3600/3705/3595 3602/3707/3597 3931/4098/3926 
f 3933/4100/3928 3028/5540/3024 3931/4098/3926 
f 4683/5541/4678 2354/2365/2350 2356/2367/2352 
f 2356/5542/2352 2672/2695/2668 4683/5088/4678 
f 906/906/906 3688/3804/3683 905/905/905 
f 905/905/905 1313/1313/1310 1315/1315/1312 
f 3689/3805/3684 3688/3804/3683 906/906/906 
f 906/906/906 3894/4048/3889 3689/3805/3684 
f 4324/4592/4319 4325/4593/4320 3300/4590/3296 
f 4324/4592/4319 2846/2886/2842 1373/1373/1370 
f 4063/4258/4058 1287/1287/1284 2970/3015/2966 
f 1305/4256/1302 4063/4258/4058 2970/3015/2966 
f 3586/3688/3581 2372/2387/2368 3587/3689/3582 
f 3459/3545/3455 4562/4915/4557 3587/4836/3582 
f 165/165/165 4952/5543/4945 1715/1715/1712 
f 3919/4085/3914 3280/3352/3276 1713/1713/1710 
f 4819/5303/4812 4820/5304/4813 4888/5544/4881 
f 4889/5426/4882 4888/5425/4881 4953/5545/4946 
f 880/880/880 879/879/879 2627/2646/2623 
f 406/406/406 2627/2646/2623 879/879/879 
f 4761/5216/4755 1369/1369/1366 3575/5110/3570 
f 2458/2474/2454 1369/1369/1366 4761/5216/4755 
f 1435/1435/1432 4255/4504/4250 4254/4503/4249 
f 3003/3051/2999 543/543/543 4028/4214/4023 
f 4250/4495/4245 1963/1963/1960 3842/3987/3837 
f 3450/3536/3446 4250/4495/4245 3422/4498/3418 
f 3940/4752/3935 2555/2572/2551 3087/3140/3083 
f 3087/3140/3083 2319/2329/2315 3940/4752/3935 
f 2955/2999/2951 1696/5546/1693 3673/5547/3668 
f 2955/2999/2951 3673/5547/3668 4234/4475/4229 
f 873/873/873 1730/1730/1727 102/102/102 
f 873/873/873 875/875/875 3119/3177/3115 
f 2576/2593/2572 1218/1218/1215 2453/2469/2449 
f 2453/2469/2449 1218/1218/1215 4582/4940/4577 
f 3371/5548/3367 1649/1649/1646 3372/5549/3368 
f 3372/5549/3368 3520/3614/3515 1652/1652/1649 
f 439/439/439 829/829/829 2068/2070/2065 
f 831/831/831 2068/2070/2065 829/829/829 
f 4294/4557/4289 2175/2179/2171 1940/1940/1937 
f 4954/5550/4947 4588/4954/4583 4294/4557/4289 
f 3493/5040/3489 1783/1783/1780 3494/5551/3490 
f 4955/5552/4948 3494/5551/3490 1783/1783/1780 
f 198/198/198 469/469/469 2987/3033/2983 
f 469/469/469 4812/5294/4805 467/467/467 
f 2289/2297/2285 2288/2296/2284 3230/3296/3226 
f 4265/4514/4260 4264/4513/4259 3230/3296/3226 
f 2232/2240/2228 22/22/22 1162/1162/1159 
f 23/23/23 22/22/22 2232/2240/2228 
f 2271/2279/2267 4547/4892/4542 4010/4194/4005 
f 3146/3205/3142 4010/4198/4005 4013/4197/4008 
f 2650/2671/2646 3444/3530/3440 3364/3443/3360 
f 3444/3530/3440 2650/2671/2646 3442/3528/3438 
f 2233/2241/2229 1845/1845/1842 2724/2751/2720 
f 2233/2241/2229 23/23/23 2232/2240/2228 
f 1275/1275/1272 1757/1757/1754 3819/3952/3814 
f 3819/3952/3814 1757/1757/1754 1756/1756/1753 
f 478/478/478 4729/5174/4724 479/479/479 
f 4729/5174/4724 4728/5173/4723 1610/1610/1607 
f 3625/3731/3620 2213/2219/2209 2762/2790/2758 
f 2213/2219/2209 1183/1183/1180 2762/2790/2758 
f 2120/2122/2117 4418/4716/4413 4619/4997/4614 
f 4619/5553/4614 3507/3599/3502 2120/2748/2117 
f 4099/4300/4094 2191/2197/2187 4912/5473/4905 
f 2779/2811/2775 4912/5473/4905 2191/2197/2187 
f 2094/2096/2091 3683/3799/3678 4359/4638/4354 
f 1483/1483/1480 1482/1482/1479 4359/4638/4354 
f 4142/4353/4137 1944/1944/1941 619/619/619 
f 619/619/619 2850/2890/2846 4142/4353/4137 
f 770/770/770 2352/2363/2348 2351/2362/2347 
f 770/770/770 1133/1133/1131 1135/1135/1133 
f 632/632/632 25/25/25 2832/2870/2828 
f 2832/2870/2828 146/146/146 632/632/632 
f 4378/4660/4373 1198/1198/1195 1766/1766/1763 
f 4378/4660/4373 1766/1766/1763 3857/4007/3852 
f 897/4340/897 2340/2350/2336 3221/3287/3217 
f 897/897/897 896/896/896 2340/3920/2336 
f 4659/5056/4654 2798/2833/2794 2797/2832/2793 
f 2797/2832/2793 1384/1384/1381 4956/5554/4949 
f 1487/1487/1484 1887/1887/1884 2520/2537/2516 
f 1487/1487/1484 1486/1486/1483 1887/1887/1884 
f 2275/2283/2271 3319/4820/3315 3996/4176/3991 
f 3108/3166/3104 3319/4820/3315 2275/2283/2271 
f 1502/1502/1499 613/613/613 4557/4907/4552 
f 613/613/613 1502/1502/1499 780/780/780 
f 3909/4074/3904 4884/5555/4877 3042/3094/3038 
f 4797/5556/4791 3042/3094/3038 4884/5555/4877 
f 3990/4170/3985 3254/4169/3250 2674/3473/2670 
f 1551/1551/1548 1550/1550/1547 2674/3473/2670 
f 4416/4714/4411 4417/4715/4412 2118/2120/2115 
f 3504/3596/3499 4416/4714/4411 2118/2120/2115 
f 689/689/689 1335/1335/1332 1334/1334/1331 
f 1335/1335/1332 689/689/689 690/690/690 
f 3519/3613/3514 187/187/187 904/904/904 
f 3519/3613/3514 904/904/904 4828/5319/4821 
f 1842/1842/1839 1841/1841/1838 4342/5557/4337 
f 3783/3911/3778 4342/5557/4337 3984/4616/3979 
f 1107/1107/1105 38/38/38 4156/4369/4151 
f 1236/1236/1233 4156/4369/4151 38/38/38 
f 3317/3392/3313 3994/4174/3989 3318/3393/3314 
f 3994/5558/3989 3993/5494/3988 3318/4177/3314 
f 2007/2007/2004 181/181/181 3851/3999/3846 
f 1056/1056/1054 181/181/181 2007/2007/2004 
f 1499/1499/1496 458/458/458 779/779/779 
f 3022/3071/3018 458/458/458 3020/3069/3016 
f 2848/2888/2844 1820/1820/1817 437/437/437 
f 2848/2888/2844 437/437/437 2847/2887/2843 
f 2545/2562/2541 4566/4919/4561 4565/4918/4560 
f 2545/2562/2541 3439/3525/3435 1054/1054/1052 
f 650/650/650 652/652/652 1101/1101/1099 
f 1101/1101/1099 652/652/652 2376/2391/2372 
f 152/152/152 3621/3727/3616 420/420/420 
f 422/422/422 152/152/152 420/420/420 
f 3844/3991/3839 37/37/37 39/39/39 
f 37/37/37 3844/3991/3839 1154/1154/1151 
f 4339/5559/4334 3213/3279/3209 4891/5560/4884 
f 4339/5559/4334 3214/3280/3210 3213/3279/3209 
f 1640/1640/1637 1639/1639/1636 3362/3441/3358 
f 3362/3441/3358 957/957/956 1640/1640/1637 
f 1350/1350/1347 860/860/860 1711/1711/1708 
f 1711/1711/1708 860/860/860 4184/4405/4179 
f 1379/1379/1376 1987/1987/1984 1985/1985/1982 
f 2581/2600/2577 1987/1987/1984 4909/5470/4902 
f 2989/3035/2985 1995/3980/1992 199/199/199 
f 2987/3033/2983 2989/3035/2985 4957/5561/4950 
f 1525/1525/1522 1524/1524/1521 2053/2055/2050 
f 336/336/336 3524/3618/3519 2053/2055/2050 
f 452/452/452 4958/5562/4951 3501/3593/3496 
f 3501/3593/3496 3502/3594/3497 4268/4520/4263 
f 4959/5563/4952 1008/1008/1007 1007/1007/1006 
f 2815/2853/2811 2817/2855/2813 1007/1007/1006 
f 2330/2340/2326 401/401/401 4895/5436/4888 
f 401/401/401 1830/1830/1827 4134/4344/4129 
f 1159/1159/1156 157/157/157 2513/2530/2509 
f 2513/2530/2509 157/157/157 4608/4980/4603 
f 252/252/252 1191/1191/1188 538/538/538 
f 252/252/252 538/538/538 253/253/253 
f 4623/5005/4618 1939/1939/1936 2870/5564/2866 
f 3089/3143/3085 2870/5564/2866 1939/1939/1936 
f 4663/5061/4658 4191/5565/4186 3355/3434/3351 
f 4191/5565/4186 4181/4402/4176 4180/4401/4175 
f 2531/2548/2527 1302/1302/1299 1301/1301/1298 
f 4584/4943/4579 2531/2548/2527 4583/4941/4578 
f 4259/4508/4254 1947/1947/1944 1948/1948/1945 
f 1948/1948/1945 1947/1947/1944 1946/1946/1943 
f 2623/2642/2619 4397/4689/4392 4960/5566/4953 
f 2621/2640/2617 2623/2642/2619 4960/5566/4953 
f 395/395/395 2948/2992/2944 2947/2991/2943 
f 4799/5275/4793 395/395/395 2947/2991/2943 
f 3784/3912/3779 4790/5260/4784 750/750/750 
f 750/750/750 3785/3915/3780 2514/2531/2510 
f 3473/3560/3469 3145/3203/3141 3472/3559/3468 
f 3472/3559/3468 4128/4337/4123 3473/3560/3469 
f 3973/4151/3968 305/305/305 4961/5567/4954 
f 1198/1198/1195 1197/1197/1194 305/305/305 
f 1723/1723/1720 2734/4913/2730 4560/4912/4555 
f 1723/1723/1720 4419/4717/4414 4420/4719/4415 
f 2532/2549/2528 3295/5568/3291 2533/2550/2529 
f 3295/5568/3291 4462/4779/4457 2533/2550/2529 
f 4336/4609/4331 2803/2838/2799 3960/4132/3955 
f 1867/1867/1864 2803/2838/2799 1868/1868/1865 
f 1632/1632/1629 3221/3287/3217 854/854/854 
f 1097/1097/1095 1632/1632/1629 854/854/854 
f 2772/2802/2768 1717/1717/1714 4899/5444/4892 
f 2771/2801/2767 2772/2802/2768 4899/5444/4892 
f 182/182/182 1056/1056/1054 2096/2098/2093 
f 2096/2098/2093 560/560/560 3092/3146/3088 
f 4091/4291/4086 1423/1423/1420 396/396/396 
f 1423/1423/1420 394/394/394 396/396/396 
f 4937/5516/4930 73/73/73 75/75/75 
f 218/218/218 73/73/73 4937/5516/4930 
f 969/969/968 1966/1966/1963 967/967/966 
f 1966/1966/1963 2999/3045/2995 2746/2773/2742 
f 4962/5569/4955 2735/2762/2731 3669/3782/3664 
f 4560/4912/4555 2736/4911/2732 3669/4909/3664 
f 4956/5554/4949 1384/1384/1381 1960/1960/1957 
f 1569/1569/1566 1960/1960/1957 1384/1384/1381 
f 3090/3144/3086 4492/4821/4487 3492/3581/3488 
f 4261/4510/4256 3090/3144/3086 3492/3581/3488 
f 2196/2202/2192 2396/2411/2392 2397/2412/2393 
f 2397/2412/2393 3117/4435/3113 2196/2202/2192 
f 986/986/985 1530/1530/1527 4440/4749/4435 
f 1530/1530/1527 986/986/985 4910/5471/4903 
f 319/319/319 2540/2557/2536 2538/2555/2534 
f 2538/2555/2534 2540/2557/2536 3986/4165/3981 
f 443/443/443 1511/1511/1508 1385/1385/1382 
f 1512/1512/1509 1511/1511/1508 443/443/443 
f 2959/3004/2955 4369/4649/4364 4370/4650/4365 
f 106/106/106 4369/4649/4364 2959/3004/2955 
f 1942/1942/1939 4963/5570/4956 2851/2891/2847 
f 2851/2891/2847 4963/5570/4956 4217/4450/4212 
f 4964/5571/4957 3513/3605/3508 3512/3604/3507 
f 1597/1597/1594 3512/4861/3507 3513/5572/3508 
f 3142/3200/3138 3144/3202/3140 3143/3201/3139 
f 4620/4998/4615 3144/3202/3140 2868/2908/2864 
f 3826/3961/3821 3825/3960/3820 455/455/455 
f 4502/4831/4497 4503/4832/4498 3826/3961/3821 
f 2342/2352/2338 3220/3286/3216 2340/2350/2336 
f 855/855/855 3220/3286/3216 2342/2352/2338 
f 3438/3524/3434 3436/3522/3432 2701/4521/2697 
f 3438/3524/3434 4898/5440/4891 3436/3522/3432 
f 4965/5573/4958 2203/2209/2199 1734/1734/1731 
f 602/602/602 4966/5574/4959 950/950/949 
f 2243/2251/2239 2242/2250/2238 599/599/599 
f 599/599/599 905/905/905 2243/2251/2239 
f 747/747/747 3468/3554/3464 4358/4637/4353 
f 3811/3944/3806 3468/3554/3464 747/747/747 
f 3750/3872/3745 3195/3261/3191 2463/3260/2459 
f 2465/5575/2461 2467/5018/2463 3750/3872/3745 
f 4429/4765/4424 3821/3954/3816 1650/1650/1647 
f 3371/5548/3367 1650/1650/1647 1649/1649/1646 
f 3300/4590/3296 4325/4593/4320 1805/4595/1802 
f 1805/1805/1802 3299/3374/3295 3300/3375/3296 
f 446/446/446 442/442/442 444/444/444 
f 444/444/444 1958/1958/1955 1957/1957/1954 
f 1484/1484/1481 3529/3623/3524 2095/2097/2092 
f 3529/3623/3524 3681/3797/3676 2095/2097/2092 
f 4613/4986/4608 1144/1144/1141 492/492/492 
f 1144/1144/1141 4233/4474/4228 492/492/492 
f 225/225/225 3792/3924/3787 226/226/226 
f 3392/3476/3388 226/226/226 3792/3924/3787 
f 1102/1102/1100 3935/4103/3930 1103/1103/1101 
f 449/449/449 3935/4103/3930 447/447/447 
f 4892/5429/4885 565/565/565 788/788/788 
f 564/564/564 788/788/788 565/565/565 
f 989/989/988 4304/4567/4299 130/130/130 
f 989/989/988 130/130/130 1294/1294/1291 
f 1985/1985/1982 3915/4080/3910 4399/4693/4394 
f 1380/1380/1377 1985/1985/1982 4399/4693/4394 
f 3777/3904/3772 1255/1255/1252 2756/2783/2752 
f 3777/3904/3772 2110/2112/2107 4098/4299/4093 
f 949/949/948 4546/4891/4541 1318/1318/1315 
f 1318/1318/1315 1317/1317/1314 949/949/948 
f 2002/2002/1999 4266/4515/4261 369/369/369 
f 2002/2002/1999 4851/5532/4844 4266/4515/4261 
f 3322/3398/3318 3824/3959/3819 698/3787/698 
f 4503/4832/4498 4502/4831/4497 698/698/698 
f 2209/2215/2205 4224/5189/4219 1426/1426/1423 
f 4436/4741/4431 4224/4461/4219 2958/3003/2954 
f 725/725/725 724/724/724 2619/2638/2615 
f 847/847/847 2619/2638/2615 724/724/724 
f 4748/5198/4742 3404/5576/3400 4934/5506/4927 
f 3404/5576/3400 4748/5198/4742 4841/5577/4834 
f 3333/3410/3329 3334/3411/3330 278/278/278 
f 2172/2176/2168 278/278/278 277/277/277 
f 2903/2945/2899 1227/1227/1224 1228/1228/1225 
f 1228/1228/1225 2121/2123/2118 2903/2945/2899 
f 1421/1421/1418 645/645/645 4412/4709/4407 
f 645/645/645 1948/1948/1945 3011/3060/3007 
f 2182/2186/2178 2181/2185/2177 3228/3294/3224 
f 2181/2185/2177 2283/2291/2279 4221/4456/4216 
f 1344/1344/1341 2410/2425/2406 2409/2424/2405 
f 3498/5457/3494 1344/1344/1341 2409/2424/2405 
f 1328/1328/1325 3913/4078/3908 1329/1329/1326 
f 1328/1328/1325 822/822/822 3913/4078/3908 
f 2318/5578/2314 4487/5579/4482 3786/3916/3781 
f 3786/3916/3781 536/536/536 2318/5578/2314 
f 1664/1664/1661 2159/2161/2155 2158/2160/2154 
f 734/734/734 2598/2617/2594 1664/1664/1661 
f 2494/2511/2490 4967/5580/4960 2497/2514/2493 
f 2497/4233/2493 4044/4232/4039 2494/4235/2490 
f 4043/4231/4038 2995/3041/2991 4825/5314/4818 
f 2995/3041/2991 4043/4231/4038 2996/3042/2992 
f 2059/2061/2056 4285/4545/4280 2179/4736/2175 
f 1431/1431/1428 932/932/931 2059/2061/2056 
f 1301/1301/1298 1303/1303/1300 830/830/830 
f 1301/1301/1298 2529/2546/2525 2531/2548/2527 
f 3120/3178/3116 4114/4319/4109 413/413/413 
f 411/411/411 413/413/413 4114/4319/4109 
f 3629/3736/3624 3632/3739/3627 3628/3735/3623 
f 3992/4172/3987 3632/5290/3627 2109/2111/2106 
f 2173/2177/2169 4602/4971/4597 2174/2178/2170 
f 2814/2850/2810 2174/3882/2170 2812/2848/2808 
f 3269/3341/3265 1416/1416/1413 2415/2740/2411 
f 804/804/804 1416/1416/1413 3269/3341/3265 
f 343/343/343 3696/3812/3691 4667/5065/4662 
f 3696/3812/3691 343/343/343 583/583/583 
f 2150/2152/2146 1707/1707/1704 2659/2682/2655 
f 1707/1707/1704 2150/2152/2146 1705/1705/1702 
f 3341/3419/3337 3337/3415/3333 4698/5118/4693 
f 3341/3419/3337 4732/5177/4727 3337/3415/3333 
f 4232/4473/4227 2602/2621/2598 3312/4472/3308 
f 2602/2621/2598 4232/4473/4227 3128/3186/3124 
f 313/313/313 2395/2410/2391 4601/4969/4596 
f 311/311/311 313/313/313 4601/4969/4596 
f 2553/2570/2549 962/962/961 4188/4411/4183 
f 1685/1685/1682 4188/4411/4183 1686/1686/1683 
f 3214/4613/3210 3225/3291/3221 1894/1894/1891 
f 1288/1288/1285 1894/1894/1891 1289/1289/1286 
f 732/732/732 1598/1598/1595 4964/5571/4957 
f 3512/3604/3507 732/732/732 4964/5571/4957 
f 4274/4529/4269 4597/4964/4592 1326/1326/1323 
f 1326/1326/1323 209/209/209 4274/4529/4269 
f 2255/2263/2251 2454/2470/2450 4517/4851/4512 
f 2577/4849/2573 4517/4851/4512 1558/1558/1555 
f 1390/1390/1387 4320/4586/4315 4968/5581/4961 
f 3596/3701/3591 1934/1934/1931 4320/4586/4315 
f 3068/3121/3064 3070/3123/3066 4170/4386/4165 
f 3070/3123/3066 4531/5582/4526 4170/4386/4165 
f 171/171/171 1282/1282/1279 1281/1281/1278 
f 1282/1282/1279 3671/3784/3666 1284/1284/1281 
f 1014/1014/1013 4172/4388/4167 4171/4387/4166 
f 1014/1014/1013 4173/4389/4168 2657/2680/2653 
f 1998/1998/1995 3554/5153/3549 3553/5583/3548 
f 4645/5035/4640 1998/1998/1995 3725/5034/3720 
f 4371/4651/4366 2950/2994/2946 4208/4440/4203 
f 4371/4651/4366 4208/4440/4203 301/301/301 
f 3314/3389/3310 158/158/158 267/267/267 
f 158/158/158 3314/3389/3310 3734/3856/3729 
f 166/166/166 403/403/403 167/167/167 
f 4688/5097/4683 403/403/403 881/881/881 
f 4209/4569/4204 4306/4570/4301 3238/3306/3234 
f 3238/4312/3234 3080/3133/3076 4209/4441/4204 
f 576/576/576 3417/3501/3413 63/63/63 
f 3417/3501/3413 61/61/61 63/63/63 
f 4357/4995/4352 4402/4696/4397 3471/3557/3467 
f 4403/4697/4398 4402/4696/4397 2104/5584/2101 
f 311/311/311 3817/3950/3812 3105/3162/3101 
f 312/312/312 311/311/311 3105/3162/3101 
f 3434/3520/3430 1128/1128/1126 3435/3521/3431 
f 1128/1128/1126 3434/3520/3430 4252/4500/4247 
f 1808/1808/1805 271/271/271 1809/1809/1806 
f 271/271/271 568/568/568 4925/5492/4918 
f 2382/2397/2378 1928/1928/1925 2385/2400/2381 
f 2382/2397/2378 2385/2400/2381 2383/2398/2379 
f 2668/2691/2664 4969/5585/4962 2664/2687/2660 
f 4933/5505/4926 2664/2687/2660 1388/1388/1385 
f 3246/3315/3242 2086/2088/2083 1090/1090/1088 
f 1088/1088/1086 1090/1090/1088 2086/2088/2083 
f 3096/3151/3092 3641/3748/3636 1798/1798/1795 
f 1639/1639/1636 3639/3746/3634 3096/4691/3092 
f 1576/1576/1573 1575/1575/1572 526/526/526 
f 526/526/526 3762/3888/3757 3763/3889/3758 
f 758/758/758 1426/1426/1423 4224/5189/4219 
f 757/757/757 1426/1426/1423 758/758/758 
f 1539/1539/1536 2325/2335/2321 1537/1537/1534 
f 4845/5354/4838 2325/2335/2321 1539/1539/1536 
f 653/653/653 2079/2081/2076 2080/2082/2077 
f 2888/2930/2884 653/653/653 4519/4854/4514 
f 2823/2861/2819 2822/2860/2818 81/81/81 
f 80/80/80 2823/2861/2819 81/81/81 
f 124/124/124 126/126/126 327/327/327 
f 327/327/327 126/126/126 1876/1876/1873 
f 201/201/201 4563/4916/4558 2905/2947/2901 
f 201/201/201 203/203/203 4563/4916/4558 
f 4108/4310/4103 1206/1206/1203 1215/1215/1212 
f 1216/1216/1213 1215/1215/1212 1206/1206/1203 
f 1276/1276/1273 2123/2125/2120 2963/3008/2959 
f 2123/2125/2120 1276/1276/1273 4760/5215/4754 
f 3852/4002/3847 1918/1918/1915 4785/5253/4779 
f 3852/4002/3847 593/593/593 1540/1540/1537 
f 1172/1172/1169 1174/1174/1171 4182/5455/4177 
f 4191/4418/4186 1172/1172/1169 4181/5586/4176 
f 3847/3994/3842 1938/1938/1935 2297/2305/2293 
f 1938/1938/1935 3847/3994/3842 1939/1939/1936 
f 3949/4119/3944 865/865/865 1823/1823/1820 
f 1823/1823/1820 1764/1764/1761 1824/1824/1821 
f 2920/2962/2916 3462/3548/3458 4833/5330/4826 
f 2920/2962/2916 2539/2556/2535 3462/3548/3458 
f 3019/3068/3015 1601/2924/1598 3706/4946/3701 
f 1602/1602/1599 3019/3068/3015 3706/4946/3701 
f 473/473/473 1752/1752/1749 1034/1034/1033 
f 842/842/842 2128/2130/2125 1034/1034/1033 
f 3552/3652/3547 1315/1315/1312 3998/4391/3993 
f 2244/2252/2240 2243/2251/2239 1315/1315/1312 
f 3922/4088/3917 2487/2504/2483 4622/5004/4617 
f 2487/2504/2483 3922/4088/3917 4316/4582/4311 
f 2295/2303/2291 2298/2306/2294 208/208/208 
f 2295/2303/2291 1937/1937/1934 2298/2306/2294 
f 3105/3162/3101 3104/3161/3100 312/312/312 
f 312/312/312 3104/3161/3100 4715/5148/4710 
f 3635/3742/3630 145/145/145 2626/2645/2622 
f 144/144/144 2626/2645/2622 145/145/145 
f 3739/3861/3734 1498/1498/1495 2563/2580/2559 
f 1012/1012/1011 3455/3541/3451 1498/1498/1495 
f 2008/3395/2005 2010/2010/2007 4001/5112/3996 
f 2008/2008/2005 4001/4183/3996 4002/4184/3997 
f 1477/1477/1474 3924/4090/3919 3268/3340/3264 
f 2574/2591/2570 3268/4745/3264 3924/4744/3919 
f 2663/2686/2659 237/237/237 4211/4443/4206 
f 2661/2684/2657 2663/2686/2659 4211/4443/4206 
f 2813/2849/2809 2661/2684/2657 237/237/237 
f 237/237/237 1044/1044/1042 2813/2849/2809 
f 1804/1804/1801 3646/3755/3641 3299/3374/3295 
f 3299/3374/3295 1805/1805/1802 1804/1804/1801 
f 620/620/620 376/376/376 2257/2265/2253 
f 876/876/876 376/376/376 1347/1347/1344 
f 3178/3240/3174 3179/3241/3175 4348/4626/4343 
f 2404/2419/2400 4348/4626/4343 3179/3241/3175 
f 510/510/510 509/509/509 1091/1091/1089 
f 1093/1093/1091 2296/2304/2292 1091/1091/1089 
f 149/149/149 4123/4330/4118 4862/5377/4855 
f 148/148/148 4124/4331/4119 149/149/149 
f 4504/4833/4499 4705/5130/4700 3542/3639/3537 
f 4504/4833/4499 1555/1555/1552 4319/4585/4314 
f 1621/1621/1618 3234/3302/3230 3065/3118/3061 
f 4097/4297/4092 3065/3118/3061 3234/3302/3230 
f 3715/3835/3710 1341/1341/1338 1170/1170/1167 
f 3715/3835/3710 1170/1170/1167 4674/5074/4669 
f 3680/3796/3675 709/709/709 2237/2245/2233 
f 3680/3796/3675 708/708/708 709/709/709 
f 3755/3879/3750 4945/5527/4938 2693/2716/2689 
f 1854/3877/1851 3755/3879/3750 3001/3047/2997 
f 569/569/569 860/860/860 566/566/566 
f 566/566/566 568/568/568 569/569/569 
f 2456/2472/2452 4094/4294/4089 4093/5587/4088 
f 4093/5587/4088 3573/3673/3568 2456/2472/2452 
f 2941/2985/2937 1263/1263/1260 4774/5233/4768 
f 1594/2983/1591 2941/2985/2937 2943/2987/2939 
f 892/892/892 2166/2168/2162 890/890/890 
f 2165/2167/2161 890/890/890 2166/2168/2162 
f 766/766/766 365/365/365 2350/2361/2346 
f 766/766/766 768/768/768 365/365/365 
f 3227/3293/3223 608/608/608 2283/2291/2279 
f 2282/2290/2278 3227/3293/3223 2283/2291/2279 
f 2711/2734/2707 1603/1603/1600 844/844/844 
f 845/845/845 844/844/844 1603/1603/1600 
f 4352/4630/4347 639/639/639 3717/4631/3712 
f 4352/4630/4347 640/640/640 639/639/639 
f 247/247/247 2349/2360/2345 248/248/248 
f 4692/5103/4687 3806/3939/3801 248/248/248 
f 4673/5073/4668 1935/1935/1932 3676/3792/3671 
f 1935/1935/1932 1391/1391/1388 1934/1934/1931 
f 1070/4652/1068 2329/2339/2325 3385/4001/3381 
f 3385/3467/3381 1538/1538/1535 1070/1070/1068 
f 4748/5198/4742 3399/3483/3395 4841/5577/4834 
f 1406/4787/1403 3399/3483/3395 4468/4786/4463 
f 1033/1033/1032 1030/1030/1029 1600/1600/1597 
f 1031/1031/1030 1033/1033/1032 1600/1600/1597 
f 597/597/597 1467/1467/1464 1164/1164/1161 
f 1164/1164/1161 1166/1166/1163 597/597/597 
f 232/232/232 1038/1038/1037 3963/4135/3958 
f 2585/2604/2581 232/232/232 3963/4135/3958 
f 3304/3379/3300 790/4720/790 3306/4718/3302 
f 1949/1949/1946 3306/3381/3302 790/790/790 
f 293/293/293 1220/1220/1217 294/294/294 
f 294/294/294 1220/1220/1217 1222/1222/1219 
f 2913/2955/2909 589/589/589 4000/4182/3995 
f 1057/1057/1055 4000/4182/3995 589/589/589 
f 952/952/951 3188/3251/3184 3633/3740/3628 
f 954/954/953 3188/3251/3184 952/952/951 
f 3453/3539/3449 141/141/141 3454/3540/3450 
f 3454/3540/3450 3455/3541/3451 3453/3539/3449 
f 4513/5336/4508 2430/2445/2426 3307/3382/3303 
f 4513/4844/4508 4512/4843/4507 2430/5588/2426 
f 2914/2956/2910 3155/5163/3151 2065/2067/2062 
f 3155/3217/3151 2914/3214/2910 3156/3218/3152 
f 1703/3684/1700 3583/3683/3578 4334/4607/4329 
f 2939/2981/2935 2938/2980/2934 1703/1703/1700 
f 4195/4426/4190 4555/4905/4550 3163/5589/3159 
f 3652/4904/3647 4555/4905/4550 3651/3760/3646 
f 4056/4249/4051 4970/5590/4963 1415/1415/1412 
f 4970/5590/4963 1416/1416/1413 1415/1415/1412 
f 4632/5015/4627 4089/4289/4084 60/60/60 
f 1112/1112/1110 4808/5287/4801 60/60/60 
f 2024/2026/2021 2026/2028/2023 4017/5312/4012 
f 1858/1858/1855 4017/5312/4012 3756/5591/3751 
f 4593/4960/4588 1580/1580/1577 1612/1612/1609 
f 1612/1612/1609 2566/2583/2562 4593/4960/4588 
f 4031/4219/4026 836/836/836 4032/4220/4027 
f 836/836/836 4031/4219/4026 4914/5475/4907 
f 4336/5592/4331 3959/5593/3954 4661/5058/4656 
f 4661/5058/4656 3959/5593/3954 4660/5057/4655 
f 4792/5268/4786 3613/3719/3608 3615/3721/3610 
f 3662/5594/3657 3615/3721/3610 3663/5102/3658 
f 1021/1021/1020 371/371/371 4647/5038/4642 
f 371/371/371 2844/2882/2840 4647/5038/4642 
f 883/883/883 937/937/936 3828/3964/3823 
f 2026/2028/2023 3828/3964/3823 937/937/936 
f 2966/3011/2962 2965/3010/2961 27/27/27 
f 27/27/27 434/434/434 2966/3011/2962 
f 2600/3692/2596 2599/5333/2595 2556/2573/2552 
f 4733/5178/4728 2556/2573/2552 2599/5333/2595 
f 100/100/100 1235/1235/1232 1699/1699/1696 
f 100/100/100 1699/1699/1696 1701/1701/1698 
f 1667/1667/1664 285/285/285 3882/4036/3877 
f 4810/5289/4803 285/285/285 1667/1667/1664 
f 4284/4543/4279 3633/4542/3628 2338/2348/2334 
f 3633/3740/3628 3188/3251/3184 3187/3250/3183 
f 4738/5186/4732 2169/2171/2165 2171/2173/2167 
f 4738/5186/4732 1386/1386/1383 1385/1385/1382 
f 3217/4115/3213 4565/4918/4560 4566/4919/4561 
f 2544/2561/2540 3217/3283/3213 3830/3966/3825 
f 2228/2236/2224 914/914/914 4971/5595/4964 
f 3005/3053/3001 2228/2236/2224 4971/5595/4964 
f 630/630/630 1110/1110/1108 2904/2946/2900 
f 630/630/630 2904/2946/2900 631/631/631 
f 306/306/306 3973/4151/3968 4758/5210/4752 
f 4758/5210/4752 3377/3457/3373 2153/2155/2149 
f 1760/1760/1757 1377/1377/1374 3586/3688/3581 
f 3586/3688/3581 1377/1377/1374 2372/2387/2368 
f 2419/2434/2415 2418/2433/2414 4862/5377/4855 
f 4862/5377/4855 2418/2433/2414 149/149/149 
f 1160/1160/1157 3456/3542/3452 3241/3310/3237 
f 3242/3311/3238 3241/3310/3237 4380/4662/4375 
f 3564/3975/3559 3837/3974/3832 3251/3322/3247 
f 3251/3322/3247 1746/1746/1743 1748/1748/1745 
f 4006/4189/4001 2854/4051/2850 4007/4191/4002 
f 4006/4899/4001 4551/4898/4546 2854/2894/2850 
f 2461/2477/2457 4942/5524/4935 1138/1138/1136 
f 2461/2477/2457 4652/5045/4647 3987/4166/3982 
f 4766/5224/4760 4118/4325/4113 355/355/355 
f 4766/5224/4760 1587/1587/1584 4118/4325/4113 
f 3399/3483/3395 1064/1064/1062 2360/2371/2356 
f 2360/2371/2356 1064/1064/1062 495/495/495 
f 2311/2321/2307 4528/4868/4523 3114/4142/3110 
f 4972/5596/4965 3109/3167/3105 3112/3170/3108 
f 2789/2824/2785 2788/2823/2784 2032/5597/2029 
f 4788/5285/4782 4032/4220/4027 2032/5597/2029 
f 883/883/883 3855/4005/3850 1663/1663/1660 
f 1663/1663/1660 3855/4005/3850 485/485/485 
f 4326/4596/4321 3056/3108/3052 1363/1363/1360 
f 1363/1363/1360 2199/2205/2195 4326/4596/4321 
f 3620/3726/3615 3619/3725/3614 2677/5036/2673 
f 2677/2700/2673 2676/2699/2672 4700/5123/4695 
f 295/2313/295 2301/2309/2297 2303/2311/2299 
f 2301/2309/2297 217/217/217 216/216/216 
f 1846/1846/1843 4344/4622/4339 3394/4620/3390 
f 1863/1863/1860 1846/2884/1843 3394/3478/3390 
f 3311/3386/3307 887/887/887 886/886/886 
f 3311/3386/3307 886/886/886 2600/2619/2596 
f 3969/4145/3964 3350/4147/3346 3354/5598/3350 
f 3352/3431/3348 3354/3433/3350 3350/3429/3346 
f 2098/2100/2095 1480/1480/1477 1000/1000/999 
f 4437/4742/4432 1000/1000/999 2933/2975/2929 
f 4106/4308/4101 2724/2751/2720 2723/2750/2719 
f 4106/4308/4101 4641/5027/4636 1843/1843/1840 
f 1561/4127/1558 4071/4268/4066 2452/2468/2448 
f 1561/4127/1558 2452/2468/2448 4719/5157/4714 
f 2907/2949/2903 4374/4655/4369 2905/2947/2901 
f 2907/2949/2903 2905/2947/2901 496/496/496 
f 3672/3785/3667 4470/4791/4465 4471/4792/4466 
f 3666/3779/3661 262/262/262 4471/5599/4466 
f 579/579/579 3303/3378/3299 1441/1441/1438 
f 1441/1441/1438 3303/3378/3299 4574/4930/4569 
f 4837/5339/4830 2918/2960/2914 934/934/933 
f 2284/4547/2280 934/934/933 2918/2960/2914 
f 1097/1097/1095 6/6/6 3726/3846/3721 
f 1097/1097/1095 173/173/173 6/6/6 
f 2688/2711/2684 1741/1741/1738 3997/4178/3992 
f 3169/3231/3165 1741/1741/1738 2688/2711/2684 
f 1739/1739/1736 1738/1738/1735 2437/2452/2433 
f 1739/1739/1736 2437/2452/2433 3169/3231/3165 
f 1305/1305/1302 1897/1897/1894 1896/1896/1893 
f 1305/4256/1302 2974/3019/2970 4063/4258/4058 
f 3829/3965/3824 3830/3966/3825 3217/3283/3213 
f 3829/3965/3824 941/941/940 4849/5361/4842 
f 32/32/32 31/31/31 2069/2071/2066 
f 2069/2071/2066 31/31/31 662/662/662 
f 2843/2881/2839 4190/4413/4185 3724/3844/3719 
f 29/29/29 4190/4413/4185 2840/2878/2836 
f 159/159/159 425/425/425 2875/2915/2871 
f 1816/1816/1813 159/159/159 2875/2915/2871 
f 1380/1380/1377 4399/4693/4394 3591/3696/3586 
f 1380/1380/1377 1408/1408/1405 1381/1381/1378 
f 4789/5258/4783 4432/4734/4427 1751/1751/1748 
f 4432/4734/4427 3129/3187/3125 1751/1751/1748 
f 71/71/71 2569/2586/2565 72/72/72 
f 3247/4610/3243 72/72/72 2569/2586/2565 
f 4007/4191/4002 1360/1360/1357 275/275/275 
f 4007/4191/4002 275/275/275 2197/2203/2193 
f 3263/3334/3259 2485/2502/2481 2486/2503/2482 
f 2485/2502/2481 3263/3334/3259 347/347/347 
f 2126/2128/2123 844/844/844 846/846/846 
f 3/3/3 846/846/846 1/1/1 
f 105/105/105 104/104/104 680/680/680 
f 680/680/680 560/560/560 105/105/105 
f 2079/2081/2076 3946/4114/3941 1053/1053/1051 
f 4566/4919/4561 1053/1053/1051 3947/4116/3942 
f 4966/5574/4959 1733/1733/1730 950/950/949 
f 4589/4955/4584 2856/2896/2852 950/950/949 
f 4054/4247/4049 4532/4873/4527 1058/1058/1056 
f 4002/4184/3997 1058/1058/1056 2009/2009/2006 
f 1020/1020/1019 213/213/213 1021/1021/1020 
f 3428/3513/3424 213/213/213 1020/1020/1019 
f 2102/2104/2099 4401/4695/4396 4464/4781/4459 
f 3811/3944/3806 3812/3945/3807 4973/5600/4966 
f 1195/1195/1192 89/89/89 4279/4534/4274 
f 89/89/89 1195/1195/1192 90/90/90 
f 2816/5149/2812 2061/2063/2058 4716/5150/4711 
f 4974/5601/4967 2061/2063/2058 2816/5149/2812 
f 2033/2035/2030 2630/2649/2626 2036/2038/2033 
f 2630/2649/2626 2033/2035/2030 2035/2037/2032 
f 3693/5311/3688 2740/3317/2736 411/411/411 
f 2740/3317/2736 412/412/412 411/411/411 
f 2050/2052/2047 4927/5495/4920 604/604/604 
f 4120/4327/4115 605/605/605 604/604/604 
f 1984/1984/1981 997/997/996 3916/4081/3911 
f 997/997/996 1984/1984/1981 1986/1986/1983 
f 769/4458/769 2210/2216/2206 3405/3489/3401 
f 4278/4533/4273 3405/3489/3401 2210/2216/2206 
f 2171/2173/2167 2170/2172/2166 2363/2376/2359 
f 2363/2376/2359 1510/1510/1507 4198/4428/4193 
f 1590/1590/1587 4618/4993/4613 2748/2775/2744 
f 2748/2775/2744 2757/2784/2753 2749/2776/2745 
f 3101/4468/3097 1453/1453/1450 629/629/629 
f 1453/1453/1450 1110/1110/1108 629/629/629 
f 1833/1833/1830 1832/1832/1829 4046/4236/4041 
f 1159/1159/1156 4046/4236/4041 1831/1831/1828 
f 714/714/714 2015/2017/2012 4752/5202/4746 
f 4752/5202/4746 163/163/163 4975/5602/4968 
f 1841/1841/1838 472/472/472 4846/5357/4839 
f 1841/1841/1838 470/470/470 472/472/472 
f 588/588/588 1339/1339/1336 4055/4248/4050 
f 1339/1339/1336 588/588/588 587/587/587 
f 3448/5603/3444 2593/4855/2589 3965/4140/3960 
f 3965/4140/3960 2593/4855/2589 4520/4857/4515 
f 318/318/318 207/207/207 209/209/209 
f 318/318/318 209/209/209 1326/1326/1323 
f 2177/2181/2173 4631/5014/4626 2176/2180/2172 
f 3987/4166/3982 4631/5014/4626 2177/2181/2173 
f 713/713/713 1974/1974/1971 1973/1973/1970 
f 1974/1974/1971 3634/3741/3629 715/715/715 
f 2573/2590/2569 2575/2592/2571 2577/2594/2573 
f 2577/4849/2573 3266/3337/3262 2573/3338/2569 
f 1685/1685/1682 1684/1684/1681 2555/2572/2551 
f 1684/1684/1681 3087/3140/3083 2555/2572/2551 
f 4028/4214/4023 4026/4212/4021 1871/3049/1868 
f 4026/4212/4021 4028/4214/4023 2765/2795/2761 
f 225/225/225 4976/5604/4969 3794/3927/3789 
f 225/225/225 227/227/227 4976/5604/4969 
f 106/106/106 240/240/240 107/107/107 
f 106/106/106 1295/1295/1292 240/240/240 
f 2095/2097/2092 3681/3797/3676 2093/2095/2090 
f 3683/3799/3678 2093/2095/2090 3684/3800/3679 
f 4296/4559/4291 3123/3181/3119 4666/5064/4661 
f 1349/1349/1346 4666/5064/4661 3123/3181/3119 
f 4040/4228/4035 1413/1413/1410 1412/1412/1409 
f 4040/4228/4035 1412/1412/1409 3378/3458/3374 
f 1120/1120/1118 104/104/104 103/103/103 
f 104/104/104 1120/1120/1118 3161/3223/3157 
f 1761/1761/1758 2078/2080/2075 1760/1760/1757 
f 2076/2078/2073 2078/2080/2075 1761/1761/1758 
f 4136/4346/4131 964/964/963 4137/4347/4132 
f 254/254/254 253/253/253 964/964/963 
f 2873/2913/2869 3497/3588/3493 2874/2914/2870 
f 2873/2913/2869 2876/2916/2872 3497/3588/3493 
f 1241/1241/1238 2787/2821/2783 1682/1682/1679 
f 2787/2821/2783 1683/1683/1680 1682/1682/1679 
f 2470/2486/2466 2471/2487/2467 1059/1059/1057 
f 2470/2486/2466 1059/1059/1057 1063/1063/1061 
f 1845/1845/1842 4569/4923/4564 4343/4621/4338 
f 4343/4621/4338 4345/4623/4340 1845/1845/1842 
f 4390/4678/4385 3746/3868/3741 4391/4679/4386 
f 114/114/114 4391/4679/4386 3746/3868/3741 
f 3130/3188/3126 520/520/520 3223/3289/3219 
f 3223/3289/3219 842/842/842 3130/3188/3126 
f 2518/2535/2514 407/407/407 406/406/406 
f 2006/2006/2003 2518/2535/2514 406/406/406 
f 2709/2732/2705 4811/5292/4804 2705/2728/2701 
f 1961/1961/1958 2709/2732/2705 4655/5048/4650 
f 1865/1865/1862 2801/2836/2797 3927/4094/3922 
f 1865/1865/1862 2802/2837/2798 2801/2836/2797 
f 1806/1806/1803 4713/5144/4708 2946/2990/2942 
f 2946/2990/2942 1804/1804/1801 1806/1806/1803 
f 1567/1567/1564 4139/4349/4134 2508/2525/2504 
f 4139/4349/4134 1567/1567/1564 1719/1719/1716 
f 3367/3446/3363 4548/4893/4543 771/4459/771 
f 771/771/771 770/770/770 3822/3957/3817 
f 2082/2084/2079 1131/1131/1129 1130/1130/1128 
f 2082/2084/2079 1130/1130/1128 3747/3869/3742 
f 196/196/196 1962/1962/1959 489/489/489 
f 489/489/489 1962/1962/1959 490/490/490 
f 2492/2509/2488 4113/4318/4108 4543/4888/4538 
f 1077/1077/1075 4113/4318/4108 2492/2509/2488 
f 2523/2540/2519 3382/3464/3378 1067/1067/1065 
f 1066/1066/1064 2523/2540/2519 1067/1067/1065 
f 3766/3892/3761 3765/3891/3760 2249/2257/2245 
f 4119/4326/4114 2249/2257/2245 3765/3891/3760 
f 4200/4430/4195 189/189/189 889/889/889 
f 4200/4430/4195 2656/2679/2652 189/189/189 
f 4126/4333/4121 4127/4334/4122 1518/1518/1515 
f 955/955/954 957/957/956 1518/1518/1515 
f 241/241/241 3648/3757/3643 3647/3756/3642 
f 241/241/241 988/988/987 3648/3757/3643 
f 3166/3228/3162 3165/3227/3161 3653/3762/3648 
f 3653/5398/3648 2983/3029/2979 4875/5399/4868 
f 400/400/400 4267/4517/4262 4264/4513/4259 
f 4264/4513/4259 2712/2735/2708 400/400/400 
f 2417/2432/2413 3500/3592/2698 1420/1420/1417 
f 4694/5108/4689 3813/3946/3808 1420/1420/1417 
f 459/459/459 1521/1521/1518 3362/3441/3358 
f 459/459/459 633/633/633 1521/1521/1518 
f 4916/5478/4909 282/282/282 4686/5095/4681 
f 2828/2866/2824 1246/1246/1243 282/282/282 
f 4024/4210/4019 2543/2560/2539 943/943/942 
f 943/943/942 942/942/941 3183/3245/3179 
f 473/473/473 3967/4143/3962 1751/1751/1748 
f 473/473/473 475/475/475 3967/4143/3962 
f 3730/3852/3725 2131/2133/2128 2583/2602/2579 
f 3730/3852/3725 2129/2131/2126 2131/2133/2128 
f 4670/5070/4665 4117/5069/4112 4669/5068/4664 
f 2248/2256/2244 3765/3891/3760 4117/4324/4112 
f 4977/5605/4970 3551/3651/3546 4174/4392/4169 
f 3645/3754/3640 3644/3753/3639 4977/5605/4970 
f 3043/3095/3039 1628/1628/1625 3040/3092/3036 
f 1630/1630/1627 3040/3092/3036 1628/1628/1625 
f 826/826/826 3593/3698/3588 824/824/824 
f 3593/3698/3588 3783/3911/3778 824/824/824 
f 332/332/332 3297/3372/3293 333/333/333 
f 333/333/333 2194/2200/2190 2193/2199/2189 
f 4978/5606/4971 4079/4277/4074 4679/5080/4674 
f 4978/5606/4971 1991/1991/1988 4079/4277/4074 
f 3130/3188/3126 3129/3187/3125 520/520/520 
f 520/520/520 3129/3187/3125 4431/4733/4426 
f 3867/4019/3862 3866/4018/3861 2115/2117/2112 
f 3870/4023/3865 2115/2117/2112 3905/4070/3900 
f 4572/4926/4567 1141/1141/1138 354/354/354 
f 354/354/354 353/353/353 4572/4926/4567 
f 2576/4850/2572 4071/4853/4066 4517/4851/4512 
f 4071/4268/4066 2576/2593/2572 2453/2469/2449 
f 2911/2953/2907 3842/5607/3837 2908/2950/2904 
f 3420/3504/3416 2911/2953/2907 3421/3505/3417 
f 3283/4241/3279 4469/4789/4464 4049/4242/4044 
f 3283/4241/3279 3966/4790/3961 4831/5322/4824 
f 3088/3141/3084 665/665/665 3560/3660/3555 
f 665/665/665 3558/3658/3553 3560/3660/3555 
f 1592/1592/1589 1591/1591/1588 2890/2932/2886 
f 1592/1592/1589 2890/2932/2886 2891/2933/2887 
f 2013/2015/2010 4784/5252/4778 3911/4076/3906 
f 3911/4076/3906 3029/3078/3025 2013/2015/2010 
f 353/353/353 3448/5603/3444 3965/4140/3960 
f 4159/4372/4154 3448/5603/3444 353/353/353 
f 3736/3858/3731 3738/3860/3733 1464/1464/1461 
f 3624/3730/3619 3623/3729/3618 3736/3858/3731 
f 3859/4011/3854 3858/4009/3853 2543/4008/2539 
f 4024/4210/4019 431/431/431 2543/2560/2539 
f 712/712/712 714/714/714 1840/1840/1837 
f 1840/1840/1837 1060/1060/1058 712/712/712 
f 2747/2774/2743 4777/5240/4771 2750/2777/2746 
f 2747/3849/2743 1588/1588/1585 4777/5430/4771 
f 3304/3379/3300 408/408/408 790/4720/790 
f 408/408/408 3304/3379/3300 4138/4348/4133 
f 3178/3240/3174 4346/4624/4341 3180/3242/3176 
f 3180/3242/3176 806/806/806 3178/3240/3174 
f 1229/1229/1226 1231/1231/1228 3387/3469/3383 
f 1229/1229/1226 54/54/54 1231/1231/1228 
f 2735/2762/2731 1722/1722/1719 4800/5277/2733 
f 1722/1722/1719 2735/2762/2731 3305/3380/3301 
f 3135/3193/3131 235/235/235 3136/3194/3132 
f 235/235/235 3135/3193/3131 236/236/236 
f 3490/3579/3486 4197/4427/4192 3488/3576/3484 
f 3235/3303/3231 3236/3304/3232 4197/4427/4192 
f 3706/3824/3701 1601/1601/1598 1030/1030/1029 
f 1030/1030/1029 1601/1601/1598 1600/1600/1597 
f 2284/4547/2280 2180/4544/2176 934/934/933 
f 2283/2291/2279 2180/2184/2176 2284/2292/2280 
f 4054/4247/4049 4055/4248/4050 1821/1821/1818 
f 4532/4873/4527 4054/4247/4049 1821/1821/1818 
f 2346/2357/2342 4043/4231/4038 4825/5314/4818 
f 2346/2357/2342 4825/5314/4818 3807/3940/3802 
f 2872/2912/2868 29/29/29 436/436/436 
f 29/29/29 4827/5316/4820 4190/4413/4185 
f 4826/5315/4819 3537/3632/3532 321/321/321 
f 1323/1323/1320 321/321/321 3537/3632/3532 
f 3745/3867/3740 114/114/114 3746/3868/3741 
f 3745/3867/3740 112/112/112 114/114/114 
f 1494/1494/1491 2964/3009/2960 2966/3011/2962 
f 2964/3009/2960 1494/1494/1491 2563/2597/2559 
f 1226/1226/1223 1247/1247/1244 2828/2866/2824 
f 1226/1226/1223 55/55/55 1247/1247/1244 
f 82/82/82 2454/2470/2450 2254/2262/2250 
f 82/82/82 2254/2262/2250 378/378/378 
f 4623/5608/4618 2867/2907/2863 4624/5609/4619 
f 2866/2906/2862 4625/5610/4620 2867/2907/2863 
f 3397/3481/3393 427/427/427 4066/4262/4061 
f 427/427/427 4065/4261/4060 4066/4262/4061 
f 3622/4410/3617 2684/2707/2680 2134/2136/2131 
f 3622/3728/3617 825/825/825 4809/5288/4802 
f 2834/2872/2830 3522/3616/3517 1119/1119/1117 
f 1119/1119/1117 3521/3615/3516 1120/1120/1118 
f 2890/2932/2886 756/756/756 341/341/341 
f 341/341/341 756/756/756 1155/1155/1152 
f 4170/4386/4165 1661/1661/1658 3068/3121/3064 
f 1660/1660/1657 3068/3121/3064 1661/1661/1658 
f 1333/1333/1330 4751/5201/4745 1021/1021/1020 
f 4751/5201/4745 372/372/372 1021/1021/1020 
f 2589/2608/2585 2587/2606/2583 2586/2605/2582 
f 4097/4297/4092 3235/3303/3231 2587/3578/2583 
f 207/207/207 2070/2072/2067 663/663/663 
f 2070/2072/2067 207/207/207 707/707/707 
f 2497/2514/2493 4967/5580/4960 4048/4240/4043 
f 1592/1592/1589 4048/4240/4043 1593/1593/1590 
f 2235/2243/2231 2613/2632/2609 1145/1145/1142 
f 2235/2243/2231 1145/1145/1142 4613/4986/4608 
f 4427/4729/4422 3371/3450/3367 3370/3449/3366 
f 4430/4732/4425 4427/4729/4422 3370/3449/3366 
f 3774/3901/3769 1147/1147/1144 1146/1146/1143 
f 4396/4688/4391 2384/2399/2380 3774/3901/3769 
f 1910/1910/1907 4742/5191/4736 4463/4780/4458 
f 1910/1910/1907 4463/4780/4458 1911/1911/1908 
f 2957/3001/2953 1899/1899/1896 1593/1593/1590 
f 2957/3001/2953 3975/4154/3970 1899/1899/1896 
f 590/590/590 1907/1907/1904 1909/1909/1906 
f 3081/3134/3077 590/590/590 1909/1909/1906 
f 90/90/90 1195/1195/1192 1194/1194/1191 
f 90/90/90 4457/4772/4452 4458/4773/4453 
f 2293/2301/2289 1075/1075/1073 4317/4583/4312 
f 1890/2818/1887 2293/2301/2289 2785/2819/2781 
f 4979/5611/4972 2509/2526/2505 4239/4482/4234 
f 4239/4482/4234 4238/4481/4233 4979/5611/4972 
f 998/998/997 1481/1481/1478 3816/5143/3811 
f 2510/2527/2506 998/3160/997 3816/3949/3811 
f 3181/3243/3177 945/945/944 1900/1900/1897 
f 1900/1900/1897 945/945/944 3975/4154/3970 
f 2838/2876/2834 4448/4759/4443 4447/4758/4442 
f 4448/4759/4443 2838/2876/2834 2837/2875/2833 
f 4746/5196/4740 2173/2177/2169 1043/1043/159 
f 2173/2177/2169 1471/1471/1468 1849/2175/1846 
f 1070/4652/1068 210/210/210 2329/2339/2325 
f 4980/5612/4973 212/212/212 2329/2339/2325 
f 2791/2826/2787 122/122/122 121/121/121 
f 2791/2826/2787 2695/2718/2691 122/122/122 
f 2910/2952/2906 1178/1178/1175 2074/2076/2071 
f 197/197/197 2910/2952/2906 2074/2076/2071 
f 2858/2898/2854 3928/4095/3923 1272/4420/1269 
f 3928/4095/3923 2858/2898/2854 575/575/575 
f 4456/4771/4451 1359/1359/1356 4013/4197/4008 
f 4456/4771/4451 889/889/889 1359/1359/1356 
f 924/924/923 2260/2268/2256 584/584/584 
f 584/584/584 586/586/586 924/924/923 
f 2959/3004/2955 4370/4650/4365 2726/2753/2722 
f 2725/2752/2721 2726/2753/2722 4370/4650/4365 
f 1371/1371/1368 253/253/253 4188/4411/4183 
f 1371/1371/1368 964/964/963 253/253/253 
f 2746/2773/2742 2999/3045/2995 540/540/540 
f 2187/2193/2183 540/540/540 2999/3045/2995 
f 634/634/634 1077/1077/1075 2493/2510/2489 
f 1998/1998/1995 634/634/634 2493/2510/2489 
f 2291/2299/2287 4681/5083/4676 393/393/393 
f 3902/4063/3897 393/393/393 4681/5083/4676 
f 1394/1394/1391 3034/3086/3030 264/264/264 
f 1394/1394/1391 1393/1393/1390 3034/3086/3030 
f 4354/4633/4349 2362/2375/2358 2364/2377/2360 
f 3343/3422/3339 4355/4634/4350 2364/3420/2360 
f 4553/4902/4548 4554/4903/4549 4206/4438/4201 
f 4206/4438/4201 3540/3635/3535 4207/4439/4202 
f 591/591/591 3081/3134/3077 2066/2068/2063 
f 591/591/591 2066/2068/2063 2065/2067/2062 
f 3815/3948/3810 1481/1481/1478 1480/1480/1477 
f 4314/4580/4309 1480/1480/1477 4315/4581/4310 
f 4597/4964/4592 2894/2936/2890 2895/2937/2891 
f 4276/4531/4271 2895/5337/2891 2894/3899/2890 
f 3027/3076/3023 3026/3075/3022 1660/1660/1657 
f 1660/1660/1657 220/220/220 219/219/219 
f 1436/1436/1433 1545/1545/1542 1544/1544/1541 
f 4100/4301/4095 1544/1544/1541 1545/1545/1542 
f 62/62/62 61/61/61 715/715/715 
f 715/715/715 61/61/61 1975/1975/1972 
f 2935/2977/2931 4245/4490/4240 2508/2525/2504 
f 2935/2977/2931 2508/2525/2504 4139/4349/4134 
f 4088/4288/4083 3063/3115/3059 1811/1811/1808 
f 1811/1811/1808 1997/1997/1994 4088/4288/4083 
f 4442/4751/4437 1794/1794/1791 1796/1796/1793 
f 1796/1796/1793 4441/4750/4436 4442/4751/4437 
f 4597/4964/4592 1837/1837/1834 2894/2936/2890 
f 4597/4964/4592 4274/4529/4269 1837/1837/1834 
f 4029/4216/4024 2293/2301/2289 4981/5613/4974 
f 4029/4215/4024 1890/1890/1887 4135/4345/4130 
f 3658/3770/3653 164/164/164 2188/2808/2184 
f 3658/3769/3653 2188/2194/2184 2190/2196/2186 
f 4530/5614/4525 2277/2285/2273 4531/5582/4526 
f 2277/2285/2273 4170/4386/4165 4531/5582/4526 
f 4891/5428/4884 4161/4376/4156 3226/3292/3222 
f 3213/3279/3209 4161/4374/4156 4891/5560/4884 
f 3561/3661/3556 2998/4784/2994 4861/5615/4854 
f 4445/4756/4440 4861/5376/4854 2998/3044/2994 
f 1045/1045/1043 221/221/221 2710/2733/2706 
f 1045/1045/1043 2710/2733/2706 1604/1604/1601 
f 4769/5227/4763 617/617/617 79/79/79 
f 4769/5227/4763 79/79/79 134/134/134 
f 842/842/842 841/841/841 2128/2130/2125 
f 4508/4839/4503 2126/2128/2123 2128/2130/2125 
f 4635/5021/4630 928/928/927 1098/1098/1096 
f 325/325/325 928/928/927 323/323/323 
f 4770/5228/4764 4426/4728/4421 3660/3772/3655 
f 4770/5228/4764 3660/3772/3655 4943/5525/4936 
f 1196/1196/1193 4280/4535/4275 3198/3264/3194 
f 1195/1195/1192 4280/4535/4275 1196/1196/1193 
f 778/778/778 1644/1644/1641 1643/1643/1640 
f 1644/1644/1641 778/778/778 457/457/457 
f 4680/5081/4675 2361/2374/2357 2907/2949/2903 
f 4680/5081/4675 3400/3484/3396 2361/2374/2357 
f 2613/2632/2609 4158/4371/4153 352/352/352 
f 2612/2631/2608 2613/2632/2609 352/352/352 
f 2309/2319/2305 130/130/130 132/132/132 
f 2309/2319/2305 132/132/132 1574/1574/1571 
f 1293/1293/1290 1810/1810/1807 4510/4841/4505 
f 4906/5466/4899 1293/1293/1290 4510/4841/4505 
f 1529/1529/1526 4707/5133/4702 2393/3773/2389 
f 4707/5133/4702 1529/1529/1526 2389/2404/2385 
f 517/517/517 154/154/154 2712/2735/2708 
f 400/400/400 2712/2735/2708 154/154/154 
f 234/234/234 2825/2863/2821 595/595/595 
f 234/234/234 2459/2475/2455 2825/2863/2821 
f 753/753/753 2036/2038/2033 90/90/90 
f 2036/2038/2033 753/753/753 4207/4439/4202 
f 1258/1258/1255 2370/3360/2366 4260/5162/4255 
f 2370/2383/2366 2141/2143/2137 4260/4509/4255 
f 304/304/304 1915/1915/1912 302/302/302 
f 1915/1915/1912 304/304/304 2642/2661/2638 
f 4698/5118/4693 2558/3414/2554 4829/5616/4822 
f 2558/2575/2554 1852/1852/1849 4829/5320/4822 
f 1773/1773/1770 2260/2268/2256 924/924/923 
f 2260/2268/2256 1773/1773/1770 692/692/692 
f 941/941/940 1238/1238/1235 942/942/941 
f 1238/1238/1235 2790/2825/2786 942/942/941 
f 2515/2532/2511 222/222/222 224/224/224 
f 4037/4225/4032 2515/2532/2511 224/224/224 
f 2637/2656/2633 4578/4936/4573 1557/1557/1554 
f 1557/1557/1554 680/680/680 2637/2656/2633 
f 2953/2997/2949 2956/3000/2952 803/803/803 
f 2954/2998/2950 2953/2997/2949 803/803/803 
f 1305/1305/1302 1304/1304/1301 1897/1897/1894 
f 310/310/310 1897/1897/1894 1304/1304/1301 
f 3895/4049/3890 3897/4053/3892 4307/5309/4302 
f 1360/1360/1357 3895/4049/3890 1361/1361/1358 
f 1795/1795/1792 1794/1794/1791 4291/4553/4286 
f 1799/1799/1796 3640/3747/3635 4291/4553/4286 
f 2022/2024/2019 2018/2020/2015 363/363/363 
f 2018/2020/2015 2020/2022/2017 363/363/363 
f 450/450/450 2192/2198/2188 451/451/451 
f 452/452/452 451/451/451 695/695/695 
f 3539/3634/3534 1323/1323/1320 231/231/231 
f 233/233/233 3539/3634/3534 231/231/231 
f 935/935/934 385/385/385 4459/4774/4454 
f 4459/4774/4454 385/385/385 4460/4775/4455 
f 3848/3995/3843 1375/1375/1372 4815/5297/4808 
f 4644/5030/4639 1375/1375/1372 3848/3995/3843 
f 593/593/593 4685/5094/4680 594/594/594 
f 4685/5094/4680 593/593/593 3853/4003/3848 
f 1737/1737/1734 1269/1269/1266 2615/2634/2611 
f 1737/1737/1734 1736/1736/1733 1269/1269/1266 
f 1046/1046/1044 3414/3498/3410 3511/3603/3506 
f 3414/3498/3410 4052/4948/4047 3511/3603/3506 
f 4074/4271/4069 2855/2895/2851 4072/4269/4067 
f 1364/1364/1361 2855/2895/2851 1362/1362/1359 
f 4090/4290/4085 735/735/735 2158/2160/2154 
f 1296/1296/1293 1299/1299/1296 4090/4290/4085 
f 3194/3258/3190 1754/1754/1751 2808/2843/2804 
f 4540/4883/4535 2808/2843/2804 1755/4884/1752 
f 1929/1929/1926 705/705/705 3423/4305/3419 
f 4687/5617/4682 3423/4305/3419 705/705/705 
f 592/592/592 4237/4479/4232 1907/1907/1904 
f 1907/1907/1904 590/590/590 592/592/592 
f 3111/3169/3107 1548/1548/1545 4734/5182/3108 
f 3112/3170/3108 3109/3167/3105 3111/3169/3107 
f 4574/4930/4569 1437/1437/1434 1441/1441/1438 
f 3569/3669/3564 1437/2223/1434 3570/3670/3565 
f 1279/1279/1276 4760/5215/4754 1276/1276/1273 
f 1279/1279/1276 3153/3213/3149 4760/5215/4754 
f 1676/1676/1673 4879/5404/4872 700/700/700 
f 1676/1676/1673 94/94/94 3324/3400/3320 
f 2786/2820/2782 4910/5471/4903 818/818/818 
f 4910/5471/4903 2786/2820/2782 1530/1530/1527 
f 483/483/483 3465/3551/3461 3463/3549/3459 
f 3463/3549/3459 3465/3551/3461 2479/2495/2475 
f 3368/3447/3364 4428/4730/4423 3369/3448/3365 
f 4428/4730/4423 4427/4729/4422 3369/3448/3365 
f 4070/4267/4065 3445/5618/3441 4982/5619/467 
f 1615/1615/1612 3445/5618/3441 4682/5084/4677 
f 1594/2983/1591 4775/5235/4769 4282/5237/4277 
f 4282/4539/4277 1976/1976/1973 1594/1594/1591 
f 4678/5079/4673 4315/4581/4310 4414/4712/4409 
f 1065/1065/1063 3152/3212/3148 4414/4712/4409 
f 2001/2001/1998 767/767/767 4421/4721/4416 
f 4866/5382/4859 2609/4722/2605 2001/2001/1998 
f 3646/3755/3641 2948/2992/2944 901/901/901 
f 270/270/270 3646/3755/3641 901/901/901 
f 1563/1563/1560 4438/4743/4433 2933/2975/2929 
f 4437/4742/4432 2933/2975/2929 4438/4743/4433 
f 1894/1894/1891 1893/1893/1890 3214/4613/3210 
f 1893/4253/1890 3212/3278/3208 3214/3280/3210 
f 477/477/477 2528/2545/2524 4931/5501/4924 
f 4931/5501/4924 2528/2545/2524 2527/2544/2523 
f 4839/5342/4832 833/833/833 832/832/832 
f 1505/1505/1502 4839/5342/4832 832/832/832 
f 4069/4266/4064 3484/4929/3480 2162/2164/2158 
f 2164/2166/2160 3484/4929/3480 4069/4266/4064 
f 3983/4162/3978 834/834/834 3982/4161/3977 
f 3983/4162/3978 1340/1340/1337 834/834/834 
f 616/616/616 615/615/615 4556/4906/4551 
f 4107/4309/4102 4556/4906/4551 615/615/615 
f 1003/1003/1002 464/464/464 4564/4917/4559 
f 1003/1003/1002 1993/1993/1990 464/464/464 
f 2820/2858/2816 272/272/272 4617/4992/4612 
f 1569/1569/1566 4617/4992/4612 2819/2857/2815 
f 1983/1983/1980 893/893/893 1978/1978/1975 
f 1978/1978/1975 4077/4275/4072 1983/1983/1980 
f 1654/1654/1651 1655/1655/1652 1930/1930/1927 
f 691/691/691 1930/1930/1927 1655/1655/1652 
f 2402/2417/2398 1329/1329/1326 820/820/820 
f 1329/1329/1326 3913/4078/3908 820/820/820 
f 1775/1775/1772 3771/3897/3766 1776/1776/1773 
f 1776/1776/1773 3771/3897/3766 3012/3061/3008 
f 3045/4818/3041 4077/4275/4072 1095/1095/1093 
f 4821/5306/4814 3045/3097/3041 1095/2353/1093 
f 815/815/815 1117/1117/1115 813/813/813 
f 815/815/815 3905/4070/3900 1117/1117/1115 
f 288/288/288 3016/3065/3012 345/345/345 
f 289/289/289 288/288/288 345/345/345 
f 1319/1319/1316 3672/3785/3667 4471/4792/4466 
f 1319/1319/1316 2253/2261/2249 3672/3785/3667 
f 806/806/806 2423/2438/2419 2422/2437/2418 
f 806/806/806 2422/2437/2418 4568/4922/4563 
f 2717/2741/2713 4057/4250/4052 2416/2742/2412 
f 3500/3592/2698 2416/2431/2412 4057/5203/4052 
f 2061/2063/2058 1488/1488/1485 4716/5150/4711 
f 3846/3993/3841 4716/5150/4711 1488/1488/1485 
f 4166/4381/4161 4021/4207/4016 2413/2428/2409 
f 2411/2426/2407 4021/4207/4016 4166/4381/4161 
f 4076/4572/4071 4589/4955/4584 2877/2918/2873 
f 2877/4273/2873 606/606/606 4076/4274/4071 
f 2900/2942/2896 2899/2941/2895 4948/5535/4941 
f 2900/3997/2896 4411/4708/4406 2899/4710/2895 
f 1755/4884/1752 2808/2843/2804 2810/2845/2806 
f 2810/2845/2806 4915/5476/4908 1755/4884/1752 
f 2584/2603/2580 316/316/316 1087/1087/1085 
f 316/316/316 3588/3690/3583 1087/1087/1085 
f 1242/1242/1239 2968/3013/2964 4455/4769/4450 
f 2968/3013/2964 1439/1439/1436 4455/4769/4450 
f 3562/3662/3557 4398/4690/4393 2620/2639/2616 
f 4869/5385/4862 4398/4690/4393 3562/3662/3557 
f 1672/1672/1669 3845/3992/3840 4223/4460/4218 
f 2606/2625/2602 1672/1672/1669 2604/2623/2600 
f 4406/4702/4401 3067/4524/3063 1771/1771/1768 
f 1771/1771/1768 3007/3055/3003 4406/4702/4401 
f 2979/4054/2975 2438/4057/2434 3899/4056/3894 
f 3899/4056/3894 3891/4045/3886 2979/4054/2975 
f 1506/1506/1503 2018/2020/2015 3550/3648/3545 
f 3550/3648/3545 2010/2010/2007 1506/1506/1503 
f 2850/2890/2846 1559/1559/1556 4143/4354/4138 
f 2850/2890/2846 4143/4354/4138 4142/4353/4137 
f 260/260/260 4480/4803/4475 454/454/454 
f 2250/2258/2246 260/260/260 2251/2259/2247 
f 2986/3032/2982 1175/1175/1172 2512/2529/2508 
f 3799/3932/3794 1175/1175/1172 2986/3032/2982 
f 3434/3520/3430 383/383/383 4252/4500/4247 
f 4252/4500/4247 383/383/383 1626/1626/1623 
f 1324/1324/1321 705/705/705 1929/1929/1926 
f 1325/1325/1322 1324/1324/1321 1929/1929/1926 
f 4147/4358/4142 1451/1451/1448 1921/1921/1918 
f 1451/1451/1448 1922/1922/1919 1921/1921/1918 
f 1115/1115/1113 2114/2116/2111 1113/1113/1111 
f 1115/1115/1113 3787/3918/3782 2114/2116/2111 
f 2906/2948/2902 1564/5620/1561 4140/4350/4135 
f 1563/5621/1560 4140/4350/4135 1564/5620/1561 
f 3670/3783/3665 1097/1097/1095 853/853/853 
f 3670/3783/3665 853/853/853 1284/1284/1281 
f 1428/1428/1425 1427/1427/1424 502/502/502 
f 502/502/502 1427/1427/1424 2821/2859/2817 
f 1007/1007/1006 2952/3886/2948 2815/2853/2811 
f 2952/2996/2948 2061/2063/2058 4974/5601/4967 
f 936/936/935 883/883/883 882/882/882 
f 882/882/882 2701/2724/2697 936/936/935 
f 161/161/161 1973/1973/1970 423/423/423 
f 1973/1973/1970 1975/1975/1972 423/423/423 
f 906/906/906 601/601/601 3893/4047/3888 
f 4523/4860/4518 3893/4047/3888 601/601/601 
f 2145/2147/2141 4634/5020/4629 2146/2148/2142 
f 4634/5020/4629 4636/5022/4631 4635/5021/4630 
f 3789/3921/3784 845/845/845 858/858/858 
f 3789/3921/3784 858/858/858 2276/2284/2272 
f 3951/5114/3946 763/763/763 3952/5115/3947 
f 3952/4122/3947 3950/4120/3945 3951/4121/3946 
f 2304/4619/2300 3392/3476/3388 4749/5199/4743 
f 3793/3926/3788 3392/3476/3388 3792/3924/3787 
f 3517/3611/3512 1389/1389/1386 3515/3609/3510 
f 1389/1389/1386 2168/2170/2164 3515/3609/3510 
f 4004/4186/3999 2264/2272/2260 2263/2271/2259 
f 3110/4866/3106 4527/4865/4522 2264/2272/2260 
f 205/205/205 2583/2602/2579 4702/5126/4697 
f 205/205/205 204/204/204 2583/2602/2579 
f 2386/2401/2382 1928/1928/1925 2919/5179/2915 
f 2385/2400/2381 1928/1928/1925 2386/2401/2382 
f 3508/3600/3503 3509/3601/3504 1340/1340/1337 
f 1340/1340/1337 3983/4162/3978 3508/3600/3503 
f 1/1/1 1980/1980/1977 1979/1979/1976 
f 1979/1979/1976 2/2/2 1/1/1 
f 121/121/121 944/944/943 2790/2825/2786 
f 944/944/943 3182/3244/3178 3184/3246/3180 
f 16/16/16 3039/3091/3035 1450/1450/1447 
f 16/16/16 1450/1450/1447 17/17/17 
f 1262/1262/1259 1261/1261/1258 3289/3364/3285 
f 1261/1261/1258 2371/3361/2367 3289/3364/3285 
f 2258/2266/2254 693/693/693 692/692/692 
f 2258/2266/2254 4878/5403/4871 693/693/693 
f 3840/3984/3835 3428/3513/3424 1859/1859/1856 
f 1861/1861/1858 3840/3984/3835 1859/1859/1856 
f 3989/4168/3984 3391/3475/3387 1881/1881/1878 
f 1881/1881/1878 4983/5622/4975 1879/1879/1876 
f 2132/2134/2129 2129/2131/2126 4475/4796/4470 
f 2132/2134/2129 4475/4796/4470 658/658/658 
f 1098/1098/1096 3767/5195/3762 3768/4675/3763 
f 3767/3893/3762 4896/5437/4889 3768/3894/3763 
f 1541/1541/1538 115/115/115 4034/4222/4029 
f 1541/1541/1538 593/593/593 115/115/115 
f 3177/3239/3173 1431/1431/1428 2060/2062/2057 
f 1431/1431/1428 3177/3239/3173 145/145/145 
f 3476/3563/3472 1189/1189/1186 621/621/621 
f 3476/3563/3472 621/621/621 1953/1953/1950 
f 3067/3120/3063 4772/5231/4766 4271/5230/4266 
f 3067/4524/3063 4271/4525/4266 911/911/911 
f 85/85/85 4041/4229/4036 961/961/960 
f 86/86/86 85/85/85 961/961/960 
f 2727/2754/2723 1083/1083/1081 2728/2755/2724 
f 1083/1083/1081 2727/2754/2723 4794/5270/4788 
f 4655/5048/4650 2704/2727/2700 3421/3505/3417 
f 3421/3505/3417 2704/2727/2700 3419/3503/3415 
f 1822/1822/1819 1715/1715/1712 1714/1714/1711 
f 1822/1822/1819 4050/4243/4045 3948/4118/3943 
f 2659/2682/2655 4824/5313/4817 4173/4389/4168 
f 2659/4502/2655 3433/3518/3429 3432/3517/3428 
f 733/733/733 1298/1298/1295 1872/1872/1869 
f 3535/4669/3530 733/733/733 1872/1872/1869 
f 4287/4549/4282 551/551/551 1744/1744/1741 
f 1266/1266/1263 551/551/551 4287/4549/4282 
f 170/170/170 1224/1224/1221 4854/5369/4847 
f 2005/2005/2002 1224/1224/1221 1223/1223/1220 
f 956/956/955 1641/1641/1638 1640/1640/1637 
f 1641/1641/1638 2335/2345/2331 2334/2344/2330 
f 4385/4668/4380 3241/3310/3237 1920/4667/1917 
f 1920/1920/1917 1919/1919/1916 3457/3543/3453 
f 831/831/831 4231/4470/4226 3157/3219/3153 
f 4231/4470/4226 4230/4469/4225 3157/3219/3153 
f 1857/1857/1854 1856/1856/1853 4075/4272/4070 
f 2499/2516/2495 1857/1857/1854 4075/4272/4070 
f 2477/5127/2473 1160/1160/1157 4385/4668/4380 
f 3136/3194/3132 1160/1160/1157 2477/5127/2473 
f 3658/3769/3653 2190/2196/2186 3656/3767/3651 
f 3656/3767/3651 3528/3622/3523 1200/1200/1197 
f 2577/2594/2573 2575/2592/2571 2055/2057/2052 
f 1474/1474/1471 2055/2057/2052 1475/1475/1472 
f 4008/4192/4003 4984/5623/4976 2208/2214/2204 
f 4008/4192/4003 431/5624/431 4984/5623/4976 
f 4985/5625/4977 4740/5188/4734 1239/1239/1236 
f 1239/1239/1236 1052/1052/1050 4985/5625/4977 
f 1955/1955/1952 1113/1113/1111 1186/1186/1183 
f 1186/1186/1183 1954/1954/1951 1955/1955/1952 
f 4663/5626/4658 4662/5627/4657 3579/3679/3574 
f 4191/4418/4186 4663/5626/4658 3579/3679/3574 
f 3505/3597/3500 3503/5452/3498 2117/3751/2114 
f 2118/2120/2115 2117/2119/2114 3503/3595/3498 
f 3377/4554/3373 4293/4556/4288 823/823/823 
f 3377/3457/3373 4758/5210/4752 3197/5209/3193 
f 1056/1056/1054 2007/2007/2004 3320/3396/3316 
f 2848/2888/2844 3321/3397/3317 3320/3396/3316 
f 898/898/898 4552/4901/4547 47/47/47 
f 2092/2094/2089 4552/4901/4547 898/898/898 
f 1470/1470/1467 3339/3417/3335 3341/3419/3337 
f 1470/1470/1467 1469/1469/1466 3339/3417/3335 
f 542/542/542 3360/3439/3356 1273/1273/1270 
f 3360/3439/3356 2802/2837/2798 1273/1273/1270 
f 191/191/191 3482/3569/3478 888/888/888 
f 189/189/189 191/191/191 888/888/888 
f 1560/1560/1557 2255/2263/2251 4518/4852/4513 
f 4518/4852/4513 2255/2263/2251 4517/4851/4512 
f 4029/4215/4024 4135/4345/4130 963/963/962 
f 963/963/962 4137/4347/4132 964/964/963 
f 976/976/975 134/134/134 133/133/133 
f 134/134/134 2512/2529/2508 1177/1177/1174 
f 4548/4893/4543 2211/2217/2207 771/4459/771 
f 2211/2217/2207 4548/4893/4543 1132/1132/1130 
f 2436/2451/2432 474/474/474 2280/2288/2276 
f 2280/2288/2276 474/474/474 2281/2289/2277 
f 4082/4280/4077 1781/1781/1778 2144/2146/2140 
f 2144/2146/2140 2143/2145/2139 4082/4280/4077 
f 1801/1801/1798 2603/2622/2599 547/547/547 
f 547/547/547 488/488/488 109/109/109 
f 4359/4638/4354 3683/3799/3678 4361/4641/4356 
f 3682/3798/3677 4361/4641/4356 3683/3799/3678 
f 4515/4846/4510 4514/4845/4509 3809/3942/3804 
f 2318/2328/2314 4515/4846/4510 3809/3942/3804 
f 800/800/800 1419/1419/1416 801/801/801 
f 9/9/9 801/801/801 1419/1419/1416 
f 3679/3795/3674 4708/5137/4703 1460/1460/1457 
f 3679/3795/3674 1460/1460/1457 3880/4738/3875 
f 2621/5456/2617 4960/5628/4953 3252/3323/3248 
f 2621/5456/2617 3252/3323/3248 4612/4985/4607 
f 3989/4168/3984 1551/1551/1548 2673/3474/2669 
f 1551/1551/1548 3989/4168/3984 1549/1549/1546 
f 499/499/499 1263/1263/1260 497/497/497 
f 1263/1263/1260 499/499/499 4774/5233/4768 
f 1260/1260/1257 2929/2971/2925 4986/5629/4978 
f 1260/1260/1257 3287/3362/3283 2371/3361/2367 
f 1479/1479/1476 4301/4564/4296 84/84/84 
f 1479/1479/1476 84/84/84 2122/2124/2119 
f 3384/3466/3380 4372/4653/4367 3875/5630/3870 
f 3875/5630/3870 4372/4653/4367 3877/4393/3872 
f 2669/2692/2665 4383/4665/4378 4656/5631/4651 
f 2669/2692/2665 2668/2691/2664 4383/4665/4378 
f 706/706/706 707/707/707 317/317/317 
f 317/317/317 707/707/707 207/207/207 
f 2268/2276/2264 4547/4892/4542 892/892/892 
f 2268/2276/2264 4010/4194/4005 4547/4892/4542 
f 1859/1859/1856 3428/3513/3424 4586/4950/4581 
f 3428/3513/3424 3430/3515/3426 4586/4950/4581 
f 2629/2648/2625 4205/4437/4200 2630/2649/2626 
f 2631/2650/2627 4205/4437/4200 2629/2648/2625 
f 913/913/913 1621/1621/1618 3064/3117/3060 
f 1621/1621/1618 913/913/913 33/33/33 
f 4216/4448/4211 332/332/332 2079/2081/2076 
f 40/40/40 332/332/332 4216/4448/4211 
f 3009/3058/3005 1424/1424/1421 2897/2939/2893 
f 1425/1425/1422 1424/1424/1421 3009/3058/3005 
f 4132/4342/4127 3424/3509/3420 2435/2450/2431 
f 2434/2449/2430 4132/4342/4127 2435/2450/2431 
f 432/432/432 4840/5343/4833 1066/1066/1064 
f 1066/1066/1064 4840/5343/4833 1657/1657/1654 
f 2343/5632/2339 1095/1095/1093 1094/1094/1092 
f 897/897/897 2343/5632/2339 1094/1094/1092 
f 1048/1048/1046 1443/1443/1440 1281/1281/1278 
f 1443/1443/1440 1048/1048/1046 2516/2533/2512 
f 316/316/316 315/315/315 3588/3690/3583 
f 3588/3690/3583 315/315/315 43/43/43 
f 2171/2173/2167 3516/3610/3511 3518/3612/3513 
f 4739/5187/4733 2171/2173/2167 3518/3612/3513 
f 2097/2099/2094 4414/4712/4409 4315/4581/4310 
f 4315/4581/4310 1480/1480/1477 2097/2099/2094 
f 1991/1991/1988 4978/5606/4971 761/761/761 
f 761/761/761 2780/2812/2776 1991/1991/1988 
f 325/325/325 3906/4071/3901 2757/2784/2753 
f 3906/4071/3901 325/325/325 324/324/324 
f 3798/5003/3793 3799/4601/3794 4330/4602/4325 
f 1571/1571/1568 3798/5003/3793 4330/4602/4325 
f 3773/3900/3768 2894/3899/2890 2893/5249/2889 
f 2893/5249/2889 1147/1147/1144 3773/3900/3768 
f 4462/4779/4457 1911/1911/1908 4463/4780/4458 
f 1300/1300/1297 1911/4942/1908 4462/4778/4457 
f 2507/2524/2503 4709/5138/4704 4710/5139/4705 
f 4709/5138/4704 2507/2524/2503 4101/4302/4096 
f 3776/3903/3771 2449/2464/2445 2111/5053/2108 
f 2449/2464/2445 3776/3903/3771 2753/2780/2749 
f 3561/3661/3556 2447/2462/2443 2998/4784/2994 
f 2445/2460/2441 2447/2462/2443 3561/3661/3556 
f 1418/1418/1415 3500/3592/2698 7/7/7 
f 7/7/7 9/9/9 1418/1418/1415 
f 4068/4265/4063 739/739/739 542/542/542 
f 739/739/739 4068/4265/4063 737/737/737 
f 3541/3638/3536 752/752/752 2441/2456/2437 
f 3541/3638/3536 3478/3637/3474 4553/4902/4548 
f 3746/3868/3741 4390/4678/4385 1069/1069/1067 
f 4390/4680/4385 211/211/211 1069/3459/1067 
f 4552/4901/4547 2236/2244/2232 47/47/47 
f 47/47/47 2236/2244/2232 2235/2243/2231 
f 4035/4223/4030 2296/2304/2292 208/208/208 
f 510/510/510 1091/1091/1089 2296/2304/2292 
f 4592/4959/4587 2274/2282/2270 1578/1578/1575 
f 2274/2282/2270 4592/4959/4587 3108/3166/3104 
f 769/769/769 2352/2363/2348 770/770/770 
f 769/769/769 4222/5633/4217 2352/2363/2348 
f 1546/1546/1543 719/719/719 173/173/173 
f 717/717/717 719/719/719 1546/1546/1543 
f 872/872/872 2738/4321/2734 4115/4320/4110 
f 872/872/872 4115/4320/4110 870/870/870 
f 2428/2443/2424 3782/3909/3777 3779/3906/3774 
f 4987/5634/4979 2426/2441/2422 2428/2443/2424 
f 4287/4549/4282 78/78/78 1266/1266/1263 
f 1266/1266/1263 78/78/78 77/77/77 
f 3589/3691/3584 3590/3693/3585 2600/3692/2596 
f 4232/4473/4227 3590/3693/3585 3589/3691/3584 
f 881/881/881 880/880/880 9/9/9 
f 878/878/878 880/880/880 881/881/881 
f 2675/2698/2671 4646/5037/4641 2800/2835/2796 
f 4202/4432/4197 2675/2698/2671 2800/2835/2796 
f 4223/4460/4218 1352/1352/1349 1673/1673/1670 
f 1672/1672/1669 4223/4460/4218 1673/1673/1670 
f 4095/4295/4090 3036/3088/3032 3099/4777/3095 
f 2456/2472/2452 3036/3088/3032 4095/4295/4090 
f 1122/1122/1120 1882/1882/1879 3871/4024/3866 
f 3871/4024/3866 3872/4025/3867 1122/1122/1120 
f 289/289/289 344/344/344 1152/1152/1149 
f 344/344/344 2695/2718/2691 1152/1152/1149 
f 3985/4164/3980 828/828/828 827/827/827 
f 2680/2703/2676 828/828/828 3985/4164/3980 
f 3724/3844/3719 4189/4412/4184 2348/4415/2344 
f 2348/4415/2344 3725/3845/3720 3724/3844/3719 
f 3094/3148/3090 741/741/741 160/160/160 
f 741/741/741 161/161/161 160/160/160 
f 3265/3336/3261 744/744/744 3267/3339/3263 
f 3265/3336/3261 3267/3339/3263 4897/5438/4890 
f 4133/4343/4128 2139/2141/2135 2136/2138/2133 
f 2134/2136/2131 2136/2138/2133 2139/2141/2135 
f 3817/3950/3812 772/772/772 774/774/774 
f 3816/3949/3811 3817/3950/3812 2510/2527/2506 
f 1807/1807/1804 1809/1809/1806 2085/2087/2082 
f 1651/4746/1648 1807/1807/1804 2085/2087/2082 
f 2291/2299/2287 2292/2300/2288 2784/2816/2780 
f 53/53/53 2784/2816/2780 392/392/392 
f 268/268/268 1831/1831/1828 1830/1830/1827 
f 1159/1159/1156 1831/1831/1828 268/268/268 
f 676/676/676 4049/4242/4044 4469/4789/4464 
f 3948/4118/3943 4049/4242/4044 676/676/676 
f 3502/3594/3497 1931/1931/1928 3191/3254/3187 
f 3191/3254/3187 4539/4882/4534 4538/4881/4533 
f 3869/4022/3864 3868/4021/3863 4727/5172/4722 
f 3869/4022/3864 816/816/816 986/986/985 
f 2804/2839/2800 4336/5592/4331 578/578/578 
f 4661/5058/4656 578/578/578 4336/5592/4331 
f 1598/1598/1595 2767/2797/2763 2108/2110/2105 
f 4639/5025/4634 1598/1598/1595 2108/2110/2105 
f 2936/4483/2932 2932/2974/2928 4238/5635/4233 
f 2934/2976/2930 2936/2978/2932 4238/4481/4233 
f 4241/4486/4236 4242/4487/4237 2330/4485/2326 
f 2330/4485/2326 2698/3827/2694 4241/4486/4236 
f 177/177/177 2847/2887/2843 437/437/437 
f 177/177/177 2849/2889/2845 2847/2887/2843 
f 2217/2224/2213 3569/3669/3564 3359/3438/3355 
f 4454/4770/4449 2217/2224/2213 3359/3438/3355 
f 4267/4517/4262 400/400/400 930/930/929 
f 4267/4517/4262 930/930/929 2332/3299/2328 
f 4737/5185/4731 2472/2488/2468 1271/1271/1268 
f 2469/2485/2465 2468/2484/2464 1271/1271/1268 
f 4604/4974/4599 3995/4175/3990 3317/3392/3313 
f 3317/3392/3313 3995/4175/3990 3994/4174/3989 
f 4721/5159/4716 2345/5160/2341 3486/4414/3482 
f 2347/2358/2343 3486/3574/3482 2345/2356/2341 
f 321/321/321 320/320/320 572/572/572 
f 320/320/320 2927/2969/2923 572/572/572 
f 1742/1742/1739 2215/2221/2211 907/907/907 
f 1166/1166/1163 2215/2221/2211 1742/1742/1739 
f 623/623/623 1231/1231/1228 54/54/54 
f 621/621/621 623/623/623 54/54/54 
f 1308/1308/1305 3205/4399/3201 1322/1322/1319 
f 1308/1308/1305 1322/1322/1319 261/261/261 
f 4305/4568/4300 1082/1082/1080 324/324/324 
f 4305/4568/4300 324/324/324 129/129/129 
f 4461/5636/4456 3099/3154/3095 4092/4292/4087 
f 4094/4294/4089 4095/4295/4090 4461/4776/4456 
f 2365/2378/2361 1744/1744/1741 552/552/552 
f 2365/2378/2361 2880/2921/2876 1744/1744/1741 
f 4485/4811/4480 3769/3895/3764 3626/3733/3621 
f 3626/3733/3621 4583/5247/4578 4485/4811/4480 
f 4481/4804/4476 2807/4806/2803 3926/4092/3921 
f 2807/2842/2803 2482/2499/2478 3926/5513/3921 
f 4803/5280/4796 377/377/377 1572/1572/1569 
f 377/377/377 1573/1573/1570 1572/1572/1569 
f 3503/5452/3498 3507/3599/3502 4988/5637/4980 
f 4988/5637/4980 3507/3599/3502 4619/5553/4614 
f 4167/4383/4162 4615/4989/4610 4168/4384/4163 
f 4167/4382/4162 4166/4381/4161 4615/4990/4610 
f 3791/3923/3786 658/658/658 3458/3544/3454 
f 658/658/658 659/659/659 3458/3544/3454 
f 4184/4405/4179 4368/4648/4363 861/861/861 
f 4368/4648/4363 14/14/14 861/861/861 
f 3859/4011/3854 2206/2212/2202 3858/4009/3853 
f 2206/2212/2202 2546/2563/2542 4781/5246/4775 
f 2479/2495/2475 3465/3551/3461 3464/3550/3460 
f 1670/2496/1667 2479/2495/2475 1768/5638/1765 
f 3169/3231/3165 3168/3230/3164 598/598/598 
f 3169/3231/3165 598/598/598 1741/1741/1738 
f 2951/2995/2947 2950/2994/2946 2062/2064/2059 
f 2950/2994/2946 300/300/300 2062/2064/2059 
f 251/251/251 3262/5639/3258 2486/5276/2482 
f 251/251/251 2486/5276/2482 3921/4087/3916 
f 452/452/452 694/694/694 4958/5562/4951 
f 452/452/452 695/695/695 694/694/694 
f 2040/2188/2037 977/977/976 979/979/978 
f 977/4681/976 2040/2042/2037 3378/3458/3374 
f 1275/1275/1272 2462/2478/2458 2464/2480/2460 
f 1757/1757/1754 1275/1275/1272 2464/2480/2460 
f 3312/3387/3308 4536/4879/4531 3310/3385/3306 
f 3590/3693/3585 3312/4472/3308 3310/3694/3306 
f 1043/1043/159 1251/1251/1248 4169/4385/4164 
f 1249/1249/1246 1251/1251/1248 1043/1043/159 
f 4201/5338/4196 3412/3496/3408 1702/3685/1699 
f 3583/3683/3578 1702/3685/1699 3412/3496/3408 
f 2222/2230/2218 4011/4195/4006 4332/4605/4327 
f 1780/1780/1777 4012/4196/4007 2222/3204/2218 
f 4482/4807/4477 2535/2552/2531 3294/3369/3290 
f 3294/3369/3290 3291/3366/3287 4482/4807/4477 
f 1573/1573/1570 876/876/876 4783/5251/4777 
f 3222/3288/3218 4783/5251/4777 876/876/876 
f 4652/5515/4647 2707/2730/2703 379/379/379 
f 4652/5515/4647 2708/2731/2704 2707/2730/2703 
f 1926/1926/1923 960/960/959 959/959/958 
f 1926/1926/1923 959/959/958 1927/1927/1924 
f 3281/3354/3277 2769/2799/2765 3282/3355/3278 
f 3282/3355/3278 2769/2799/2765 259/259/259 
f 2739/4322/2735 4926/5493/4919 4559/4910/4554 
f 4559/5640/4554 2732/2759/2728 2739/2766/2735 
f 2189/2195/2185 2685/2708/2681 3832/3968/3827 
f 3832/5107/3827 2685/2807/2681 1203/1203/1200 
f 2175/2179/2171 4628/5010/4623 4296/5641/4291 
f 4296/5641/4291 4628/5010/4623 4297/5012/4292 
f 1121/1121/1119 1123/1123/1121 677/677/677 
f 677/677/677 1123/1123/1121 4318/4584/4313 
f 2353/2364/2349 3408/3492/3404 766/766/766 
f 3408/3492/3404 2353/2364/2349 3409/3493/3405 
f 2201/2207/2197 2202/2208/2198 19/19/19 
f 2202/2208/2198 690/690/690 19/19/19 
f 2671/2694/2667 3031/3081/3027 4683/5088/4678 
f 2671/2694/2667 2670/2693/2666 3031/3081/3027 
f 2594/2613/2590 4163/4377/4158 2837/2875/2833 
f 2839/2877/2835 2594/2613/2590 2837/2875/2833 
f 457/457/457 1392/1392/1389 1642/1642/1639 
f 457/457/457 456/456/456 1392/1392/1389 
f 1791/1791/1788 3620/3726/3615 3202/5033/3198 
f 3202/5033/3198 4423/4725/4418 1791/1791/1788 
f 4088/4288/4083 669/669/669 3063/3115/3059 
f 669/669/669 671/671/671 3063/3115/3059 
f 3192/3256/3188 4538/4881/4533 3193/3257/3189 
f 691/691/691 4538/4881/4533 1930/1930/1927 
f 4722/5161/4717 4326/4596/4321 4051/4244/4046 
f 4722/5161/4717 3057/3109/3053 3056/3108/3052 
f 2987/3033/2983 2310/2320/2306 2988/3034/2984 
f 2987/3033/2983 1574/1574/1571 2310/2320/2306 
f 2146/2148/2142 4388/4674/4383 2147/2149/2143 
f 4388/4674/4383 4876/5400/4869 2147/2149/2143 
f 1830/1830/1827 1829/1829/1826 4534/4876/4529 
f 4534/4876/4529 2699/2722/2695 1830/1830/1827 
f 2653/4932/2649 3330/3407/3326 2526/3406/2522 
f 2526/2543/2522 2528/2545/2524 2653/2674/2649 
f 1876/1876/1873 3137/3195/3133 3729/3851/3724 
f 126/126/126 3137/3195/3133 1876/1876/1873 
f 2179/4736/2175 4433/4737/4428 2059/2061/2056 
f 2179/2183/2175 2183/2187/2179 4433/5439/4428 
f 51/51/51 1790/1790/1787 1193/1193/1190 
f 1789/1789/1786 1193/1193/1190 1790/1790/1787 
f 3574/3674/3569 628/628/628 627/627/627 
f 627/627/627 4312/4578/4307 3574/3674/3569 
f 4182/4403/4177 3957/4129/3952 3326/3402/3322 
f 3325/3401/3321 3326/3402/3322 3957/4129/3952 
f 3925/4091/3920 3924/4090/3919 1477/1477/1474 
f 3925/4091/3920 1477/1477/1474 2124/2126/2121 
f 2689/2712/2685 1743/1743/1740 909/909/909 
f 909/909/909 1743/1743/1740 1742/1742/1739 
f 883/883/883 107/107/107 242/242/242 
f 107/107/107 240/240/240 242/242/242 
f 3743/3865/3738 2902/2944/2898 4799/5275/4793 
f 2947/2991/2943 3743/3865/3738 4799/5275/4793 
f 3356/3435/3352 3613/3719/3608 3358/3437/3354 
f 3356/3435/3352 3358/3437/3354 3357/3436/3353 
f 4022/5317/4017 3974/4152/3969 4376/4657/4371 
f 2795/2830/2791 4022/4208/4017 4376/5642/4371 
f 1447/1447/1444 3733/5262/3728 3030/4754/3026 
f 4443/4753/4438 1447/1447/1444 3030/4754/3026 
f 3812/3945/3807 4364/4644/4359 4973/5600/4966 
f 3812/3945/3807 4366/4646/4361 4364/4644/4359 
f 1723/1723/1720 4560/4912/4555 1724/1724/1721 
f 4558/4908/4553 1150/1150/1147 1724/1724/1721 
f 4159/4372/4154 4158/4371/4153 4982/5619/467 
f 4070/4267/4065 4982/5619/467 4158/4371/4153 
f 532/532/532 1434/1434/1431 1869/1869/1866 
f 4299/4562/4294 533/533/533 532/532/532 
f 3237/3305/3233 864/864/864 4110/5435/4105 
f 3077/3130/3073 3237/4313/3233 4110/4314/4105 
f 415/415/415 3284/3357/3280 2151/2153/2147 
f 3284/3357/3280 1704/1704/1701 2151/2153/2147 
f 2326/2336/2322 3242/3311/3238 2324/2334/2320 
f 3242/3311/3238 1068/1068/1066 2324/2334/2320 
f 608/608/608 3229/3295/3225 2283/2291/2279 
f 608/608/608 1002/1002/1001 3229/3295/3225 
f 2446/2461/2442 2445/2460/2441 162/162/162 
f 4229/4467/4224 2446/2461/2442 162/162/162 
f 4603/4973/4598 3482/3569/3478 2164/3572/2160 
f 2163/2165/2159 4603/4972/4598 2164/2166/2160 
f 616/616/616 80/80/80 79/79/79 
f 80/80/80 616/616/616 2961/3006/2957 
f 4689/5098/4684 3686/5643/3681 4611/4983/4606 
f 3686/5643/3681 4901/5644/4894 4611/4983/4606 
f 2571/2588/2567 2273/2281/2269 3996/4176/3991 
f 2273/2281/2269 523/523/523 3996/4176/3991 
f 467/467/467 3839/3983/3834 2760/2787/2756 
f 4813/5295/4806 3839/3983/3834 467/467/467 
f 586/586/586 1784/1784/1781 923/923/922 
f 923/923/922 1784/1784/1781 3493/5040/3489 
f 3441/3527/3437 4621/5346/4616 3443/3529/3439 
f 3442/3528/3438 3441/3527/3437 3443/3529/3439 
f 2106/2108/2103 3262/5639/3258 250/250/250 
f 3262/5639/3258 251/251/251 250/250/250 
f 3410/3494/3406 3625/5381/3620 1184/1184/1181 
f 1184/1184/1181 3408/3492/3404 3410/3494/3406 
f 1216/1216/1213 1206/1206/1203 1208/1208/1205 
f 4719/5157/4714 1216/1216/1213 1208/1208/1205 
f 4203/4433/4198 2889/2931/2885 2888/2930/2884 
f 1825/1825/1822 4204/4434/4199 4203/4433/4198 
f 49/49/49 2163/2165/2159 3302/3377/3298 
f 2162/2164/2158 3302/3377/3298 2163/2165/2159 
f 3175/3237/3171 2182/2186/2178 1433/1433/1430 
f 1002/1002/1001 1433/1433/1430 2182/2186/2178 
f 1475/1475/1472 2574/2591/2570 2484/2501/2480 
f 2574/2591/2570 1753/1753/1750 2484/2501/2480 
f 4989/5645/4981 3910/4075/3905 1630/1630/1627 
f 3040/3092/3036 1630/1630/1627 3910/4075/3905 
f 655/655/655 2887/2929/2883 3938/4106/3933 
f 2887/2929/2883 4065/5016/4060 3938/4106/3933 
f 3682/3798/3677 4179/4400/4174 1614/5646/1611 
f 4179/4400/4174 1615/5085/1612 1614/5646/1611 
f 330/330/330 4679/5080/4674 4434/4739/4429 
f 4679/5080/4674 330/330/330 4078/4276/4073 
f 35/35/35 34/34/34 1514/1514/1511 
f 35/35/35 1514/1514/1511 573/573/573 
f 4579/4937/4574 3637/3744/3632 2580/4956/2576 
f 4579/4937/4574 1013/1013/1012 1015/1015/1014 
f 4047/4239/4042 97/97/97 803/803/803 
f 97/97/97 4047/4239/4042 302/302/302 
f 1860/1860/1857 3794/4847/3789 1861/1861/1858 
f 3794/3927/3789 4976/5604/4969 1861/3027/1858 
f 2289/2297/2285 3232/3298/3228 4263/5351/4258 
f 4263/4512/4258 3232/5533/3228 1832/1832/1829 
f 2051/2053/2048 683/683/683 3327/3403/3323 
f 3326/3402/3322 2051/2053/2048 3327/3403/3323 
f 2380/2395/2376 3043/3095/3039 3045/3097/3041 
f 2380/2395/2376 1628/1628/1625 3043/3095/3039 
f 4870/5391/4863 1894/1894/1891 1288/1288/1285 
f 1288/1288/1285 1290/1290/1287 4870/5391/4863 
f 4464/4781/4459 4401/4695/4396 3469/3555/3465 
f 2104/2106/2101 3469/3555/3465 2105/2107/2102 
f 187/187/187 186/186/186 902/902/902 
f 4311/4576/4306 902/902/902 186/186/186 
f 21/21/21 2245/2253/2241 2242/2250/2238 
f 20/20/20 2245/2253/2241 21/21/21 
f 2830/2868/2826 25/25/25 1627/1627/1624 
f 2830/2868/2826 2832/2870/2828 25/25/25 
f 1983/1983/1980 1982/1982/1979 893/893/893 
f 894/894/894 893/893/893 1982/1982/1979 
f 357/357/357 647/647/647 4308/4573/4303 
f 357/357/357 4308/4573/4303 2249/2257/2245 
f 4699/5647/4694 3770/3896/3765 3319/3394/3315 
f 2788/2823/2784 3770/3896/3765 4699/5647/4694 
f 2771/4083/2767 2770/5648/2766 3280/3352/3276 
f 3281/3353/3277 3280/3352/3276 2770/5648/2766 
f 1092/1092/1090 3881/4035/3876 2184/3142/2180 
f 3881/4035/3876 1092/1092/1090 1091/1091/1089 
f 1121/1121/1119 2113/2115/2110 1122/1122/1120 
f 2984/3030/2980 2113/2115/2110 1121/1121/1119 
f 525/525/525 4590/4957/4585 167/167/167 
f 525/525/525 167/167/167 1578/1578/1575 
f 764/764/764 1990/1990/1987 765/765/765 
f 765/765/765 1990/1990/1987 1989/1989/1986 
f 1292/1292/1289 3779/3906/3774 3781/3908/3776 
f 1292/1292/1289 3781/3908/3776 671/671/671 
f 4475/4796/4470 1212/1212/1209 326/326/326 
f 1212/1212/1209 327/327/327 326/326/326 
f 3629/3736/3624 3630/3737/3625 3632/3739/3627 
f 3630/3737/3625 3629/3736/3624 2753/2780/2749 
f 295/2313/295 3201/3267/3197 3200/3266/3196 
f 295/295/295 294/294/294 3201/4723/3197 
f 2038/2040/2035 2037/2039/2034 1232/1232/1229 
f 2037/2039/2034 192/192/192 1232/1232/1229 
f 1181/1181/1178 3407/3491/3403 3956/4128/3951 
f 3956/4128/3951 1182/1182/1179 1181/1181/1178 
f 3775/3902/3770 4658/5052/4653 3631/3738/3626 
f 3775/3902/3770 3776/3903/3771 4658/5052/4653 
f 626/626/626 1044/1044/1042 239/239/239 
f 627/627/627 626/626/626 239/239/239 
f 1780/1780/1777 3145/3203/3141 1779/1779/1776 
f 3145/3203/3141 3473/3560/3469 1779/1779/1776 
f 2331/2341/2327 2697/2720/2693 2699/2722/2695 
f 4534/4876/4529 2331/2341/2327 2699/2722/2695 
f 1222/1222/1219 4422/4724/4417 294/294/294 
f 1222/1222/1219 4451/4762/4446 4422/4724/4417 
f 1596/1596/1593 1595/1595/1592 2369/2382/2365 
f 2369/2382/2365 1595/1595/1592 2890/2932/2886 
f 1242/1242/1239 983/983/982 4226/4463/4221 
f 4225/4462/4220 2787/2821/2783 4226/4463/4221 
f 1367/1367/1364 3334/3411/3330 1365/1365/1362 
f 4922/5486/4915 3334/3411/3330 1367/1367/1364 
f 95/95/95 847/847/847 1606/1606/1603 
f 847/847/847 1607/1607/1604 1606/1606/1603 
f 3961/4133/3956 3325/3401/3321 3958/4130/3953 
f 3325/3401/3321 3961/4133/3956 1866/1866/1863 
f 3255/5649/3251 1888/2817/1885 4316/4582/4311 
f 3255/5649/3251 4316/4582/4311 3256/5105/3252 
f 3366/3445/3362 4724/5168/4719 3364/3443/3360 
f 4724/5168/4719 717/717/717 3364/3443/3360 
f 4344/4622/4339 1017/1017/1016 3393/3477/3389 
f 3393/3477/3389 3394/4620/3390 4344/4622/4339 
f 751/751/751 4990/5650/4982 752/752/752 
f 4990/5650/4982 751/751/751 2863/2903/2859 
f 3475/3562/3471 389/389/389 1954/1954/1951 
f 1188/1188/1185 1954/1954/1951 1186/1186/1183 
f 4177/4397/4172 4309/4574/4304 1756/1756/1753 
f 1756/1756/1753 4309/4574/4304 3819/3952/3814 
f 983/983/982 1242/1242/1239 984/984/983 
f 3885/5388/3880 984/984/983 1242/1242/1239 
f 4389/4677/4384 3676/3792/3671 1936/1936/1933 
f 1936/1936/1933 2303/2311/2299 4389/4677/4384 
f 2568/2585/2564 4593/4960/4588 2569/2586/2565 
f 4593/4960/4588 2568/2585/2564 1580/1580/1577 
f 2219/2227/2215 3569/3669/3564 3568/3668/3563 
f 1245/1245/1242 3569/3669/3564 2219/2227/2215 
f 4521/4858/4516 214/214/214 4533/4874/4528 
f 4521/4858/4516 1468/1468/1465 214/214/214 
f 4324/4592/4319 4323/4591/4318 903/903/903 
f 903/903/903 4828/5319/4821 904/904/904 
f 2713/2736/2709 2521/2538/2517 155/155/155 
f 154/154/154 2713/2736/2709 155/155/155 
f 3176/3238/3172 3174/5463/3170 4214/4446/4209 
f 3175/5651/3171 3174/5463/3170 3176/3238/3172 
f 1127/1127/1125 2964/3009/2960 2579/2596/2575 
f 1128/1128/1126 1127/1127/1125 2579/2596/2575 
f 4289/5145/4284 3060/4416/3056 3742/3864/3737 
f 3060/3112/3056 4289/4551/4284 4288/4550/4283 
f 3949/4119/3944 4650/5043/4645 675/675/675 
f 2266/2274/2262 3949/4119/3944 675/675/675 
f 289/289/289 1154/1154/1151 1933/1933/1930 
f 4950/5538/4943 289/289/289 1933/1933/1930 
f 3301/3376/3297 3303/3378/3299 579/579/579 
f 50/50/50 3301/3376/3297 579/579/579 
f 3900/4060/3895 3901/4061/3896 2669/4062/2665 
f 3901/4061/3896 3900/4060/3895 4320/4586/4315 
f 1386/1386/1383 4338/4612/4333 2798/2833/2794 
f 1386/1386/1383 785/785/785 4338/4612/4333 
f 4991/5652/4983 2644/2663/2640 2645/2664/2641 
f 4991/5652/4983 4504/4833/4499 2644/2663/2640 
f 60/60/60 2160/2162/2156 58/58/58 
f 287/287/287 58/58/58 2160/2162/2156 
f 156/156/156 2559/2576/2555 157/157/157 
f 156/156/156 3721/3841/3716 4648/5039/4643 
f 3467/3553/3463 1107/1107/1105 4157/4370/4152 
f 3467/3553/3463 4157/4370/4152 1240/1240/1237 
f 2504/2521/2500 2503/2520/2499 731/731/731 
f 2503/2520/2499 2766/2796/2762 731/731/731 
f 1116/1116/1114 3787/4987/3782 2317/2327/2313 
f 3787/4987/3782 2315/2325/2311 2317/2327/2313 
f 3853/5353/3848 2326/2336/2322 2325/2335/2321 
f 3853/5353/3848 3245/3314/3241 2326/2336/2322 
f 1161/1161/1158 4880/5406/4873 482/482/482 
f 4880/5406/4873 1161/1161/1158 1916/1916/1913 
f 4292/4555/4287 823/823/823 1330/1330/1327 
f 1330/1330/1327 823/823/823 1328/1328/1325 
f 1156/1156/1153 4340/4615/4335 1157/1157/1154 
f 4340/4615/4335 1158/1158/1155 1157/1157/1154 
f 4196/4425/4191 1882/1882/1879 3008/3056/3004 
f 4196/4425/4191 4765/5223/4759 1882/1882/1879 
f 1874/2791/1871 2763/2793/2759 3535/3629/3530 
f 1872/1872/1869 1874/1874/1871 3535/4669/3530 
f 648/648/648 1142/1142/1139 1728/1728/1725 
f 647/647/647 1142/1142/1139 648/648/648 
f 3831/3967/3826 3526/3620/3521 737/737/737 
f 1455/1455/1452 3526/3620/3521 3831/3967/3826 
f 100/100/100 1701/1701/1698 1914/1914/1911 
f 1701/1701/1698 3275/4952/3271 1914/1914/1911 
f 2406/2421/2402 3578/3678/3573 3576/3676/3571 
f 4992/5653/4984 3578/3678/3573 2406/2421/2402 
f 2869/2909/2865 512/512/512 1149/1149/1146 
f 2871/2911/2867 512/512/512 2869/2909/2865 
f 446/446/446 1957/1957/1954 4051/4244/4046 
f 444/444/444 1957/1957/1954 446/446/446 
f 1780/1780/1777 889/889/889 4013/4197/4008 
f 1780/1780/1777 4013/4197/4008 4012/4196/4007 
f 1089/1089/1087 4144/4355/4139 1090/1090/1088 
f 4624/5006/4619 4144/4355/4139 1089/1089/1087 
f 3550/3648/3545 2021/2023/2018 3547/3645/3542 
f 3547/3645/3542 2021/2023/2018 2023/2025/2020 
f 3739/3861/3734 3741/3863/3736 3740/3862/3735 
f 3740/3862/3735 3741/3863/3736 4594/4961/4589 
f 3398/3482/3394 1827/1827/1824 3396/3480/3392 
f 3398/3482/3394 4064/4259/4059 1827/1827/1824 
f 3413/3497/3409 4053/5654/4048 4052/4948/4047 
f 3413/3497/3409 4621/4999/4616 4053/5654/4048 
f 303/303/303 4474/4795/4469 304/304/304 
f 303/303/303 4704/5129/4699 4474/4795/4469 
f 2308/2318/2304 4768/5226/4762 992/992/991 
f 992/992/991 4768/5226/4762 1996/2789/1993 
f 3942/4110/3937 4701/5655/4696 2582/2601/2578 
f 1376/1376/1373 2582/2601/2578 4701/5655/4696 
f 4992/5653/4984 685/685/685 1172/1172/1169 
f 2406/2421/2402 685/685/685 4992/5653/4984 
f 2098/2100/2095 1562/1562/1559 3149/3209/3145 
f 3149/3209/3145 1562/1562/1559 2099/2101/2096 
f 552/552/552 1219/1219/1216 553/553/553 
f 553/553/553 1219/1219/1216 2640/2659/2636 
f 3991/4171/3986 1254/1254/1251 2779/2811/2775 
f 3991/4171/3986 2109/2111/2106 1254/1254/1251 
f 875/875/875 359/359/359 358/358/358 
f 875/875/875 358/358/358 2818/2856/2814 
f 381/381/381 1349/1349/1346 3122/3180/3118 
f 3122/3180/3118 4630/5415/4625 381/381/381 
f 2090/2092/2087 312/312/312 4715/5148/4710 
f 4361/5146/4356 2090/2092/2087 4715/5148/4710 
f 3865/4017/3860 2882/5656/2878 4759/5657/4753 
f 3865/4017/3860 1600/1600/1597 1599/1599/1596 
f 2715/2738/2711 2716/2739/2712 660/660/660 
f 660/660/660 1635/1635/1632 2715/2738/2711 
f 2636/2655/2632 4578/4936/4573 4706/5132/4701 
f 2636/2655/2632 1556/1556/1553 4577/4935/4572 
f 742/742/742 3094/3148/3090 2686/4953/2682 
f 741/741/741 3094/3148/3090 742/742/742 
f 1182/1182/1179 1350/1350/1347 1353/1353/1350 
f 566/566/566 1350/1350/1347 1182/1182/1179 
f 2526/2543/2522 4486/4944/4481 2527/2544/2523 
f 2527/2544/2523 4486/4944/4481 2531/2548/2527 
f 4811/5293/4804 3451/3537/3447 2706/4497/2702 
f 3451/3537/3447 3450/3536/3446 2706/4497/2702 
f 56/56/56 3882/4036/3877 284/284/284 
f 3609/3715/3604 56/56/56 284/284/284 
f 826/826/826 4607/4979/4602 470/470/470 
f 470/470/470 4607/4979/4602 471/471/471 
f 328/328/328 327/327/327 3140/3198/3136 
f 4505/4835/4500 328/328/328 3140/3198/3136 
f 262/262/262 2251/2259/2247 260/260/260 
f 2251/2259/2247 262/262/262 3666/3779/3661 
f 2278/2286/2274 4529/4869/4524 4530/4870/4525 
f 855/855/855 2278/2286/2274 853/853/853 
f 3195/3261/3191 743/743/743 3194/3258/3190 
f 465/465/465 743/743/743 3195/3261/3191 
f 3713/3833/3708 2615/2634/2611 3714/3834/3709 
f 1737/1737/1734 2615/2634/2611 3713/3833/3708 
f 3721/3841/3716 4796/5272/4790 862/862/862 
f 3722/3842/3717 3721/3841/3716 862/862/862 
f 3810/3943/3805 2316/2326/2312 2315/2325/2311 
f 2316/2326/2312 3810/3943/3805 3809/3942/3804 
f 1461/1461/1458 4708/5137/4703 34/34/34 
f 2729/2756/2725 34/34/34 4708/5137/4703 
f 65/65/65 1170/1170/1167 683/683/683 
f 65/65/65 4674/5074/4669 1170/1170/1167 
f 4107/4309/4102 4295/4558/4290 4294/4557/4289 
f 4107/4309/4102 4294/4557/4289 4588/4954/4583 
f 1634/1634/1631 482/482/482 117/117/117 
f 482/482/482 1634/1634/1631 483/483/483 
f 847/847/847 95/95/95 848/848/848 
f 95/95/95 2643/2662/2639 848/848/848 
f 2334/3248/2330 3185/3247/3181 1638/1638/1635 
f 1638/1638/1635 3185/3247/3181 463/463/463 
f 529/529/529 2595/2614/2591 2116/2118/2113 
f 2116/2118/2113 530/530/530 529/529/529 
f 3189/3252/3185 4538/4881/4533 3192/3256/3188 
f 3189/4237/3185 3192/5050/3188 4657/5051/4652 
f 1517/1517/1514 1037/1037/1036 4826/5315/4819 
f 1517/1517/1514 1516/1516/1513 1037/1037/1036 
f 2846/2886/2842 1619/1619/1616 2845/2885/2841 
f 902/902/902 1619/1619/1616 2846/2886/2842 
f 2064/2066/2061 1005/1005/1004 4395/4687/4390 
f 2062/2064/2059 2064/2066/2061 4395/4687/4390 
f 4424/4726/4419 4426/4728/4421 2511/2528/2507 
f 4424/4726/4419 3659/3771/3654 4426/4728/4421 
f 4668/5067/4663 1261/1261/1258 1596/2984/1593 
f 1596/1596/1593 2368/2381/2364 4668/5066/4663 
f 1414/1414/1411 116/116/116 212/212/212 
f 2329/2339/2325 212/212/212 116/116/116 
f 4507/4838/4502 1886/1886/1883 4703/5128/4698 
f 4507/4838/4502 99/99/99 1886/1886/1883 
f 3173/3235/3169 1774/1774/1771 924/924/923 
f 3173/3235/3169 3014/4455/3010 1774/1774/1771 
f 3485/3573/3481 3565/3665/3560 3484/3571/3480 
f 3484/3571/3480 3565/3665/3560 3570/3670/3565 
f 1769/1769/1766 3972/5658/3967 3006/3054/3002 
f 3971/4149/3966 3006/3054/3002 3972/5658/3967 
f 3800/3933/3795 483/483/483 915/915/915 
f 483/483/483 3800/3933/3795 3465/3551/3461 
f 4872/5393/4865 4081/5488/4076 4567/4920/4562 
f 1234/1234/1231 4872/5393/4865 4567/4920/4562 
f 2667/5248/2663 1509/1509/1506 3517/3611/3512 
f 1509/1509/1506 1389/1389/1386 3517/3611/3512 
f 2895/5337/2891 4275/4530/4270 2896/5461/2892 
f 4904/5462/4897 2896/5461/2892 4275/4530/4270 
f 1026/1026/1025 3655/3766/3650 2676/2699/2672 
f 4993/5659/4985 1026/1026/1025 3203/3269/3199 
f 3221/3287/3217 1632/1632/1629 2344/2355/2340 
f 3221/3287/3217 2344/2355/2340 2343/2354/2339 
f 4752/5202/4746 3698/3814/3693 163/163/163 
f 163/163/163 3698/3814/3693 1204/1204/1201 
f 4018/4204/4013 3757/3881/3752 4017/4202/4012 
f 940/940/939 3757/3881/3752 4018/4204/4013 
f 4929/5497/4922 1071/1071/1069 1538/1538/1535 
f 1898/1898/1895 4929/5497/4922 1538/1538/1535 
f 4882/5412/4875 2155/2157/2151 2401/2416/2397 
f 2155/2157/2151 1329/1329/1326 2401/2416/2397 
f 4059/4252/4054 4557/4907/4552 612/612/612 
f 612/612/612 3213/3279/3209 3212/3278/3208 
f 3763/3889/3758 258/258/258 526/526/526 
f 258/258/258 3763/3889/3758 10/10/10 
f 3050/3102/3046 4889/5426/4882 4953/5545/4946 
f 3050/3102/3046 4953/5545/4946 3047/3099/3043 
f 4669/5068/4664 927/927/926 2751/2778/2747 
f 1098/1098/1096 927/927/926 4669/5068/4664 
f 2829/2867/2825 281/281/281 2321/2331/2317 
f 637/637/637 2321/2331/2317 281/281/281 
f 646/646/646 645/645/645 1422/1422/1419 
f 1422/1422/1419 3248/3319/3244 4994/5660/4986 
f 2804/2839/2800 577/577/577 4737/5185/4731 
f 4737/5185/4731 577/577/577 2472/2488/2468 
f 4535/4878/4530 2673/2696/2669 4122/4329/4117 
f 2419/2434/2415 4122/4329/4117 2673/2696/2669 
f 4780/5244/4774 2514/2531/2510 3336/3914/3332 
f 3336/3413/3332 4364/4644/4359 4363/4643/4358 
f 878/878/878 405/405/405 879/879/879 
f 403/403/403 405/405/405 878/878/878 
f 1877/2386/1874 2758/2785/2754 2759/2786/2755 
f 4863/5378/4856 2758/2785/2754 3906/4071/3901 
f 292/292/292 1109/1109/1107 42/42/42 
f 1109/1109/1107 292/292/292 3701/3817/3696 
f 3654/3763/3649 2224/2232/2220 4767/5225/4761 
f 350/350/350 4767/5225/4761 351/351/351 
f 3147/3207/3143 1403/1403/1400 1597/1597/1594 
f 1597/1597/1594 1403/1403/1400 3512/4861/3507 
f 782/782/782 2154/2156/2150 4227/4464/4222 
f 4227/4464/4222 2154/2156/2150 3375/3455/3371 
f 987/987/986 2475/2491/2471 4516/4848/4511 
f 2475/2491/2471 987/987/986 238/238/238 
f 4002/4184/3997 1057/1057/1055 1058/1058/1056 
f 4002/4184/3997 4001/4183/3996 1057/1057/1055 
f 2355/2366/2351 3391/3475/3387 4535/4877/4530 
f 2670/2693/2666 2672/2695/2668 4535/4878/4530 
f 4816/5299/4809 4183/4404/4178 2776/2806/2772 
f 3489/3577/3485 2776/5661/2772 3488/3576/3484 
f 1655/1655/1652 3702/3818/3697 692/692/692 
f 3702/3818/3697 2259/2267/2255 692/692/692 
f 720/720/720 1658/1658/1655 3602/3707/3597 
f 1282/1282/1279 1658/1658/1655 720/720/720 
f 3711/3831/3706 3710/3830/3705 229/229/229 
f 4571/4925/4566 3711/3831/3706 229/229/229 
f 2347/2358/2343 3807/3940/3802 2349/2360/2345 
f 3807/3940/3802 2347/2358/2343 2346/2357/2342 
f 1968/1968/1965 4644/5030/4639 2944/2988/2940 
f 2944/2988/2940 1969/1969/1966 1968/1968/1965 
f 2151/2153/2147 4409/4705/4404 1705/1705/1702 
f 1705/1705/1702 4409/4705/4404 1706/1706/1703 
f 4756/5207/4750 3943/5121/3938 679/679/679 
f 2982/3028/2978 679/679/679 3943/5121/3938 
f 4671/5071/4666 4311/4576/4306 397/397/397 
f 364/364/364 4671/5071/4666 397/397/397 
f 3592/3697/3587 3403/3487/3399 3402/3486/3398 
f 3403/3487/3399 3592/3697/3587 1410/1410/1407 
f 4321/4587/4316 4322/4588/4317 3760/3885/3755 
f 4321/4587/4316 1487/2852/1484 4322/4588/4317 
f 4498/4827/4493 3477/3564/3473 4499/4828/4494 
f 3477/3636/3473 3541/3638/3536 4941/5521/4934 
f 3808/3941/3803 706/706/706 1396/1396/1393 
f 1396/1396/1393 1399/1399/1396 3808/3941/3803 
f 3931/4098/3926 1659/1659/1656 3932/4099/3927 
f 1659/1659/1656 1283/1283/1280 3932/4099/3927 
f 3664/3777/3659 2390/2405/2386 3662/3775/3657 
f 985/985/984 3662/3775/3657 2390/2405/2386 
f 3645/3754/3640 1318/1318/1315 3643/3752/3638 
f 1318/1318/1315 3645/3754/3640 4977/5605/4970 
f 790/790/790 2835/2873/2831 1949/1949/1946 
f 2835/2873/2831 1950/1950/1947 1949/1949/1946 
f 1527/1527/1524 388/388/388 4351/4629/4346 
f 3347/3426/3343 4351/4629/4346 388/388/388 
f 465/465/465 4537/4880/4532 466/466/466 
f 4537/4880/4532 3749/3871/3744 466/466/466 
f 3129/3187/3125 3131/4735/3127 4431/4733/4426 
f 3131/3189/3127 3366/3445/3362 4431/5662/4426 
f 2270/2278/2266 4332/4605/4327 4011/4195/4006 
f 3279/3351/3275 4332/4605/4327 2270/2278/2266 
f 685/685/685 684/684/684 1173/1173/1170 
f 684/684/684 1972/1972/1969 1173/1173/1170 
f 3533/3627/3528 3532/3626/3527 2852/2892/2848 
f 2852/5154/2848 4142/4353/4137 3533/4352/3528 
f 4871/5392/4864 2581/2600/2577 1378/1378/1375 
f 1378/1378/1375 1377/1377/1374 2077/2079/2074 
f 851/851/851 507/507/507 1006/1006/1005 
f 851/851/851 1006/1006/1005 852/852/852 
f 2012/2014/2009 1356/1356/1353 4248/4493/4243 
f 4248/4493/4243 3721/3841/3716 2012/2014/2009 
f 487/487/487 2557/2574/2553 885/885/885 
f 1852/1852/1849 2557/2574/2553 487/487/487 
f 2805/4805/2801 1280/1280/1277 4177/4397/4172 
f 4177/4397/4172 1280/1280/1277 4309/4574/4304 
f 3201/3267/3197 3203/3269/3199 3200/3266/3196 
f 2302/2310/2298 3200/3266/3196 3203/3269/3199 
f 1975/1975/1972 684/684/684 424/424/424 
f 1975/1975/1972 424/424/424 423/423/423 
f 1923/1923/1920 1924/1924/1921 4093/4293/4088 
f 4410/4707/4405 4093/4293/4088 1924/1924/1921 
f 4810/5289/4803 1667/1667/1664 1666/1666/1663 
f 4386/4671/4381 4810/5289/4803 1666/1666/1663 
f 3175/5651/3171 2060/2062/2057 4433/4737/4428 
f 3176/3238/3172 2060/2062/2057 3175/5651/3171 
f 3260/3331/3256 3257/3328/3253 648/648/648 
f 3257/3328/3253 3260/3331/3256 3259/3330/3255 
f 1765/1765/1762 4306/4570/4301 867/867/867 
f 3238/3306/3234 4306/4570/4301 1765/1765/1762 
f 2853/2893/2849 4074/4271/4069 2856/2896/2852 
f 4995/5663/4987 951/951/950 2856/2896/2852 
f 2395/2410/2391 4563/4916/4558 203/203/203 
f 203/203/203 4601/4969/4596 2395/2410/2391 
f 4343/4621/4338 4569/4923/4564 1018/1018/1017 
f 4569/4923/4564 2233/2241/2229 1018/1018/1017 
f 2585/2604/2581 2044/2046/2041 232/232/232 
f 2044/2046/2041 2585/2604/2581 2587/2606/2583 
f 1357/5261/1354 3733/5262/3728 3732/3854/3727 
f 1357/1357/1354 1356/1356/1353 3733/3855/3728 
f 4933/5505/4926 2641/2660/2637 3594/3699/3589 
f 2666/2689/2662 2665/2688/2661 3594/3699/3589 
f 4189/4412/4184 3487/3575/3483 4721/5159/4716 
f 1491/1491/1488 2345/5160/2341 4721/5159/4716 
f 2017/2019/2014 1205/1205/1202 3697/3813/3692 
f 2017/2019/2014 3834/3970/3829 1205/1205/1202 
f 456/456/456 1393/1393/1390 1392/1392/1389 
f 456/456/456 3345/3424/3341 1393/1393/1390 
f 3799/4601/3794 1995/3980/1992 2989/3035/2985 
f 1995/1995/1992 3799/3932/3794 2986/3032/2982 
f 4970/5590/4963 4056/4249/4051 2717/2741/2713 
f 4970/5590/4963 2717/2741/2713 1416/1416/1413 
f 1802/1802/1799 1663/1663/1660 3854/4004/3849 
f 3854/4004/3849 887/887/887 4536/4879/4531 
f 428/428/428 1693/1693/1690 426/426/426 
f 3397/3481/3393 1693/1693/1690 428/428/428 
f 3390/4264/3386 4067/4263/4062 2601/2620/2597 
f 4067/5512/4062 3390/3472/3386 2702/2725/2698 
f 3182/3244/3178 946/946/945 4023/4209/4018 
f 946/946/945 3182/3244/3178 944/944/943 
f 373/373/373 4640/5026/4635 1843/1843/1840 
f 4105/4307/4100 373/373/373 24/24/24 
f 4033/4221/4028 270/270/270 394/394/394 
f 270/270/270 4033/4221/4028 569/569/569 
f 3033/3083/3029 2859/2899/2855 2357/3084/2353 
f 2859/2899/2855 3033/3083/3029 3032/3082/3028 
f 1548/1548/1545 2267/2275/2263 675/675/675 
f 1548/1548/1545 3111/3169/3107 2267/2275/2263 
f 1817/1817/1814 2411/3149/2407 4168/4384/4163 
f 4168/4384/4163 4614/4988/4609 1817/1817/1814 
f 1458/1458/1455 113/113/113 979/979/978 
f 113/113/113 1458/1458/1455 114/114/114 
f 822/822/822 3914/4079/3909 3913/4078/3908 
f 822/822/822 4626/5008/4621 3914/4079/3909 
f 23/23/23 2724/2751/2720 4105/4307/4100 
f 2724/2751/2720 23/23/23 2233/2241/2229 
f 4077/4275/4072 2381/2396/2377 1983/1983/1980 
f 4077/4275/4072 3045/4818/3041 2381/2396/2377 
f 3492/3581/3488 3495/3586/3491 4261/4510/4256 
f 4473/4794/4468 3495/3586/3491 3492/3581/3488 
f 4008/4192/4003 3859/4011/3854 431/5624/431 
f 431/5624/431 3859/4011/3854 2543/4008/2539 
f 4693/5104/4688 947/947/946 2878/2919/2874 
f 948/948/947 947/947/946 4693/5104/4688 
f 1988/1988/1985 1986/1986/1983 1985/1985/1982 
f 1065/1065/1063 1986/1986/1983 1988/1988/1985 
f 2868/2908/2864 4718/5156/4713 1149/1149/1146 
f 2868/2908/2864 3545/3643/3540 4718/5156/4713 
f 2806/2841/2802 2810/2845/2806 2809/2844/2805 
f 2809/2844/2805 2483/2500/2479 2806/2841/2802 
f 3274/3346/3270 4234/4475/4229 3674/5418/3669 
f 4234/4478/4229 3675/3791/3670 3674/3790/3669 
f 3973/4151/3968 4496/4825/4491 3198/5211/3194 
f 1197/1197/1194 4496/4825/4491 3973/4151/3968 
f 666/666/666 4911/5472/4904 3062/3114/3058 
f 3062/3114/3058 4911/5472/4904 1523/1523/1520 
f 18/18/18 3248/3319/3244 3250/3321/3246 
f 18/18/18 4994/5660/4986 3248/3319/3244 
f 4061/4255/4056 2246/2254/2242 4778/5431/4772 
f 3514/3608/3509 4778/5241/4772 2246/3606/2242 
f 620/620/620 1347/1347/1344 376/376/376 
f 1209/1209/1206 1347/1347/1344 620/620/620 
f 3898/4055/3893 2979/4054/2975 4522/4859/4517 
f 4533/4874/4528 3898/4055/3893 4522/4859/4517 
f 2549/4947/2545 3511/3603/3506 2550/5498/2546 
f 2547/2564/2543 2549/2566/2545 2550/2567/2546 
f 4501/4830/4496 439/439/439 441/441/441 
f 4501/4830/4496 441/441/441 3977/4156/3972 
f 2979/3024/2975 1466/1466/1463 596/596/596 
f 1466/1466/1463 597/597/597 596/596/596 
f 3759/3884/3754 4080/4278/4075 1885/1885/1882 
f 1885/1885/1882 2517/2534/2513 3759/3884/3754 
f 439/439/439 2068/2070/2065 3072/3125/3068 
f 3072/3125/3068 2068/2070/2065 2067/2069/2064 
f 2930/2972/2926 119/119/119 118/118/118 
f 118/118/118 1709/1709/1706 2930/2972/2926 
f 1001/1001/1000 3452/3538/3448 4290/4552/4285 
f 3452/3538/3448 1001/1001/1000 1993/1993/1990 
f 1925/1925/1922 453/453/453 3346/3425/3342 
f 3346/3425/3342 453/453/453 3034/3086/3030 
f 3618/3724/3613 2678/3822/2674 2677/5036/2673 
f 2678/3822/2674 3618/3724/3613 3704/3820/3699 
f 1084/1084/1082 3907/4072/3902 1082/1082/1080 
f 1082/1082/1080 3907/4072/3902 324/324/324 
f 2550/2567/2546 1049/1049/1047 2547/2564/2543 
f 1048/1048/1046 2547/2564/2543 1049/1049/1047 
f 3457/3543/3453 1919/1919/1916 2478/2494/2474 
f 4034/4222/4029 2478/2494/2474 1919/1919/1916 
f 754/754/754 91/91/91 1394/1394/1391 
f 91/91/91 754/754/754 92/92/92 
f 3101/3156/3097 635/635/635 4881/5408/4874 
f 4146/4357/4141 4881/5408/4874 635/635/635 
f 51/51/51 1193/1193/1190 891/891/891 
f 51/51/51 891/891/891 1358/1358/1355 
f 3079/3132/3075 301/301/301 4208/4440/4203 
f 4208/4440/4203 3080/3133/3076 3079/3132/3075 
f 4483/4808/4478 4907/5467/4900 1854/1854/1851 
f 3002/3048/2998 1854/3877/1851 3001/3047/2997 
f 3950/4120/3945 3954/4124/3949 450/450/450 
f 3950/4120/3945 3952/4122/3947 3954/4124/3949 
f 263/263/263 2444/2459/2440 2443/2458/2439 
f 2444/2459/2440 263/263/263 2034/4527/2031 
f 775/775/775 44/44/44 4802/5279/4795 
f 777/777/777 44/44/44 775/775/775 
f 4164/4378/4159 2837/2875/2833 4163/4377/4158 
f 4163/4377/4158 650/650/650 4164/4378/4159 
f 2795/2830/2791 2794/2829/2790 2792/2827/2788 
f 2795/2830/2791 2792/2827/2788 3196/3262/3192 
f 2140/2142/2136 3091/3145/3087 2142/3585/2138 
f 3091/3145/3087 2140/2142/2136 922/922/921 
f 4707/5133/4702 3617/5100/3612 2393/3773/2389 
f 3617/3723/3612 2391/2406/2387 2393/2408/2389 
f 3849/3996/3844 643/643/643 4814/5296/4807 
f 642/642/642 4814/5296/4807 643/643/643 
f 2640/2659/2636 4444/4755/4439 2641/2660/2637 
f 4444/4755/4439 3595/3700/3590 2641/2660/2637 
f 1594/2983/1591 2942/2986/2938 4775/5235/4769 
f 4775/5235/4769 2942/2986/2938 2497/4233/2493 
f 2651/3463/2647 3278/3350/3274 3275/3347/3271 
f 3278/3350/3274 3277/3349/3273 3275/3347/3271 
f 170/170/170 4853/5368/4846 168/168/168 
f 4854/5369/4847 4853/5368/4846 170/170/170 
f 4697/5113/4692 579/579/579 1440/1440/1437 
f 1682/1682/1679 4697/5113/4692 1440/1440/1437 
f 1829/1829/1826 1831/1831/1828 2287/2295/2283 
f 2287/2295/2283 4936/5511/4929 1829/1829/1826 
f 3825/3960/3820 4478/4801/4473 265/265/265 
f 4478/4801/4473 3825/3960/3820 2631/5530/2627 
f 1401/1401/1398 3604/3710/3599 3606/3712/3601 
f 3606/3712/3601 4717/5155/4712 1401/1401/1398 
f 1483/1483/1480 4360/4640/4355 3814/3947/3809 
f 3814/3947/3809 4314/4580/4309 1483/1483/1480 
f 3888/4042/3883 4642/5028/4637 329/329/329 
f 4642/5028/4637 3888/4042/3883 2450/2465/2446 
f 1655/1655/1652 696/696/696 3701/3817/3696 
f 1109/1109/1107 3701/3817/3696 696/696/696 
f 3380/3461/3376 2652/5664/2648 3381/3462/3377 
f 4704/5129/4699 2652/5664/2648 3380/3461/3376 
f 711/711/711 2591/2610/2587 710/710/710 
f 2591/2610/2587 3448/3534/3444 710/710/710 
f 208/208/208 207/207/207 663/663/663 
f 208/208/208 663/663/663 4035/4223/4030 
f 1847/1847/1844 749/749/749 3471/3557/3467 
f 4402/4696/4397 1847/1847/1844 3471/3557/3467 
f 1343/1343/1340 3576/5665/3571 4662/5060/4657 
f 1343/1343/1340 3577/5363/3572 3576/5665/3571 
f 2247/2255/2243 4755/5206/4749 4116/4323/4111 
f 4116/4323/4111 2248/2256/2244 2247/2255/2243 
f 1833/1833/1830 1159/1159/1156 2513/2530/2509 
f 1833/1833/1830 4046/4236/4041 1159/1159/1156 
f 195/195/195 1180/1180/1177 3690/3806/3685 
f 2074/2076/2071 1180/1180/1177 195/195/195 
f 4422/4724/4417 1022/1022/1021 4423/4725/4418 
f 4423/4725/4418 1022/1022/1021 1791/1791/1788 
f 1643/1643/1640 780/780/780 4302/4565/4297 
f 1643/1643/1640 781/781/781 780/780/780 
f 1336/1336/1333 1383/1383/1380 688/688/688 
f 4771/5229/4765 1336/1336/1333 688/688/688 
f 38/38/38 1107/1107/1105 331/331/331 
f 330/330/330 38/38/38 331/331/331 
f 1586/1586/1583 2421/5135/2417 2425/2440/2421 
f 4041/4229/4036 2425/2440/2421 2421/5135/2417 
f 4931/5501/4924 2530/2547/2526 1042/1042/1041 
f 2530/2547/2526 2529/2546/2525 1042/1042/1041 
f 4441/4750/4436 4908/5469/4901 2489/2506/2485 
f 2491/2508/2487 4441/4750/4436 2489/2506/2485 
f 604/604/604 4927/5495/4920 4120/4327/4115 
f 4927/5495/4920 77/77/77 4120/4327/4115 
f 2553/2570/2549 1685/1685/1682 2551/2568/2547 
f 1685/1685/1682 2553/2570/2549 4188/4411/4183 
f 2152/2154/2148 781/781/781 307/307/307 
f 2152/2154/2148 782/782/782 781/781/781 
f 1552/1552/1549 4121/4328/4116 4124/4331/4119 
f 3032/3082/3028 4121/4328/4116 1552/1552/1549 
f 4222/5633/4217 3409/3493/3405 2352/2363/2348 
f 3409/3493/3405 4222/5633/4217 3410/3494/3406 
f 1883/1883/1880 2113/2115/2110 3651/3760/3646 
f 1883/1883/1880 3651/3760/3646 4555/4905/4550 
f 3340/3418/3336 1473/1473/1470 4732/5177/4727 
f 4732/5177/4727 1473/1473/1470 2556/2573/2552 
f 4777/5240/4771 4779/5242/4773 2750/2777/2746 
f 2750/2777/2746 4779/5242/4773 2751/2778/2747 
f 1579/1579/1576 1580/1580/1577 71/71/71 
f 177/177/177 1580/1580/1577 1579/1579/1576 
f 4913/5474/4906 4637/5023/4632 1731/1731/1728 
f 1731/1731/1728 4637/5023/4632 1611/1611/1608 
f 4003/4185/3998 673/673/673 1547/1547/1544 
f 4003/4185/3998 1547/1547/1544 4005/4809/4000 
f 2915/2957/2911 1337/1337/1334 587/587/587 
f 2915/2957/2911 2914/2956/2910 1337/1337/1334 
f 4769/5227/4763 2511/2528/2507 4426/4728/4421 
f 4769/5227/4763 134/134/134 2511/2528/2507 
f 4996/5666/4988 681/681/681 104/104/104 
f 3943/4111/3938 681/681/681 3944/4112/3939 
f 3780/3907/3775 4038/4927/4033 1812/1812/1809 
f 1812/1812/1809 671/671/671 3780/3907/3775 
f 111/111/111 110/110/110 3340/3418/3336 
f 1473/1473/1470 3340/3418/3336 110/110/110 
f 3828/3964/3823 2025/2027/2022 108/108/108 
f 2025/2027/2022 3828/3964/3823 2026/2028/2023 
f 2432/2447/2428 244/244/244 2057/2059/2054 
f 4126/4333/4121 244/244/244 2432/2447/2428 
f 4041/4229/4036 2424/2439/2420 2425/2440/2421 
f 4041/4229/4036 85/85/85 2424/2439/2420 
f 3099/4777/3095 3036/3088/3032 3038/3090/3034 
f 3100/3155/3096 3099/3154/3095 3038/5468/3034 
f 4233/4474/4228 124/124/124 2130/2132/2127 
f 4233/4474/4228 2130/2132/2127 2781/2813/2777 
f 4526/4864/4521 3047/5305/3043 2107/2109/2104 
f 4526/4864/4521 3513/5572/3508 3047/5305/3043 
f 4859/5374/4852 1797/1797/1794 4860/5375/4853 
f 1797/1797/1794 4442/4751/4437 4860/5375/4853 
f 1809/1809/1806 2081/2083/2078 2083/2085/2080 
f 2081/2083/2078 2082/2084/2079 2083/2085/2080 
f 4905/5464/4898 908/908/908 4627/5009/4622 
f 4627/5009/4622 908/908/908 3076/3129/3072 
f 2598/2617/2594 2597/2616/2593 3642/5091/3637 
f 3642/3749/3637 2597/3630/2593 1666/1666/1663 
f 4741/5190/4735 498/498/498 757/757/757 
f 759/759/759 4741/5190/4735 757/757/757 
f 4800/5277/2733 2731/2758/2727 2733/2760/2729 
f 2731/2758/2727 4800/5277/2733 1722/1722/1719 
f 1988/1988/1985 45/45/45 777/777/777 
f 777/777/777 45/45/45 44/44/44 
f 1901/1901/1898 1904/1904/1901 3874/4027/3869 
f 3874/4027/3869 1904/1904/1901 4844/5352/4837 
f 1368/1368/1365 795/795/795 4922/5486/4915 
f 1368/1368/1365 4922/5486/4915 1367/1367/1364 
f 1665/1665/1662 3883/4037/3878 3642/3749/3637 
f 1667/1667/1664 3883/4037/3878 1665/1665/1662 
f 1736/1736/1733 557/557/557 4541/4885/4536 
f 2047/2049/2044 4541/4885/4536 557/557/557 
f 699/699/699 2250/2258/2246 697/697/697 
f 4480/4803/4475 260/260/260 2250/2258/2246 
f 405/405/405 404/404/404 2004/2004/2001 
f 2004/2004/2001 404/404/404 1824/1824/1821 
f 1196/1196/1193 3198/3264/3194 4497/4826/4492 
f 4496/4825/4491 4497/5419/4492 3198/5211/3194 
f 3559/3659/3554 4040/4228/4035 982/982/981 
f 981/981/980 3559/3659/3554 982/982/981 
f 2467/5018/2463 4633/5667/4628 2427/2442/2423 
f 2427/2442/2423 4511/5335/4506 3307/3382/3303 
f 2281/2289/2277 3738/3860/3733 2279/2287/2275 
f 3736/3858/3731 2279/2287/2275 3738/3860/3733 
f 2471/2487/2467 63/63/63 62/62/62 
f 62/62/62 716/716/716 2471/2487/2467 
f 1565/1565/1562 2508/2525/2504 4245/4490/4240 
f 1565/1565/1562 4245/4490/4240 773/773/773 
f 3782/3909/3777 2431/2446/2427 4039/4227/4034 
f 4039/5502/4034 2431/5503/2427 1810/1810/1807 
f 2572/2589/2568 2771/2801/2767 3917/4975/3912 
f 4604/4974/4599 2572/2589/2568 3917/4975/3912 
f 4973/5600/4966 2100/2102/2097 2102/2104/2099 
f 4464/4781/4459 4973/5600/4966 2102/2104/2099 
f 2945/2989/2941 4289/4551/4284 4713/5668/4708 
f 1806/4594/1803 2945/2989/2941 4713/5668/4708 
f 751/751/751 4458/4773/4453 2794/2829/2790 
f 2794/2829/2790 4458/4773/4453 4457/4772/4452 
f 4716/5150/4711 3846/3993/3841 1486/1486/1483 
f 1006/1006/1005 1486/1486/1483 3846/3993/3841 
f 4997/5669/4989 767/767/767 2003/2003/2000 
f 4997/5669/4989 1081/1081/1079 767/767/767 
f 1710/1710/1707 40/40/40 500/500/500 
f 40/40/40 4216/4448/4211 500/500/500 
f 596/596/596 3168/3230/3164 2439/2454/2435 
f 2437/2452/2433 2439/2454/2435 3168/3230/3164 
f 4817/5301/4810 4818/5302/4811 2697/3828/2693 
f 2331/2341/2327 4817/5300/4810 2697/2720/2693 
f 2708/4872/2704 2460/2476/2456 4811/5293/4804 
f 2709/2732/2705 2708/2731/2704 4811/5292/4804 
f 576/576/576 578/578/578 4661/5058/4656 
f 3418/3502/3414 576/576/576 4661/5058/4656 
f 4998/5670/4990 3353/3432/3349 718/718/718 
f 4580/4938/4575 3353/3432/3349 2648/2669/2644 
f 1400/1400/1397 1395/1395/1392 4816/5298/4809 
f 1395/1395/1392 1400/1400/1397 1399/1399/1396 
f 4590/4957/4585 3919/4085/3914 165/165/165 
f 3919/4085/3914 4952/5543/4945 165/165/165 
f 1181/1181/1178 2212/2218/2208 3407/3491/3403 
f 3410/3732/3406 3407/3491/3403 2212/2218/2208 
f 673/673/673 2263/2271/2259 4864/5379/4857 
f 2263/2271/2259 673/673/673 4003/4185/3998 
f 3749/3871/3744 2426/2441/2422 1291/1291/1288 
f 3749/3871/3744 3748/3870/3743 2426/2441/2422 
f 2563/2597/2559 4272/4526/4267 2561/5671/2557 
f 2561/5671/2557 4272/4526/4267 2562/5672/2558 
f 536/536/536 4764/5222/4758 2319/5221/2315 
f 2319/5221/2315 2318/5578/2314 536/536/536 
f 1745/1745/1742 1029/1029/1028 1028/1028/1027 
f 2880/2921/2876 1029/1029/1028 1745/1745/1742 
f 701/701/701 697/3788/697 2253/2261/2249 
f 701/701/701 2253/2261/2249 702/702/702 
f 2112/2114/2109 3936/4104/3931 2110/2112/2107 
f 4098/4299/4093 2110/2112/2107 3936/4104/3931 
f 4582/4940/4577 340/340/340 2962/3007/2958 
f 340/340/340 4921/5483/4914 2962/3007/2958 
f 703/703/703 3538/3633/3533 704/704/704 
f 3538/3633/3533 4183/4404/4178 704/704/704 
f 3685/3801/3680 2688/2711/2684 2687/2710/2683 
f 2687/2710/2683 4610/5446/4605 3685/3801/3680 
f 4225/4462/4220 2389/2404/2385 1528/1528/1525 
f 1529/1529/1526 1528/1528/1525 2389/2404/2385 
f 3544/3642/3539 1088/1088/1086 1937/1937/1934 
f 1088/1088/1086 810/810/810 1937/1937/1934 
f 1267/1267/1264 2047/2049/2044 2049/2051/2046 
f 2047/2049/2044 555/555/555 2049/2051/2046 
f 4483/4808/4478 2501/2518/2497 4907/5467/4900 
f 4907/5467/4900 2501/2518/2497 3827/3963/3822 
f 3134/3192/3130 2604/2623/2600 1672/1672/1669 
f 4014/4199/4009 2604/3979/2600 3134/5318/3130 
f 2899/2941/2895 4720/5673/4715 2897/2939/2893 
f 4720/5673/4715 1946/2011/1943 2897/2939/2893 
f 3543/3641/3538 4705/5131/4700 4706/5132/4701 
f 4578/4936/4573 3543/3641/3538 4706/5132/4701 
f 4656/5631/4651 4383/4665/4378 2666/2689/2662 
f 2666/4058/2662 3900/4060/3895 4656/5049/4651 
f 2536/2553/2532 4835/5331/4828 4446/4757/4441 
f 4835/5331/4828 2536/2553/2532 1397/1397/1394 
f 3818/3951/3813 2031/2033/2028 4787/5256/4781 
f 2031/2033/2028 3649/3758/3644 4999/5674/4991 
f 3480/3567/3476 4498/4827/4493 3481/3568/3477 
f 4498/4827/4493 3480/3567/3476 4887/5423/4880 
f 3558/3658/3553 1413/1413/1410 3559/3659/3554 
f 4130/4339/4125 1413/1413/1410 3558/3658/3553 
f 1490/1490/1487 2994/5675/2990 2345/5160/2341 
f 4649/5350/4644 2994/5675/2990 1490/1490/1487 
f 99/99/99 98/98/98 407/407/407 
f 407/407/407 2517/2534/2513 99/99/99 
f 4491/4817/4486 672/672/672 11/11/11 
f 3078/3131/3074 672/672/672 4491/4817/4486 
f 308/308/308 1502/1502/1499 4557/4907/4552 
f 4060/4254/4055 308/308/308 4557/4907/4552 
f 4318/4584/4313 1554/1554/1551 677/677/677 
f 4318/4584/4313 1555/1555/1552 1554/1554/1551 
f 1816/1816/1813 2874/2914/2870 3496/3587/3492 
f 3497/3588/3493 3496/3587/3492 2874/2914/2870 
f 3944/4112/3939 3164/3226/3160 2985/5122/2981 
f 3164/3226/3160 3166/3228/3162 2985/5122/2981 
f 3378/3458/3374 4591/4958/4586 4392/4682/4387 
f 4591/4958/4586 3378/3458/3374 1412/1412/1409 
f 2285/2293/2281 3285/3358/3281 1536/1536/1533 
f 1536/1536/1533 3285/3358/3281 1534/1534/1531 
f 2900/3997/2896 4676/5076/4671 3848/3995/3843 
f 3848/3995/3843 4676/5076/4671 3059/3111/3055 
f 1619/1619/1616 4311/4576/4306 1617/1617/1614 
f 1617/1617/1614 4311/4576/4306 3158/3220/3154 
f 501/501/501 2205/2211/2201 3348/3427/3344 
f 4865/5380/4858 3348/3427/3344 2205/2211/2201 
f 2923/2965/2919 2925/2967/2921 2924/2966/2920 
f 2924/4600/2920 636/636/636 2923/3157/2919 
f 2764/2794/2760 283/283/283 2763/2793/2759 
f 284/284/284 283/283/283 2764/2794/2760 
f 2092/2094/2089 1613/1613/1610 2090/2092/2087 
f 2092/2094/2089 898/898/898 1613/1613/1610 
f 3737/3859/3732 4477/4799/4472 2279/2287/2275 
f 3737/4407/3732 2137/2139/2134 4477/5676/4472 
f 4243/4488/4238 2884/2926/2880 2883/2925/2879 
f 2883/2925/2879 3863/4015/3858 4243/4488/4238 
f 4128/4335/4123 4932/5504/4925 2225/2233/2221 
f 4128/4337/4123 2225/5421/2221 3473/3560/3469 
f 3984/4616/3979 2682/3910/2678 824/824/824 
f 2683/2706/2679 2682/2705/2678 3984/4163/3979 
f 2065/2067/2062 1818/1818/1815 1338/1338/1335 
f 2065/2067/2062 1338/1338/1335 2914/2956/2910 
f 2767/2797/2763 1789/1789/1786 348/348/348 
f 2766/2796/2762 1789/1789/1786 2767/2797/2763 
f 3821/3954/3816 3367/3956/3363 3822/3957/3817 
f 771/771/771 3822/3957/3817 3367/3956/3363 
f 50/50/50 140/140/140 1190/1190/1187 
f 50/50/50 1190/1190/1187 51/51/51 
f 4567/4920/4562 2519/2536/2515 506/506/506 
f 1887/1887/1884 506/506/506 2519/2536/2515 
f 4702/5126/4697 4701/5125/4696 3942/5529/3937 
f 3942/5529/3937 4723/5167/4718 4702/5126/4697 
f 1452/1452/1449 637/637/637 281/281/281 
f 1452/1452/1449 635/635/635 637/637/637 
f 442/442/442 4243/4488/4238 3018/3067/3014 
f 442/442/442 3018/3067/3014 1602/1602/1599 
f 3808/3941/3803 481/481/481 32/32/32 
f 33/33/33 32/32/32 481/481/481 
f 2719/2745/2715 2718/2744/2714 4056/4249/4051 
f 4057/4250/4052 4056/4249/4051 2718/2744/2714 
f 1953/1953/1950 391/391/391 3902/4063/3897 
f 1953/1953/1950 53/53/53 391/391/391 
f 3903/4066/3898 2291/2299/2287 4847/5359/4840 
f 2291/2299/2287 2783/2815/2779 4847/5359/4840 
f 1835/1835/1832 809/809/809 4754/5205/4748 
f 809/809/809 1835/1835/1832 2298/2306/2294 
f 4172/4388/4167 1253/1253/1250 2150/2152/2146 
f 1014/1014/1013 1253/1253/1250 4172/4388/4167 
f 1585/1585/1582 4085/5677/4080 1586/1586/1583 
f 4085/5677/4080 1585/1585/1582 2241/2249/2237 
f 2167/3206/2163 2271/5678/2267 3146/3205/3142 
f 4010/4198/4005 3146/3205/3142 2271/5678/2267 
f 3751/3873/3746 794/794/794 793/793/793 
f 3752/3874/3747 3751/3873/3746 793/793/793 
f 2586/2605/2582 3963/4135/3958 4155/4368/4150 
f 2586/2605/2582 4155/4368/4150 2588/2607/2584 
f 1671/1671/1668 1669/1669/1666 1668/1668/1665 
f 3135/3193/3131 4653/5046/4648 1671/1671/1668 
f 1213/1213/1210 204/204/204 495/495/495 
f 495/495/495 494/494/494 1213/1213/1210 
f 3267/3339/3263 744/744/744 4301/4564/4296 
f 84/84/84 4301/4564/4296 744/744/744 
f 652/652/652 651/651/651 2377/2392/2373 
f 2377/2392/2373 651/651/651 900/900/900 
f 3962/4134/3957 4726/5171/4721 4155/4368/4150 
f 3962/4134/3957 912/912/912 4726/5171/4721 
f 1864/1864/1861 1274/1274/1271 1273/1273/1270 
f 1864/1864/1861 148/148/148 1274/1274/1271 
f 2123/2125/2120 2125/2127/2122 2963/3008/2959 
f 2963/3008/2959 2122/2124/2119 4304/4567/4299 
f 762/762/762 4078/4276/4073 4643/5029/4638 
f 4643/5029/4638 2754/2781/2750 762/762/762 
f 1027/1027/1026 688/688/688 3801/3934/3796 
f 1025/1025/1024 1027/1027/1026 3801/3934/3796 
f 3164/3226/3160 3161/3223/3157 3165/3227/3161 
f 3165/3227/3161 3161/3223/3157 3163/3225/3159 
f 2614/2633/2610 606/606/606 2616/2635/2612 
f 2616/2635/2612 2615/2634/2611 2614/2633/2610 
f 3115/4190/3111 2196/2202/2192 3117/4435/3113 
f 3117/3175/3113 3116/3174/3112 3115/3173/3111 
f 2282/2290/2278 3723/3843/3718 414/414/414 
f 414/414/414 3723/3843/3718 415/415/415 
f 1348/1348/1345 380/380/380 1139/1139/1137 
f 1348/1348/1345 1347/1347/1344 380/380/380 
f 4366/4646/4361 929/929/928 4362/4642/4357 
f 4366/4646/4361 518/518/518 929/929/928 
f 3831/3967/3826 737/737/737 3527/3621/3522 
f 737/737/737 1201/1201/1198 3527/3621/3522 
f 874/874/874 359/359/359 875/875/875 
f 3977/4156/3972 359/359/359 874/874/874 
f 3466/3552/3462 43/43/43 2075/2077/2072 
f 43/43/43 3466/3552/3462 1759/1759/1756 
f 2865/4659/2861 3857/4007/3852 2862/5679/2858 
f 2865/4659/2861 4377/4658/4372 3857/4007/3852 
f 3532/3626/3527 4588/4954/4583 1942/1942/1939 
f 4954/5550/4947 1942/1942/1939 4588/4954/4583 
f 337/337/337 1474/1474/1471 1476/1476/1473 
f 2484/2501/2480 337/337/337 1476/1476/1473 
f 3892/4046/3887 1738/5031/1735 3894/4048/3889 
f 3894/4048/3889 3893/4047/3888 3892/4046/3887 
f 3974/4152/3969 4378/4660/4373 4377/4658/4372 
f 4378/4660/4373 3857/4007/3852 4377/4658/4372 
f 3934/4101/3929 4531/4871/4526 3070/5680/3066 
f 3070/5680/3066 3069/4102/3065 3934/4101/3929 
f 4938/5681/4931 3778/3905/3773 2756/2783/2752 
f 3777/3904/3772 2756/2783/2752 3778/3905/3773 
f 624/624/624 889/889/889 193/193/193 
f 889/889/889 624/624/624 4200/4430/4195 
f 434/434/434 1124/1124/1122 1126/1126/1124 
f 1124/1124/1122 434/434/434 433/433/433 
f 2798/2833/2794 784/784/784 2799/2834/2795 
f 4338/4612/4333 784/784/784 2798/2833/2794 
f 4281/4536/4276 4140/4350/4135 1563/5621/1560 
f 2936/2978/2932 4281/4536/4276 1563/5621/1560 
f 2407/2422/2403 2873/2913/2869 425/425/425 
f 425/425/425 685/685/685 2407/2422/2403 
f 2571/2588/2567 3993/5494/3988 4605/4977/4600 
f 4605/4976/4600 3993/4173/3988 4604/4974/4599 
f 1751/1751/1748 842/842/842 1752/1752/1749 
f 842/842/842 1034/1034/1033 1752/1752/1749 
f 917/917/917 2330/4485/2326 4242/4487/4237 
f 4242/4487/4237 399/399/399 917/917/917 
f 4036/4224/4031 3416/3500/3412 3415/3499/3411 
f 4036/4224/4031 4621/4999/4616 3416/3500/3412 
f 354/354/354 1141/1141/1138 2612/2631/2608 
f 1145/1145/1142 2612/2631/2608 1141/1141/1138 
f 3731/3853/3726 516/516/516 746/746/746 
f 746/746/746 3732/3854/3727 3731/3853/3726 
f 4903/5453/4896 1749/1749/1746 150/150/150 
f 3990/4170/3985 1749/1749/1746 4903/5453/4896 
f 657/657/657 500/500/500 3439/3525/3435 
f 2545/2562/2541 657/657/657 3439/3525/3435 
f 1733/1733/1730 4966/5574/4959 1734/1734/1731 
f 4965/5573/4958 1734/1734/1731 4966/5574/4959 
f 1770/1770/1767 911/911/911 910/910/910 
f 911/911/911 1770/1770/1767 1771/1771/1768 
f 3675/3791/3670 1698/1698/1695 1913/1913/1910 
f 1914/1914/1911 3675/3791/3670 1913/1913/1910 
f 1489/1489/1486 2525/2542/2521 2524/2541/2520 
f 2525/2542/2521 1489/1489/1486 3487/3575/3483 
f 2660/2683/2656 241/241/241 3647/3756/3642 
f 486/486/486 2660/2683/2656 3647/3756/3642 
f 46/46/46 491/491/491 493/493/493 
f 46/46/46 493/493/493 2394/2409/2390 
f 4452/4763/4447 111/111/111 1250/1250/1247 
f 111/111/111 1251/1251/1248 1250/1250/1247 
f 3756/5591/3751 4773/5682/4767 1856/1856/1853 
f 1858/1858/1855 3756/5591/3751 1856/1856/1853 
f 3017/3066/3013 290/290/290 4657/5051/4652 
f 3192/5050/3188 3017/3066/3013 4657/5051/4652 
f 3851/5326/3846 1507/1507/1504 2008/3395/2005 
f 3851/5326/3846 1508/1508/1505 1507/1507/1504 
f 4789/5258/4783 3968/4144/3963 3354/5598/3350 
f 3354/5598/3350 3968/4144/3963 3969/4145/3964 
f 180/180/180 3597/3702/3592 3599/3704/3594 
f 180/180/180 4328/4598/4323 3597/3702/3592 
f 408/408/408 4138/4348/4133 409/409/409 
f 4138/4348/4133 2818/2856/2814 409/409/409 
f 3021/3070/3017 1500/1500/1497 86/86/86 
f 86/86/86 960/960/959 3021/3070/3017 
f 546/546/546 4898/5440/4891 1800/1800/1797 
f 1800/1800/1797 547/547/547 546/546/546 
f 1356/1356/1353 1355/1355/1352 4247/4492/4242 
f 4247/4492/4242 4248/4493/4243 1356/1356/1353 
f 398/398/398 154/154/154 153/153/153 
f 2542/2559/2538 398/398/398 153/153/153 
f 2338/2348/2334 3187/5683/3183 2336/2346/2332 
f 3633/4542/3628 3187/5683/3183 2338/2348/2334 
f 4819/5424/4812 4889/5426/4882 3049/3101/3045 
f 3050/3102/3046 3049/3101/3045 4889/5426/4882 
f 542/542/542 1274/1274/1271 148/148/148 
f 148/148/148 1202/1202/1199 542/542/542 
f 60/60/60 4808/5287/4801 4632/5015/4627 
f 4632/5015/4627 4808/5287/4801 3612/3718/3607 
f 895/895/895 175/175/175 1503/1503/1500 
f 175/175/175 3789/3921/3784 1503/1503/1500 
f 2977/3022/2973 819/819/819 610/610/610 
f 2977/3022/2973 610/610/610 1287/1287/1284 
f 3876/4394/3871 4175/4395/4170 2997/3043/2993 
f 3876/4029/3871 2997/5347/2993 2524/2541/2520 
f 3288/3363/3284 4986/5629/4978 2929/2971/2925 
f 3288/3363/3284 2931/2973/2927 1262/1262/1259 
f 4145/5684/4140 2866/2906/2862 3142/3200/3138 
f 4145/5684/4140 4625/5610/4620 2866/2906/2862 
f 2971/3016/2967 2973/3018/2969 2241/5055/2237 
f 2969/3014/2965 2971/3016/2967 2241/5055/2237 
f 3737/3859/3732 3623/3729/3618 4186/5685/4181 
f 4186/5685/4181 3623/3729/3618 4935/5509/4928 
f 1800/1800/1797 2601/2620/2597 1801/1801/1798 
f 2601/2620/2597 2603/2622/2599 1801/1801/1798 
f 859/859/859 4710/5139/4705 4184/4405/4179 
f 4184/4405/4179 860/860/860 859/859/859 
f 921/921/920 920/920/919 1775/1775/1772 
f 920/920/919 345/345/345 1775/1775/1772 
f 3225/3291/3221 2402/2417/2398 1289/1289/1286 
f 1289/1289/1286 1894/1894/1891 3225/3291/3221 
f 394/394/394 1423/1423/1420 1425/1425/1422 
f 4033/4221/4028 394/394/394 1425/1425/1422 
f 2821/2859/2817 1708/1708/1705 1709/1709/1706 
f 2821/2859/2817 1709/1709/1706 4228/4465/4223 
f 1776/1776/1773 3014/3063/3010 3841/3986/3836 
f 3014/4455/3010 3173/3235/3169 3841/4706/3836 
f 4251/4499/4246 1138/1138/1136 4943/5525/4936 
f 4943/5525/4936 1138/1138/1136 4942/5524/4935 
f 2814/2850/2810 1044/1044/1042 626/626/626 
f 2813/2849/2809 1044/1044/1042 2814/2850/2810 
f 3482/3569/3478 4435/4740/4430 2164/3572/2160 
f 191/191/191 4435/4740/4430 3482/3569/3478 
f 3798/5003/3793 1571/1571/1568 1179/1179/1176 
f 1180/1180/1177 1179/1179/1176 1571/1571/1568 
f 1590/1590/1587 2748/2775/2744 2752/2779/2748 
f 2752/2779/2748 2751/2778/2747 1590/1590/1587 
f 3796/3929/3791 570/570/570 1668/1668/1665 
f 3796/3929/3791 1668/1668/1665 1768/1768/1765 
f 3829/3965/3824 3219/3285/3215 1051/1051/1049 
f 1051/1051/1049 3219/3285/3215 1646/1646/1643 
f 1135/1135/1133 1648/1648/1645 2378/2393/2374 
f 1135/1135/1133 2378/2393/2374 3821/3954/3816 
f 4142/4353/4137 4218/4451/4213 1944/1944/1941 
f 1944/1944/1941 4218/4451/4213 4220/4453/4215 
f 668/668/668 975/975/974 974/974/973 
f 666/666/666 668/668/668 974/974/973 
f 3782/3909/3777 2429/2444/2425 2431/2446/2427 
f 3782/3909/3777 2428/2443/2424 2429/2444/2425 
f 4873/5396/4866 2433/2448/2429 2057/2059/2054 
f 4873/5396/4866 2057/2059/2054 417/5395/417 
f 1306/1306/1303 1305/1305/1302 4062/5686/4057 
f 4062/5686/4057 2241/2249/2237 1306/1306/1303 
f 3259/3330/3255 3258/3329/3254 3257/3328/3253 
f 3258/4676/3254 3259/4672/3255 4876/5400/4869 
f 3074/3127/3070 3711/3831/3706 4331/4603/4326 
f 1317/1317/1314 3074/3650/3070 4331/5422/4326 
f 2058/2060/2055 243/243/243 3177/3239/3173 
f 243/243/243 2058/2060/2055 244/244/244 
f 4790/5260/4784 3784/3912/3779 4404/4698/4399 
f 4404/4698/4399 3784/3912/3779 1847/1847/1844 
f 4570/5687/4565 2415/2430/2411 3271/3343/3267 
f 3273/3345/3269 4570/5687/4565 3271/3343/3267 
f 3430/3515/3426 1020/1020/1019 1862/1862/1859 
f 3394/3478/3390 3430/3515/3426 1862/1862/1859 
f 2676/2699/2672 4202/4432/4197 1568/1568/1565 
f 4202/4432/4197 2676/2699/2672 2675/2698/2671 
f 3097/3152/3093 3098/3153/3094 3640/3747/3635 
f 4291/4553/4286 3640/3747/3635 3098/3153/3094 
f 3880/4738/3875 1460/1460/1457 2184/2190/2180 
f 3880/4034/3875 2184/3142/2180 3881/4035/3876 
f 2350/2361/2346 188/188/188 187/187/187 
f 397/397/397 188/188/188 2350/2361/2346 
f 2992/3038/2988 4504/4833/4499 4319/4585/4314 
f 2992/3038/2988 4319/4585/4314 4318/4584/4313 
f 2632/5531/2628 3825/3960/3820 3823/3962/3818 
f 3823/3958/3818 2633/2652/2629 2632/2651/2628 
f 1505/1505/1502 2913/4701/2909 4405/4700/4400 
f 4839/5342/4832 1505/1505/1502 4405/4700/4400 
f 4878/5402/4871 3012/3061/3008 3016/3065/3012 
f 3016/3065/3012 3012/3061/3008 345/345/345 
f 2030/2032/2027 3107/3165/3103 4592/4959/4587 
f 3107/3165/3103 2030/2032/2027 2032/2034/2029 
f 3539/3634/3534 2775/2805/2771 4183/4404/4178 
f 4183/4404/4178 2775/2805/2771 2776/2806/2772 
f 3235/3303/3231 4197/4427/4192 3490/3579/3486 
f 3235/3303/3231 3490/3579/3486 2587/3578/2583 
f 808/808/808 1583/1583/1580 1286/1286/1283 
f 1286/1286/1283 610/610/610 808/808/808 
f 4645/5035/4640 3725/5034/3720 247/247/247 
f 246/246/246 4645/5035/4640 247/247/247 
f 773/773/773 4830/5321/4823 2509/2526/2505 
f 4830/5321/4823 773/773/773 4245/4490/4240 
f 2396/2411/2392 4467/4785/4462 2398/2413/2394 
f 1033/1033/1032 2396/2411/2392 2398/2413/2394 
f 3210/3276/3206 388/388/388 390/390/390 
f 390/390/390 3475/3562/3471 3210/3276/3206 
f 776/776/776 3151/3211/3147 777/777/777 
f 3151/3211/3147 776/776/776 4677/5078/4672 
f 3054/5420/3050 4112/4316/4107 461/461/461 
f 461/461/461 3096/4691/3092 3054/5420/3050 
f 1451/1451/1448 3752/3874/3747 1922/1922/1919 
f 1922/1922/1919 3752/3874/3747 1924/1924/1921 
f 4360/5688/4355 3104/3161/3100 3106/3163/3102 
f 4360/4640/4355 3106/5142/3102 3814/3947/3809 
f 455/455/455 4502/4831/4497 3826/3961/3821 
f 4502/4831/4497 455/455/455 4480/4803/4475 
f 674/674/674 3113/3171/3109 4734/5182/3108 
f 4831/5322/4824 3113/3171/3109 674/674/674 
f 1813/1813/1810 4674/5074/4669 4675/5075/4670 
f 1813/1813/1810 3715/3835/3710 4674/5074/4669 
f 1012/1012/1011 1498/1498/1495 3739/3861/3734 
f 3739/3861/3734 1010/1010/1009 1012/1012/1011 
f 1656/1656/1653 632/632/632 1520/1520/1517 
f 1520/1520/1517 632/632/632 1521/1521/1518 
f 798/798/798 2457/2473/2453 3572/3672/3567 
f 798/798/798 797/797/797 2457/2473/2453 
f 4129/4338/4124 3472/3559/3468 2221/3558/2217 
f 2221/2229/2217 2220/2228/2216 4129/4336/4124 
f 3585/3687/3580 4794/5270/4788 1758/1758/1755 
f 3585/3687/3580 4795/5271/4789 4794/5270/4788 
f 282/282/282 1246/1246/1243 4686/5095/4681 
f 1246/1246/1243 2299/2307/2295 4686/5095/4681 
f 805/5689/805 1307/1307/1304 4042/5136/4037 
f 4178/4398/4173 1307/1307/1304 805/5689/805 
f 4443/4753/4438 515/515/515 514/514/514 
f 515/515/515 4443/4753/4438 3029/3080/3025 
f 4681/5083/4676 2291/2299/2287 3903/4066/3898 
f 2551/4065/2547 4681/5083/4676 3903/4066/3898 
f 1948/1948/1945 1946/1946/1943 3010/3059/3006 
f 4720/5158/4715 3010/3059/3006 1946/1946/1943 
f 4337/4611/4332 1956/1956/1953 1958/1958/1955 
f 2798/2833/2794 1956/1956/1953 4337/4611/4332 
f 1136/1136/1134 2071/2073/2068 971/971/970 
f 2073/2075/2070 971/971/970 2071/2073/2068 
f 3654/4692/3649 3604/3710/3599 2502/2519/2498 
f 3654/3763/3649 2505/2522/2501 3604/3764/3599 
f 1664/1664/1661 2598/2617/2594 2159/2161/2155 
f 3642/5091/3637 2159/2161/2155 2598/2617/2594 
f 147/147/147 1748/1748/1745 969/969/968 
f 1748/1748/1745 1966/1966/1963 969/969/968 
f 4415/4713/4410 2099/2101/2096 995/995/994 
f 2099/2101/2096 4415/4713/4410 3149/3209/3145 
f 3873/4026/3868 228/228/228 3076/3129/3072 
f 3873/4026/3868 559/559/559 228/228/228 
f 4411/4708/4406 1421/1421/1418 4412/4709/4407 
f 1421/1421/1418 4411/4708/4406 3849/3996/3844 
f 1309/1309/1306 4449/4760/4444 4448/4759/4443 
f 4164/4378/4159 1309/1309/1306 4448/4759/4443 
f 3450/3536/3446 1963/1963/1960 4250/4495/4245 
f 1964/1964/1961 1963/1963/1960 3450/3536/3446 
f 2840/2878/2836 4190/4413/4185 2843/2881/2839 
f 2840/2878/2836 2843/2881/2839 2841/2879/2837 
f 894/894/894 3999/4181/3994 3909/5356/3904 
f 3999/4181/3994 894/894/894 1982/1982/1979 
f 3663/3776/3658 4690/5099/4685 3664/3777/3659 
f 4690/5099/4685 3663/3776/3658 3617/5100/3612 
f 3927/4094/3922 1270/5690/1267 1272/4420/1269 
f 3927/4094/3922 2804/4093/2800 1270/5690/1267 
f 4551/4898/4546 2200/2206/2196 2199/2205/2195 
f 4006/4899/4001 2200/2206/2196 4551/4898/4546 
f 2358/2369/2354 1063/1063/1061 4393/4683/4388 
f 2358/2369/2354 4393/4683/4388 4382/4664/4377 
f 729/729/729 3978/4157/3973 727/727/727 
f 3978/4157/3973 729/729/729 4526/4864/4521 
f 2743/2770/2739 1889/1889/1886 1072/1072/1070 
f 1073/1073/1071 1072/1072/1070 1889/1889/1886 
f 3604/3710/3599 3607/3713/3602 3605/3711/3600 
f 3608/3714/3603 3605/3711/3600 3607/3713/3602 
f 3233/3301/3229 480/480/480 481/481/481 
f 3233/3301/3229 1621/1621/1618 480/480/480 
f 1125/1125/1123 3383/3465/3379 4372/4653/4367 
f 3383/3465/3379 1125/1125/1123 433/433/433 
f 2175/2179/2171 1211/4449/1208 1941/1941/1938 
f 2175/2179/2171 4296/5641/4291 1211/4449/1208 
f 3159/3221/3155 366/366/366 1620/1620/1617 
f 3159/3221/3155 1620/1620/1617 3160/3222/3156 
f 24/24/24 2156/2158/2152 556/556/556 
f 556/556/556 22/22/22 24/24/24 
f 2375/2390/2371 1249/1249/1246 279/279/279 
f 278/278/278 2375/2390/2371 279/279/279 
f 3352/3431/3348 521/521/521 1750/1750/1747 
f 1750/1750/1747 521/521/521 4506/4837/4501 
f 1470/1470/1467 3341/3419/3337 4698/5118/4693 
f 4829/5616/4822 1470/1470/1467 4698/5118/4693 
f 4830/5321/4823 4246/4491/4241 2934/2976/2930 
f 2934/2976/2930 4246/4491/4241 2935/2977/2931 
f 4599/4967/4594 4065/4261/4060 427/427/427 
f 4065/4261/4060 4599/4967/4594 4598/4966/4593 
f 3945/4113/3940 1691/1691/1688 3216/5407/3212 
f 1692/1692/1689 1691/1691/1688 3945/4113/3940 
f 4519/4854/4514 2080/2082/2077 334/334/334 
f 2080/2082/2077 4519/4854/4514 653/653/653 
f 3216/3282/3212 1694/1694/1691 3218/3284/3214 
f 3218/4117/3214 3945/4113/3940 3216/5407/3212 
f 2308/2318/2304 994/994/993 1294/1294/1291 
f 1293/1293/1290 1294/1294/1291 994/994/993 
f 4832/5325/4825 1187/1187/1184 3208/3274/3204 
f 4832/5325/4825 1188/1188/1185 1187/1187/1184 
f 3022/3071/3018 958/958/957 458/458/458 
f 958/958/957 3022/3071/3018 1926/1926/1923 
f 4551/4898/4546 1362/1362/1359 2854/2894/2850 
f 2854/2894/2850 1362/1362/1359 2855/2895/2851 
f 2323/2333/2319 2119/2121/2116 2121/2123/2118 
f 2119/2121/2116 2323/2333/2319 4417/4715/4412 
f 3183/3245/3179 4024/4210/4019 943/943/942 
f 3183/3245/3179 3182/3244/3178 4024/4210/4019 
f 705/705/705 2774/2804/2770 4687/5617/4682 
f 2045/2047/2042 4687/5096/4682 2774/3507/2770 
f 3616/3722/3611 4494/4823/4489 2391/2406/2387 
f 3617/3723/3612 3616/3722/3611 2391/2406/2387 
f 3682/5460/3677 1614/1614/1611 3753/3875/3748 
f 3753/3875/3748 2091/2093/2088 3682/5460/3677 
f 4955/5552/4948 1783/1783/1780 4472/5284/4467 
f 4955/5691/4948 4472/4793/4467 4473/4794/4468 
f 2132/2134/2129 3791/3923/3786 2133/2135/2130 
f 4702/5126/4697 2133/2135/2130 3791/3923/3786 
f 4971/5595/4964 2230/2238/2226 3005/3053/3001 
f 4406/5367/4401 3005/3053/3001 2230/2238/2226 
f 3245/4537/3241 4785/5253/4779 4786/5692/4780 
f 4786/5255/4780 3244/3313/3240 3245/3314/3241 
f 4543/5693/4538 3053/3105/3049 2490/2507/2486 
f 2490/2507/2486 3557/3657/3552 4543/5693/4538 
f 2157/2159/2153 3716/3836/3711 531/531/531 
f 2160/2162/2156 2157/2159/2153 531/531/531 
f 1005/1005/1004 2618/2637/2614 852/852/852 
f 1006/1006/1005 1005/1005/1004 852/852/852 
f 3319/3394/3315 3315/3390/3311 3317/3392/3313 
f 3770/3896/3765 3315/3390/3311 3319/3394/3315 
f 4940/5519/4933 4616/4991/4611 346/346/346 
f 346/346/346 4616/4991/4611 4822/5307/4815 
f 3864/4016/3859 2885/2927/2881 4711/5140/4706 
f 2885/2927/2881 3864/4016/3859 2883/2925/2879 
f 3368/3447/3364 4453/4764/4448 4428/4730/4423 
f 3368/3955/3364 3821/3954/3816 4453/4766/4448 
f 3890/4044/3885 1445/1445/1442 514/514/514 
f 514/514/514 3889/4043/3884 3890/4044/3885 
f 3690/3806/3685 2310/2320/2306 1573/1573/1570 
f 3690/3806/3685 1573/1573/1570 4783/5251/4777 
f 4327/4597/4322 182/182/182 3092/3146/3088 
f 182/182/182 2096/2098/2093 3092/3146/3088 
f 4305/4568/4300 129/129/129 4672/5072/4667 
f 4672/5072/4667 129/129/129 128/128/128 
f 1332/1332/1329 2400/3454/2396 4160/4373/4155 
f 1332/1332/1329 3373/3452/3369 2400/3454/2396 
f 4555/4905/4550 3652/4904/3647 3163/5589/3159 
f 3652/3761/3647 3165/3227/3161 3163/3225/3159 
f 2734/4913/2730 1723/1723/1720 4420/4719/4415 
f 4420/4719/4415 3306/4718/3302 2734/4913/2730 
f 2909/2951/2905 4731/5514/4726 1178/1178/1175 
f 2909/3988/2905 2072/2074/2069 4731/5176/4726 
f 3239/5694/3235 2949/2993/2945 2951/2995/2947 
f 2952/2996/2948 3239/5694/3235 2951/2995/2947 
f 3236/3304/3232 1398/1398/1395 4197/4427/4192 
f 1398/1398/1395 3236/3304/3232 3233/3301/3229 
f 2072/2074/2069 3659/3771/3654 4425/4727/4420 
f 4425/4727/4420 3659/3771/3654 4424/4726/4419 
f 1877/1877/1874 1876/1876/1873 3729/3851/3724 
f 1877/1877/1874 3729/3851/3724 4747/5197/4741 
f 2742/2769/2738 1787/1787/1784 2745/2772/2741 
f 1787/1787/1784 252/252/252 2745/2772/2741 
f 2194/2200/2190 695/695/695 2192/2198/2188 
f 2192/2198/2188 695/695/695 451/451/451 
f 2539/2556/2535 319/319/319 1327/1327/1324 
f 2922/2964/2918 2539/2556/2535 1327/1327/1324 
f 2463/3260/2459 2465/5575/2461 3750/3872/3745 
f 2465/2481/2461 2463/2479/2459 4744/5193/4738 
f 1692/1692/1689 2079/2081/2076 653/653/653 
f 2079/2081/2076 1692/1692/1689 3946/4114/3941 
f 93/93/93 1766/1766/1763 1198/1198/1195 
f 305/305/305 93/93/93 1198/1198/1195 
f 1535/1535/1532 3723/3843/3718 4920/5482/4913 
f 1535/1535/1532 4920/5482/4913 2285/2293/2281 
f 813/813/813 3809/3942/3804 4514/4845/4509 
f 4939/5518/4932 813/813/813 4514/4845/4509 
f 1410/1410/1407 4399/4693/4394 3915/4080/3910 
f 1410/1410/1407 3915/4080/3910 1411/1411/1408 
f 2545/2562/2541 1054/1054/1052 4566/4919/4561 
f 1054/1054/1052 1053/1053/1051 4566/4919/4561 
f 4356/4635/4351 4358/4637/4353 3468/3554/3464 
f 1357/5261/1354 4358/4637/4353 4356/4635/4351 
f 3140/3198/3136 1875/1875/1872 4505/4835/4500 
f 3585/3687/3580 4505/4834/4500 1875/2385/1872 
f 2045/2047/2042 1397/1397/1394 4687/5096/4682 
f 1395/1395/1392 1397/1397/1394 2045/2047/2042 
f 4243/4488/4238 4244/4489/4239 2884/2926/2880 
f 2884/2926/2880 4244/4489/4239 3118/3176/3114 
f 3365/3444/3361 3364/3443/3360 3444/3530/3440 
f 3365/5165/3361 3444/5001/3440 4037/4225/4032 
f 4801/5278/4794 2257/2265/2253 1560/1560/1557 
f 4801/5278/4794 1560/1560/1557 1559/1559/1556 
f 1233/1233/1230 508/508/508 2642/2661/2638 
f 2642/2661/2638 508/508/508 851/851/851 
f 4384/4666/4379 3085/4136/3081 1105/1105/1103 
f 4384/4666/4379 1105/1105/1103 3467/3553/3463 
f 1908/1908/1905 2534/2551/2530 4742/5191/4736 
f 1908/1908/1905 4742/5191/4736 1910/1910/1907 
f 745/745/745 4358/4637/4353 3732/3854/3727 
f 3732/3854/3727 746/746/746 745/745/745 
f 3291/4480/3287 3293/5695/3289 2532/2549/2528 
f 2532/2549/2528 3293/5695/3289 3295/5568/3291 
f 3025/3074/3021 2548/5696/2544 3601/5697/3596 
f 3025/3074/3021 2549/4947/2545 2548/5696/2544 
f 322/322/322 3772/3898/3767 812/812/812 
f 812/812/812 3772/3898/3767 2384/2399/2380 
f 2969/3014/2965 1583/1583/1580 2972/3017/2968 
f 1583/1583/1580 1582/1582/1579 2972/3017/2968 
f 2780/2812/2776 761/761/761 1257/1257/1254 
f 3953/5443/3948 2780/2812/2776 1257/1257/1254 
f 3095/3150/3091 1816/1816/1813 3496/3587/3492 
f 1816/1816/1813 3095/3150/3091 1817/1817/1814 
f 3522/3616/3517 3521/3615/3516 1119/1119/1117 
f 3521/3615/3516 3522/3616/3517 4195/4423/4190 
f 980/980/979 2042/2044/2039 3878/4031/3873 
f 980/980/979 3878/4031/3873 4806/5283/4799 
f 3371/5548/3367 4429/4765/4424 1650/1650/1647 
f 4427/4729/4422 4429/4731/4424 3371/3450/3367 
f 276/276/276 1361/1361/1358 77/77/77 
f 276/276/276 275/275/275 1361/1361/1358 
f 2364/3420/2360 4198/5245/4193 3342/3421/3338 
f 2367/2380/2363 3342/3421/3338 4198/5245/4193 
f 1543/1543/1540 1542/1542/1539 4452/4763/4447 
f 1543/1543/1540 4452/4763/4447 2299/2307/2295 
f 3179/3241/3175 609/609/609 2404/2419/2400 
f 1581/1581/1578 609/609/609 3179/3241/3175 
f 841/841/841 2711/2734/2707 2127/2129/2124 
f 2711/2734/2707 844/844/844 2127/2129/2124 
f 4615/4989/4610 2412/5698/2408 3093/3147/3089 
f 3093/3147/3089 2412/5698/2408 2686/4953/2682 
f 432/432/432 26/26/26 4840/5343/4833 
f 26/26/26 432/432/432 27/27/27 
f 1948/1948/1945 644/644/644 4259/4508/4254 
f 4259/4508/4254 644/644/644 1449/1449/1446 
f 1853/1853/1850 1856/1856/1853 4773/5682/4767 
f 4773/5232/4767 4576/4934/4571 1853/3878/1850 
f 4146/4357/4141 1451/1451/1448 4147/4358/4142 
f 4881/5408/4874 4146/4357/4141 4147/4358/4142 
f 3949/4119/3944 2266/2274/2262 866/866/866 
f 2266/2274/2262 4484/5448/4479 866/866/866 
f 1475/1475/1472 2055/2057/2052 2575/2592/2571 
f 2574/2591/2570 1475/1475/1472 2575/2592/2571 
f 3147/3207/3143 1597/1597/1594 728/728/728 
f 3147/3207/3143 728/728/728 1404/1404/1401 
f 2504/2521/2500 730/730/730 3607/5117/3602 
f 2504/2521/2500 731/731/731 730/730/730 
f 3929/4096/3924 3141/3199/3137 3143/3201/3139 
f 2893/5249/2889 3141/3199/3137 3929/4096/3924 
f 2954/2998/2950 1696/5546/1693 2955/2999/2951 
f 2954/2998/2950 3273/4970/3269 1696/5546/1693 
f 4546/4891/4541 3643/3752/3638 1318/1318/1315 
f 19/19/19 3643/3752/3638 4546/4891/4541 
f 968/968/967 539/539/539 1202/1202/1199 
f 1202/1202/1199 539/539/539 541/541/541 
f 3411/3495/3407 4460/4775/4455 4201/5338/4196 
f 2285/4362/2281 3411/3495/3407 4201/5338/4196 
f 3722/3842/3717 1354/1354/1351 4784/5252/4778 
f 4784/5252/4778 2013/2015/2010 3722/3842/3717 
f 1111/1111/1109 796/796/796 4763/5220/4757 
f 4763/5220/4757 1112/1112/1110 1111/1111/1109 
f 990/990/989 2466/2482/2462 4743/5192/4737 
f 4743/5192/4737 991/991/990 990/990/989 
f 4302/4565/4297 779/779/779 1643/1643/1640 
f 4302/4565/4297 1500/1500/1497 779/779/779 
f 4042/4230/4037 2423/2438/2419 806/806/806 
f 2423/5134/2419 4042/5136/4037 4041/4229/4036 
f 4495/4824/4490 581/581/581 1527/1527/1524 
f 1527/1527/1524 2392/2407/2388 4495/4824/4490 
f 2016/2018/2013 4752/5202/4746 2015/2017/2012 
f 2016/2018/2013 2015/2017/2012 1973/1973/1970 
f 2991/3037/2987 1168/1168/1165 2992/3038/2988 
f 3977/4156/3972 1168/1168/1165 2991/3037/2987 
f 2409/3590/2405 4549/4894/4544 3498/3589/3494 
f 3496/3587/3492 3498/3589/3494 4549/4894/4544 
f 2542/2559/2538 4015/4200/4010 918/918/411 
f 2542/2559/2538 4016/4201/4011 4015/4200/4010 
f 3788/3919/3783 2276/2284/2272 4530/5614/4525 
f 2277/2285/2273 4530/5614/4525 2276/2284/2272 
f 1762/1762/1759 4491/4817/4486 11/11/11 
f 11/11/11 725/725/725 1762/1762/1759 
f 3658/3770/3653 3657/5699/3652 2778/2810/2774 
f 3657/5699/3652 2186/5332/2182 2778/2810/2774 
f 951/951/950 4073/4270/4068 603/603/603 
f 602/602/602 951/951/950 603/603/603 
f 4844/5352/4837 3741/3863/3736 2560/2577/2556 
f 3874/4027/3869 4844/5352/4837 2560/2577/2556 
f 641/641/641 1618/1618/1615 642/642/642 
f 3160/3222/3156 642/642/642 1618/1618/1615 
f 311/311/311 4601/4969/4596 772/772/772 
f 1566/1566/1563 772/772/772 4601/4969/4596 
f 3546/3644/3541 3548/3646/3543 3547/3645/3542 
f 3548/3646/3543 3546/3644/3541 4839/5342/4832 
f 1217/1217/1214 2960/3005/2956 2961/3006/2957 
f 2961/3006/2957 616/616/616 1217/1217/1214 
f 3422/3506/3418 4249/5434/4244 3419/3503/3415 
f 3422/3506/3418 3419/3503/3415 2704/2727/2700 
f 2169/2171/2165 4738/5186/4732 1385/1385/1382 
f 1385/1385/1382 1511/1511/1508 2169/2171/2165 
f 3708/3826/3703 3709/3829/3704 4818/5302/4811 
f 4818/5302/4811 3709/3829/3704 2697/3828/2693 
f 3375/5411/3371 3377/4554/3373 4292/4555/4287 
f 3375/5411/3371 4292/4555/4287 2155/2157/2151 
f 217/217/217 74/74/74 73/73/73 
f 217/217/217 3802/3935/3797 74/74/74 
f 177/177/177 438/438/438 178/178/178 
f 438/438/438 1909/1909/1906 178/178/178 
f 528/528/528 1576/1576/1573 526/526/526 
f 528/528/528 3316/3391/3312 1576/1576/1573 
f 41/41/41 4228/4465/4223 291/291/291 
f 4228/4465/4223 118/118/118 291/291/291 
f 2054/2056/2051 3980/4159/3975 4194/4422/4189 
f 4194/4422/4189 2053/2055/2050 2054/2056/2051 
f 4940/5519/4933 1786/1786/1783 2742/2769/2738 
f 346/346/346 1786/1786/1783 4940/5519/4933 
f 3216/5407/3212 3937/4105/3932 4600/5700/4595 
f 3937/4105/3932 4598/4965/4593 4600/5700/4595 
f 4379/4661/4374 4408/4704/4403 899/899/899 
f 899/899/899 4408/4704/4403 3446/3532/3442 
f 4349/4627/4344 3126/3184/3122 3125/3183/3121 
f 4349/4627/4344 3125/3183/3121 2520/4589/2516 
f 3024/3073/3020 1047/1047/1045 3510/3602/3505 
f 3510/3602/3505 1047/1047/1045 3511/3603/3506 
f 1529/1529/1526 3661/3774/3656 1530/1530/1527 
f 1530/1530/1527 3661/3774/3656 3347/4900/3343 
f 3833/5536/3828 3832/5107/3827 3835/3971/3830 
f 3833/5536/3828 3835/3971/3830 742/742/742 
f 3836/3972/3831 4869/5387/4862 3564/3975/3559 
f 3564/3664/3559 4869/5385/4862 3562/3662/3557 
f 259/259/259 12/12/12 2313/2323/2309 
f 4864/5379/4857 2313/2323/2309 12/12/12 
f 68/68/68 102/102/102 4728/5173/4723 
f 67/67/67 102/102/102 68/68/68 
f 3952/5115/3947 763/763/763 1989/1989/1986 
f 765/765/765 1989/1989/1986 763/763/763 
f 1980/1980/1977 174/174/174 1978/1978/1975 
f 846/846/846 174/174/174 1980/1980/1977 
f 4086/4285/4081 2973/3018/2969 1582/1582/1579 
f 1582/1582/1579 2422/2437/2418 4086/4285/4081 
f 1827/1827/1824 4740/5188/4734 3396/3480/3392 
f 3395/3479/3391 3396/3480/3392 4740/5188/4734 
f 3314/3389/3310 1351/1351/1348 3735/3857/3730 
f 1711/1711/1708 3735/3857/3730 1351/1351/1348 
f 2901/2943/2897 2898/2940/2894 4091/4291/4086 
f 2901/2943/2897 4091/4291/4086 1971/1971/1968 
f 3051/3103/3047 3046/3098/3042 3048/3100/3044 
f 3050/3102/3046 3046/3098/3042 3051/3103/3047 
f 1901/1901/1898 3874/4027/3869 4883/5413/4876 
f 4883/5413/4876 1902/1902/1899 1901/1901/1898 
f 4983/5622/4975 2354/2365/2350 1879/1879/1876 
f 4683/5541/4678 1879/1879/1876 2354/2365/2350 
f 2234/2242/2230 4158/4371/4153 2613/2632/2609 
f 2234/2242/2230 2613/2632/2609 2235/2243/2231 
f 2879/2920/2875 297/297/297 3707/3825/3702 
f 3705/3823/3700 3707/3825/3702 297/297/297 
f 1436/1436/1433 3609/3715/3604 544/544/544 
f 284/284/284 544/544/544 3609/3715/3604 
f 3704/3820/3699 1843/1843/1840 4641/5027/4636 
f 3618/3724/3613 1843/1843/1840 3704/3820/3699 
f 4038/4927/4033 1996/1996/1993 1811/1811/1808 
f 1996/2789/1993 4038/4226/4033 992/992/991 
f 2244/2252/2240 1315/1315/1312 3552/3652/3547 
f 3552/3652/3547 2242/2250/2238 2244/2252/2240 
f 1809/1809/1806 4925/5492/4918 2081/2083/2078 
f 4925/5492/4918 1809/1809/1806 271/271/271 
f 3716/3836/3711 2596/2615/2592 2595/2614/2591 
f 2595/2614/2591 531/531/531 3716/3836/3711 
f 4662/5627/4657 3576/3676/3571 3580/3680/3575 
f 4662/5627/4657 3580/3680/3575 3579/3679/3574 
f 2714/2737/2710 33/33/33 915/915/915 
f 1634/1634/1631 2714/2737/2710 915/915/915 
f 4580/5701/4575 3131/4735/3127 4432/4734/4427 
f 4432/4734/4427 4789/5258/4783 4580/5701/4575 
f 2860/2900/2856 3481/5522/3477 2441/2456/2437 
f 3481/5522/3477 2860/2900/2856 2862/2902/2858 
f 4250/4495/4245 3842/3987/3837 3420/4496/3416 
f 3420/3504/3416 3842/5607/3837 2911/2953/2907 
f 3053/3105/3049 4543/5693/4538 4542/5702/4537 
f 4542/4887/4537 4113/4318/4108 3053/4317/3049 
f 2811/2847/2807 1366/2846/1363 1365/5703/1362 
f 1365/5703/1362 2174/3882/2170 2811/2847/2807 
f 1102/1102/1100 448/448/448 447/447/447 
f 1102/1102/1100 447/447/447 3935/4103/3930 
f 1313/1313/1310 2690/2713/2686 1314/1314/1311 
f 2690/2713/2686 1315/1315/1312 1314/1314/1311 
f 1533/1533/1530 1532/1532/1529 935/935/934 
f 2625/2644/2621 935/935/934 1532/1532/1529 
f 3080/3133/3076 4490/4816/4485 1763/1763/1760 
f 1763/1763/1760 4490/4816/4485 4491/4817/4486 
f 339/339/339 4776/5239/4770 4465/4782/4460 
f 339/339/339 4465/4782/4460 3979/4158/3974 
f 3728/3848/3723 1589/1589/1586 2747/3849/2743 
f 3728/3848/3723 4918/5480/4911 1589/1589/1586 
f 3955/4125/3950 1103/1103/1101 3085/3138/3081 
f 3955/4125/3950 1104/1104/1102 1103/1103/1101 
f 3230/3296/3226 2288/2296/2284 4265/4514/4260 
f 2712/2735/2708 4265/4514/4260 2288/2296/2284 
f 1333/1333/1330 3167/3229/3163 1334/1334/1331 
f 1333/1333/1330 1334/1334/1331 4751/5201/4745 
f 3418/3502/3414 2052/2054/2049 1972/1972/1969 
f 2052/2054/2049 3418/3502/3414 3958/5019/3953 
f 4045/5704/4040 4224/4461/4219 2495/2512/2491 
f 2494/2511/2490 4045/5704/4040 2495/2512/2491 
f 8/8/8 3649/3758/3644 881/881/881 
f 8/8/8 4999/5674/4991 3649/3758/3644 
f 4571/4925/4566 559/559/559 558/558/558 
f 558/558/558 3712/3832/3707 4571/4925/4566 
f 1199/1199/1196 4378/4660/4373 3974/4152/3969 
f 1197/1197/1194 1199/1199/1196 3974/4152/3969 
f 4325/4593/4320 1373/1373/1370 1372/1372/1369 
f 4324/4592/4319 1373/1373/1370 4325/4593/4320 
f 4753/5204/4747 3677/3793/3672 3678/3794/3673 
f 2730/2757/2726 3677/3793/3672 4753/5204/4747 
f 3013/4454/3009 4878/5403/4871 2258/2266/2254 
f 3012/3061/3008 4878/5402/4871 3013/3062/3009 
f 697/3788/697 2252/5705/2248 3665/3786/3660 
f 2251/2259/2247 3665/3778/3660 2252/2260/2248 
f 1185/1185/1182 3625/5381/3620 4866/5382/4859 
f 1184/1184/1181 3625/5381/3620 1185/1185/1182 
f 2799/2834/2795 786/786/786 4937/5516/4930 
f 3676/3792/3671 4937/5516/4930 786/786/786 
f 2272/2280/2268 2570/2587/2566 4605/4977/4600 
f 2272/2280/2268 2273/2281/2269 2570/2587/2566 
f 919/919/918 4804/5281/4797 402/402/402 
f 919/919/918 3133/3191/3129 4804/5281/4797 
f 3806/3939/3801 1493/1493/1490 248/248/248 
f 1493/1493/1490 3806/3939/3801 1492/1492/1489 
f 3523/4424/3518 791/3057/791 4765/5223/4759 
f 3523/3617/3518 2834/2872/2830 791/791/791 
f 4573/4928/4568 3802/3935/3797 3804/3937/3799 
f 3804/3937/3799 3802/3935/3797 1383/1383/1380 
f 1059/1059/1057 716/716/716 1060/1060/1058 
f 712/712/712 1060/1060/1058 716/716/716 
f 4807/5286/4800 256/256/256 4030/4218/4025 
f 4807/5286/4800 4030/4218/4025 4032/4220/4027 
f 2322/2332/2318 636/636/636 3904/4069/3899 
f 636/636/636 2322/2332/2318 2321/2331/2317 
f 603/603/603 1959/1959/1956 274/274/274 
f 1959/1959/1956 2819/2857/2815 274/274/274 
f 1900/1900/1897 4436/4741/4431 1429/1429/1426 
f 2958/3003/2954 1429/1429/1426 4436/4741/4431 
f 4583/5247/4578 3626/3733/3621 1912/1912/1909 
f 1912/1912/1909 1911/1911/1908 4583/5247/4578 
f 2311/2321/2307 2265/2273/2261 4527/4865/4522 
f 4527/4865/4522 2265/2273/2261 2264/2272/2260 
f 298/298/298 297/297/297 2880/2921/2876 
f 2880/2921/2876 2365/2378/2361 298/298/298 
f 4039/5502/4034 1810/1810/1807 993/993/992 
f 1810/1810/1807 994/994/993 993/993/992 
f 3081/3134/3077 1819/1819/1816 4055/4248/4050 
f 1909/1909/1906 1819/1819/1816 3081/3134/3077 
f 1130/1130/1128 4430/4732/4425 3370/3449/3366 
f 1132/1132/1130 4430/4732/4425 1130/1130/1128 
f 2230/2238/2226 2229/2237/2225 3066/3119/3062 
f 3064/3117/3060 3066/3119/3062 2229/2237/2225 
f 4937/5516/4930 75/75/75 2799/2834/2795 
f 2797/2832/2793 2799/2834/2795 75/75/75 
f 3350/3429/3346 3424/3509/3420 3351/3430/3347 
f 4132/4342/4127 3351/3430/3347 3424/3509/3420 
f 2836/2874/2832 1312/1312/1309 4520/4857/4515 
f 4520/4857/4515 1312/1312/1309 3965/4140/3960 
f 3493/3582/3489 3170/3232/3166 3172/3234/3168 
f 923/923/922 3493/5040/3489 3172/5041/3168 
f 1961/1961/1958 1139/1139/1137 2709/2732/2705 
f 1139/1139/1137 1961/1961/1958 1962/1962/1959 
f 1681/1681/1678 140/140/140 580/580/580 
f 4697/5113/4692 1681/1681/1678 580/580/580 
f 135/135/135 2656/2679/2652 622/622/622 
f 622/622/622 621/621/621 135/135/135 
f 309/309/309 1895/1895/1892 1897/1897/1894 
f 309/309/309 1897/1897/1894 310/310/310 
f 2214/2220/2210 557/557/557 559/559/559 
f 559/559/559 3873/4026/3868 2214/2220/2210 
f 2912/2954/2908 4154/4367/4149 4185/4406/4180 
f 4185/4406/4180 587/587/587 2912/2954/2908 
f 1252/1252/1249 3431/3516/3427 3433/3518/3429 
f 1252/1252/1249 3434/3520/3430 3431/3516/3427 
f 139/139/139 537/537/537 538/538/538 
f 538/538/538 1191/1191/1188 139/139/139 
f 1435/1435/1432 543/543/543 4255/4504/4250 
f 543/543/543 1435/1435/1432 1436/1436/1433 
f 2474/2490/2470 3610/3716/3605 4516/4848/4511 
f 2474/2490/2470 3648/3757/3643 3610/3716/3605 
f 2820/2858/2816 1335/1335/1332 690/690/690 
f 690/690/690 272/272/272 2820/2858/2816 
f 3262/5639/3258 2106/2108/2103 4819/5303/4812 
f 2107/2109/2104 4819/5303/4812 2106/2108/2103 
f 3126/3184/3122 4350/4628/4345 4081/4279/4076 
f 4081/4279/4076 3127/3185/3123 3126/3184/3122 
f 2153/2155/2149 2152/2154/2148 306/306/306 
f 2153/2155/2149 306/306/306 4758/5210/4752 
f 4750/5200/4744 3793/3926/3788 2305/3925/2301 
f 4750/5706/4744 2305/2315/2301 2304/2314/2300 
f 3529/3623/3524 775/775/775 4802/5279/4795 
f 4802/5279/4795 314/314/314 3529/3623/3524 
f 3734/3856/3729 1712/1712/1709 158/158/158 
f 1712/1712/1709 3734/3856/3729 4796/5272/4790 
f 4822/5307/4815 4616/4991/4611 1073/1073/1071 
f 3256/3327/3252 4822/5307/4815 1073/1073/1071 
f 387/387/387 2940/2982/2936 3583/3683/3578 
f 387/387/387 3583/3683/3578 3412/3496/3408 
f 1132/1132/1130 4548/4893/4543 4874/5397/4867 
f 1132/1132/1130 4874/5397/4867 4427/4729/4422 
f 4753/5204/4747 3678/3794/3673 2041/2189/2038 
f 2041/2043/2038 3678/4032/3673 3878/4031/3873 
f 3447/5707/3443 3448/5603/3444 4159/4372/4154 
f 4982/5619/467 3447/5707/3443 4159/4372/4154 
f 4717/5155/4712 1404/1404/1401 194/194/194 
f 194/194/194 1401/1401/1398 4717/5155/4712 
f 4085/4284/4080 2973/3018/2969 4084/4282/4079 
f 2973/3018/2969 4086/4285/4081 4084/4282/4079 
f 2160/2162/2156 2161/2163/2157 2158/2160/2154 
f 2158/2160/2154 2161/2163/2157 4090/4290/4085 
f 3894/4048/3889 4689/5098/4684 3689/3805/3684 
f 4689/5098/4684 4611/4983/4606 3689/3805/3684 
f 1743/1743/1740 2689/2712/2685 3997/4178/3992 
f 3997/4178/3992 2689/2712/2685 2688/2711/2684 
f 3001/3047/2997 2693/2716/2689 2694/2717/2690 
f 3755/3879/3750 2693/2716/2689 3001/3047/2997 
f 4238/5635/4233 2932/2974/2928 4979/5708/4972 
f 2932/2974/2928 999/999/998 4979/5708/4972 
f 3028/5540/3024 3600/3705/3595 3931/4098/3926 
f 3600/3709/3595 3028/3077/3024 3027/3076/3023 
f 4665/5063/4660 562/562/562 2849/2889/2845 
f 560/560/560 562/562/562 4665/5063/4660 
f 4346/4624/4341 1321/1321/1318 3204/3270/3200 
f 4606/4978/4601 1321/1321/1318 4346/4624/4341 
f 991/991/990 4745/5194/4739 1277/1277/1274 
f 2462/2478/2458 1277/1277/1274 4745/5194/4739 
f 1007/1007/1006 2817/2855/2813 4959/5563/4952 
f 2817/2855/2813 1008/1008/1007 4959/5563/4952 
f 4890/5709/4883 4339/5559/4334 4891/5560/4884 
f 4890/5427/4883 3226/3292/3222 4339/4614/4334 
f 2436/2451/2432 2279/2287/2275 4476/4798/4471 
f 475/475/475 2436/2451/2432 4476/4798/4471 
f 2649/2670/2645 3442/3528/3438 2650/2671/2646 
f 3441/3527/3437 3442/3528/3438 2649/2670/2645 
f 4028/4214/4023 545/545/545 2765/2795/2761 
f 4028/4214/4023 543/543/543 545/545/545 
f 2655/2677/2651 1609/1609/1606 2565/2678/2561 
f 1609/1609/1606 2655/2677/2651 1610/1610/1607 
f 2135/2137/2132 827/827/827 4131/4341/4126 
f 827/827/827 5/5/5 4131/4341/4126 
f 1867/1867/1864 3961/4133/3956 3960/4132/3955 
f 2803/2838/2799 1867/1867/1864 3960/4132/3955 
f 2004/2004/2001 869/869/869 3718/3838/3713 
f 869/869/869 868/868/868 3718/3838/3713 
f 2913/2955/2909 4153/4366/4148 2912/2954/2908 
f 2913/4701/2909 1505/1505/1502 4153/5458/4148 
f 594/594/594 2328/2338/2324 2327/2337/2323 
f 2327/2337/2323 116/116/116 594/594/594 
f 4470/5710/4465 3665/3778/3660 3666/3779/3661 
f 4471/5599/4466 4470/5710/4465 3666/3779/3661 
f 4187/4409/4182 2139/2141/2135 2138/2140/1587 
f 4187/4409/4182 2138/2140/1587 4186/4408/4181 
f 962/962/961 2552/2569/2548 1891/1891/1888 
f 1891/4217/1888 2552/4064/2548 4847/5359/4840 
f 4650/5043/4645 3948/4118/3943 676/676/676 
f 4650/5043/4645 1823/1823/1820 3948/4118/3943 
f 3638/3745/3633 2580/4956/2576 2564/2581/2560 
f 2579/2596/2575 2564/2598/2560 2580/2599/2576 
f 3840/3984/3835 3429/3514/3425 3428/3513/3424 
f 3429/3514/3425 3840/3984/3835 4533/4874/4528 
f 2878/2919/2874 3714/4604/3709 2617/2917/2613 
f 3714/3834/3709 2615/2634/2611 2617/2636/2613 
f 3190/3253/3186 764/4519/764 4268/4520/4263 
f 3191/3254/3187 3190/3253/3186 4268/4520/4263 
f 2919/5179/2915 4103/4304/4098 3986/5181/3981 
f 3986/4165/3981 2540/2557/2536 2919/2961/2915 
f 2194/2200/2190 333/333/333 3297/3372/3293 
f 3297/3372/3293 1109/1109/1107 2194/2200/2190 
f 3764/3890/3759 877/877/877 4803/5280/4796 
f 877/877/877 3764/3890/3759 132/132/132 
f 2043/2045/2040 1414/1414/1411 4949/5537/4942 
f 1414/1414/1411 211/211/211 4949/5537/4942 
f 1706/1706/1703 2937/2979/2933 2658/2681/2654 
f 2937/2979/2933 1706/1706/1703 2938/2980/2934 
f 1813/1813/1810 3577/5363/3572 1342/1342/1339 
f 1343/1343/1340 1342/1342/1339 3577/5363/3572 
f 4019/4205/4014 2410/2425/2406 1346/1346/1343 
f 4019/4205/4014 1346/1346/1343 3838/3976/3833 
f 2654/2675/2650 479/479/479 4729/5174/4724 
f 2654/2675/2650 2528/2545/2524 479/479/479 
f 4219/4452/4214 4550/5485/4545 4220/4453/4215 
f 4219/4895/4214 2851/2891/2847 4550/4897/4545 
f 3688/3804/3683 3687/3803/3682 1313/1313/1310 
f 905/905/905 3688/3804/3683 1313/1313/1310 
f 4400/4694/4395 2102/2104/2099 2101/2103/2098 
f 4790/5260/4784 4400/5259/4395 2101/3913/2098 
f 2592/4856/2588 2839/5450/2835 4902/5449/4895 
f 2594/2613/2590 2839/2877/2835 2592/2611/2588 
f 3337/3415/3333 4732/5177/4727 4733/5178/4728 
f 3338/3416/3334 3337/3415/3333 4733/5178/4728 
f 586/586/586 1782/1782/1779 4082/4280/4077 
f 1782/1782/1779 1781/1781/1778 4082/4280/4077 
f 3124/3182/3120 2176/2180/2172 4629/5011/4624 
f 4631/5014/4626 4629/5011/4624 2176/2180/2172 
f 2551/2568/2547 1685/1685/1682 2554/2571/2550 
f 2551/4065/2547 2554/5082/2550 3939/4107/3934 
f 2007/2007/2004 2009/2009/2006 4532/4873/4527 
f 2009/2009/2006 1058/1058/1056 4532/4873/4527 
f 1838/1838/1835 1326/1326/1323 4596/4963/4591 
f 4596/4963/4591 2895/2937/2891 1838/1838/1835 
f 1035/1035/1034 2281/2289/2277 4270/4523/4265 
f 4270/4523/4265 1034/1034/1033 1035/1035/1034 
f 1363/1363/1360 3056/3108/3052 4073/4270/4068 
f 3056/3108/3052 603/603/603 4073/4270/4068 
f 70/70/70 3694/3810/3689 3691/3807/3686 
f 1151/1151/1148 70/70/70 3691/3807/3686 
f 1666/1666/1663 3536/3631/3531 4386/4671/4381 
f 3536/3631/3531 3535/3629/3530 4386/4671/4381 
f 1616/1616/1613 3754/3876/3749 1614/1614/1611 
f 3754/3876/3749 1616/1616/1613 4552/4901/4547 
f 4673/5073/4668 1391/1391/1388 1935/1935/1932 
f 1389/1389/1386 1391/1391/1388 4673/5073/4668 
f 3888/4042/3883 2448/2463/2444 1106/1106/1104 
f 1106/1106/1104 2448/2463/2444 1107/1107/1105 
f 3074/3127/3070 230/230/230 3710/3830/3705 
f 230/230/230 229/229/229 3710/3830/3705 
f 882/882/882 4923/5490/4916 2701/2724/2697 
f 882/882/882 2703/2726/2699 4923/5490/4916 
f 4288/4550/4283 4644/5030/4639 3058/3110/3054 
f 4288/4550/4283 3058/3110/3054 3060/3112/3056 
f 864/864/864 1764/1764/1761 865/865/865 
f 865/865/865 1764/1764/1761 1823/1823/1820 
f 1713/1713/1710 4952/5543/4945 3919/4085/3914 
f 1715/1715/1712 4952/5543/4945 1713/1713/1710 
f 2819/2857/2815 272/272/272 274/274/274 
f 4617/4992/4612 272/272/272 2819/2857/2815 
f 3007/3055/3003 4407/4703/4402 4406/4702/4401 
f 3971/4149/3966 4407/4703/4402 3007/3055/3003 
f 4893/5432/4886 1354/1354/1351 13/13/13 
f 3911/4076/3906 1354/1354/1351 4893/5432/4886 
f 1114/1114/1112 534/534/534 4489/4815/4484 
f 2315/3917/2311 1114/1114/1112 4489/4815/4484 
f 592/592/592 3291/4480/3287 4237/4479/4232 
f 3291/4480/3287 2532/2549/2528 4237/4479/4232 
f 2589/4298/2585 3065/3118/3061 4097/4297/4092 
f 4097/4297/4092 2587/3578/2583 2589/4298/2585 
f 3947/4116/3942 3946/4114/3941 3945/4113/3940 
f 1053/1053/1051 3946/4114/3941 3947/4116/3942 
f 4797/5556/4791 3044/3096/3040 3042/3094/3038 
f 3044/4819/3040 4797/5273/4791 2381/2396/2377 
f 907/907/907 4111/4315/4106 3076/3129/3072 
f 4111/4315/4106 907/907/907 2215/2221/2211 
f 4412/4709/4407 645/645/645 3011/3060/3007 
f 4412/4709/4407 3011/3060/3007 4720/5158/4715 
f 1512/1512/1509 443/443/443 4947/5534/4940 
f 1512/1512/1509 4947/5534/4940 3705/4945/3700 
f 2172/2176/2168 3333/3410/3329 278/278/278 
f 3333/3410/3329 2172/2176/2168 2174/2178/2170 
f 417/417/417 4213/4445/4208 4930/5499/4923 
f 4213/4445/4208 2261/2269/2257 4930/5499/4923 
f 2056/2058/2053 1474/1474/1471 4776/5239/4770 
f 2056/2058/2053 4776/5239/4770 338/338/338 
f 4912/5473/4905 1254/1254/1251 1256/1256/1253 
f 1256/1256/1253 4099/4300/4094 4912/5473/4905 
f 2502/2519/2498 1402/1402/1399 1778/1778/1775 
f 1778/1778/1775 3474/3561/3470 2502/2519/2498 
f 2728/2755/2724 1085/1085/1083 1759/1759/1756 
f 1085/1085/1083 1087/1087/1085 1759/1759/1756 
f 3071/3124/3067 3073/3126/3069 833/833/833 
f 3072/3125/3068 3073/3126/3069 3071/3124/3067 
f 1280/1280/1277 4481/4804/4476 1278/1278/1275 
f 3926/4092/3921 1278/1278/1275 4481/4804/4476 
f 4230/4469/4225 4231/4470/4226 3292/3367/3288 
f 3292/5405/3288 591/591/591 4230/5164/4225 
f 70/70/70 2741/2768/2737 3694/3810/3689 
f 3694/3810/3689 2741/2768/2737 2740/2767/2736 
f 4044/4232/4039 759/759/759 2494/4235/2490 
f 4044/4232/4039 4741/5190/4735 759/759/759 
f 4067/5512/4062 2702/2725/2698 1803/1803/1800 
f 1803/1803/1800 2702/2725/2698 884/884/884 
f 3154/3216/3150 3983/4162/3978 4805/5282/4798 
f 4805/5282/4798 2914/3214/2910 3154/3216/3150 
f 3554/5153/3549 2493/2510/2489 3556/5152/3551 
f 2000/2000/1997 3554/3654/3549 3556/3656/3551 
f 4943/5525/4936 3660/3772/3655 4251/4499/4246 
f 4251/4499/4246 3660/3772/3655 1136/1136/1134 
f 1937/1937/1934 1939/1939/1936 3544/3642/3539 
f 4623/5005/4618 3544/3642/3539 1939/1939/1936 
f 2366/2379/2362 4696/5111/4691 3343/3422/3339 
f 4355/4634/4350 3343/3422/3339 4696/5111/4691 
f 2440/2455/2436 752/752/752 4990/5650/4982 
f 2861/2901/2857 2440/2455/2436 4990/5650/4982 
f 2651/2672/2647 4507/4838/4502 4703/5128/4698 
f 303/303/303 2651/3463/2647 4704/5129/4699 
f 1579/1579/1576 564/564/564 2849/2889/2845 
f 564/564/564 4665/5063/4660 2849/2889/2845 
f 4961/5567/4954 305/305/305 1197/1197/1194 
f 1197/1197/1194 3973/4151/3968 4961/5567/4954 
f 4072/4269/4067 2855/2895/2851 1364/1364/1361 
f 1363/1363/1360 4072/4269/4067 1364/1364/1361 
f 356/356/356 125/125/125 647/647/647 
f 647/647/647 357/357/357 356/356/356 
f 755/755/755 2442/2457/2438 4887/5423/4880 
f 4887/5423/4880 2442/2457/2438 3477/3564/3473 
f 1588/1588/1585 1587/1587/1584 4755/5206/4749 
f 4755/5206/4749 1587/1587/1584 4119/4326/4114 
f 4896/5437/4889 3766/3892/3761 4308/4573/4303 
f 3766/3892/3761 4896/5437/4889 3767/3893/3762 
f 382/382/382 386/386/386 1625/1625/1622 
f 386/386/386 382/382/382 384/384/384 
f 1970/1970/1967 1372/1372/1369 1374/1374/1371 
f 1374/1374/1371 3061/3113/3057 1970/1970/1967 
f 2812/2848/2808 1849/1849/1846 4210/4442/4205 
f 4210/4442/4205 1849/1849/1846 1851/1851/1848 
f 2996/3042/2992 4043/4231/4038 4649/5042/4644 
f 4843/5349/4836 2996/5348/2992 4649/5350/4644 
f 89/89/89 88/88/88 2404/2419/2400 
f 88/88/88 4348/4626/4343 2404/2419/2400 
f 4001/5112/3996 2010/2010/2007 3549/3647/3544 
f 3549/3647/3544 2010/2010/2007 3550/3648/3545 
f 2002/2002/1999 369/369/369 2003/2003/2000 
f 369/369/369 1079/1079/1077 2003/2003/2000 
f 2473/2489/2469 238/238/238 2663/2686/2659 
f 2663/2686/2659 3648/3757/3643 2473/2489/2469 
f 2020/2022/2017 1506/1506/1503 1508/1508/1505 
f 2645/2664/2641 2020/2022/2017 1508/1508/1505 
f 2460/2476/2456 1137/1137/1135 3449/3535/3445 
f 1137/1137/1135 973/973/972 3449/3535/3445 
f 805/5689/805 3206/5711/3202 4178/4398/4173 
f 3206/5711/3202 3205/4399/3201 4178/4398/4173 
f 1604/1604/1601 843/843/843 222/222/222 
f 843/843/843 3223/3289/3219 222/222/222 
f 2529/2546/2525 830/830/830 829/829/829 
f 2529/2546/2525 1301/1301/1298 830/830/830 
f 1836/1836/1833 1835/1835/1832 4754/5205/4748 
f 2893/2935/2889 1836/1836/1833 4754/5205/4748 
f 3890/4044/3885 3889/4043/3884 2610/2629/2606 
f 3889/4043/3884 2611/2630/2607 2610/2629/2606 
f 3081/3134/3077 4055/4248/4050 1818/1818/1815 
f 4055/4248/4050 1339/1339/1336 1818/1818/1815 
f 2538/2555/2534 2537/2554/2533 4446/4757/4441 
f 2537/2554/2533 2536/2553/2532 4446/4757/4441 
f 3199/3265/3195 4280/4535/4275 821/821/821 
f 4293/4556/4288 3199/3265/3195 821/821/821 
f 1229/1229/1226 2488/2505/2484 1075/1075/1073 
f 4317/4583/4312 1075/1075/1073 2488/2505/2484 
f 1221/1221/1218 2639/2658/2635 3720/3840/3715 
f 3719/3839/3714 1221/1221/1218 3720/3840/3715 
f 1011/1011/1010 436/436/436 435/435/435 
f 3455/3541/3451 1011/1011/1010 435/435/435 
f 565/565/565 1952/1952/1949 563/563/563 
f 563/563/563 1952/1952/1949 560/560/560 
f 4254/4503/4249 2694/2717/2690 939/939/938 
f 4256/4505/4251 2694/2717/2690 4254/4503/4249 
f 3239/3307/3235 3761/3887/3756 169/169/169 
f 169/169/169 3761/3887/3756 4762/5219/4756 
f 1945/1945/1942 4258/4507/4253 4257/4506/4252 
f 4257/5459/4252 3911/4076/3906 1945/2012/1942 
f 3967/4143/3962 3969/4145/3964 3968/4144/3963 
f 3967/4143/3962 475/475/475 3969/4145/3964 
f 3222/3288/3218 196/196/196 4783/5251/4777 
f 1962/1962/1959 196/196/196 3222/3288/3218 
f 3323/3399/3319 4205/4437/4200 4836/5334/4829 
f 4836/5334/4829 3322/3398/3318 3323/3399/3319 
f 349/349/349 2223/2231/2219 3279/3351/3275 
f 349/349/349 3279/3351/3275 2269/2277/2265 
f 2087/2089/2084 3143/3201/3139 4620/4998/4615 
f 3144/3202/3140 4620/4998/4615 3143/3201/3139 
f 2681/2704/2677 4341/4617/4336 2679/2702/2675 
f 2681/2704/2677 3984/4163/3979 4341/4617/4336 
f 2958/5712/2954 2209/2215/2205 2208/2214/2204 
f 2209/2215/2205 2958/5712/2954 4224/5189/4219 
f 1411/2373/1408 3916/5713/3911 4374/4655/4369 
f 3916/5713/3911 996/5714/995 4374/4655/4369 
f 3358/3437/3354 3885/4039/3880 3884/4038/3879 
f 3884/4768/3879 3885/5388/3880 1242/1242/1239 
f 1708/1708/1705 757/757/757 498/498/498 
f 497/497/497 1708/1708/1705 498/498/498 
f 1147/1147/1144 2893/5249/2889 3930/4097/3925 
f 3930/4097/3925 1148/1148/1145 1147/1147/1144 
f 1355/1355/1352 3471/3557/3467 3470/3556/3466 
f 1355/1355/1352 3470/3556/3466 749/749/749 
f 818/818/818 817/817/817 1679/1679/1676 
f 817/817/817 3868/4021/3863 1679/1679/1676 
f 3032/3082/3028 1552/1552/1549 574/574/574 
f 2859/2899/2855 3032/3082/3028 574/574/574 
f 4361/4641/4356 4714/5715/4709 3104/4639/3100 
f 4715/5148/4710 4714/5147/4709 4361/5146/4356 
f 1261/1261/1258 4269/4522/4264 1596/2984/1593 
f 1263/1263/1260 4269/4522/4264 1261/1261/1258 
f 4618/4993/4613 2757/2784/2753 2748/2775/2744 
f 325/325/325 2757/2784/2753 4618/4993/4613 
f 3138/3196/3134 925/925/924 3139/3197/3135 
f 3138/3196/3134 126/126/126 925/925/924 
f 955/955/954 1518/1518/1515 4127/4334/4122 
f 955/955/954 4127/4334/4122 2337/2347/2333 
f 4373/4654/4368 1817/1817/1814 4614/4988/4609 
f 3093/3147/3089 4373/4654/4368 4614/4988/4609 
f 4153/4366/4148 4152/5238/4147 4154/4367/4149 
f 4154/4367/4149 4152/5238/4147 4185/4406/4180 
f 720/720/720 3602/3707/3597 721/721/721 
f 721/721/721 3602/3707/3597 3601/3706/3596 
f 2661/2684/2657 4210/4442/4205 1851/1851/1848 
f 1851/1851/1848 2662/2685/2658 2661/2684/2657 
f 4877/5401/4870 1880/1880/1877 1061/1061/1059 
f 1880/1880/1877 4877/5401/4870 1549/1549/1546 
f 4357/4995/4352 2104/5584/2101 4402/4696/4397 
f 3468/3554/3464 2104/2106/2101 4357/4636/4352 
f 3103/3159/3099 4109/4311/4104 3102/3158/3098 
f 3102/3158/3098 2529/2546/2525 3103/3159/3099 
f 2764/2794/2760 2763/2793/2759 4027/4213/4022 
f 2763/2793/2759 1873/2792/1870 4027/4213/4022 
f 2887/2929/2883 654/654/654 2888/2930/2884 
f 2888/2930/2884 654/654/654 653/653/653 
f 1993/1993/1990 607/607/607 1992/1992/1989 
f 3452/3538/3448 1993/1993/1990 1992/1992/1989 
f 3395/3479/3391 4329/4599/4324 3397/3481/3393 
f 3395/3479/3391 1647/1647/1644 4329/4599/4324 
f 3339/3417/3335 1469/1469/1466 4169/4385/4164 
f 1469/1469/1466 1043/1043/159 4169/4385/4164 
f 2186/5332/2182 2185/4466/2181 4229/4467/4224 
f 4229/4467/4224 162/162/162 2186/5332/2182 
f 3758/3883/3753 2517/2534/2513 3760/3885/3755 
f 3127/3185/3123 3758/3883/3753 3760/3885/3755 
f 1151/1151/1148 787/787/787 789/789/789 
f 2737/2764/2733 787/787/787 1151/1151/1148 
f 1133/1133/1131 770/770/770 2351/2362/2347 
f 2350/2361/2346 1133/1133/1131 2351/2362/2347 
f 1987/1987/1984 3121/3179/3117 4493/4822/4488 
f 4871/5392/4864 4493/4822/4488 3121/3179/3117 
f 3902/4063/3897 4681/5083/4676 3939/4107/3934 
f 3902/4063/3897 3939/4107/3934 1688/1688/1685 
f 1011/1011/1010 1010/1010/1009 4595/4962/4590 
f 1010/1010/1009 3740/3862/3735 4595/4962/4590 
f 4574/5716/4569 3484/3571/3480 3570/3670/3565 
f 4574/5716/4569 3570/3670/3565 1437/2223/1434 
f 4747/5197/4741 3728/3848/3723 2749/3850/2745 
f 4747/5218/4741 2749/2776/2745 2758/2785/2754 
f 1013/1013/1012 4579/4937/4574 141/141/141 
f 141/141/141 1253/1253/1250 1013/1013/1012 
f 1649/1649/1646 1648/1648/1645 3520/3614/3515 
f 3372/5549/3368 1649/1649/1646 3520/3614/3515 
f 4078/4276/4073 4978/5606/4971 4679/5080/4674 
f 761/761/761 4978/5606/4971 4078/4276/4073 
f 192/192/192 3148/3208/3144 1232/1232/1229 
f 192/192/192 194/194/194 3148/3208/3144 
f 4466/4783/4461 1474/1474/1471 4194/4422/4189 
f 4776/5239/4770 1474/1474/1471 4466/4783/4461 
f 4667/5065/4662 2368/2381/2364 343/343/343 
f 4668/5066/4663 2368/2381/2364 4667/5065/4662 
f 3830/3966/3825 4849/5361/4842 943/943/942 
f 3830/3966/3825 3829/3965/3824 4849/5361/4842 
f 3018/3067/3014 3863/4015/3858 2881/2922/2877 
f 2881/2922/2877 3863/4015/3858 2882/2923/2878 
f 785/785/785 4739/5187/4733 3518/3612/3513 
f 4738/5186/4732 4739/5187/4733 785/785/785 
f 4291/4553/4286 1636/1636/1633 462/462/462 
f 1636/1636/1633 463/463/463 462/462/462 
f 4620/4998/4615 1149/1149/1146 2088/2090/2085 
f 1149/1149/1146 2089/2091/2086 2088/2090/2085 
f 1944/1944/1941 4220/4453/4215 1210/1210/1207 
f 4220/4453/4215 1211/1211/1208 1210/1210/1207 
f 4822/5307/4815 3256/3327/3252 3920/4086/3915 
f 3920/5106/3915 3256/5105/3252 3922/4088/3917 
f 4938/5517/4931 3631/3738/3626 4658/5052/4653 
f 2756/2783/2752 3631/5291/3626 4938/5681/4931 
f 3463/3549/3459 2480/2497/2476 1161/1161/1158 
f 1670/2496/1667 1161/1161/1158 2480/2497/2476 
f 1129/1129/1127 27/27/27 2965/3010/2961 
f 1129/1129/1127 2965/3010/2961 2964/3009/2960 
f 548/548/548 938/938/937 546/546/546 
f 548/548/548 1545/1545/1542 938/938/937 
f 2248/3607/2244 4117/5069/4112 4670/5070/4665 
f 4670/5070/4665 3514/3608/3509 2248/3607/2244 
f 3567/3667/3562 190/190/190 2218/2226/2214 
f 3567/3667/3562 191/191/191 190/190/190 
f 4313/4579/4308 4677/5078/4672 4793/5269/4787 
f 4793/5269/4787 1484/1484/1481 4313/4579/4308 
f 1472/1472/1469 3128/3186/3124 3589/3691/3584 
f 3128/3186/3124 1472/1472/1469 488/488/488 
f 4884/5414/4877 3999/4181/3994 1981/1981/1978 
f 4797/5273/4791 4884/5414/4877 1981/1981/1978 
f 4594/4961/4589 1906/1906/1903 436/436/436 
f 1906/1906/1903 4594/4961/4589 1904/1904/1901 
f 2267/2275/2263 3110/3168/3106 4004/4188/3999 
f 3110/4866/3106 2264/2272/2260 4004/4186/3999 
f 4654/5047/4649 3135/3193/3131 3136/3194/3132 
f 4654/5047/4649 3136/3194/3132 2477/5127/2473 
f 1295/1295/1292 988/988/987 240/240/240 
f 988/988/987 1295/1295/1292 3610/3716/3605 
f 286/286/286 1227/1227/1224 2904/2946/2900 
f 286/286/286 287/287/287 1227/1227/1224 
f 3581/3681/3576 3433/3518/3429 2659/4502/2655 
f 3581/3681/3576 384/384/384 3433/3518/3429 
f 2145/2147/2141 127/127/127 4636/5022/4631 
f 4636/5022/4631 4634/5020/4629 2145/2147/2141 
f 2619/2638/2615 849/849/849 2618/2637/2614 
f 849/849/849 852/852/852 2618/2637/2614 
f 2861/2901/2857 2863/2903/2859 2865/2905/2861 
f 2863/2903/2859 2861/2901/2857 4990/5650/4982 
f 1019/1019/1018 1021/1021/1020 4647/5038/4642 
f 4647/5038/4642 1863/1863/1860 1019/1019/1018 
f 3384/3466/3380 3875/5630/3870 2562/5672/2558 
f 2562/5672/2558 4272/4526/4267 3384/3466/3380 
f 1689/1689/1686 3940/4108/3935 4764/5222/4758 
f 535/535/535 1689/1689/1686 4764/5222/4758 
f 2709/2732/2705 2705/2728/2701 4655/5048/4650 
f 2704/2727/2700 4655/5048/4650 2705/2728/2701 
f 4144/4355/4139 4624/5006/4619 4625/5007/4620 
f 4625/5610/4620 4624/5609/4619 2867/2907/2863 
f 1882/1882/1879 4765/5223/4759 410/410/410 
f 410/410/410 4765/5223/4759 791/3057/791 
f 4556/4906/4551 4108/4310/4103 1215/1215/1212 
f 4107/4309/4102 4108/4310/4103 4556/4906/4551 
f 342/342/342 1155/1155/1152 2696/2719/2692 
f 922/922/921 342/342/342 2696/2719/2692 
f 3725/3845/3720 3553/3653/3548 2842/2880/2838 
f 3553/5583/3548 3725/5034/3720 1998/1998/1995 
f 2986/3032/2982 2512/2529/2508 976/976/975 
f 134/134/134 976/976/975 2512/2529/2508 
f 633/633/633 1999/1999/1996 246/246/246 
f 633/633/633 634/634/634 1999/1999/1996 
f 4020/4206/4015 2410/2425/2406 4019/4205/4014 
f 2410/2425/2406 4020/4206/4015 2411/2426/2407 
f 3980/4159/3975 4921/5483/4914 3979/4158/3974 
f 4194/4422/4189 3980/4159/3975 3979/4158/3974 
f 3815/3948/3810 1480/1480/1477 4314/4580/4309 
f 4314/4580/4309 3814/3947/3809 3815/3948/3810 
f 3553/3653/3548 3555/3655/3550 2842/2880/2838 
f 3555/3655/3550 1795/1795/1792 2842/2880/2838 
f 3211/4748/3207 3208/4020/3204 3867/4019/3862 
f 4832/5325/4825 3208/3274/3204 3211/3277/3207 
f 3445/5618/3441 3446/5717/3442 4982/5619/467 
f 3446/5717/3442 3447/5707/3443 4982/5619/467 
f 3587/4836/3582 2372/5267/2368 3459/3545/3455 
f 3458/3544/3454 3459/3545/3455 2372/5267/2368 
f 4980/5612/4973 2329/2339/2325 210/210/210 
f 212/212/212 4980/5612/4973 210/210/210 
f 3263/3334/3259 3264/3335/3260 4096/4296/4091 
f 3051/3103/3047 4096/4296/4091 3264/3335/3260 
f 2494/2511/2490 1593/1593/1590 4967/5580/4960 
f 1593/1593/1590 4048/4240/4043 4967/5580/4960 
f 2082/2084/2079 3747/3869/3742 2084/2086/2081 
f 4439/4747/4434 2084/2086/2081 3747/3869/3742 
f 4988/5718/4980 3504/3596/3499 3503/3595/3498 
f 4988/5718/4980 5000/5719/4992 3504/3596/3499 
f 4083/4281/4078 1783/1783/1780 1785/1785/1782 
f 4082/4280/4077 4083/4281/4078 1785/1785/1782 
f 1746/1746/1743 3251/3322/3247 3837/3974/3832 
f 1747/1747/1744 1746/1746/1743 3837/3974/3832 
f 526/526/526 1717/1717/1714 527/527/527 
f 2772/2802/2768 527/527/527 1717/1717/1714 
f 349/349/349 2269/2277/2265 1192/1192/1189 
f 2269/2277/2265 892/892/892 1192/1192/1189 
f 4473/4794/4468 3492/3581/3488 3494/3583/3490 
f 4473/4794/4468 3494/3583/3490 4955/5691/4948 
f 4785/5253/4779 1918/1918/1915 3243/4538/3239 
f 3243/3312/3239 3244/3313/3240 4785/5254/4779 
f 4555/4905/4550 4195/4426/4190 3008/3056/3004 
f 4196/4425/4191 3008/3056/3004 4195/4426/4190 
f 1732/1732/1729 1610/1610/1607 4728/5173/4723 
f 1610/1610/1607 1732/1732/1729 1611/1611/1608 
f 1605/1605/1602 3415/3499/3411 1046/1046/1044 
f 1605/1605/1602 1046/1046/1044 1045/1045/1043 
f 4909/5470/4902 1379/1379/1376 1381/1381/1378 
f 1987/1987/1984 1379/1379/1376 4909/5470/4902 
f 4545/4890/4540 2201/2207/2197 19/19/19 
f 4546/4891/4541 4545/4890/4540 19/19/19 
f 1271/1271/1268 2468/2484/2464 3700/3816/3695 
f 2468/2484/2464 3699/3815/3694 3700/3816/3695 
f 4409/4705/4404 4944/5526/4937 2938/2980/2934 
f 1703/1703/1700 2938/2980/2934 4944/5526/4937 
f 335/335/335 670/670/670 3525/3619/3520 
f 335/335/335 3525/3619/3520 3524/3618/3519 
f 2312/2322/2308 4864/5379/4857 2265/2273/2261 
f 2312/2322/2308 2313/2323/2309 4864/5379/4857 
f 3895/4049/3890 605/605/605 3896/4050/3891 
f 3896/4050/3891 605/605/605 4120/4327/4115 
f 3861/5151/3856 1486/1486/1483 1485/1485/1482 
f 3862/4014/3857 3861/4013/3856 1485/2851/1482 
f 1686/1686/1683 253/253/253 1370/1370/1367 
f 1686/1686/1683 1370/1370/1367 1684/1684/1681 
f 92/92/92 755/755/755 4585/4949/4580 
f 755/755/755 3480/3567/3476 4585/4949/4580 
f 2024/2026/2021 1858/1858/1855 1857/1857/1854 
f 4017/5312/4012 1858/1858/1855 2024/2026/2021 
f 2649/2670/2645 1444/1444/1441 2516/2533/2512 
f 1444/1444/1441 1443/1443/1440 2516/2533/2512 
f 1126/1126/1124 1495/1495/1492 434/434/434 
f 1495/1495/1492 1126/1126/1124 4272/4526/4267 
f 1439/1439/1436 2967/3012/2963 1441/1441/1438 
f 2968/3013/2964 2967/3012/2963 1439/1439/1436 
f 4032/4220/4027 2789/2824/2785 2032/5597/2029 
f 4032/4220/4027 836/836/836 2789/2824/2785 
f 3387/3469/3383 1230/1230/1227 727/727/727 
f 249/249/249 3387/3469/3383 727/727/727 
f 4118/4325/4113 926/926/925 355/355/355 
f 355/355/355 926/926/925 356/356/356 
f 3109/4867/3105 4528/4868/4523 4527/4865/4522 
f 4528/4868/4523 3109/4867/3105 4972/5720/4965 
f 3982/4161/3977 3073/3126/3069 2067/2069/2064 
f 831/831/831 3982/4161/3977 2067/2069/2064 
f 3524/3618/3519 1526/1526/1523 1525/1525/1522 
f 1525/1525/1522 2053/2055/2050 3524/3618/3519 
f 3424/3509/3420 3425/3510/3421 3427/3512/3423 
f 3425/4146/3421 4476/4798/4471 3427/4797/3423 
f 2482/2499/2478 2481/2498/2477 1753/1753/1750 
f 1754/1754/1751 1753/1753/1750 2481/2498/2477 
f 2302/2310/2298 1025/1025/1024 3803/3936/3798 
f 3803/3936/3798 3802/3935/3797 2302/2310/2298 
f 273/273/273 272/272/272 2203/2209/2199 
f 4965/5573/4958 273/273/273 2203/2209/2199 
f 1062/1062/1060 1880/1880/1877 4394/4684/4389 
f 4393/4683/4388 1062/1062/1060 4394/4684/4389 
f 1678/1678/1675 1677/1677/1674 3322/3398/3318 
f 1676/1676/1673 3322/3398/3318 1677/1677/1674 
f 981/981/980 3088/3141/3084 3560/3660/3555 
f 4806/5283/4799 3088/3141/3084 981/981/980 
f 916/916/916 4014/4199/4009 3134/5318/3130 
f 4014/4199/4009 916/916/916 4015/4200/4010 
f 1333/1333/1330 215/215/215 3167/3229/3163 
f 215/215/215 20/20/20 3167/3229/3163 
f 1511/1511/1508 1510/1510/1507 2170/2172/2166 
f 1510/1510/1507 2363/2376/2359 2170/2172/2166 
f 3273/3345/3269 3272/3344/3268 2414/2429/2410 
f 2414/2429/2410 3272/3344/3268 1697/1697/1694 
f 3693/5311/3688 4115/4320/4110 2738/4321/2734 
f 3692/3808/3687 3693/3809/3688 2738/2765/2734 
f 4253/4501/4248 2659/4502/2655 2658/5323/2654 
f 4253/4501/4248 2658/5323/2654 4335/4608/4330 
f 98/98/98 2628/2647/2624 2627/2646/2623 
f 98/98/98 100/100/100 2628/2647/2624 
f 4691/5101/4686 3617/5100/3612 4707/5133/4702 
f 2388/2403/2384 4691/5101/4686 4707/5133/4702 
f 3039/3091/3035 1078/1078/1076 155/155/155 
f 3039/3091/3035 1080/1080/1078 1078/1078/1076 
f 1698/1698/1695 1697/1697/1694 799/799/799 
f 799/799/799 1697/1697/1694 800/800/800 
f 4308/4573/4303 649/649/649 4896/5437/4889 
f 649/649/649 4308/4573/4303 647/647/647 
f 1943/1943/1940 1209/1209/1206 620/620/620 
f 1209/1209/1206 1943/1943/1940 1210/1210/1207 
f 2949/2993/2945 4209/4441/4204 4208/4440/4203 
f 4209/4569/4204 2949/3309/2945 3240/3308/3236 
f 3882/4036/3877 56/56/56 55/55/55 
f 640/640/640 3882/4036/3877 55/55/55 
f 816/816/816 4727/5172/4722 817/817/817 
f 816/816/816 3869/4022/3864 4727/5172/4722 
f 266/266/266 268/268/268 402/402/402 
f 266/266/266 402/402/402 1352/1352/1349 
f 3774/3901/3769 1146/1146/1143 4396/4688/4391 
f 1146/1146/1143 812/812/812 4396/4688/4391 
f 3308/3383/3304 4906/5466/4899 4633/5017/4628 
f 3308/3383/3304 1293/1293/1290 4906/5466/4899 
f 400/400/400 399/399/399 931/931/930 
f 931/931/930 399/399/399 4241/4486/4236 
f 1448/1448/1445 155/155/155 2521/2538/2517 
f 1448/1448/1445 2521/2538/2517 2522/2539/2518 
f 2831/2869/2827 1624/1624/1621 144/144/144 
f 1624/1624/1621 2626/2645/2622 144/144/144 
f 749/749/749 748/748/748 4608/4980/4603 
f 4608/4980/4603 748/748/748 2514/2531/2510 
f 1076/1076/1074 30/30/30 2841/2879/2837 
f 29/29/29 2841/2879/2837 30/30/30 
f 36/36/36 2927/2969/2923 2089/2091/2086 
f 36/36/36 35/35/35 2927/2969/2923 
f 3207/5451/3203 4471/5599/4466 3668/3781/3663 
f 1322/1322/1319 3207/5451/3203 3668/3781/3663 
f 953/953/952 4564/4917/4559 954/954/953 
f 4564/4917/4559 953/953/952 2261/2269/2257 
f 4856/5371/4849 1225/1225/1222 3904/4069/3899 
f 3904/4069/3899 4857/5372/4850 4856/5371/4849 
f 2292/2300/2288 392/392/392 2784/2816/2780 
f 2292/2300/2288 393/393/393 392/392/392 
f 2638/2657/2634 1220/1220/1217 293/293/293 
f 1220/1220/1217 2638/2657/2634 1221/1221/1218 
f 1169/1169/1166 440/440/440 2022/2024/2019 
f 2022/2024/2019 440/440/440 2023/2025/2020 
f 4449/4760/4444 3887/5266/3882 4447/4758/4442 
f 3887/4041/3882 1726/1726/1723 4447/5087/4442 
f 4492/4821/4487 3090/3144/3086 3170/3232/3166 
f 3493/3582/3489 4492/4821/4487 3170/3232/3166 
f 4180/4401/4175 1171/1171/1168 3355/3434/3351 
f 4180/4401/4175 3355/3434/3351 4191/5565/4186 
f 2523/2540/2519 3877/4393/3872 3382/3464/3378 
f 3877/4393/3872 4372/4653/4367 3382/3464/3378 
f 257/257/257 256/256/256 2719/2745/2715 
f 4807/5286/4800 2719/2745/2715 256/256/256 
f 3545/3643/3540 2867/2907/2863 4623/5608/4618 
f 4623/5608/4618 2870/2910/2866 3545/3643/3540 
f 1468/1468/1465 4522/4859/4517 4850/5362/4843 
f 1468/1468/1465 4850/5362/4843 4523/4860/4518 
f 5/5/5 4/4/4 1462/1462/1459 
f 5/5/5 1462/1462/1459 4131/4341/4126 
f 4581/5721/4576 4580/5701/4575 4789/5258/4783 
f 3354/5598/3350 4581/5721/4576 4789/5258/4783 
f 4956/5554/4949 4659/5056/4654 2797/2832/2793 
f 4659/5056/4654 4956/5554/4949 3703/3819/3698 
f 1406/4787/1403 4841/5577/4834 3399/3483/3395 
f 3402/3486/3398 4841/5344/4834 1406/1406/1403 
f 3818/3951/3813 4240/4484/4235 2028/2030/2025 
f 2031/2033/2028 3818/3951/3813 2028/2030/2025 
f 3681/3797/3676 4179/4400/4174 3684/3800/3679 
f 3684/3800/3679 2093/2095/2090 3681/3797/3676 
f 2349/2360/2345 3807/3940/3802 4692/5103/4687 
f 2349/2360/2345 4692/5103/4687 248/248/248 
f 2496/5234/2492 4283/5236/4278 4775/5235/4769 
f 2498/2515/2494 4283/4540/4278 2496/2513/2492 
f 3870/4023/3865 3869/4022/3864 3867/4019/3862 
f 2115/2117/2112 3870/4023/3865 3867/4019/3862 
f 4561/4914/4556 2721/2747/2717 2722/2749/2718 
f 4857/5372/4850 2721/2747/2717 4561/4914/4556 
f 3598/3703/3593 3597/3702/3592 2635/2654/2631 
f 2646/2666/2642 3598/4685/3593 2635/2667/2631 
f 2456/2472/2452 2455/2471/2451 797/797/797 
f 2455/2471/2451 2457/2473/2453 797/797/797 
f 1917/1917/1914 4034/4222/4029 117/117/117 
f 2478/2494/2474 4034/4222/4029 1917/1917/1914 
f 4916/5478/4909 2374/2389/2370 794/794/794 
f 4686/5095/4681 2374/2389/2370 4916/5478/4909 
f 2294/2302/2290 52/52/52 1075/1075/1073 
f 2783/2815/2779 52/52/52 2294/2302/2290 
f 1380/1380/1377 3591/3696/3586 1408/1408/1405 
f 1408/1408/1405 3591/3696/3586 3402/3486/3398 
f 582/582/582 389/389/389 1527/1527/1524 
f 389/389/389 582/582/582 136/136/136 
f 2297/2305/2293 1093/1093/1091 3847/3994/3842 
f 2297/2305/2293 2296/2304/2292 1093/1093/1091 
f 1680/1680/1677 1683/1683/1680 2786/2820/2782 
f 1683/1683/1680 1680/1680/1677 140/140/140 
f 1026/1026/1025 4993/5659/4985 3655/3766/3650 
f 4993/5659/4985 3203/3269/3199 3655/3766/3650 
f 163/163/163 714/714/714 4975/5602/4968 
f 714/714/714 4752/5202/4746 4975/5602/4968 
f 199/199/199 4957/5561/4950 2989/3035/2985 
f 2987/3033/2983 4957/5561/4950 199/199/199 
f 3975/4154/3970 123/123/123 1591/1591/1588 
f 3975/4154/3970 945/945/944 123/123/123 
f 3695/3811/3690 2141/2143/2137 2371/2384/2367 
f 3695/3811/3690 583/583/583 2141/2143/2137 
f 4854/5369/4847 1224/1224/1221 2005/2005/2002 
f 3718/3838/3713 4854/5369/4847 2005/2005/2002 
f 4794/5270/4788 2727/2754/2723 1758/1758/1755 
f 2727/2754/2723 1759/1759/1756 1758/1758/1755 
f 4559/5640/4554 3669/3782/3664 2733/2760/2729 
f 4559/5640/4554 2733/2760/2729 2732/2759/2728 
f 524/524/524 3918/4084/3913 4590/4957/4585 
f 4590/4957/4585 525/525/525 524/524/524 
f 3502/3594/3497 3501/3593/3496 4958/5562/4951 
f 4958/5562/4951 1654/1654/1651 3502/3594/3497 
f 3838/3976/3833 1457/1457/1454 64/64/64 
f 65/65/65 64/64/64 1457/1457/1454 
f 4943/5525/4936 3988/4167/3983 617/617/617 
f 617/617/617 3988/4167/3983 2177/2181/2173 
f 1024/1024/1023 3719/3839/3714 1792/1792/1789 
f 3719/3839/3714 1024/1024/1023 4451/4762/4446 
f 2710/2733/2706 4894/5433/4887 856/856/856 
f 4894/5433/4887 857/857/857 856/856/856 
f 4060/4254/4055 2975/4994/2971 3215/3281/3211 
f 2974/5722/2970 3215/3281/3211 2975/4994/2971 
f 2193/2199/2189 448/448/448 1104/1104/1102 
f 2193/2199/2189 1104/1104/1102 1108/1108/1106 
f 2413/2428/2409 1456/1456/1453 1455/1455/1452 
f 4021/4207/4016 1456/1456/1453 2413/2428/2409 
f 3862/4014/3857 3860/4012/3855 2817/2855/2813 
f 3379/3460/3375 3860/4012/3855 3862/4014/3857 
f 2769/2799/2765 1716/1716/1713 259/259/259 
f 259/259/259 1716/1716/1713 258/258/258 
f 3908/4073/3903 2679/2702/2675 4846/5723/4839 
f 3909/4074/3904 3908/4073/3903 4846/5723/4839 
f 338/338/338 1218/1218/1215 2578/2595/2574 
f 338/338/338 2578/2595/2574 2577/2594/2573 
f 4165/4379/4160 885/885/885 3338/4380/3334 
f 4165/4379/4160 886/886/886 885/885/885 
f 568/568/568 567/567/567 4924/5491/4917 
f 568/568/568 4924/5491/4917 4925/5492/4918 
f 206/206/206 4468/4786/4463 2360/2371/2356 
f 206/206/206 205/205/205 4468/4786/4463 
f 4688/5097/4683 167/167/167 403/403/403 
f 167/167/167 4688/5097/4683 838/838/838 
f 666/666/666 4087/4287/4082 1994/1994/1991 
f 1994/3981/1991 4087/5120/4082 3839/3983/3834 
f 640/640/640 4353/4632/4348 3882/4036/3877 
f 4352/4630/4347 4353/4632/4348 640/640/640 
f 4123/4330/4118 149/149/149 4124/4331/4119 
f 4124/4331/4119 4121/4328/4116 4123/4330/4118 
f 3858/4009/3853 4565/4918/4560 2544/4010/2540 
f 2544/4010/2540 4565/4918/4560 3217/4115/3213 
f 179/179/179 3769/3895/3764 4485/4811/4480 
f 178/178/178 3769/3895/3764 179/179/179 
f 1112/1112/1110 4516/4848/4511 3612/3718/3607 
f 3610/3716/3605 3612/3718/3607 4516/4848/4511 
f 2638/2657/2634 2640/2659/2636 2639/2658/2635 
f 2639/2658/2635 2640/2659/2636 3720/3840/3715 
f 2509/5724/2505 999/999/998 998/998/997 
f 999/999/998 2509/5724/2505 4979/5708/4972 
f 3186/5725/3182 2334/2344/2330 2336/2346/2332 
f 3186/5725/3182 2336/2346/2332 3187/5683/3183 
f 2891/2933/2887 1976/1976/1973 2498/2515/2494 
f 1595/1595/1592 1976/1976/1973 2891/2933/2887 
f 3059/3111/3055 4676/5076/4671 2902/5077/2898 
f 3059/4417/3055 2902/2944/2898 3743/3865/3738 
f 3247/3318/3243 4638/5024/4633 4637/5023/4632 
f 2569/2586/2565 4638/5500/4633 3247/4610/3243 
f 3037/3089/3033 3035/3087/3031 1454/1454/1451 
f 3037/3089/3033 3036/3088/3032 3035/3087/3031 
f 146/146/146 245/245/245 1519/1519/1516 
f 245/245/245 1518/1518/1515 1519/1519/1516 
f 815/815/815 537/537/537 138/138/138 
f 138/138/138 537/537/537 139/139/139 
f 3054/5420/3050 4859/5726/4852 3052/4518/3048 
f 2491/2508/2487 3052/3104/3048 4859/5374/4852 
f 2199/2205/2195 3055/3107/3051 4326/4596/4321 
f 3055/3107/3051 2199/2205/2195 2198/2204/2194 
f 644/644/644 17/17/17 1449/1449/1446 
f 17/17/17 1450/1450/1447 1449/1449/1446 
f 2825/2863/2821 2459/2475/2455 2826/2864/2822 
f 2459/2475/2455 1516/1516/1513 2826/2864/2822 
f 1202/1202/1199 541/541/541 1200/1200/1197 
f 541/541/541 2187/2193/2183 1200/1200/1197 
f 1372/1372/1369 1970/1970/1967 1969/1969/1966 
f 1372/1372/1369 1969/1969/1966 1806/4594/1803 
f 4870/5391/4863 1892/1892/1889 1894/1894/1891 
f 4870/5391/4863 2976/3021/2972 1892/1892/1889 
f 1037/1037/1036 1516/1516/1513 1036/1036/1035 
f 1038/1038/1037 1036/1036/1035 1516/1516/1513 
f 2657/3519/2653 3435/3521/3431 3636/5727/3631 
f 3435/3521/3431 2580/2599/2576 3636/5727/3631 
f 1577/1577/1574 3316/3391/3312 835/835/835 
f 835/835/835 837/837/837 1577/1577/1574 
f 4445/4756/4440 1966/1966/1963 1747/1747/1744 
f 4861/5376/4854 4445/4756/4440 1747/1747/1744 
f 4589/4955/4584 1733/1733/1730 1735/1735/1732 
f 4589/4955/4584 950/950/949 1733/1733/1730 
f 491/491/491 48/48/48 2235/2243/2231 
f 48/48/48 491/491/491 46/46/46 
f 4160/4373/4155 614/614/614 613/613/613 
f 4160/4373/4155 3213/3279/3209 614/614/614 
f 2433/2448/2429 4284/4543/4279 2337/2347/2333 
f 2338/2348/2334 2337/2347/2333 4284/4543/4279 
f 4576/4934/4571 4945/5527/4938 3755/3879/3750 
f 4576/4934/4571 3756/3880/3751 4945/5527/4938 
f 2991/3037/2987 2990/3036/2986 1167/1167/1164 
f 1167/1167/1164 2990/3036/2986 1123/1123/1121 
f 3763/3889/3758 726/726/726 10/10/10 
f 10/10/10 726/726/726 11/11/11 
f 3456/3542/3452 1068/1068/1066 4380/4662/4375 
f 3456/3542/3452 4380/4662/4375 3241/3310/3237 
f 2974/5722/2970 1305/1305/1302 1896/1896/1893 
f 3215/3281/3211 2974/5722/2970 1896/1896/1893 
f 4413/4711/4408 995/995/994 1065/1065/1063 
f 4415/4713/4410 995/995/994 4413/4711/4408 
f 4592/4959/4587 4699/5119/4694 3108/3166/3104 
f 3108/3166/3104 4699/5119/4694 3319/4820/3315 
f 1662/1662/1659 2660/2683/2656 3855/4005/3850 
f 3855/4005/3850 883/883/883 1662/1662/1659 
f 2167/3206/2163 3483/3570/3479 3482/3569/3478 
f 3483/3570/3479 2167/3206/2163 1359/1359/1356 
f 2968/3013/2964 1242/1242/1239 1241/1241/1238 
f 1682/1682/1679 2968/3013/2964 1241/1241/1238 
f 2608/4516/2604 4851/5532/4844 2002/2002/1999 
f 2608/2627/2604 2607/2626/2603 4851/5364/4844 
f 3082/3135/3078 2889/2931/2885 4204/4434/4199 
f 4203/4433/4198 4204/4434/4199 2889/2931/2885 
f 4904/5462/4897 4275/4530/4270 2383/2398/2379 
f 4904/5462/4897 2383/2398/2379 2387/2402/2383 
f 4919/5487/4912 1531/1531/1528 2285/4362/2281 
f 2285/2293/2281 4920/5482/4913 4919/5481/4912 
f 1660/1660/1657 219/219/219 3027/3076/3023 
f 3603/3708/3598 3027/3076/3023 219/219/219 
f 3389/3471/3385 3921/4087/3916 3388/3470/3384 
f 3389/3471/3385 251/251/251 3921/4087/3916 
f 4347/4625/4342 807/807/807 3180/3242/3176 
f 807/807/807 4347/4625/4342 3206/3272/3202 
f 3254/3325/3250 2420/2435/2416 2674/2697/2670 
f 2419/2434/2415 2674/2697/2670 2420/2435/2416 
f 3259/4672/3255 1099/1099/1097 4876/5400/4869 
f 2147/2149/2143 4876/5400/4869 1099/1099/1097 
f 4303/4566/4298 1233/1233/1230 2642/2661/2638 
f 4303/4566/4298 3380/3461/3376 1233/1233/1230 
f 2981/3026/2977 4976/5604/4969 227/227/227 
f 1861/3027/1858 4976/5604/4969 2981/3026/2977 
f 4803/5280/4796 877/877/877 83/83/83 
f 377/377/377 4803/5280/4796 83/83/83 
f 3748/3870/3743 3750/3872/3745 2467/5018/2463 
f 2467/5018/2463 2426/2441/2422 3748/3870/3743 
f 1513/1513/1510 2827/2865/2823 1515/1515/1512 
f 2825/2863/2821 1515/1515/1512 2827/2865/2823 
f 4728/5173/4723 478/478/478 68/68/68 
f 478/478/478 4728/5173/4723 4729/5174/4724 
f 1064/1064/1062 3401/3485/3397 4680/5081/4675 
f 3400/3484/3396 4680/5081/4675 3401/3485/3397 
f 1623/1623/1620 2624/2643/2620 3635/3742/3630 
f 933/933/932 3635/3742/3630 2624/2643/2620 
f 1719/1719/1716 202/202/202 4139/4349/4134 
f 202/202/202 1719/1719/1716 203/203/203 
f 1870/3050/1867 4255/4504/4250 3003/3051/2999 
f 4255/4504/4250 543/543/543 3003/3051/2999 
f 1189/1189/1186 136/136/136 135/135/135 
f 1954/1954/1951 136/136/136 1189/1189/1186 
f 4410/4707/4405 2458/2474/2454 3573/5217/3568 
f 3752/3874/3747 2458/2474/2454 4410/4707/4405 
f 1903/1903/1900 436/436/436 1905/1905/1902 
f 1905/1905/1902 1901/1901/1898 1903/1903/1900 
f 3943/5121/3938 4756/5207/4750 4951/5728/4944 
f 3543/3640/3538 4951/5728/4944 4756/5207/4750 
f 4422/4724/4417 4451/4762/4446 1023/1023/1022 
f 4451/4762/4446 1024/1024/1023 1023/1023/1022 
f 1648/1648/1645 1135/1135/1133 1134/1134/1132 
f 1648/1648/1645 1134/1134/1132 2350/2361/2346 
f 1282/1282/1279 171/171/171 3671/3784/3666 
f 3671/3784/3666 171/171/171 173/173/173 
f 3194/3258/3190 4540/4883/4535 3195/3261/3191 
f 4540/4883/4535 3194/3258/3190 2808/2843/2804 
f 4392/4682/4387 2043/2045/2040 211/211/211 
f 2043/2045/2040 4392/4682/4387 4591/4958/4586 
f 4255/4504/4250 1870/3050/1867 4256/4505/4251 
f 1870/1870/1867 1434/1434/1431 4256/5390/4251 
f 1675/1675/1672 4695/5109/4690 368/368/368 
f 2604/3979/2600 4695/5109/4690 1675/1675/1672 
f 752/752/752 3541/3638/3536 4553/4902/4548 
f 4553/4902/4548 4206/4438/4201 752/752/752 
f 4060/4254/4055 3215/3281/3211 1895/1895/1892 
f 1895/1895/1892 308/308/308 4060/4254/4055 
f 602/602/602 4965/5573/4958 4966/5574/4959 
f 602/602/602 273/273/273 4965/5573/4958 
f 3762/3888/3757 1575/1575/1572 2993/3039/2989 
f 526/526/526 1575/1575/1572 3762/3888/3757 
f 4444/4755/4439 293/293/293 4791/5265/4785 
f 4791/5263/4785 293/2312/293 1936/1936/1933 
f 1080/1080/1078 2541/2558/2537 2542/2559/2538 
f 1080/1080/1078 1079/1079/1077 2541/2558/2537 
f 2921/2963/2917 2920/2962/2916 4833/5330/4826 
f 3460/3546/3456 4833/5327/4826 2387/2402/2383 
f 4335/4608/4330 3582/3682/3577 4253/4501/4248 
f 3583/3683/3578 3582/3682/3577 4335/4608/4330 
f 4816/5298/4809 2046/2048/2043 2773/5729/2769 
f 2046/2048/2043 2774/3507/2770 2773/5729/2769 
f 3491/5093/3487 3488/5092/3484 2044/2046/2041 
f 3490/3579/3486 3488/3576/3484 3491/3580/3487 
f 1814/1814/1811 4675/5075/4670 1345/1345/1342 
f 4675/5075/4670 1814/1814/1811 1813/1813/1810 
f 3345/3424/3341 1925/1925/1922 3346/3425/3342 
f 3345/3424/3341 958/958/957 1925/1925/1922 
f 1158/1158/1155 2289/2297/2285 4263/5351/4258 
f 2290/2298/2286 2289/2297/2285 1158/1158/1155 
f 3685/3801/3680 4610/5446/4605 4901/5447/4894 
f 4611/4983/4606 4901/5644/4894 4610/4982/4605 
f 1728/1728/1725 1729/1729/1726 1726/1726/1723 
f 1726/1726/1723 1729/1729/1726 2836/2874/2832 
f 3992/5442/3987 3628/3735/3623 3632/3739/3627 
f 3992/5442/3987 1257/1257/1254 3628/3735/3623 
f 2417/2432/2413 1420/1420/1417 3813/3946/3808 
f 2417/2432/2413 3813/3946/3808 3271/3343/3267 
f 1303/1303/1300 2535/2552/2531 3290/3365/3286 
f 1303/1303/1300 1301/1301/1298 2535/2552/2531 
f 4761/5216/4755 3575/5110/3570 3571/5730/3566 
f 3573/5217/3568 4761/5216/4755 3571/5730/3566 
f 1864/1864/1861 2857/2897/2853 3928/4095/3923 
f 1865/1865/1862 3928/4095/3923 2857/2897/2853 
f 4985/5625/4977 1052/1052/1050 1646/1646/1643 
f 1051/1051/1049 1646/1646/1643 1052/1052/1050 
f 2333/3300/2329 930/930/929 3708/3826/3703 
f 3708/3826/3703 4818/5302/4811 2333/3300/2329 
f 4450/5086/4445 2836/2874/2832 4902/5449/4895 
f 4902/5449/4895 2836/2874/2832 4520/4857/4515 
f 367/367/367 369/369/369 4266/4515/4261 
f 367/367/367 4266/4515/4261 1675/1675/1672 
f 2306/2316/2302 1860/1860/1857 4587/4951/4582 
f 1859/1859/1856 4587/4951/4582 1860/1860/1857 
f 2668/2691/2664 1388/1388/1385 4969/5585/4962 
f 2664/2687/2660 4969/5585/4962 1388/1388/1385 
f 351/351/351 4767/5225/4761 2224/2232/2220 
f 349/349/349 351/351/351 2224/2232/2220 
f 3540/3635/3535 4554/4903/4549 2034/2036/2031 
f 4554/4903/4549 3540/3635/3535 4206/4438/4201 
f 3026/3075/3022 3933/5731/3928 3069/3122/3065 
f 3028/3077/3024 3933/5731/3928 3026/3075/3022 
f 760/760/760 762/762/762 2753/2780/2749 
f 3629/3736/3624 760/760/760 2753/2780/2749 
f 14/14/14 4367/4647/4362 4102/4303/4097 
f 4367/4647/4362 14/14/14 4368/4648/4363 
f 1966/1966/1963 2746/2773/2742 967/967/966 
f 967/967/966 2746/2773/2742 968/968/967 
f 3879/4033/3874 4806/5283/4799 3878/4031/3873 
f 3881/4035/3876 4806/5283/4799 3879/4033/3874 
f 4914/5475/4907 837/837/837 836/836/836 
f 4914/5475/4907 255/255/255 837/837/837 
f 3742/3864/3737 3744/3866/3739 4713/5144/4708 
f 2947/2991/2943 3744/3866/3739 3742/3864/3737 
f 1381/1381/1378 4946/5528/4939 3942/4110/3937 
f 4946/5528/4939 1381/1381/1378 1407/1407/1404 
f 3303/3378/3299 2162/2164/2158 4574/4930/4569 
f 3303/3378/3299 3302/3377/3298 2162/2164/2158 
f 1714/1714/1711 3281/3353/3277 4050/4243/4045 
f 1822/1822/1819 1714/1714/1711 4050/4243/4045 
f 2620/2639/2616 4398/4690/4393 2623/2642/2619 
f 2622/2641/2618 2620/2639/2616 2623/2642/2619 
f 3599/3704/3594 3851/3999/3846 3850/3998/3845 
f 3850/3998/3845 180/180/180 3599/3704/3594 
f 2698/2721/2694 4895/5436/4888 4134/4344/4129 
f 401/401/401 4134/4344/4129 4895/5436/4888 
f 3086/3139/3082 4939/5518/4932 4514/4845/4509 
f 4939/5518/4932 3086/3139/3082 3087/3140/3083 
f 29/29/29 2872/2912/2868 4827/5316/4820 
f 4827/5316/4820 2872/2912/2868 3487/3575/3483 
f 1633/1633/1630 1629/1629/1626 2379/2394/2375 
f 2379/2394/2375 1631/1631/1628 1633/1633/1630 
f 1676/1676/1673 1678/1678/1675 4879/5404/4872 
f 697/3788/697 4879/5404/4872 1678/1678/1675 
f 1079/1079/1077 1081/1081/1079 4997/5669/4989 
f 2003/2003/2000 1079/1079/1077 4997/5669/4989 
f 2047/2049/2044 1163/1163/1160 555/555/555 
f 1163/1163/1160 22/22/22 555/555/555 
f 3972/4150/3967 1769/5732/1766 2226/2234/2222 
f 1769/5732/1766 1768/5638/1765 2226/2234/2222 
f 961/961/960 1308/1308/1305 261/261/261 
f 261/261/261 959/959/958 961/961/960 
f 1098/1098/1096 3768/4675/3763 2146/2148/2142 
f 2146/2148/2142 3768/4675/3763 4388/4674/4383 
f 2187/2193/2183 3000/3046/2996 2185/2191/2181 
f 2999/3045/2995 2185/2191/2181 3000/3046/2996 
f 4530/5614/4525 2341/5733/2337 3788/3919/3783 
f 2341/5733/2337 2340/3920/2336 3788/3919/3783 
f 61/61/61 3417/3501/3413 1972/1972/1969 
f 3417/3501/3413 3418/3502/3414 1972/1972/1969 
f 972/972/971 1965/1965/1962 973/973/972 
f 1965/1965/1962 972/972/971 3842/3987/3837 
f 3391/3475/3387 2354/2365/2350 4983/5622/4975 
f 3391/3475/3387 4983/5622/4975 1881/1881/1878 
f 1097/1097/1095 3726/3846/3721 1632/1632/1629 
f 3726/3846/3721 1633/1633/1630 1632/1632/1629 
f 934/934/933 4285/4545/4280 932/932/931 
f 2059/2061/2056 932/932/931 4285/4545/4280 
f 516/516/516 518/518/518 4365/4645/4360 
f 4365/4645/4360 518/518/518 4366/4646/4361 
f 1264/1264/1261 77/77/77 2050/2052/2047 
f 1264/1264/1261 1266/1266/1263 77/77/77 
f 2191/2197/2187 4099/4300/4094 449/449/449 
f 4099/4300/4094 3936/4104/3931 449/449/449 
f 4328/4598/4323 180/180/180 4327/4597/4322 
f 3092/3146/3088 4328/4598/4323 4327/4597/4322 
f 4517/4851/4512 2454/2470/2450 1558/1558/1555 
f 82/82/82 1558/1558/1555 2454/2470/2450 
f 656/656/656 2546/2563/2542 2206/2212/2202 
f 656/656/656 657/657/657 2546/2563/2542 
f 1047/1047/1045 3024/3073/3020 221/221/221 
f 3024/3073/3020 3023/3072/3019 221/221/221 
f 4766/5224/4760 4119/4326/4114 1587/1587/1584 
f 4119/4326/4114 4766/5224/4760 2249/2257/2245 
f 4171/4387/4166 2150/2152/2146 4173/4389/4168 
f 1014/1014/1013 4171/4387/4166 4173/4389/4168 
f 4061/4255/4056 1588/1588/1585 2247/2255/2243 
f 1588/1588/1585 4061/4255/4056 4777/5430/4771 
f 1539/1539/1536 3386/3468/3382 4845/5354/4838 
f 4685/5094/4680 4845/5355/4838 3386/4000/3382 
f 3351/3430/3347 1463/1463/1460 522/522/522 
f 4/4/4 522/522/522 1463/1463/1460 
f 4602/4971/4597 2812/5734/2808 2174/2178/2170 
f 4602/4971/4597 1849/2175/1846 2812/5734/2808 
f 782/782/782 3373/3452/3369 1331/1331/1328 
f 3373/3452/3369 1332/1332/1329 1331/1331/1328 
f 1630/1630/1627 2680/2703/2676 4989/5645/4981 
f 2680/2703/2676 3910/4075/3905 4989/5645/4981 
f 3267/3339/3263 3923/4089/3918 3268/3340/3264 
f 1477/1477/1474 3268/3340/3264 3923/4089/3918 
f 4221/4456/4216 3229/3295/3225 3228/3294/3224 
f 4221/4456/4216 3228/3294/3224 2181/2185/2177 
f 2657/2680/2653 3637/3744/3632 1015/1015/1014 
f 4579/4937/4574 1015/1015/1014 3637/3744/3632 
f 3844/3991/3839 39/39/39 4434/4739/4429 
f 4434/4739/4429 39/39/39 330/330/330 
f 3084/3137/3080 3935/4103/3930 4544/5310/4539 
f 4544/4889/4539 1106/1106/1104 3084/4137/3080 
f 4193/5409/4188 3699/3815/3694 2357/2368/2353 
f 4193/4421/4188 2357/3084/2353 2859/2899/2855 
f 4298/4561/4293 4300/4563/4295 4370/4650/4365 
f 4299/4562/4294 4300/4563/4295 4298/4561/4293 
f 2278/2286/2274 855/855/855 4529/4869/4524 
f 4529/4869/4524 855/855/855 2342/2352/2338 
f 470/470/470 1842/1842/1839 3783/3911/3778 
f 3783/3911/3778 1842/1842/1839 4342/5557/4337 
f 4101/4302/4096 4102/4303/4097 4367/4647/4362 
f 4102/4303/4097 4101/4302/4096 1946/2011/1943 
f 1937/1937/1934 810/810/810 2298/2306/2294 
f 810/810/810 809/809/809 2298/2306/2294 
f 1076/1076/1074 4291/4553/4286 28/28/28 
f 4291/4553/4286 1076/1076/1074 1795/1795/1792 
f 3057/3109/3053 4051/4244/4046 1956/1956/1953 
f 4051/4244/4046 3057/3109/3053 4722/5161/4717 
f 1781/1781/1778 1259/1259/1256 1258/1258/1255 
f 4260/5162/4255 1781/1781/1778 1258/1258/1255 
f 1656/1656/1653 1520/1520/1517 1522/1522/1519 
f 246/246/246 1656/1656/1653 1522/1522/1519 
f 2871/2911/2867 4725/5170/4720 512/512/512 
f 4725/5170/4720 2871/2911/2867 3089/5169/3085 
f 2035/2037/2032 4273/4800/4268 2629/2648/2625 
f 2034/2036/2031 4273/4800/4268 2035/2037/2032 
f 1041/1041/1040 69/69/69 68/68/68 
f 69/69/69 1041/1041/1040 67/67/67 
f 4133/4343/4128 2434/2449/2430 2139/2141/2135 
f 4133/4343/4128 4132/4342/4127 2434/2449/2430 
f 2781/2813/2777 2782/2814/2778 1214/1214/1211 
f 1214/1214/1211 2782/2814/2778 2129/2131/2126 
f 4143/5735/4138 3530/3624/3525 3533/3627/3528 
f 3530/3624/3525 4143/5735/4138 1559/4126/1556 
f 1942/1942/1939 4954/5550/4947 1940/1940/1937 
f 1940/1940/1937 4954/5550/4947 4294/4557/4289 
f 4226/4463/4221 983/983/982 4225/4462/4220 
f 4225/4462/4220 983/983/982 2389/2404/2385 
f 4387/4673/4382 3259/4672/3255 3261/5736/3257 
f 3261/5736/3257 3887/5266/3882 4387/4673/4382 
f 3513/5572/3508 4525/4863/4520 1597/1597/1594 
f 4525/4863/4520 3513/5572/3508 4526/4864/4521 
f 3445/5618/3441 4070/4267/4065 4682/5084/4677 
f 1616/1616/1613 4682/5084/4677 4070/4267/4065 
f 4892/5429/4885 1721/1721/1718 1950/1950/1947 
f 4892/5429/4885 1950/1950/1947 565/565/565 
f 1298/1298/1295 735/735/735 1299/1299/1296 
f 4090/4290/4085 1299/1299/1296 735/735/735 
f 665/665/665 3088/3141/3084 511/511/511 
f 511/511/511 663/663/663 665/665/665 
f 2559/2576/2555 156/156/156 4648/5039/4643 
f 4648/5039/4643 4248/4493/4243 2559/2576/2555 
f 3912/4077/3907 1039/1039/1038 3330/3407/3326 
f 3912/4077/3907 3330/3407/3326 3332/3409/3328 
f 236/236/236 1671/1671/1668 570/570/570 
f 236/236/236 570/570/570 234/234/234 
f 350/350/350 1193/1193/1190 2766/2796/2762 
f 2503/2520/2499 350/350/350 2766/2796/2762 
f 4792/5268/4786 3662/5594/3657 985/5737/984 
f 3615/3721/3610 3662/5594/3657 4792/5268/4786 
f 4106/4308/4101 2723/2750/2719 4641/5027/4636 
f 4641/5027/4636 2723/2750/2719 1844/1844/1841 
f 4711/5213/4706 1031/1031/1030 3865/4017/3860 
f 4711/5213/4706 3118/4436/3114 1031/1031/1030 
f 1382/1382/1379 2797/2832/2793 4573/4928/4568 
f 4573/4928/4568 3804/3937/3799 1382/1382/1379 
f 2643/2662/2639 851/851/851 850/850/850 
f 848/848/848 2643/2662/2639 850/850/850 
f 1276/1276/1273 1275/1275/1272 3820/3953/3815 
f 3820/3953/3815 3819/3952/3814 1276/1276/1273 
f 361/361/361 2645/2664/2641 362/362/362 
f 2645/2664/2641 361/361/361 2020/2022/2017 
f 3568/3668/3563 3567/3667/3562 2218/2226/2214 
f 2219/2227/2215 3568/3668/3563 2218/2226/2214 
f 581/581/581 4494/4823/4489 3614/3720/3609 
f 3615/3721/3610 3614/3720/3609 4494/4823/4489 
f 549/549/549 551/551/551 1265/1265/1262 
f 1265/1265/1262 555/555/555 549/549/549 
f 20/20/20 600/600/600 2245/2253/2241 
f 20/20/20 215/215/215 600/600/600 
f 4822/5307/4815 966/966/965 4823/5308/4816 
f 4823/5308/4816 966/966/965 346/346/346 
f 2862/5679/2858 3857/4007/3852 3856/4006/3851 
f 3481/3568/3477 2862/5679/2858 3856/4006/3851 
f 3304/3379/3300 4419/4717/4414 1723/1723/1720 
f 3304/3379/3300 3306/4718/3302 4419/4717/4414 
f 3020/3069/3016 1499/1499/1496 3021/3070/3017 
f 458/458/458 1499/1499/1496 3020/3069/3016 
f 2115/2117/2112 4928/5496/4921 1118/1118/1116 
f 4928/5496/4921 3866/4018/3861 1118/1118/1116 
f 4651/5738/4646 4652/5515/4647 4885/5416/4878 
f 4630/5415/4625 4651/5738/4646 4885/5416/4878 
f 14/14/14 13/13/13 861/861/861 
f 13/13/13 862/862/862 861/861/861 
f 1794/1794/1791 1799/1799/1796 4291/4553/4286 
f 1799/1799/1796 1794/1794/1791 1797/1797/1794 
f 1323/1323/1320 1325/1325/1322 322/322/322 
f 322/322/322 1325/1325/1322 2382/2397/2378 
f 626/626/626 628/628/628 4735/5183/4729 
f 4735/5183/4729 628/628/628 2811/2847/2807 
f 3439/3525/3435 4215/4447/4210 1055/1055/1053 
f 2079/2081/2076 1055/1055/1053 4215/4447/4210 
f 628/628/628 3575/3675/3570 1366/2846/1363 
f 1366/1366/1363 3575/5110/3570 1367/1367/1364 
f 4148/4359/4143 2850/2890/2846 618/618/618 
f 620/620/620 4148/4359/4143 618/618/618 
f 1497/1497/1494 2580/4956/2576 3638/3745/3633 
f 1498/1498/1495 1497/1497/1494 3638/3745/3633 
f 1931/1931/1928 4539/4882/4534 3191/3254/3187 
f 1931/1931/1928 1930/1930/1927 4539/4882/4534 
f 774/774/774 2510/2527/2506 3817/3950/3812 
f 773/773/773 2510/2527/2506 774/774/774 
f 1185/1185/1182 4866/5382/4859 4421/4721/4416 
f 4866/5382/4859 2001/2001/1998 4421/4721/4416 
f 3197/3263/3193 3199/3265/3195 4293/4556/4288 
f 3377/4554/3373 3197/3263/3193 4293/4556/4288 
f 2898/2940/2894 2901/2943/2897 4948/5535/4941 
f 2898/2940/2894 4948/5535/4941 2899/2941/2895 
f 2729/2756/2725 4708/5137/4703 3679/3795/3674 
f 3679/3795/3674 3677/3793/3672 2729/2756/2725 
f 3064/3117/3060 4772/5231/4766 3066/3119/3062 
f 3064/3117/3060 2588/3116/2584 4772/5231/4766 
f 2606/2625/2602 184/184/184 3845/3992/3840 
f 1672/1672/1669 2606/2625/2602 3845/3992/3840 
f 768/768/768 1081/1081/1079 366/366/366 
f 767/767/767 1081/1081/1079 768/768/768 
f 1793/1793/1790 3619/3725/3614 1791/1791/1788 
f 3619/3725/3614 1793/1793/1790 1792/1792/1789 
f 3124/3182/3120 4295/4558/4290 4107/4309/4102 
f 3124/3182/3120 4628/5010/4623 4295/4558/4290 
f 4744/5193/4738 2462/2478/2458 4745/5194/4739 
f 2462/2478/2458 4744/5193/4738 2463/2479/2459 
f 2662/2685/2658 486/486/486 2663/2686/2659 
f 2662/2685/2658 1852/1852/1849 486/486/486 
f 1156/1156/1153 4363/4643/4358 4362/4642/4357 
f 929/929/928 1156/1156/1153 4362/4642/4357 
f 3837/3974/3832 3563/3973/3558 4861/5376/4854 
f 3561/3661/3556 4861/5615/4854 3563/3663/3558 
f 4279/4534/4274 2403/2418/2399 4626/5008/4621 
f 4279/4534/4274 4626/5008/4621 4280/4535/4275 
f 3664/3777/3659 2388/2403/2384 2390/2405/2386 
f 4691/5101/4686 2388/2403/2384 3664/3777/3659 
f 1256/1256/1253 1255/1255/1252 4098/4299/4093 
f 3777/3904/3772 4098/4299/4093 1255/1255/1252 
f 2262/2270/2258 952/952/951 419/419/419 
f 2262/2270/2258 953/953/952 952/952/951 
f 4487/4813/4482 3810/3943/3805 4488/5441/4483 
f 3786/3916/3781 4487/5579/4482 4488/4814/4483 
f 1464/1464/1461 1465/1465/1462 3624/3730/3619 
f 3736/3858/3731 1464/1464/1461 3624/3730/3619 
f 4509/4840/4504 2431/5503/2427 2430/5588/2426 
f 2430/5588/2426 4512/4843/4507 4509/4840/4504 
f 4795/5271/4789 1084/1084/1082 1083/1083/1081 
f 1084/1084/1082 4795/5271/4789 1875/2385/1872 
f 3487/3575/3483 1491/1491/1488 4721/5159/4716 
f 3487/3575/3483 1489/1489/1486 1491/1491/1488 
f 1467/1467/1464 1466/1466/1463 2978/3023/2974 
f 2978/3023/2974 1164/1164/1161 1467/1467/1464 
f 2405/2420/2401 4842/5345/4835 3355/3434/3351 
f 4842/5345/4835 2405/2420/2401 1343/1343/1340 
f 4609/4981/4604 1834/1834/1831 2513/2530/2509 
f 4609/4981/4604 4780/5244/4774 1834/1834/1831 
f 1237/1237/1234 37/37/37 2791/2826/2787 
f 38/38/38 37/37/37 1237/1237/1234 
f 3252/3323/3248 4960/5628/4953 3836/3972/3831 
f 3836/3972/3831 4960/5628/4953 4397/5386/4392 
f 4635/5021/4630 323/323/323 928/928/927 
f 4635/5021/4630 4636/5022/4631 323/323/323 
f 1841/1841/1838 2679/5358/2675 4342/5557/4337 
f 4342/4618/4337 2679/2702/2675 4341/4617/4336 
f 2856/2896/2852 4074/4271/4069 4995/5663/4987 
f 951/951/950 4995/5663/4987 4074/4271/4069 
f 2957/3001/2953 4436/4741/4431 3976/4155/3971 
f 3975/4154/3970 2957/3001/2953 3976/4155/3971 
f 1360/1360/1357 3897/4053/3892 3895/4049/3890 
f 1360/1360/1357 4007/4191/4002 3897/4053/3892 
f 2459/2475/2455 4848/5360/4841 1038/1038/1037 
f 1038/1038/1037 4848/5360/4841 3962/4134/3957 
f 3673/3789/3668 4236/4477/4231 4235/4476/4230 
f 4235/5739/4230 4234/4475/4229 3673/5547/3668 
f 4459/4774/4454 4460/4775/4455 1533/1533/1530 
f 4460/4775/4455 3411/3495/3407 1533/1533/1530 
f 3250/3321/3246 3160/3222/3156 1620/1620/1617 
f 3160/3222/3156 3250/3321/3246 642/642/642 
f 2339/2349/2335 2335/2345/2331 956/956/955 
f 1641/1641/1638 956/956/955 2335/2345/2331 
f 1947/1947/1944 2611/2630/2607 4258/4507/4253 
f 1945/1945/1942 1947/1947/1944 4258/4507/4253 
f 1422/1422/1419 4994/5660/4986 646/646/646 
f 4994/5660/4986 18/18/18 646/646/646 
f 2359/2370/2355 2358/2369/2354 4382/4664/4377 
f 4382/4664/4377 4381/4663/4376 2359/2370/2355 
f 792/792/792 2835/2873/2831 790/790/790 
f 792/792/792 2833/2871/2829 2835/2873/2831 
f 3184/3246/3180 942/942/941 2790/2825/2786 
f 3184/3246/3180 2790/2825/2786 944/944/943 
f 4671/5071/4666 4310/4575/4305 3158/3220/3154 
f 4310/4575/4305 4671/5071/4666 364/364/364 
f 484/484/484 3463/3549/3459 1161/1161/1158 
f 484/484/484 483/483/483 3463/3549/3459 
f 802/802/802 3270/3342/3266 3273/4970/3269 
f 3270/3342/3266 802/802/802 804/804/804 
f 3288/3363/3284 3287/3362/3283 4986/5629/4978 
f 1260/1260/1257 4986/5629/4978 3287/3362/3283 
f 2684/2707/2680 4809/5740/4802 2682/2705/2678 
f 4809/5740/4802 2684/2707/2680 3622/4410/3617 
f 3534/3628/3529 283/283/283 736/736/736 
f 736/736/736 4810/5289/4803 3534/3628/3529 
f 2402/2417/2398 3224/3290/3220 2399/2414/2395 
f 3225/3291/3221 3224/3290/3220 2402/2417/2398 
f 698/698/698 3824/5741/3819 4503/4832/4498 
f 3824/5741/3819 3823/3962/3818 4503/4832/4498 
f 1808/1808/1805 269/269/269 271/271/271 
f 1808/1808/1805 3299/3374/3295 269/269/269 
f 4932/5504/4925 2223/2231/2219 2225/2233/2221 
f 2223/2231/2219 4932/5504/4925 2220/2228/2216 
f 2453/2469/2449 2960/3005/2956 2451/2467/2447 
f 2451/2467/2447 2960/3005/2956 2452/2468/2448 
f 4689/5098/4684 1740/5032/1737 3686/5643/3681 
f 3686/3802/3681 1740/1740/1737 2688/2711/2684 
f 4829/5320/4822 1851/1851/1848 1850/1850/1847 
f 1850/2174/1847 1470/1470/1467 4829/5616/4822 
f 1651/1651/1648 4439/5742/4434 1652/1652/1649 
f 3372/5549/3368 1652/1652/1649 4439/5742/4434 
f 1934/1934/1931 1390/1390/1387 4968/5581/4961 
f 4320/4586/4315 1934/1934/1931 4968/5581/4961 
f 254/254/254 4136/4346/4131 252/252/252 
f 4136/4346/4131 254/254/254 964/964/963 
f 205/205/205 4723/5167/4718 4468/4786/4463 
f 4723/5167/4718 205/205/205 4702/5126/4697 
f 4467/4785/4462 2195/2201/2191 76/76/76 
f 2195/2201/2191 4467/4785/4462 2196/2202/2192 
f 2300/2308/2296 1543/1543/1540 57/57/57 
f 3609/3715/3604 2300/2308/2296 57/57/57 
f 4633/5017/4628 4906/5466/4899 4511/4842/4506 
f 4633/5667/4628 4511/5335/4506 2427/2442/2423 
f 2824/2862/2820 2962/3007/2958 4921/5483/4914 
f 2824/2862/2820 4921/5483/4914 3980/4159/3975 
f 4812/5294/4805 469/469/469 198/198/198 
f 200/200/200 4812/5294/4805 198/198/198 
f 846/846/846 3/3/3 2126/2128/2123 
f 2126/2128/2123 3/3/3 2128/2130/2125 
f 4677/5078/4672 4782/5250/4776 4678/5079/4673 
f 4782/5250/4776 4677/5078/4672 4313/4579/4308 
f 1506/1506/1503 2019/2021/2016 2018/2020/2015 
f 2019/2021/2016 1506/1506/1503 2020/2022/2017 
f 2109/2111/2106 2755/2782/2751 1255/1255/1252 
f 2755/2782/2751 2109/2111/2106 3632/5290/3627 
f 2997/3043/2993 4175/4395/4170 2995/3041/2991 
f 2523/2540/2519 2995/3041/2991 4175/4395/4170 
f 2754/2781/2750 4642/5028/4637 2450/2465/2446 
f 2450/2465/2446 2449/2464/2445 2754/2781/2750 
f 1653/1653/1650 3520/3614/3515 3519/3613/3514 
f 3519/3613/3514 4828/5319/4821 1653/1653/1650 
f 1311/1311/1308 4572/4926/4567 353/353/353 
f 1310/1310/1307 4572/4926/4567 1311/1311/1308 
f 4964/5571/4957 1598/1598/1595 4639/5025/4634 
f 4964/5571/4957 4639/5025/4634 3513/3605/3508 
f 1916/1916/1913 2477/2493/2473 2476/2492/2472 
f 1917/1917/1914 1916/1916/1913 2476/2492/2472 
f 3489/3577/3485 4816/5298/4809 2776/5661/2772 
f 3489/3577/3485 1400/1400/1397 4816/5298/4809 
f 2726/2753/2722 1297/1297/1294 2959/3004/2955 
f 2726/2753/2722 1872/1872/1869 1297/1297/1294 
f 454/454/454 1927/1927/1924 260/260/260 
f 454/454/454 1925/1925/1922 1927/1927/1924 
f 2818/2856/2814 870/870/870 3120/3178/3116 
f 3120/3178/3116 870/870/870 4114/4319/4109 
f 1892/1892/1889 2976/3021/2972 4664/5062/4659 
f 2976/3021/2972 1287/1287/1284 4664/5062/4659 
f 868/868/868 168/168/168 4855/5370/4848 
f 868/868/868 4855/5370/4848 3718/3838/3713 
f 4678/5079/4673 3152/3212/3148 3151/3211/3147 
f 4678/5079/4673 4414/4712/4409 3152/3212/3148 
f 3653/3762/3648 4875/5743/4868 3166/3228/3162 
f 2985/5122/2981 3166/3228/3162 4875/5743/4868 
f 4991/5652/4983 2645/2664/2641 2646/2666/2642 
f 4504/4833/4499 4991/5652/4983 2646/2666/2642 
f 3910/4075/3905 3909/4074/3904 3041/3093/3037 
f 3040/3092/3036 3910/4075/3905 3041/3093/3037 
f 2399/2414/2395 3224/3290/3220 4162/4375/4157 
f 4162/4375/4157 2400/2415/2396 2399/2414/2395 
f 933/933/932 4837/5339/4830 934/934/933 
f 933/933/932 2624/2643/2620 4837/5339/4830 
f 4483/4808/4478 3002/5389/2998 2500/2517/2496 
f 1854/1854/1851 3002/5389/2998 4483/4808/4478 
f 3964/4139/3959 1240/1240/1237 1828/1828/1825 
f 1239/1239/1236 1828/1828/1825 1240/1240/1237 
f 4843/5349/4836 1490/1490/1487 2524/2541/2520 
f 2524/2541/2520 2997/5347/2993 4843/5349/4836 
f 1405/1405/1402 1404/1404/1401 3608/3714/3603 
f 1403/1403/1400 1405/1405/1402 3608/3714/3603 
f 2993/3039/2989 723/723/723 1608/1608/1605 
f 1608/1608/1605 3762/3888/3757 2993/3039/2989 
f 3958/5019/3953 3418/3502/3414 4660/5057/4655 
f 3961/4133/3956 3958/4130/3953 4660/5059/4655 
f 3531/3625/3526 4719/5157/4714 1208/1208/1205 
f 3531/3625/3526 1561/4127/1558 4719/5157/4714 
f 4192/4419/4187 4992/5653/4984 1172/1172/1169 
f 4192/4419/4187 3578/3678/3573 4992/5653/4984 
f 3717/4631/3712 639/639/639 2596/3750/2592 
f 3716/3836/3711 3717/3837/3712 2596/2615/2592 
f 370/370/370 4646/5037/4641 2678/2701/2674 
f 4646/5037/4641 370/370/370 372/372/372 
f 1531/1531/1528 4150/4363/4145 2625/2644/2621 
f 4150/4363/4145 2918/2960/2914 2625/2644/2621 
f 1749/1749/1746 3990/4170/3985 1550/1550/1547 
f 3990/4170/3985 2674/3473/2670 1550/1550/1547 
f 4627/5009/4622 3075/3128/3071 4174/5465/4169 
f 4174/4392/4169 3075/3649/3071 4977/5605/4970 
f 4499/5523/4494 4941/5521/4934 2441/2456/2437 
f 4941/5521/4934 4499/5523/4494 3477/3636/3473 
f 2100/2102/2097 4364/4644/4359 3336/3413/3332 
f 2100/2102/2097 4973/5600/4966 4364/4644/4359 
f 3455/3541/3451 1497/1497/1494 1496/1496/1493 
f 1496/1496/1493 1498/1498/1495 3455/3541/3451 
f 1873/2792/1870 4025/4211/4020 4027/4213/4022 
f 1873/1873/1870 2725/2752/2721 4025/5243/4020 
f 417/417/417 4212/4444/4207 4213/4445/4208 
f 4212/5394/4207 417/5395/417 2057/2059/2054 
f 914/914/914 4858/5373/4851 4971/5595/4964 
f 4858/5373/4851 2230/2238/2226 4971/5595/4964 
f 4416/4714/4411 4418/4716/4413 2119/2121/2116 
f 4416/4714/4411 3504/3596/3499 4418/4716/4413 
f 4988/5637/4980 4619/5553/4614 5000/5744/4992 
f 5000/5719/4992 4619/4997/4614 3504/3596/3499 
f 4730/5175/4725 2072/2074/2069 4425/4727/4420 
f 4731/5176/4726 2072/2074/2069 4730/5175/4725 
f 4139/4349/4134 202/202/202 4141/4351/4136 
f 4140/4350/4135 4139/4349/4134 4141/4351/4136 
f 4871/5392/4864 2077/2079/2074 2076/2078/2073 
f 1378/1378/1375 2077/2079/2074 4871/5392/4864 
f 1096/1096/1094 895/895/895 1094/1094/1092 
f 176/176/176 895/895/895 1096/1096/1094 
f 4333/4606/4328 2939/2981/2935 4334/5745/4329 
f 4334/5745/4329 2939/2981/2935 1703/1703/1700 
f 4469/4789/4464 4831/5322/4824 674/674/674 
f 4469/4789/4464 3283/4241/3279 4831/5322/4824 
f 3359/3438/3355 4867/5383/4860 1245/1245/1242 
f 4867/5383/4860 3569/3669/3564 1245/1245/1242 
f 2374/2389/2370 4917/5479/4910 794/794/794 
f 4917/5479/4910 795/795/795 794/794/794 
f 3328/3404/3324 4181/4402/4176 4182/4403/4177 
f 4181/5586/4176 1172/1172/1169 4182/5455/4177 
f 4958/5562/4951 694/694/694 1654/1654/1651 
f 696/696/696 1654/1654/1651 694/694/694 
f 2011/2013/2008 4893/5432/4886 15/15/15 
f 2011/2013/2008 15/15/15 4102/4303/4097 
f 2479/2495/2475 3464/3550/3460 1768/5638/1765 
f 2226/2234/2222 1768/5638/1765 3464/3550/3460 
f 3669/4909/3664 2736/4911/2732 4962/5746/4955 
f 2736/2763/2732 2735/2762/2731 4962/5569/4955 
f 4510/4841/4505 4512/4843/4507 4906/5466/4899 
f 4509/4840/4504 4512/4843/4507 4510/4841/4505 
f 2846/2886/2842 4324/4592/4319 3298/3373/3294 
f 4324/4592/4319 903/903/903 3298/3373/3294 
f 795/795/795 4286/4548/4281 4922/5486/4915 
f 4917/5479/4910 4286/4548/4281 795/795/795 
f 3905/4070/3900 815/815/815 3868/4021/3863 
f 3870/4023/3865 3905/4070/3900 3868/4021/3863 
f 4568/4922/4563 1581/1581/1578 806/806/806 
f 1581/1581/1578 4568/4922/4563 1582/1582/1579 
f 194/194/194 193/193/193 1402/1402/1399 
f 193/193/193 1778/1778/1775 1402/1402/1399 
f 2566/2583/2562 3331/3408/3327 2567/2584/2563 
f 3331/3408/3327 2566/2583/2562 1612/1612/1609 
f 3540/3635/3535 2033/2035/2030 4207/4439/4202 
f 2036/2038/2033 4207/4439/4202 2033/2035/2030 
f 2222/2230/2218 4012/5747/4007 4011/4195/4006 
f 4010/4194/4005 4011/4195/4006 4012/5747/4007 
f 2098/2100/2095 1000/1000/999 4437/4742/4432 
f 1562/1562/1559 2098/2100/2095 4437/4742/4432 
f 112/112/112 2827/2865/2823 1513/1513/1510 
f 1513/1513/1510 34/34/34 112/112/112 
f 4771/5229/4765 688/688/688 687/687/687 
f 4751/5201/4745 4771/5229/4765 687/687/687 
f 2963/3008/2959 2125/2127/2122 2122/2124/2119 
f 2122/2124/2119 2125/2127/2122 1479/1479/1476 
f 4838/5341/4831 4177/4397/4172 4915/5477/4908 
f 4176/5340/4171 4838/5341/4831 4915/5477/4908 
f 3336/3914/3332 4363/5748/4358 4780/5244/4774 
f 4780/5244/4774 4363/5748/4358 3335/4390/3331 
f 740/740/740 3835/3971/3830 2017/2019/2014 
f 740/740/740 2017/2019/2014 161/161/161 
f 3761/3887/3756 1009/1009/1008 4762/5219/4756 
f 1009/1009/1008 1224/1224/1221 4762/5219/4756 
f 3249/3320/3245 1421/1421/1418 4814/5296/4807 
f 4814/5296/4807 642/642/642 3249/3320/3245 
f 1796/1796/1793 2000/2000/1997 4908/5469/4901 
f 4908/5469/4901 2000/2000/1997 3556/3656/3551 
f 4865/5380/4858 3349/3428/3345 3348/3427/3344 
f 3349/3428/3345 4865/5380/4858 4008/4192/4003 
f 3253/3324/3249 3254/3325/3250 4612/4985/4607 
f 4612/4985/4607 1748/1748/1745 3253/3324/3249 
f 1845/1845/1842 4345/4623/4340 1846/1846/1843 
f 1846/1846/1843 4345/4623/4340 4344/4622/4339 
f 2647/2668/2643 4724/5168/4719 3132/3190/3128 
f 3132/3190/3128 2648/2669/2644 2647/2668/2643 
f 94/94/94 1676/1676/1673 700/700/700 
f 88/88/88 94/94/94 700/700/700 
f 985/5737/984 3886/4040/3881 4792/5268/4786 
f 3885/4039/3880 3886/4040/3881 985/5737/984 
f 1698/1698/1695 4236/4477/4231 3673/3789/3668 
f 4236/4477/4231 1698/1698/1695 3675/3791/3670 
f 4479/4802/4474 2964/3009/2960 1127/1127/1125 
f 4479/4802/4474 1127/1127/1125 1129/1129/1127 
f 659/659/659 4562/4915/4557 3459/3545/3455 
f 4562/4915/4557 659/659/659 326/326/326 
f 4852/5366/4845 3004/3052/3000 4406/5367/4401 
f 3971/5365/3966 3004/3052/3000 4852/5366/4845 
f 1599/1599/1596 2882/5656/2878 3865/4017/3860 
f 1599/1599/1596 1601/1601/1598 2882/5656/2878 
f 1560/1560/1557 2256/2264/2252 4149/4360/4144 
f 4149/4360/4144 2256/2264/2252 2255/2263/2251 
f 3240/3308/3236 169/169/169 168/168/168 
f 168/168/168 4209/4569/4204 3240/3308/3236 
f 679/679/679 678/678/678 1553/1553/1550 
f 678/678/678 677/677/677 1553/1553/1550 
f 3944/4112/3939 4996/5666/4988 104/104/104 
f 681/681/681 4996/5666/4988 3944/4112/3939 
f 3204/3270/3200 1321/1321/1318 1320/1320/1317 
f 3205/3271/3201 3204/3270/3200 1320/1320/1317 
f 3892/4046/3887 2438/4057/2434 1738/5031/1735 
f 2437/2452/2433 1738/1738/1735 2438/2453/2434 
f 2989/3035/2985 2988/3034/2984 4330/4602/4325 
f 4330/4602/4325 2988/3034/2984 1571/1571/1568 
f 2919/5179/2915 1928/1928/1925 4103/4304/4098 
f 1929/1929/1926 4103/4304/4098 1928/1928/1925 
f 4956/5554/4949 1960/1960/1957 3703/3819/3698 
f 3057/3109/3053 3703/3819/3698 1960/1960/1957 
f 1890/2818/1887 4029/4216/4024 4981/5613/4974 
f 2293/2301/2289 1890/2818/1887 4981/5613/4974 
f 2761/2788/2757 2760/2787/2756 1997/3982/1994 
f 2761/2788/2757 1997/3982/1994 1996/2789/1993 
f 4323/4591/4318 1651/1651/1648 4828/5319/4821 
f 903/903/903 4323/4591/4318 4828/5319/4821 
f 820/820/820 819/819/819 1290/1290/1287 
f 819/819/819 2977/3022/2973 1290/1290/1287 
f 1671/1671/1668 4653/5046/4648 1669/1669/1666 
f 1670/1670/1667 1669/1669/1666 4653/5046/4648 
f 4355/4634/4350 2667/2690/2663 4354/5749/4349 
f 2364/3420/2360 4355/4634/4350 4354/5749/4349 
f 3211/4748/3207 4440/4749/4435 3209/5750/3205 
f 4440/4749/4435 3347/4900/3343 3209/5750/3205 
f 723/723/723 4058/4251/4053 4199/4429/4194 
f 1607/1607/1604 723/723/723 4199/4429/4194 
f 1882/1882/1879 1884/1884/1881 3872/4025/3867 
f 360/360/360 3872/4025/3867 1884/1884/1881 
f 3247/3318/3243 4913/5474/4906 412/412/412 
f 413/413/413 412/412/412 4913/5474/4906 
f 3595/3700/3590 3596/5751/3591 3594/3699/3589 
f 1936/1936/1933 3596/3701/3591 3595/5264/3590 
f 718/718/718 2648/2669/2644 4998/5670/4990 
f 3353/3432/3349 4998/5670/4990 2648/2669/2644 
f 2652/5664/2648 4080/5489/4075 3381/3462/3377 
f 4872/5393/4865 3381/3462/3377 4080/5489/4075 
f 2190/2196/2186 3528/3622/3523 3656/3767/3651 
f 2189/2195/2185 3528/3622/3523 2190/2196/2186 
f 2334/2344/2330 3641/5752/3636 3639/3746/3634 
f 3639/3746/3634 3641/5752/3636 3096/4691/3092 
f 535/535/535 1955/1955/1952 1687/1687/1684 
f 1689/1689/1686 535/535/535 1687/1687/1684 
f 3566/3666/3561 3565/3665/3560 3485/3573/3481 
f 2164/3572/2160 3566/3666/3561 3485/3573/3481 
f 287/287/287 530/530/530 4417/4715/4412 
f 2118/2120/2115 4417/4715/4412 530/530/530 
f 3922/4088/3917 4622/5004/4617 3388/3470/3384 
f 4622/5004/4617 3387/3469/3383 3388/3470/3384 
f 3449/3535/3445 973/973/972 1964/1964/1961 
f 973/973/972 1965/1965/1962 1964/1964/1961 
f 1941/1941/1938 4963/5570/4956 1942/1942/1939 
f 1941/1941/1938 4217/4450/4212 4963/5570/4956 
f 2428/2443/2424 3779/3906/3774 4987/5634/4979 
f 3779/3906/3774 2426/2441/2422 4987/5634/4979 
f 4484/4810/4479 4005/4809/4000 1547/1547/1544 
f 2266/2274/2262 4005/4187/4000 4484/5448/4479 
f 4100/4301/4095 109/109/109 1542/1542/1539 
f 1542/1542/1539 1544/1544/1541 4100/4301/4095 
f 1429/1429/1426 2208/3002/2204 1430/1430/1427 
f 2208/3002/2204 4984/5753/4976 1430/1430/1427 
f 831/831/831 4500/4829/4495 4231/4470/4226 
f 4500/4829/4495 3290/3365/3286 4231/4470/4226 
f 488/488/488 2603/2622/2599 2602/2621/2598 
f 2603/2622/2599 488/488/488 547/547/547 
f 2250/2258/2246 699/699/699 4480/4803/4475 
f 699/699/699 4502/4831/4497 4480/4803/4475 
f 4936/5511/4929 2332/2342/2328 1829/1829/1826 
f 2332/3299/2328 4936/5510/4929 4267/4517/4262 
f 3332/3409/3328 4575/4933/4570 2567/2584/2563 
f 2567/2676/2563 4575/4931/4570 2655/2677/2651 
f 4700/5123/4695 3655/3766/3650 3620/3765/3615 
f 3620/3765/3615 2677/2700/2673 4700/5123/4695 
f 1534/1534/1531 415/415/415 3723/3843/3718 
f 3284/3357/3280 415/415/415 1534/1534/1531 
f 3793/3926/3788 4750/5200/4744 4749/5199/4743 
f 3392/3476/3388 3793/3926/3788 4749/5199/4743 
f 2941/2985/2937 4774/5233/4768 2943/2987/2939 
f 4774/5233/4768 1977/1977/1974 2943/2987/2939 
f 4506/4837/4501 4/4/4 6/6/6 
f 4506/4837/4501 521/521/521 4/4/4 
f 4683/5088/4678 3031/3081/3027 4381/5089/4376 
f 4381/4663/4376 1879/1879/1876 4683/5541/4678 
f 703/703/703 4104/4306/4099 1323/1323/1320 
f 4104/4306/4099 703/703/703 705/705/705 
f 862/862/862 4796/5272/4790 863/863/863 
f 4796/5272/4790 1711/1711/1708 863/863/863 
f 4693/5104/4688 2201/2207/2197 948/948/947 
f 2201/2207/2197 4545/4890/4540 948/948/947 
f 2984/3030/2980 2982/3028/2978 2985/3031/2981 
f 1121/1121/1119 2982/3028/2978 2984/3030/2980 
f 1772/1772/1769 3013/4454/3009 2258/2266/2254 
f 1773/1773/1770 1772/1772/1769 2258/2266/2254 
f 4790/5260/4784 2101/3913/2098 3785/3915/3780 
f 4790/5260/4784 3785/3915/3780 750/750/750 
f 3432/3517/3428 4824/5754/4817 2659/4502/2655 
f 3432/3517/3428 2657/3519/2653 4824/5754/4817 
f 119/119/119 2930/2972/2926 585/585/585 
f 584/584/584 119/119/119 585/585/585 
f 2140/2142/2136 2142/3585/2138 4260/4509/4255 
f 2144/2146/2140 4260/5162/4255 2142/2144/2138 
f 416/416/416 143/143/143 142/142/142 
f 142/142/142 607/607/607 416/416/416 
f 1204/1204/1201 2777/2809/2773 164/164/164 
f 1203/1203/1200 2777/2809/2773 1204/1204/1201 
f 1637/1637/1634 1636/1636/1633 3097/3152/3093 
f 2334/3248/2330 1637/1637/1634 3097/3152/3093 
f 4256/5390/4251 1434/1434/1431 2500/2517/2496 
f 1434/1434/1431 108/108/108 2500/2517/2496 
f 2307/2317/2303 227/227/227 226/226/226 
f 1164/1164/1161 227/227/227 2307/2317/2303 
f 2127/2129/2124 4508/4839/4503 841/841/841 
f 2128/2130/2125 841/841/841 4508/4839/4503 
f 4584/4943/4579 1302/1302/1299 2531/2548/2527 
f 4584/4943/4579 1300/1300/1297 1302/1302/1299 
f 2358/2369/2354 3699/3815/3694 1063/1063/1061 
f 2468/2484/2464 1063/1063/1061 3699/3815/3694 
f 3457/3543/3453 2477/2493/2473 4385/5755/4380 
f 3457/3543/3453 4385/5755/4380 1920/1920/1917 
f 2636/2655/2632 4577/4935/4572 4578/4936/4573 
f 4578/4936/4573 4577/4935/4572 1557/1557/1554 
f 4918/5480/4911 3139/3197/3135 1878/1878/1875 
f 1589/1589/1586 4918/5480/4911 1878/1878/1875 
f 3296/3371/3292 40/40/40 42/42/42 
f 1109/1109/1107 3296/3371/3292 42/42/42 
f 1191/1191/1188 1788/1788/1785 1790/1790/1787 
f 1191/1191/1188 252/252/252 1788/1788/1785 
f 2856/2896/2852 4307/4571/4302 2853/2893/2849 
f 4307/5309/4302 3897/4053/3892 2853/4052/2849 
f 2796/2831/2792 1414/1414/1411 4130/4339/4125 
f 661/661/661 2796/2831/2792 4130/4339/4125 
f 4931/5501/4924 2527/2544/2523 3627/3734/3622 
f 2530/2547/2526 4931/5501/4924 3627/3734/3622 
f 3047/5305/3043 4953/5756/4946 4820/5304/4813 
f 4953/5756/4946 4888/5544/4881 4820/5304/4813 
f 2217/2224/2213 4454/4770/4449 1438/2225/1435 
f 4455/4769/4450 1438/1438/1435 4454/4767/4449 
f 3941/4109/3936 2087/2089/2084 2089/2091/2086 
f 3941/4109/3936 3930/4097/3925 2087/2089/2084 
f 1482/1482/1479 2094/2096/2091 4359/4638/4354 
f 1484/1484/1481 2094/2096/2091 1482/1482/1479 
f 3286/3359/3282 143/143/143 2151/2153/2147 
f 141/141/141 143/143/143 3286/3359/3282 
f 503/503/503 2518/2535/2514 3379/3460/3375 
f 503/503/503 3379/3460/3375 3862/4014/3857 
f 4093/4293/4088 4094/5757/4089 4092/4292/4087 
f 4094/5757/4089 4461/5636/4456 4092/4292/4087 
f 2744/2771/2740 1074/1074/1072 1073/1073/1071 
f 2744/2771/2740 1072/1072/1070 1074/1074/1072 
f 4106/4308/4101 4640/5026/4635 4105/4307/4100 
f 373/373/373 4105/4307/4100 4640/5026/4635 
f 4734/5182/3108 3113/3171/3109 3112/3170/3108 
f 3112/3170/3108 3111/3169/3107 4734/5182/3108 
f 4813/5295/4806 4812/5294/4805 200/200/200 
f 1994/3981/1991 4813/5295/4806 200/200/200 
f 4629/5011/4624 4630/5013/4625 4297/5012/4292 
f 3122/3180/3118 4297/4560/4292 4630/5415/4625 
f 3329/3405/3325 1039/1039/1038 4485/4811/4480 
f 1039/1039/1038 3329/3405/3325 3330/3407/3326 
f 4277/4532/4272 567/567/567 3406/3490/3402 
f 567/567/567 4277/4532/4272 4924/5491/4917 
f 4703/5758/4698 4704/5129/4699 2651/3463/2647 
f 4703/5758/4698 2652/5664/2648 4704/5129/4699 
f 996/5714/995 1564/5620/1561 2906/2948/2902 
f 4374/4655/4369 996/5714/995 2906/2948/2902 
f 131/131/131 130/130/130 4304/4567/4299 
f 131/131/131 4304/4567/4299 2122/2124/2119 
f 1143/1143/1140 1140/1140/491 3344/3423/3340 
f 3344/3423/3340 125/125/125 1143/1143/1140 
f 2787/2821/2783 1243/1243/1240 4226/4463/4221 
f 1241/1241/1238 1243/1243/1240 2787/2821/2783 
f 3212/3278/3208 1893/4253/1890 4059/4252/4054 
f 4059/4252/4054 612/612/612 3212/3278/3208 
f 2149/2151/2145 2148/2150/2144 3257/3328/3253 
f 648/648/648 3257/3328/3253 2148/2150/2144 
f 2485/2502/2481 965/965/964 966/966/965 
f 347/347/347 965/965/964 2485/2502/2481 
f 4066/4262/4061 4064/4259/4059 3398/3482/3394 
f 3083/4260/3079 4064/4259/4059 4066/4262/4061 
f 3156/3218/3152 3982/4161/3977 3981/4160/3976 
f 3981/4160/3976 3157/3219/3153 3156/3218/3152 
f 1514/1514/1511 4826/5315/4819 573/573/573 
f 4826/5315/4819 321/321/321 573/573/573 
f 4832/5325/4825 3475/3562/3471 1188/1188/1185 
f 1188/1188/1185 3475/3562/3471 1954/1954/1951 
f 631/631/631 2904/2946/2900 2925/2967/2921 
f 2923/2965/2919 631/631/631 2925/2967/2921 
f 798/798/798 3572/3672/3567 4312/4578/4307 
f 4312/4578/4307 3572/3672/3567 3574/3674/3569 
f 4471/5599/4466 3667/3780/3662 3668/3781/3663 
f 4471/5599/4466 262/262/262 3667/3780/3662 
f 3811/3944/3806 4464/4781/4459 3468/3554/3464 
f 4464/4781/4459 3811/3944/3806 4973/5600/4966 
f 2921/5180/2917 3460/3546/3456 2386/2401/2382 
f 2921/5180/2917 4833/5327/4826 3460/3546/3456 
f 963/963/962 4135/4345/4130 4137/4347/4132 
f 4137/4347/4132 4135/4345/4130 2743/2770/2739 
f 289/289/289 4950/5538/4943 290/290/290 
f 4950/5538/4943 1932/1932/1929 290/290/290 
f 3142/5520/3138 3246/3315/3242 1090/1090/1088 
f 3141/3316/3137 3246/3315/3242 3142/5520/3138 
f 2670/2693/2666 4535/4878/4530 4121/4328/4116 
f 4121/4328/4116 3032/3082/3028 2670/2693/2666 
f 2929/2971/2925 2931/2973/2927 3288/3363/3284 
f 1259/1259/1256 2931/2973/2927 2929/2971/2925 
f 1721/1721/1718 1720/1720/1717 1951/1951/1948 
f 1720/1720/1717 3305/3380/3301 1951/1951/1948 
f 2845/2885/2841 641/641/641 3061/3113/3057 
f 1375/1375/1372 3061/3113/3057 641/641/641 
f 2828/2866/2824 2829/2867/2825 1226/1226/1223 
f 2829/2867/2825 2828/2866/2824 281/281/281 
f 3970/4148/3965 1898/1898/1895 595/595/595 
f 4929/5497/4922 1898/1898/1895 3970/4148/3965 
f 4977/5605/4970 3075/3649/3071 1316/1316/1313 
f 4977/5605/4970 1316/1316/1313 1318/1318/1315 
f 4821/5306/4814 2344/2355/2340 1631/1631/1628 
f 1631/1631/1628 2380/2395/2376 4821/5306/4814 
f 3692/3808/3687 2737/2764/2733 1151/1151/1148 
f 2737/2764/2733 3692/3808/3687 2738/2765/2734 
f 4558/4908/4553 4926/5493/4919 1150/1150/1147 
f 1150/1150/1147 4926/5493/4919 872/872/872 
f 1194/1194/1191 4457/4772/4452 90/90/90 
f 1194/1194/1191 2792/2827/2788 4457/4772/4452 
f 4898/5440/4891 3437/3523/3433 3436/3522/3432 
f 546/546/546 3437/3523/3433 4898/5440/4891 
f 2171/2173/2167 2362/2375/2358 3516/3610/3511 
f 3516/3610/3511 2362/2375/2358 3517/3611/3512 
f 2096/2098/2093 1056/1056/1054 3321/3397/3317 
f 1056/1056/1054 3320/3396/3316 3321/3397/3317 
f 3506/3598/3501 638/638/638 2722/2749/2718 
f 3506/3598/3501 2722/2749/2718 3507/3599/3502 
f 825/825/825 3622/3728/3617 1465/1465/1462 
f 826/826/826 825/825/825 1465/1465/1462 
f 3634/3741/3629 1974/1974/1971 713/713/713 
f 713/713/713 712/712/712 3634/3741/3629 
f 3601/5697/3596 3600/3709/3595 3603/3708/3598 
f 3601/5697/3596 3603/3708/3598 3025/3074/3021 
f 2028/2030/2025 4240/4484/4235 3499/3591/3495 
f 4240/4484/4235 4057/5203/4052 3499/3591/3495 
f 4560/4912/4555 4558/4908/4553 1724/1724/1721 
f 4560/4912/4555 3669/4909/3664 4558/4908/4553 
f 3400/3484/3396 4748/5198/4742 2361/2374/2357 
f 4748/5198/4742 3400/3484/3396 3399/3483/3395 
f 691/691/691 3193/3257/3189 4538/4881/4533 
f 693/693/693 3193/3257/3189 691/691/691 
f 2397/2412/2393 1033/1033/1032 1032/1032/1031 
f 3118/4436/3114 2397/2412/2393 1032/1032/1031 
f 4900/5445/4893 783/783/783 554/554/554 
f 1388/1388/1385 4900/5445/4893 554/554/554 
f 1646/1646/1643 1645/1645/1642 4985/5625/4977 
f 1645/1645/1642 4740/5188/4734 4985/5625/4977 
f 4757/5208/4751 2837/2875/2833 4164/4378/4159 
f 4757/5208/4751 4448/4759/4443 2837/2875/2833 
f 1555/1555/1552 4504/4833/4499 3542/3639/3537 
f 1553/1553/1550 1555/1555/1552 3542/3639/3537 
f 921/921/920 1775/1775/1772 1777/1777/1774 
f 921/921/920 1777/1777/1774 3171/3233/3167 
f 1871/1871/1868 4299/4562/4294 1869/1869/1866 
f 532/532/532 1869/1869/1866 4299/4562/4294 
f 4109/4311/4104 829/829/829 439/439/439 
f 4109/4311/4104 439/439/439 67/67/67 
f 4850/5362/4843 3891/4045/3886 4523/4860/4518 
f 3893/4047/3888 4523/4860/4518 3891/4045/3886 
f 2845/2885/2841 4886/5417/4879 1373/1373/1370 
f 4886/5417/4879 2845/2885/2841 1374/1374/1371 
f 4317/4583/4312 4316/4582/4311 2785/2819/2781 
f 2785/2819/2781 2293/2301/2289 4317/4583/4312 
f 216/216/216 4389/4677/4384 2303/2311/2299 
f 2303/2311/2299 2301/2309/2297 216/216/216 
f 1309/1309/1306 1100/1100/1098 4449/4760/4444 
f 4449/4760/4444 1100/1100/1098 4387/4673/4382 
f 4298/4561/4293 4369/4649/4364 533/533/533 
f 533/533/533 4369/4649/4364 106/106/106 
f 101/101/101 4501/4830/4496 2408/2423/2404 
f 2408/2423/2404 873/873/873 101/101/101 
f 4375/4656/4370 2361/2374/2357 1411/2373/1408 
f 4374/4655/4369 4375/4656/4370 1411/2373/1408 
f 3807/3940/3802 4825/5314/4818 3805/3938/3800 
f 3805/3938/3800 4825/5314/4818 1492/1492/1489 
f 3843/3990/3838 2073/2075/2070 2909/3988/2905 
f 2073/2075/2070 3843/3990/3838 971/971/970 
f 1802/1802/1799 3854/4004/3849 4536/4879/4531 
f 3312/3387/3308 1802/1802/1799 4536/4879/4531 
f 3426/3511/3422 4477/5676/4472 2137/2139/2134 
f 3426/3511/3422 3427/3512/3423 4477/5676/4472 
f 1710/1710/1707 4228/4465/4223 41/41/41 
f 40/40/40 1710/1710/1707 41/41/41 
f 3469/3555/3465 4401/4695/4396 2105/2107/2102 
f 2105/2107/2102 4401/4695/4396 2103/2105/2100 
f 2025/2027/2022 2499/2516/2495 3827/3963/3822 
f 4907/5467/4900 3827/3963/3822 2499/2516/2495 
f 2367/2380/2363 296/296/296 298/298/298 
f 4198/5245/4193 296/296/296 2367/2380/2363 
f 516/516/516 3731/3853/3726 1446/1446/1443 
f 516/516/516 1446/1446/1443 2522/2539/2518 
f 2384/2399/2380 4276/4531/4271 3774/3901/3769 
f 2384/2399/2380 2383/2398/2379 4276/4531/4271 
f 4834/5329/4827 4904/5462/4897 2387/2402/2383 
f 4834/5329/4827 2387/2402/2383 4833/5327/4826 
f 2636/2655/2632 4705/5131/4700 2634/2653/2630 
f 4705/5130/4700 4504/4833/4499 2634/2665/2630 
f 2469/2485/2465 1271/1271/1268 2472/2488/2468 
f 2471/2487/2467 2469/2485/2465 2472/2488/2468 
f 2768/2798/2764 2770/2800/2766 4899/5444/4892 
f 2768/2798/2764 4899/5444/4892 1717/1717/1714 
f 1043/1043/159 4684/5090/4679 277/277/277 
f 2173/2177/2169 277/277/277 4684/5090/4679 
f 686/686/686 688/688/688 1568/1568/1565 
f 686/686/686 1568/1568/1565 4202/4432/4197 
f 2135/2137/2132 4736/5184/4730 3985/4164/3980 
f 2683/2706/2679 4736/5184/4730 2135/2137/2132 
f 4999/5674/4991 4787/5256/4781 2031/2033/2028 
f 4787/5256/4781 4999/5674/4991 8/8/8 
f 2355/5759/2351 4535/4878/4530 2672/2695/2668 
f 2672/2695/2668 2356/5542/2352 2355/5759/2351 
f 3505/3597/3500 2117/3751/2114 2720/2746/2716 
f 638/638/638 3505/3597/3500 2720/2746/2716 
f 4984/5753/4976 430/430/430 1430/1430/1427 
f 4984/5753/4976 431/431/431 430/430/430 
f 3114/3172/3110 4972/5596/4965 3112/3170/3108 
f 3114/4142/3110 4528/4868/4523 4972/5720/4965 
f 3363/3442/3359 460/460/460 459/459/459 
f 460/460/460 3363/3442/3359 1639/1639/1636 
f 2816/5149/2812 2815/5760/2811 4974/5601/4967 
f 4974/5601/4967 2815/5760/2811 2952/2996/2948 
f 2121/4067/2118 4857/5372/4850 2926/4068/2922 
f 4857/5372/4850 2121/4067/2118 2721/2747/2717 
f 4712/5212/4707 3865/4017/3860 4759/5657/4753 
f 4712/5141/4707 4759/5214/4753 3864/4016/3859 
f 1203/1203/1200 3834/3970/3829 3835/3971/3830 
f 1203/1203/1200 1205/1205/1202 3834/3970/3829 
f 3272/3344/3268 4694/5108/4689 800/800/800 
f 4694/5108/4689 1420/1420/1417 800/800/800 
f 910/910/910 3797/3930/3792 3795/3928/3790 
f 910/910/910 3795/3928/3790 1767/1767/1764 
f 977/977/976 4391/4679/4386 978/978/977 
f 4391/4679/4386 114/114/114 978/978/977 
f 3232/5533/3228 3231/4875/3227 4262/4511/4257 
f 4262/4511/4257 2286/2294/2282 3232/5533/3228 
f 4606/4978/4601 88/88/88 702/702/702 
f 1321/1321/1318 4606/4978/4601 702/702/702 
f 4403/4697/4398 2103/5761/2100 4400/5259/4395 
f 2104/5584/2101 2103/5761/2100 4403/4697/4398 
f 2277/2285/2273 1504/1504/1501 857/857/857 
f 2277/2285/2273 858/858/858 1504/1504/1501 
f 4869/5387/4862 4397/5386/4392 4868/5762/4861 
f 4868/5384/4861 4397/4689/4392 4398/4690/4393 
f 4942/5524/4935 2461/2477/2457 3987/4166/3982 
f 3987/4166/3982 3988/4167/3983 4942/5524/4935 
f 2805/2840/2801 4176/4396/4171 2806/2841/2802 
f 4177/4397/4172 4176/5340/4171 2805/4805/2801 
f 510/510/510 2296/2304/2292 4035/4223/4030 
f 510/510/510 4035/4223/4030 511/511/511 
f 3150/3210/3146 4415/4713/4410 4414/4712/4409 
f 3150/3210/3146 4414/4712/4409 2097/2099/2094 
f 1629/1629/1626 1633/1633/1630 3727/3847/3722 
f 3727/3847/3722 828/828/828 1629/1629/1626 
f 2318/2328/2314 2320/2330/2316 4515/4846/4510 
f 2320/2330/2316 3086/3139/3082 4515/4846/4510 
f 4746/5196/4740 1471/1471/1468 2173/2177/2169 
f 1471/1471/1468 4746/5196/4740 1469/1469/1466 
f 4933/5505/4926 3594/3699/3589 2665/2688/2661 
f 2664/2687/2660 4933/5505/4926 2665/2688/2661 
f 625/625/625 2039/2041/2036 4200/4430/4195 
f 625/625/625 2037/2039/2034 2039/2041/2036 
f 2283/2291/2279 2181/2185/2177 2178/2182/2174 
f 2178/2182/2174 2181/2185/2177 2183/2187/2179 
f 3650/3759/3645 839/839/839 838/838/838 
f 838/838/838 4688/5097/4683 3650/3759/3645 
f 3852/4002/3847 1540/1540/1537 1918/1918/1915 
f 1918/1918/1915 1540/1540/1537 1919/1919/1916 
f 2206/2212/2202 4781/5246/4775 3858/4009/3853 
f 4781/5246/4775 2545/2562/2541 3858/4009/3853 
f 4863/5378/4856 2759/2786/2755 2758/2785/2754 
f 4863/5378/4856 1084/1084/1082 2759/2786/2755 
f 1868/1868/1865 2802/2837/2798 3361/3440/3357 
f 3361/3440/3357 1866/1866/1863 1868/1868/1865 
f 2848/2888/2844 562/562/562 561/561/561 
f 2096/2098/2093 2848/2888/2844 561/561/561 
f 3374/3453/3370 4227/4464/4222 4882/5410/4875 
f 3374/4577/3370 4882/5412/4875 2401/2416/2397 
f 3452/3538/3448 28/28/28 4290/4552/4285 
f 4291/4553/4286 4290/4552/4285 28/28/28 
f 4919/5487/4912 2917/4546/2913 4151/4364/4146 
f 4151/4364/4146 2917/4546/2913 2918/2960/2914 
f 3848/3995/3843 4815/5297/4808 3849/3996/3844 
f 4815/5297/4808 643/643/643 3849/3996/3844 
f 2216/2222/2212 1165/1165/1162 2231/2239/2227 
f 2231/2239/2227 1165/1165/1162 1016/1016/1015 
f 4798/5274/4792 2902/2944/2898 1971/1971/1968 
f 4798/5274/4792 1971/1971/1968 395/395/395 
f 4058/4251/4053 1417/1417/1414 804/804/804 
f 4058/4251/4053 1415/1415/1412 1417/1417/1414 
f 3644/3753/3639 3551/3651/3546 4977/5605/4970 
f 2242/2250/2238 3551/3651/3546 3644/3753/3639 
f 3266/3337/3262 3265/3336/3261 4897/5438/4890 
f 3266/3337/3262 4897/5438/4890 2573/3338/2569 
f 2027/2822/2024 4807/5286/4800 4788/5285/4782 
f 2027/2029/2024 4788/5257/4782 2028/2030/2025 
f 730/730/730 4524/5116/4519 3607/5117/3602 
f 3607/3713/3602 4524/4862/4519 1403/1403/1400 
f 2864/2904/2860 2795/2830/2791 4376/5642/4371 
f 4376/5642/4371 2865/2905/2861 2864/2904/2860 
f 1730/1730/1727 3119/3177/3115 3120/3178/3116 
f 3119/3177/3115 1730/1730/1727 873/873/873 
# 0 polygons - 9944 triangles

